sig_id,pmcid,metric,value,ctx,year,bind,dist,conf,sent
SIG273,PMC10007896,AUC,0.826,train,1,seq_post,71,sent,"In addition, the areas under the curve (AUC) of the ROC curves for predicting 1-, 3-, and 5-year OS of CC were 0.826, 0.764, and 0.755 for the training cohort, respectively ( Figure 5A )."
SIG273,PMC10007896,AUC,0.764,train,3,seq_post,81,sent,"In addition, the areas under the curve (AUC) of the ROC curves for predicting 1-, 3-, and 5-year OS of CC were 0.826, 0.764, and 0.755 for the training cohort, respectively ( Figure 5A )."
SIG273,PMC10007896,AUC,0.755,train,5,seq_post,95,sent,"In addition, the areas under the curve (AUC) of the ROC curves for predicting 1-, 3-, and 5-year OS of CC were 0.826, 0.764, and 0.755 for the training cohort, respectively ( Figure 5A )."
SIG273,PMC10007896,AUC,0.685,unk,1,seq_post,36,sent,"The AUCs for 1-, 3-, and 5-year OS were 0.685, 0.736, and 0.748 in the GSE38832 cohort, respectively ( Figure 5B )."
SIG273,PMC10007896,AUC,0.736,unk,3,seq_post,46,sent,"The AUCs for 1-, 3-, and 5-year OS were 0.685, 0.736, and 0.748 in the GSE38832 cohort, respectively ( Figure 5B )."
SIG273,PMC10007896,AUC,0.748,unk,5,seq_post,60,sent,"The AUCs for 1-, 3-, and 5-year OS were 0.685, 0.736, and 0.748 in the GSE38832 cohort, respectively ( Figure 5B )."
SIG273,PMC10007896,AUC,0.562,unk,1,seq_post,36,sent,"The AUCs for 1-, 3-, and 5-year OS were 0.562, 0.564, and 0.576 in the GSE39582 cohort, respectively ( Figure 5C )."
SIG273,PMC10007896,AUC,0.564,unk,3,seq_post,46,sent,"The AUCs for 1-, 3-, and 5-year OS were 0.562, 0.564, and 0.576 in the GSE39582 cohort, respectively ( Figure 5C )."
SIG273,PMC10007896,AUC,0.576,unk,5,seq_post,60,sent,"The AUCs for 1-, 3-, and 5-year OS were 0.562, 0.564, and 0.576 in the GSE39582 cohort, respectively ( Figure 5C )."
SIG273,PMC10007896,AUC,0.731,unk,1,seq_post,36,sent,"The AUCs for 1-, 3-, and 5-year OS were 0.731, 0.672, and 0.634 in the GSE29621 cohort, respectively ( Figure 5D )."
SIG273,PMC10007896,AUC,0.672,unk,3,seq_post,46,sent,"The AUCs for 1-, 3-, and 5-year OS were 0.731, 0.672, and 0.634 in the GSE29621 cohort, respectively ( Figure 5D )."
SIG273,PMC10007896,AUC,0.634,unk,5,seq_post,60,sent,"The AUCs for 1-, 3-, and 5-year OS were 0.731, 0.672, and 0.634 in the GSE29621 cohort, respectively ( Figure 5D )."
SIG190,PMC10026208,AUC,0.712,unk,1,seq_post,36,sent,"The 1-, 3-, and 5-year time-dependent receiver operating characteristic (ROC) curves confirmed that the prognostic risk score model had good predictive performance (area under the ROC curves [AUCs] of 0.712, 0.669, and 0.703, respectively;"
SIG190,PMC10026208,AUC,0.669,unk,3,seq_post,46,sent,"The 1-, 3-, and 5-year time-dependent receiver operating characteristic (ROC) curves confirmed that the prognostic risk score model had good predictive performance (area under the ROC curves [AUCs] of 0.712, 0.669, and 0.703, respectively;"
SIG190,PMC10026208,AUC,0.703,unk,5,seq_post,60,sent,"The 1-, 3-, and 5-year time-dependent receiver operating characteristic (ROC) curves confirmed that the prognostic risk score model had good predictive performance (area under the ROC curves [AUCs] of 0.712, 0.669, and 0.703, respectively;"
SIG190,PMC10026208,AUC,0.712,unk,1,seq_post,9,sent,"The 1-, 3-, and 5-year time-dependent receiver operating characteristic (ROC) curves confirmed that the prognostic risk score model had good predictive performance (area under the ROC curves [AUCs] of 0.712, 0.669, and 0.703, respectively;"
SIG190,PMC10026208,AUC,0.669,unk,3,seq_post,19,sent,"The 1-, 3-, and 5-year time-dependent receiver operating characteristic (ROC) curves confirmed that the prognostic risk score model had good predictive performance (area under the ROC curves [AUCs] of 0.712, 0.669, and 0.703, respectively;"
SIG190,PMC10026208,AUC,0.703,unk,5,seq_post,33,sent,"The 1-, 3-, and 5-year time-dependent receiver operating characteristic (ROC) curves confirmed that the prognostic risk score model had good predictive performance (area under the ROC curves [AUCs] of 0.712, 0.669, and 0.703, respectively;"
SIG065,PMC10064275,AUC,0.596,unk,1,seq_post,40,sent,"ROC analysis was performed to examine the prediction efficiency of the risk score, showing AUCs for 1-, 3-, and 5-year survival of 0.596, 0.659, and 0.675, respectively ( Figure 3D )."
SIG065,PMC10064275,AUC,0.659,unk,3,seq_post,50,sent,"ROC analysis was performed to examine the prediction efficiency of the risk score, showing AUCs for 1-, 3-, and 5-year survival of 0.596, 0.659, and 0.675, respectively ( Figure 3D )."
SIG065,PMC10064275,AUC,0.675,unk,5,seq_post,64,sent,"ROC analysis was performed to examine the prediction efficiency of the risk score, showing AUCs for 1-, 3-, and 5-year survival of 0.596, 0.659, and 0.675, respectively ( Figure 3D )."
SIG074,PMC10120913,C-index,0.7678,unk,,,28,sent,"The C-index of the nomogram was 0.7678, which was significantly higher than that of its constituent factors (IRG risk score:"
SIG122,PMC10169504,AUC,0.732,unk,1,seq_post,52,sent,"The result found that the AUC scores of ROC curves at 1-, 3-, and 5-year were 0.732, 0.612 and 0.602, respectively, indicating that the prognostic signature had a good predictive performance (Additional file 3 :"
SIG122,PMC10169504,AUC,0.612,unk,3,seq_post,62,sent,"The result found that the AUC scores of ROC curves at 1-, 3-, and 5-year were 0.732, 0.612 and 0.602, respectively, indicating that the prognostic signature had a good predictive performance (Additional file 3 :"
SIG122,PMC10169504,AUC,0.602,unk,5,seq_post,75,sent,"The result found that the AUC scores of ROC curves at 1-, 3-, and 5-year were 0.732, 0.612 and 0.602, respectively, indicating that the prognostic signature had a good predictive performance (Additional file 3 :"
SIG122,PMC10169504,C-index,0.783,unk,,,17,sent,"Calibration curves were plotted to assess the accuracy of the predictions of the column line graph with the C-index value is 0.783, and the corrected C-index value is 0.772, indicating the high consistencies between the predicted and observ"
SIG122,PMC10169504,C-index,0.772,unk,,,63,sent,"Calibration curves were plotted to assess the accuracy of the predictions of the column line graph with the C-index value is 0.783, and the corrected C-index value is 0.772, indicating the high consistencies between the predicted and observ"
SIG122,PMC10169504,C-index,0.783,unk,,,29,sent,"Calibration curves were plotted to assess the accuracy of the predictions of the column line graph with the C-index value is 0.783, and the corrected C-index value is 0.772, indicating the high consistencies between the predicted and observ"
SIG122,PMC10169504,C-index,0.772,unk,,,17,sent,"Calibration curves were plotted to assess the accuracy of the predictions of the column line graph with the C-index value is 0.783, and the corrected C-index value is 0.772, indicating the high consistencies between the predicted and observ"
SIG223,PMC10187888,AUC,0.705,unk,1,seq_post,63,sent,"In addition, the predictive efficacy of the risk score for overall survival was evaluated by the time-dependent ROC curve and area under the curve (AUC) of 1-, 3-, and 5-year survival were 0.705, 0.754, and 0.751, respectively ( Figure 3F )"
SIG223,PMC10187888,AUC,0.754,unk,3,seq_post,73,sent,"In addition, the predictive efficacy of the risk score for overall survival was evaluated by the time-dependent ROC curve and area under the curve (AUC) of 1-, 3-, and 5-year survival were 0.705, 0.754, and 0.751, respectively ( Figure 3F )"
SIG223,PMC10187888,AUC,0.751,unk,5,seq_post,87,sent,"In addition, the predictive efficacy of the risk score for overall survival was evaluated by the time-dependent ROC curve and area under the curve (AUC) of 1-, 3-, and 5-year survival were 0.705, 0.754, and 0.751, respectively ( Figure 3F )"
SIG223,PMC10187888,AUC,0.705,unk,1,seq_post,41,sent,"In addition, the predictive efficacy of the risk score for overall survival was evaluated by the time-dependent ROC curve and area under the curve (AUC) of 1-, 3-, and 5-year survival were 0.705, 0.754, and 0.751, respectively ( Figure 3F )"
SIG223,PMC10187888,AUC,0.754,unk,3,seq_post,51,sent,"In addition, the predictive efficacy of the risk score for overall survival was evaluated by the time-dependent ROC curve and area under the curve (AUC) of 1-, 3-, and 5-year survival were 0.705, 0.754, and 0.751, respectively ( Figure 3F )"
SIG223,PMC10187888,AUC,0.751,unk,5,seq_post,65,sent,"In addition, the predictive efficacy of the risk score for overall survival was evaluated by the time-dependent ROC curve and area under the curve (AUC) of 1-, 3-, and 5-year survival were 0.705, 0.754, and 0.751, respectively ( Figure 3F )"
SIG223,PMC10187888,AUC,0.6,unk,5,seq_post,54,sent,"Furthermore, the predictive performance of the risk score for overall survival was evaluated by time-dependent ROC curve, and AUC of 1, 3, and 5-year survival were all higher than 0.6 ( Figures 4I, J )."
SIG290,PMC10243598,AUC,0.718,train,5,seq_post,102,sent,"In this study, the area under curve (AUC) of training cohort predicting the sensitivity and specificity of 5-year OS was 0.718 ( Figure 3I )."
SIG290,PMC10243598,AUC,0.718,train,5,seq_post,84,sent,"In this study, the area under curve (AUC) of training cohort predicting the sensitivity and specificity of 5-year OS was 0.718 ( Figure 3I )."
SIG290,PMC10243598,AUC,0.706,valid,5,one_nearest,24,sent,"The AUCs for 5-year OS were 0.706 and 0.673, respectively, indicating that the risk model had a strong prognostic value for CC patients in the merged cohort and testing cohort ( Figures 4I, J )."
SIG261,PMC10281280,AUC,0.71,unk,1,seq_post,57,sent,"In the TCGA-colon cancer dataset, the area under curve (AUC) for 1-year, 3-year and 5-year was 0.710, 0.708 and 0.782, respectively ( Figure 3A )."
SIG261,PMC10281280,AUC,0.708,unk,3,seq_post,67,sent,"In the TCGA-colon cancer dataset, the area under curve (AUC) for 1-year, 3-year and 5-year was 0.710, 0.708 and 0.782, respectively ( Figure 3A )."
SIG261,PMC10281280,AUC,0.782,unk,5,seq_post,80,sent,"In the TCGA-colon cancer dataset, the area under curve (AUC) for 1-year, 3-year and 5-year was 0.710, 0.708 and 0.782, respectively ( Figure 3A )."
SIG261,PMC10281280,AUC,0.71,unk,1,seq_post,39,sent,"In the TCGA-colon cancer dataset, the area under curve (AUC) for 1-year, 3-year and 5-year was 0.710, 0.708 and 0.782, respectively ( Figure 3A )."
SIG261,PMC10281280,AUC,0.708,unk,3,seq_post,49,sent,"In the TCGA-colon cancer dataset, the area under curve (AUC) for 1-year, 3-year and 5-year was 0.710, 0.708 and 0.782, respectively ( Figure 3A )."
SIG261,PMC10281280,AUC,0.782,unk,5,seq_post,62,sent,"In the TCGA-colon cancer dataset, the area under curve (AUC) for 1-year, 3-year and 5-year was 0.710, 0.708 and 0.782, respectively ( Figure 3A )."
SIG261,PMC10281280,AUC,0.66,unk,1,seq_post,38,sent,"In the GSE17536 dataset, the AUC for 1-year, 3-year and 5-year was 0.66, 0.7 and 0.81, respectively ( Figure 3B )."
SIG261,PMC10281280,AUC,0.7,unk,3,seq_post,48,sent,"In the GSE17536 dataset, the AUC for 1-year, 3-year and 5-year was 0.66, 0.7 and 0.81, respectively ( Figure 3B )."
SIG261,PMC10281280,AUC,0.81,unk,5,seq_post,61,sent,"In the GSE17536 dataset, the AUC for 1-year, 3-year and 5-year was 0.66, 0.7 and 0.81, respectively ( Figure 3B )."
SIG331,PMC10303343,AUC,0.687,unk,1,seq_post,59,sent,"The AUCs for 1-, 3-, and 5-year survival of the signature were 0.687, 0.764, and 0.730, respectively (Fig."
SIG331,PMC10303343,AUC,0.764,unk,3,seq_post,69,sent,"The AUCs for 1-, 3-, and 5-year survival of the signature were 0.687, 0.764, and 0.730, respectively (Fig."
SIG331,PMC10303343,AUC,0.73,unk,5,seq_post,83,sent,"The AUCs for 1-, 3-, and 5-year survival of the signature were 0.687, 0.764, and 0.730, respectively (Fig."
SIG331,PMC10303343,C-index,0.807,unk,,,12,sent,The C-index was 0.807.
SIG331,PMC10303343,AUC,0.663,unk,1,seq_post,42,sent,"The AUCs for 1-, 3-, and 5-year survival were 0.663, 0.798, and 0.792, respectively."
SIG331,PMC10303343,AUC,0.798,unk,3,seq_post,52,sent,"The AUCs for 1-, 3-, and 5-year survival were 0.663, 0.798, and 0.792, respectively."
SIG331,PMC10303343,AUC,0.792,unk,5,seq_post,66,sent,"The AUCs for 1-, 3-, and 5-year survival were 0.663, 0.798, and 0.792, respectively."
SIG284,PMC10367930,AUC,0.632,unk,1,seq_pre,8,sent,"The TCGA-COAD dataset had AUCs of 0.632, 0.621, and 0.609 for predicting 1-, 3-, and 5-year survival."
SIG284,PMC10367930,AUC,0.621,unk,3,seq_pre,18,sent,"The TCGA-COAD dataset had AUCs of 0.632, 0.621, and 0.609 for predicting 1-, 3-, and 5-year survival."
SIG284,PMC10367930,AUC,0.609,unk,5,seq_pre,32,sent,"The TCGA-COAD dataset had AUCs of 0.632, 0.621, and 0.609 for predicting 1-, 3-, and 5-year survival."
SIG274,PMC10369052,C-index,0.738,unk,,,11,sent,"We plotted a nomogram based on the results of multivariate COX regression, as shown in Figure 5A , and calculated a C-index of 0.738, which was evaluated by time-dependent ROC curves ( Figure 5B ) and correction curves at 1, 3, and 5 years "
SIG311,PMC10403602,AUC,0.706,unk,1,seq_post,56,sent,"In the TCGA cohort, the area under the receiver operating characteristic (ROC) curves (AUCs) for 1-, 2-, and 3-year overall survival (OS) were 0.706, 0.729, and 0.707 respectively, as shown in Fig."
SIG311,PMC10403602,AUC,0.729,unk,2,seq_post,66,sent,"In the TCGA cohort, the area under the receiver operating characteristic (ROC) curves (AUCs) for 1-, 2-, and 3-year overall survival (OS) were 0.706, 0.729, and 0.707 respectively, as shown in Fig."
SIG311,PMC10403602,AUC,0.707,unk,3,seq_post,80,sent,"In the TCGA cohort, the area under the receiver operating characteristic (ROC) curves (AUCs) for 1-, 2-, and 3-year overall survival (OS) were 0.706, 0.729, and 0.707 respectively, as shown in Fig."
SIG311,PMC10403602,AUC,0.646,unk,1,seq_post,58,sent,"The corresponding AUCs for the 1-, 2-, and 3-year OS in the GEO cohort were 0.646, 0.665, and 0.631 respectively, as presented in Fig."
SIG311,PMC10403602,AUC,0.665,unk,2,seq_post,68,sent,"The corresponding AUCs for the 1-, 2-, and 3-year OS in the GEO cohort were 0.646, 0.665, and 0.631 respectively, as presented in Fig."
SIG311,PMC10403602,AUC,0.631,unk,3,seq_post,82,sent,"The corresponding AUCs for the 1-, 2-, and 3-year OS in the GEO cohort were 0.646, 0.665, and 0.631 respectively, as presented in Fig."
SIG311,PMC10403602,AUC,0.812,unk,1,seq_post,48,sent,"The AUC values for 1-, 2-, and 3-year survival were 0.812, 0.813, and 0.825, respectively, as shown in Fig."
SIG311,PMC10403602,AUC,0.813,unk,2,seq_post,58,sent,"The AUC values for 1-, 2-, and 3-year survival were 0.812, 0.813, and 0.825, respectively, as shown in Fig."
SIG311,PMC10403602,AUC,0.825,unk,3,seq_post,72,sent,"The AUC values for 1-, 2-, and 3-year survival were 0.812, 0.813, and 0.825, respectively, as shown in Fig."
SIG114,PMC10501863,AUC,0.85,train,1,seq_post,98,sent,"We also performed time-dependent ROC analysis, with the AUC values of our model in the training set for 1-year, 3-year, and 5-year overall survival being 0.85, 0.78, and 0.80, respectively ( Figure Figure5A )."
SIG114,PMC10501863,AUC,0.78,train,3,seq_post,108,sent,"We also performed time-dependent ROC analysis, with the AUC values of our model in the training set for 1-year, 3-year, and 5-year overall survival being 0.85, 0.78, and 0.80, respectively ( Figure Figure5A )."
SIG114,PMC10501863,AUC,0.8,train,5,seq_post,122,sent,"We also performed time-dependent ROC analysis, with the AUC values of our model in the training set for 1-year, 3-year, and 5-year overall survival being 0.85, 0.78, and 0.80, respectively ( Figure Figure5A )."
SIG114,PMC10501863,AUC,0.74,unk,1,seq_post,190,sent,"In TCGA, the AUC for our 1-, 3-, and 5-year survival models were 0.66, 0.67, and 0.64, respectively, while in the GSE72970 dataset, the AUC values for 1-, 3-, and 5-year survival models were 0.74, 0.75, and 0.74, respectively."
SIG114,PMC10501863,AUC,0.75,unk,3,seq_post,200,sent,"In TCGA, the AUC for our 1-, 3-, and 5-year survival models were 0.66, 0.67, and 0.64, respectively, while in the GSE72970 dataset, the AUC values for 1-, 3-, and 5-year survival models were 0.74, 0.75, and 0.74, respectively."
SIG114,PMC10501863,AUC,0.74,unk,5,seq_post,190,sent,"In TCGA, the AUC for our 1-, 3-, and 5-year survival models were 0.66, 0.67, and 0.64, respectively, while in the GSE72970 dataset, the AUC values for 1-, 3-, and 5-year survival models were 0.74, 0.75, and 0.74, respectively."
SIG114,PMC10501863,AUC,0.74,unk,1,seq_post,55,sent,"In TCGA, the AUC for our 1-, 3-, and 5-year survival models were 0.66, 0.67, and 0.64, respectively, while in the GSE72970 dataset, the AUC values for 1-, 3-, and 5-year survival models were 0.74, 0.75, and 0.74, respectively."
SIG114,PMC10501863,AUC,0.75,unk,3,seq_post,65,sent,"In TCGA, the AUC for our 1-, 3-, and 5-year survival models were 0.66, 0.67, and 0.64, respectively, while in the GSE72970 dataset, the AUC values for 1-, 3-, and 5-year survival models were 0.74, 0.75, and 0.74, respectively."
SIG114,PMC10501863,AUC,0.74,unk,5,seq_post,55,sent,"In TCGA, the AUC for our 1-, 3-, and 5-year survival models were 0.66, 0.67, and 0.64, respectively, while in the GSE72970 dataset, the AUC values for 1-, 3-, and 5-year survival models were 0.74, 0.75, and 0.74, respectively."
SIG221,PMC10644708,AUC,0.805,train,0,one_nearest,10,sent,"For the prediction of 3-, 5-, and 10-year overall survival in the training cohort, the AUCs were 0.805, 0.785, and 0.777, respectively ( Figure 5G )."
SIG221,PMC10644708,AUC,0.581,unk,0,one_nearest,32,sent,"Correspondingly, the GSE33882 cohort exhibited AUCs of 0.634, 0.63, and 0.581 for the 3-, 5-, and 10-year overall survival predictions ( Figure 5H )."
SIG221,PMC10644708,AUC,0.614,unk,0,one_nearest,32,sent,"The GSE39582 cohort presented AUCs of 0.56, 0.552, and 0.614 for the 3-, 5-, and 10-year overall survival predictions, respectively ( Figure 5I )."
SIG221,PMC10644708,AUC,0.805,unk,3,one_nearest,63,sent,"Specifically, the 3-year Area AUC value for the four-gene risk score model was an impressive 0.805, surpassing the predictive potential of individual clinical factors, including the AJCC TNM stage (AUC = 0.688), patient’s age (AUC = 0.643),"
SIG221,PMC10644708,AUC,0.805,unk,3,one_nearest,108,sent,"Specifically, the 3-year Area AUC value for the four-gene risk score model was an impressive 0.805, surpassing the predictive potential of individual clinical factors, including the AJCC TNM stage (AUC = 0.688), patient’s age (AUC = 0.643),"
SIG221,PMC10644708,AUC,0.805,unk,3,one_nearest,140,sent,"Specifically, the 3-year Area AUC value for the four-gene risk score model was an impressive 0.805, surpassing the predictive potential of individual clinical factors, including the AJCC TNM stage (AUC = 0.688), patient’s age (AUC = 0.643),"
SIG221,PMC10644708,AUC,0.805,unk,3,one_nearest,166,sent,"Specifically, the 3-year Area AUC value for the four-gene risk score model was an impressive 0.805, surpassing the predictive potential of individual clinical factors, including the AJCC TNM stage (AUC = 0.688), patient’s age (AUC = 0.643),"
SIG221,PMC10644708,AUC,0.805,unk,3,one_nearest,192,sent,"Specifically, the 3-year Area AUC value for the four-gene risk score model was an impressive 0.805, surpassing the predictive potential of individual clinical factors, including the AJCC TNM stage (AUC = 0.688), patient’s age (AUC = 0.643),"
SIG221,PMC10644708,AUC,0.805,unk,3,one_nearest,222,sent,"Specifically, the 3-year Area AUC value for the four-gene risk score model was an impressive 0.805, surpassing the predictive potential of individual clinical factors, including the AJCC TNM stage (AUC = 0.688), patient’s age (AUC = 0.643),"
SIG244,PMC10762008,AUC,0.797,unk,1,seq_post,5,sent,"In predicting the survival prognosis of patients, the nomogram 1-, 3-, and 5-year ROC AUC (0.797, 0.812, and 0.847, respectively) were better than the DSP-related risk score and stage distribution (Fig."
SIG244,PMC10762008,AUC,0.812,unk,3,seq_post,15,sent,"In predicting the survival prognosis of patients, the nomogram 1-, 3-, and 5-year ROC AUC (0.797, 0.812, and 0.847, respectively) were better than the DSP-related risk score and stage distribution (Fig."
SIG244,PMC10762008,AUC,0.847,unk,5,seq_post,29,sent,"In predicting the survival prognosis of patients, the nomogram 1-, 3-, and 5-year ROC AUC (0.797, 0.812, and 0.847, respectively) were better than the DSP-related risk score and stage distribution (Fig."
SIG243,PMC10782594,AUC,0.72,unk,1,seq_post,69,sent,"ROC curve showed the AUC of risk score for 1-, 2-, 3- year survival status prediction was 0.72, 0.68, 0.66, indicated that risk score had moderate performance in predicting patient’s survival status (Fig."
SIG243,PMC10782594,AUC,0.68,unk,2,seq_post,79,sent,"ROC curve showed the AUC of risk score for 1-, 2-, 3- year survival status prediction was 0.72, 0.68, 0.66, indicated that risk score had moderate performance in predicting patient’s survival status (Fig."
SIG243,PMC10782594,AUC,0.66,unk,3,seq_post,89,sent,"ROC curve showed the AUC of risk score for 1-, 2-, 3- year survival status prediction was 0.72, 0.68, 0.66, indicated that risk score had moderate performance in predicting patient’s survival status (Fig."
SIG310,PMC10907202,AUC,0.691,unk,1,seq_post,111,sent,"6 D) AUC values serve as a representation of the risk score's 1-, 3-, and 5-year survival probabilities, which were 0.691, 0.649, and 0.665, respectively."
SIG310,PMC10907202,AUC,0.649,unk,3,seq_post,121,sent,"6 D) AUC values serve as a representation of the risk score's 1-, 3-, and 5-year survival probabilities, which were 0.691, 0.649, and 0.665, respectively."
SIG310,PMC10907202,AUC,0.665,unk,5,seq_post,135,sent,"6 D) AUC values serve as a representation of the risk score's 1-, 3-, and 5-year survival probabilities, which were 0.691, 0.649, and 0.665, respectively."
SIG310,PMC10907202,AUC,0.673,unk,1,seq_post,22,sent,"6 G) The 1-year, 3-year, and 5-year survival probabilities of the risk score are represented by AUC values, which are 0.673, 0.663, and 0.740, respectively."
SIG310,PMC10907202,AUC,0.663,unk,3,seq_post,32,sent,"6 G) The 1-year, 3-year, and 5-year survival probabilities of the risk score are represented by AUC values, which are 0.673, 0.663, and 0.740, respectively."
SIG310,PMC10907202,AUC,0.74,unk,5,seq_post,46,sent,"6 G) The 1-year, 3-year, and 5-year survival probabilities of the risk score are represented by AUC values, which are 0.673, 0.663, and 0.740, respectively."
SIG315,PMC10909728,AUC,0.81,unk,1,seq_post,44,sent,"However, the OS predicted by TIDE did not differ significantly between samples, although its AUC for predicting 1-year prognosis reached 0.81 ( Fig."
SIG088,PMC10914658,C-index,0.783,unk,,,28,sent,The C-index of the nomogram was 0.783.
SIG088,PMC10914658,C-index,0.683,train,,,93,sent,"The C-index of the signature in the TCGA training set, internal testing set, and entire set were 0.683, 0.709, and 0.688, respectively."
SIG088,PMC10914658,C-index,0.709,train,,,103,sent,"The C-index of the signature in the TCGA training set, internal testing set, and entire set were 0.683, 0.709, and 0.688, respectively."
SIG088,PMC10914658,C-index,0.688,train,,,117,sent,"The C-index of the signature in the TCGA training set, internal testing set, and entire set were 0.683, 0.709, and 0.688, respectively."
SIG088,PMC10914658,C-index,0.783,unk,,,28,sent,The C-index of the nomogram was 0.783.
SIG286,PMC11000021,AUC,0.864,train,1,seq_post,53,sent,"Interestingly, the AUC values for the 1-, 3-, and 5-year CSS rates were 0.864, 0.946, and 0.947 in the training set ( Fig."
SIG286,PMC11000021,AUC,0.946,train,3,seq_post,63,sent,"Interestingly, the AUC values for the 1-, 3-, and 5-year CSS rates were 0.864, 0.946, and 0.947 in the training set ( Fig."
SIG286,PMC11000021,AUC,0.947,train,5,seq_post,77,sent,"Interestingly, the AUC values for the 1-, 3-, and 5-year CSS rates were 0.864, 0.946, and 0.947 in the training set ( Fig."
SIG286,PMC11000021,C-index,0.827,unk,,,11,sent,"The nomogram demonstrated accurate prognostic accuracy, with a C-index of 0.827 (95% confidence interval:"
SIG266,PMC11026370,AUC,0.689,unk,1,seq_pre,37,sent,"The ROC curves showed an area under the curve (AUC) values of 0.689, 0.700, and 0.662 for predicting 1-, 3-, and 5-year survival, respectively (Fig."
SIG266,PMC11026370,AUC,0.7,unk,3,seq_pre,46,sent,"The ROC curves showed an area under the curve (AUC) values of 0.689, 0.700, and 0.662 for predicting 1-, 3-, and 5-year survival, respectively (Fig."
SIG266,PMC11026370,AUC,0.662,unk,5,seq_pre,59,sent,"The ROC curves showed an area under the curve (AUC) values of 0.689, 0.700, and 0.662 for predicting 1-, 3-, and 5-year survival, respectively (Fig."
SIG266,PMC11026370,AUC,0.689,unk,1,seq_pre,15,sent,"The ROC curves showed an area under the curve (AUC) values of 0.689, 0.700, and 0.662 for predicting 1-, 3-, and 5-year survival, respectively (Fig."
SIG266,PMC11026370,AUC,0.7,unk,3,seq_pre,24,sent,"The ROC curves showed an area under the curve (AUC) values of 0.689, 0.700, and 0.662 for predicting 1-, 3-, and 5-year survival, respectively (Fig."
SIG266,PMC11026370,AUC,0.662,unk,5,seq_pre,37,sent,"The ROC curves showed an area under the curve (AUC) values of 0.689, 0.700, and 0.662 for predicting 1-, 3-, and 5-year survival, respectively (Fig."
SIG266,PMC11026370,AUC,0.6,valid,1,seq_post,36,sent,"The 1-, 3- and 5-year AUCs for the validation cohort were 0.600, 0.660, and 0.680, respectively (Fig."
SIG266,PMC11026370,AUC,0.66,valid,3,seq_post,45,sent,"The 1-, 3- and 5-year AUCs for the validation cohort were 0.600, 0.660, and 0.680, respectively (Fig."
SIG266,PMC11026370,AUC,0.68,valid,5,seq_post,58,sent,"The 1-, 3- and 5-year AUCs for the validation cohort were 0.600, 0.660, and 0.680, respectively (Fig."
SIG072,PMC11064262,AUC,0.876,unk,1,seq_post,42,sent,"8 E-G, the nomogram AUC values for 1-, 2-, and 3-year OS were 0.876, 0.838, and 0.838, respectively."
SIG072,PMC11064262,AUC,0.838,unk,2,seq_post,52,sent,"8 E-G, the nomogram AUC values for 1-, 2-, and 3-year OS were 0.876, 0.838, and 0.838, respectively."
SIG072,PMC11064262,AUC,0.838,unk,3,seq_post,52,sent,"8 E-G, the nomogram AUC values for 1-, 2-, and 3-year OS were 0.876, 0.838, and 0.838, respectively."
SIG072,PMC11064262,AUC,0.733,train,1,one_nearest,14,sent,"In our study, the training cohort and two validation cohorts ( GSE17536 , GSE103479 ) predicted 1-year OS with AUC values of 0.733, 0.682, and 0.654, which were higher than those with other similar prognostic features (AUC=0.585) 61 , sugge"
SIG072,PMC11064262,AUC,0.733,train,1,one_nearest,103,sent,"In our study, the training cohort and two validation cohorts ( GSE17536 , GSE103479 ) predicted 1-year OS with AUC values of 0.733, 0.682, and 0.654, which were higher than those with other similar prognostic features (AUC=0.585) 61 , sugge"
SIG072,PMC11064262,AUC,0.876,unk,1,seq_post,14,sent,"We developed nomograms predicting 1- and 3-year OS with AUC values of 0.876,0.838, which were higher than other similar prognostic features previously developed 62 - 64 ."
SIG072,PMC11064262,AUC,0.838,unk,3,seq_post,23,sent,"We developed nomograms predicting 1- and 3-year OS with AUC values of 0.876,0.838, which were higher than other similar prognostic features previously developed 62 - 64 ."
SIG235,PMC11089903,C-index,0.6184,unk,,,275,win,ved by the following equation: risk score = (0.6184) × P2RX4 + (0.3427) × RIPK2 + (0.3129) × VIP + (0.2508) × RGS16 + (0.1581) × MARCO + (−0.1568) × SLC28A2 + (0.2054) × CCL24 + (−0.4771) × CMKLR1 + (−0.5236) × SLAMF1 + (−0.5293) × SRI + (−
SIG235,PMC11089903,C-index,0.4771,unk,,,126,win,ved by the following equation: risk score = (0.6184) × P2RX4 + (0.3427) × RIPK2 + (0.3129) × VIP + (0.2508) × RGS16 + (0.1581) × MARCO + (−0.1568) × SLC28A2 + (0.2054) × CCL24 + (−0.4771) × CMKLR1 + (−0.5236) × SLAMF1 + (−0.5293) × SRI + (−
SIG235,PMC11089903,C-index,0.5236,unk,,,103,win,ved by the following equation: risk score = (0.6184) × P2RX4 + (0.3427) × RIPK2 + (0.3129) × VIP + (0.2508) × RGS16 + (0.1581) × MARCO + (−0.1568) × SLC28A2 + (0.2054) × CCL24 + (−0.4771) × CMKLR1 + (−0.5236) × SLAMF1 + (−0.5293) × SRI + (−
SIG235,PMC11089903,C-index,0.5293,unk,,,80,win,ved by the following equation: risk score = (0.6184) × P2RX4 + (0.3427) × RIPK2 + (0.3129) × VIP + (0.2508) × RGS16 + (0.1581) × MARCO + (−0.1568) × SLC28A2 + (0.2054) × CCL24 + (−0.4771) × CMKLR1 + (−0.5236) × SLAMF1 + (−0.5293) × SRI + (−
SIG235,PMC11089903,C-index,0.7741,unk,,,60,win,ved by the following equation: risk score = (0.6184) × P2RX4 + (0.3427) × RIPK2 + (0.3129) × VIP + (0.2508) × RGS16 + (0.1581) × MARCO + (−0.1568) × SLC28A2 + (0.2054) × CCL24 + (−0.4771) × CMKLR1 + (−0.5236) × SLAMF1 + (−0.5293) × SRI + (−
SIG235,PMC11089903,C-index,0.6184,unk,,,355,win,ved by the following equation: risk score = (0.6184) × P2RX4 + (0.3427) × RIPK2 + (0.3129) × VIP + (0.2508) × RGS16 + (0.1581) × MARCO + (−0.1568) × SLC28A2 + (0.2054) × CCL24 + (−0.4771) × CMKLR1 + (−0.5236) × SLAMF1 + (−0.5293) × SRI + (−
SIG235,PMC11089903,C-index,0.4771,unk,,,206,win,ved by the following equation: risk score = (0.6184) × P2RX4 + (0.3427) × RIPK2 + (0.3129) × VIP + (0.2508) × RGS16 + (0.1581) × MARCO + (−0.1568) × SLC28A2 + (0.2054) × CCL24 + (−0.4771) × CMKLR1 + (−0.5236) × SLAMF1 + (−0.5293) × SRI + (−
SIG235,PMC11089903,C-index,0.5236,unk,,,183,win,ved by the following equation: risk score = (0.6184) × P2RX4 + (0.3427) × RIPK2 + (0.3129) × VIP + (0.2508) × RGS16 + (0.1581) × MARCO + (−0.1568) × SLC28A2 + (0.2054) × CCL24 + (−0.4771) × CMKLR1 + (−0.5236) × SLAMF1 + (−0.5293) × SRI + (−
SIG235,PMC11089903,C-index,0.5293,unk,,,160,win,ved by the following equation: risk score = (0.6184) × P2RX4 + (0.3427) × RIPK2 + (0.3129) × VIP + (0.2508) × RGS16 + (0.1581) × MARCO + (−0.1568) × SLC28A2 + (0.2054) × CCL24 + (−0.4771) × CMKLR1 + (−0.5236) × SLAMF1 + (−0.5293) × SRI + (−
SIG235,PMC11089903,C-index,0.7741,unk,,,140,win,ved by the following equation: risk score = (0.6184) × P2RX4 + (0.3427) × RIPK2 + (0.3129) × VIP + (0.2508) × RGS16 + (0.1581) × MARCO + (−0.1568) × SLC28A2 + (0.2054) × CCL24 + (−0.4771) × CMKLR1 + (−0.5236) × SLAMF1 + (−0.5293) × SRI + (−
SIG235,PMC11089903,C-index,0.4771,unk,,,126,win,PK2 + (0.3129) × VIP + (0.2508) × RGS16 + (0.1581) × MARCO + (−0.1568) × SLC28A2 + (0.2054) × CCL24 + (−0.4771) × CMKLR1 + (−0.5236) × SLAMF1 + (−0.5293) × SRI + (−0.7741) × NOD2 ( Figure 6D ). We conducted time-dependent C-index curves of 
SIG235,PMC11089903,C-index,0.5236,unk,,,103,win,PK2 + (0.3129) × VIP + (0.2508) × RGS16 + (0.1581) × MARCO + (−0.1568) × SLC28A2 + (0.2054) × CCL24 + (−0.4771) × CMKLR1 + (−0.5236) × SLAMF1 + (−0.5293) × SRI + (−0.7741) × NOD2 ( Figure 6D ). We conducted time-dependent C-index curves of 
SIG303,PMC11099447,AUC,0.799,train,1,seq_post,55,sent,"In the training dataset, the area under the ROC curve for 1-, 3-, and 5-year OS was 0.799, 0.758, and 0.790, respectively (Figure 3I )."
SIG303,PMC11099447,AUC,0.758,train,3,seq_post,65,sent,"In the training dataset, the area under the ROC curve for 1-, 3-, and 5-year OS was 0.799, 0.758, and 0.790, respectively (Figure 3I )."
SIG303,PMC11099447,AUC,0.79,train,5,seq_post,79,sent,"In the training dataset, the area under the ROC curve for 1-, 3-, and 5-year OS was 0.799, 0.758, and 0.790, respectively (Figure 3I )."
SIG303,PMC11099447,AUC,0.684,valid,1,seq_post,63,sent,"In the testing dataset of the divided TCGA-COAD cohort, the area under the ROC curve for 1-, 3-, and 5-year overall OS was 0.684, 0.655, and 0.661, respectively (Figure 3J )."
SIG303,PMC11099447,AUC,0.655,valid,3,seq_post,73,sent,"In the testing dataset of the divided TCGA-COAD cohort, the area under the ROC curve for 1-, 3-, and 5-year overall OS was 0.684, 0.655, and 0.661, respectively (Figure 3J )."
SIG303,PMC11099447,AUC,0.661,valid,5,seq_post,87,sent,"In the testing dataset of the divided TCGA-COAD cohort, the area under the ROC curve for 1-, 3-, and 5-year overall OS was 0.684, 0.655, and 0.661, respectively (Figure 3J )."
SIG303,PMC11099447,AUC,0.742,valid,1,seq_post,55,sent,"In the testing dataset of the whole TCGA-COAD cohort, the area under the ROC curve for 1-, 3-, and 5-year OS was 0.742, 0.700, and 0.747, respectively (Figure 3K )."
SIG303,PMC11099447,AUC,0.7,valid,3,seq_post,65,sent,"In the testing dataset of the whole TCGA-COAD cohort, the area under the ROC curve for 1-, 3-, and 5-year OS was 0.742, 0.700, and 0.747, respectively (Figure 3K )."
SIG303,PMC11099447,AUC,0.747,valid,5,seq_post,79,sent,"In the testing dataset of the whole TCGA-COAD cohort, the area under the ROC curve for 1-, 3-, and 5-year OS was 0.742, 0.700, and 0.747, respectively (Figure 3K )."
SIG303,PMC11099447,AUC,0.643,valid,1,seq_post,55,sent,"In the GSE103479 testing dataset, the area under the ROC curve for 1-, 3-, and 5-year OS was 0.643, 0.596, and 0.593, respectively (Figure 3L )."
SIG303,PMC11099447,AUC,0.596,valid,3,seq_post,65,sent,"In the GSE103479 testing dataset, the area under the ROC curve for 1-, 3-, and 5-year OS was 0.643, 0.596, and 0.593, respectively (Figure 3L )."
SIG303,PMC11099447,AUC,0.593,valid,5,seq_post,79,sent,"In the GSE103479 testing dataset, the area under the ROC curve for 1-, 3-, and 5-year OS was 0.643, 0.596, and 0.593, respectively (Figure 3L )."
SIG238,PMC11133253,AUC,0.753,unk,5,one_nearest,88,sent,"The respective AUC values of age, sex, stage, and RS at 5 years were 0.643, 0.459, 0.752, and 0.753, which implied that the RS was the most accurate for 5-year OS prediction (Fig."
SIG230,PMC11133358,AUC,0.747,valid,1,seq_post,8,sent,"( C ) The TCGA dataset yields ROC curves validating the predictive performance of the risk model over the 1-year, 3-year, and 5-year periods, with AUCs of 0.747, 0.738, and 0.738, respectively."
SIG230,PMC11133358,AUC,0.738,valid,3,seq_post,19,sent,"( C ) The TCGA dataset yields ROC curves validating the predictive performance of the risk model over the 1-year, 3-year, and 5-year periods, with AUCs of 0.747, 0.738, and 0.738, respectively."
SIG230,PMC11133358,AUC,0.738,valid,5,seq_post,19,sent,"( C ) The TCGA dataset yields ROC curves validating the predictive performance of the risk model over the 1-year, 3-year, and 5-year periods, with AUCs of 0.747, 0.738, and 0.738, respectively."
SIG230,PMC11133358,AUC,0.616,valid,1,seq_post,8,sent,"( E ) The GEO dataset yields ROC curves validating the predictive performance of the risk model over the 1-year, 3-year, and 5-year periods, with AUCs of 0.616, 0.568 and 0.562, respectively, respectively."
SIG230,PMC11133358,AUC,0.568,valid,3,seq_post,19,sent,"( E ) The GEO dataset yields ROC curves validating the predictive performance of the risk model over the 1-year, 3-year, and 5-year periods, with AUCs of 0.616, 0.568 and 0.562, respectively, respectively."
SIG230,PMC11133358,AUC,0.562,valid,5,seq_post,33,sent,"( E ) The GEO dataset yields ROC curves validating the predictive performance of the risk model over the 1-year, 3-year, and 5-year periods, with AUCs of 0.616, 0.568 and 0.562, respectively, respectively."
SIG059,PMC11153738,AUC,0.704,unk,1,seq_post,61,sent,"The model’s AUC values for 1-, 3-, and 5-year overall survival (OS) were 0.704, 0.737, and 0.746."
SIG059,PMC11153738,AUC,0.737,unk,3,seq_post,70,sent,"The model’s AUC values for 1-, 3-, and 5-year overall survival (OS) were 0.704, 0.737, and 0.746."
SIG059,PMC11153738,AUC,0.746,unk,5,seq_post,83,sent,"The model’s AUC values for 1-, 3-, and 5-year overall survival (OS) were 0.704, 0.737, and 0.746."
SIG302,PMC11197172,C-index,0.79,unk,,,37,sent,"The C-index of the calibration curve was 0.79, indicating the feasibility of the model (Fig."
SIG078,PMC11231763,C-index,0.5,unk,,,20,sent,"The C-index ranges from 0.5 to 1.0, with 0.5 indicating a random probability and 1.0 indicating a perfect fit."
SIG078,PMC11231763,C-index,0.5,unk,,,47,sent,"The C-index ranges from 0.5 to 1.0, with 0.5 indicating a random probability and 1.0 indicating a perfect fit."
SIG078,PMC11231763,C-index,0.65,unk,,,27,sent,"In general, a C-index value greater than 0.65 indicates a reasonable estimate ( 24 )."
SIG078,PMC11231763,C-index,0.791,train,,,16,sent,The C-index reached 0.791 in the TCGA training cohort.
SIG301,PMC11231782,AUC,0.821,unk,1,seq_post,94,sent,"The 1-, 3- and 6-year area under curve (AUC) values of the ROC curve of the risk model in the GSE12945 dataset were 0.821, 0.632 and 0.661, respectively ( Figure 6D )."
SIG301,PMC11231782,AUC,0.632,unk,3,seq_post,104,sent,"The 1-, 3- and 6-year area under curve (AUC) values of the ROC curve of the risk model in the GSE12945 dataset were 0.821, 0.632 and 0.661, respectively ( Figure 6D )."
SIG301,PMC11231782,AUC,0.661,unk,6,seq_post,117,sent,"The 1-, 3- and 6-year area under curve (AUC) values of the ROC curve of the risk model in the GSE12945 dataset were 0.821, 0.632 and 0.661, respectively ( Figure 6D )."
SIG301,PMC11231782,AUC,0.821,unk,1,seq_post,76,sent,"The 1-, 3- and 6-year area under curve (AUC) values of the ROC curve of the risk model in the GSE12945 dataset were 0.821, 0.632 and 0.661, respectively ( Figure 6D )."
SIG301,PMC11231782,AUC,0.632,unk,3,seq_post,86,sent,"The 1-, 3- and 6-year area under curve (AUC) values of the ROC curve of the risk model in the GSE12945 dataset were 0.821, 0.632 and 0.661, respectively ( Figure 6D )."
SIG301,PMC11231782,AUC,0.661,unk,6,seq_post,99,sent,"The 1-, 3- and 6-year area under curve (AUC) values of the ROC curve of the risk model in the GSE12945 dataset were 0.821, 0.632 and 0.661, respectively ( Figure 6D )."
SIG134,PMC11240279,C-index,0.612,unk,,,38,sent,"The concordance index of the nomogram was 0.612, which showed that the model was accurate in predicting the prognosis of patients with stage II CRC (T3-4N0M0) ( Fig."
SIG193,PMC11246022,AUC,0.584,unk,1,seq_post,14,sent,"Then, prognostic risk models were used in predicting 1-, 3-and 5-year overall survival, ROC curves were plotted with AUC values of 0.584, 0.623 and 0.636, respectively ( Fig."
SIG193,PMC11246022,AUC,0.623,unk,3,seq_post,24,sent,"Then, prognostic risk models were used in predicting 1-, 3-and 5-year overall survival, ROC curves were plotted with AUC values of 0.584, 0.623 and 0.636, respectively ( Fig."
SIG193,PMC11246022,AUC,0.636,unk,5,seq_post,37,sent,"Then, prognostic risk models were used in predicting 1-, 3-and 5-year overall survival, ROC curves were plotted with AUC values of 0.584, 0.623 and 0.636, respectively ( Fig."
SIG312,PMC11246870,C-index,0.782,unk,,,11,sent,"As depicted in Figures 2C, D , RF was selected as the best model due to its superior average C-index of 0.782."
SIG312,PMC11246870,AUC,0.981,unk,1,seq_post,37,sent,"The areas under the receiver operating characteristic (ROC) curve (AUCs) for 1-, 3-, and 5-year OS were 0.981, 0.977, and 0.975, respectively ( Figure 3B )."
SIG312,PMC11246870,AUC,0.977,unk,3,seq_post,46,sent,"The areas under the receiver operating characteristic (ROC) curve (AUCs) for 1-, 3-, and 5-year OS were 0.981, 0.977, and 0.975, respectively ( Figure 3B )."
SIG312,PMC11246870,AUC,0.975,unk,5,seq_post,60,sent,"The areas under the receiver operating characteristic (ROC) curve (AUCs) for 1-, 3-, and 5-year OS were 0.981, 0.977, and 0.975, respectively ( Figure 3B )."
SIG165,PMC11315090,C-index,0.708,valid,,,321,win,". The total scores of the M stage and risk score can be used to determine the survival rate for each patient at 1, 3, and 5 years ( Fig. 4 B). The model accuracy was assessed using the time-independent ROC curve. The prognostic model demons"
SIG165,PMC11315090,C-index,0.5,valid,,,245,win,". The total scores of the M stage and risk score can be used to determine the survival rate for each patient at 1, 3, and 5 years ( Fig. 4 B). The model accuracy was assessed using the time-independent ROC curve. The prognostic model demons"
SIG165,PMC11315090,C-index,0.5,valid,,,33,win,". The total scores of the M stage and risk score can be used to determine the survival rate for each patient at 1, 3, and 5 years ( Fig. 4 B). The model accuracy was assessed using the time-independent ROC curve. The prognostic model demons"
SIG165,PMC11315090,C-index,0.708,valid,,,321,win," to determine the survival rate for each patient at 1, 3, and 5 years ( Fig. 4 B). The model accuracy was assessed using the time-independent ROC curve. The prognostic model demonstrated a higher AUC value (0.708) than other clinical parame"
SIG165,PMC11315090,C-index,0.5,valid,,,245,win," to determine the survival rate for each patient at 1, 3, and 5 years ( Fig. 4 B). The model accuracy was assessed using the time-independent ROC curve. The prognostic model demonstrated a higher AUC value (0.708) than other clinical parame"
SIG165,PMC11315090,C-index,0.5,valid,,,33,win," to determine the survival rate for each patient at 1, 3, and 5 years ( Fig. 4 B). The model accuracy was assessed using the time-independent ROC curve. The prognostic model demonstrated a higher AUC value (0.708) than other clinical parame"
SIG165,PMC11315090,C-index,0.5,valid,,,245,win,"UM39NUM) than other clinical parameters (Typically, AUC values are between 0.5 and 1.0, with a larger AUC representing better performance.), demonstrating its strong predictive ability and its predictive power is superior to other clinical "
SIG165,PMC11315090,C-index,0.5,valid,,,33,win,"UM39NUM) than other clinical parameters (Typically, AUC values are between 0.5 and 1.0, with a larger AUC representing better performance.), demonstrating its strong predictive ability and its predictive power is superior to other clinical "
SIG222,PMC11315184,C-index,0.7582962,unk,,,28,sent,"The C-index of the nomogram was 0.7582962, and calibration curves demonstrated the satisfactory performance of the nomogram in predicting survival at 1, 3, and 5 years for CRC patients ( Fig."
SIG084,PMC11315798,C-index,0.688,unk,,,9,sent,We found that the RSF + Ridge algorithm combination had the highest average C-index (0.688) (Fig.
SIG259,PMC11319978,AUC,0.721,unk,1,seq_post,80,sent,"The area under the curve (AUC) values of the risk model for 1-, 3-, and 5-year were 0.721, 0.731, and 0.770 respectively, suggesting that the risk model had accurate predictive performance ( Figure 3A )."
SIG259,PMC11319978,AUC,0.731,unk,3,seq_post,90,sent,"The area under the curve (AUC) values of the risk model for 1-, 3-, and 5-year were 0.721, 0.731, and 0.770 respectively, suggesting that the risk model had accurate predictive performance ( Figure 3A )."
SIG259,PMC11319978,AUC,0.77,unk,5,seq_post,104,sent,"The area under the curve (AUC) values of the risk model for 1-, 3-, and 5-year were 0.721, 0.731, and 0.770 respectively, suggesting that the risk model had accurate predictive performance ( Figure 3A )."
SIG259,PMC11319978,AUC,0.721,unk,1,seq_post,58,sent,"The area under the curve (AUC) values of the risk model for 1-, 3-, and 5-year were 0.721, 0.731, and 0.770 respectively, suggesting that the risk model had accurate predictive performance ( Figure 3A )."
SIG259,PMC11319978,AUC,0.731,unk,3,seq_post,68,sent,"The area under the curve (AUC) values of the risk model for 1-, 3-, and 5-year were 0.721, 0.731, and 0.770 respectively, suggesting that the risk model had accurate predictive performance ( Figure 3A )."
SIG259,PMC11319978,AUC,0.77,unk,5,seq_post,82,sent,"The area under the curve (AUC) values of the risk model for 1-, 3-, and 5-year were 0.721, 0.731, and 0.770 respectively, suggesting that the risk model had accurate predictive performance ( Figure 3A )."
SIG259,PMC11319978,AUC,0.731,unk,3,seq_post,18,sent,"When compared with other clinicopathological factors, the risk score showed better predicative performance and AUC of 3-year was 0.731 ( Figure 3B )."
SIG259,PMC11319978,C-index,0.701,unk,,,26,sent,"In addition, the 3- and 5-year C-index of risk score was 0.701 and 0.713 respectively, which was better than other clinical characteristics ( Figure 3C )."
SIG259,PMC11319978,C-index,0.713,unk,,,39,sent,"In addition, the 3- and 5-year C-index of risk score was 0.701 and 0.713 respectively, which was better than other clinical characteristics ( Figure 3C )."
SIG070,PMC11330954,AUC,0.576,unk,1,seq_post,358,win," survival curves, the high-risk group had worse clinical outcomes in terms of OS compared to the low-risk group (Fig. 3 D). When comparing the area under the curve (AUC) values of the prognostic markers of the three genes with each individu"
SIG070,PMC11330954,AUC,0.58,unk,2,seq_post,454,win," survival curves, the high-risk group had worse clinical outcomes in terms of OS compared to the low-risk group (Fig. 3 D). When comparing the area under the curve (AUC) values of the prognostic markers of the three genes with each individu"
SIG070,PMC11330954,AUC,0.59,unk,3,seq_post,478,win," survival curves, the high-risk group had worse clinical outcomes in terms of OS compared to the low-risk group (Fig. 3 D). When comparing the area under the curve (AUC) values of the prognostic markers of the three genes with each individu"
SIG070,PMC11330954,AUC,0.576,unk,1,seq_post,336,win," survival curves, the high-risk group had worse clinical outcomes in terms of OS compared to the low-risk group (Fig. 3 D). When comparing the area under the curve (AUC) values of the prognostic markers of the three genes with each individu"
SIG070,PMC11330954,AUC,0.58,unk,2,seq_post,432,win," survival curves, the high-risk group had worse clinical outcomes in terms of OS compared to the low-risk group (Fig. 3 D). When comparing the area under the curve (AUC) values of the prognostic markers of the three genes with each individu"
SIG070,PMC11330954,AUC,0.59,unk,3,seq_post,456,win," survival curves, the high-risk group had worse clinical outcomes in terms of OS compared to the low-risk group (Fig. 3 D). When comparing the area under the curve (AUC) values of the prognostic markers of the three genes with each individu"
SIG070,PMC11330954,AUC,0.576,unk,1,seq_post,181,win," survival curves, the high-risk group had worse clinical outcomes in terms of OS compared to the low-risk group (Fig. 3 D). When comparing the area under the curve (AUC) values of the prognostic markers of the three genes with each individu"
SIG070,PMC11330954,AUC,0.58,unk,2,seq_post,277,win," survival curves, the high-risk group had worse clinical outcomes in terms of OS compared to the low-risk group (Fig. 3 D). When comparing the area under the curve (AUC) values of the prognostic markers of the three genes with each individu"
SIG070,PMC11330954,AUC,0.59,unk,3,seq_post,301,win," survival curves, the high-risk group had worse clinical outcomes in terms of OS compared to the low-risk group (Fig. 3 D). When comparing the area under the curve (AUC) values of the prognostic markers of the three genes with each individu"
SIG070,PMC11330954,AUC,0.576,unk,1,seq_post,66,win," survival curves, the high-risk group had worse clinical outcomes in terms of OS compared to the low-risk group (Fig. 3 D). When comparing the area under the curve (AUC) values of the prognostic markers of the three genes with each individu"
SIG070,PMC11330954,AUC,0.58,unk,2,seq_post,162,win," survival curves, the high-risk group had worse clinical outcomes in terms of OS compared to the low-risk group (Fig. 3 D). When comparing the area under the curve (AUC) values of the prognostic markers of the three genes with each individu"
SIG070,PMC11330954,AUC,0.59,unk,3,seq_post,186,win," survival curves, the high-risk group had worse clinical outcomes in terms of OS compared to the low-risk group (Fig. 3 D). When comparing the area under the curve (AUC) values of the prognostic markers of the three genes with each individu"
SIG219,PMC11331578,AUC,0.72,train,1,seq_post,135,sent,"ROC curves also revealed that the AUC value of 1-, 3-, 5-years in training set were 0.75, 0.69, and 0.75, and the AUC value of 1-, 3-, 5-years in test set were 0.72, 0.7, and 0.54 ( Figure 4G -H)."
SIG219,PMC11331578,AUC,0.7,train,3,seq_post,144,sent,"ROC curves also revealed that the AUC value of 1-, 3-, 5-years in training set were 0.75, 0.69, and 0.75, and the AUC value of 1-, 3-, 5-years in test set were 0.72, 0.7, and 0.54 ( Figure 4G -H)."
SIG219,PMC11331578,AUC,0.54,train,5,seq_post,157,sent,"ROC curves also revealed that the AUC value of 1-, 3-, 5-years in training set were 0.75, 0.69, and 0.75, and the AUC value of 1-, 3-, 5-years in test set were 0.72, 0.7, and 0.54 ( Figure 4G -H)."
SIG219,PMC11331578,AUC,0.72,train,1,seq_post,46,sent,"ROC curves also revealed that the AUC value of 1-, 3-, 5-years in training set were 0.75, 0.69, and 0.75, and the AUC value of 1-, 3-, 5-years in test set were 0.72, 0.7, and 0.54 ( Figure 4G -H)."
SIG219,PMC11331578,AUC,0.7,train,3,seq_post,55,sent,"ROC curves also revealed that the AUC value of 1-, 3-, 5-years in training set were 0.75, 0.69, and 0.75, and the AUC value of 1-, 3-, 5-years in test set were 0.72, 0.7, and 0.54 ( Figure 4G -H)."
SIG219,PMC11331578,AUC,0.54,train,5,seq_post,68,sent,"ROC curves also revealed that the AUC value of 1-, 3-, 5-years in training set were 0.75, 0.69, and 0.75, and the AUC value of 1-, 3-, 5-years in test set were 0.72, 0.7, and 0.54 ( Figure 4G -H)."
SIG118,PMC11335547,AUC,0.792,unk,1,seq_post,101,sent,Time-dependent ROC curves and corresponding AUC values substantiated the risk score’s predictive accuracy for OS in TCGA cohort (AUC of 1-year = 0.792;
SIG118,PMC11335547,AUC,0.792,unk,1,seq_post,16,sent,Time-dependent ROC curves and corresponding AUC values substantiated the risk score’s predictive accuracy for OS in TCGA cohort (AUC of 1-year = 0.792;
SIG118,PMC11335547,AUC,0.813,unk,3,seq_post,15,sent,AUC of 3-year =0.813;
SIG118,PMC11335547,AUC,0.798,unk,5,seq_post,16,sent,AUC of 5-year = 0.798;
SIG118,PMC11335547,AUC,0.832,unk,1,seq_post,16,sent,"Figure 3D ), and GSE39582 cohort(AUC of 1-year = 0.832;"
SIG118,PMC11335547,AUC,0.741,unk,3,seq_post,15,sent,AUC of 3-year =0.741;
SIG118,PMC11335547,AUC,0.726,unk,5,seq_post,16,sent,AUC of 5-year = 0.726;
SIG085,PMC11460896,AUC,0.699,unk,1,seq_post,182,sent,"The AUC values of the 1-year, 3-year, and 5-year OS of the TCGA cohort were 0.724, 0.722, and 0.715, respectively, and the AUC values of the 1-year, 3-year, and 5-year PFS were 0.699, 0.685, and 0.685, respectively, indicating a satisfactor"
SIG085,PMC11460896,AUC,0.685,unk,3,seq_post,192,sent,"The AUC values of the 1-year, 3-year, and 5-year OS of the TCGA cohort were 0.724, 0.722, and 0.715, respectively, and the AUC values of the 1-year, 3-year, and 5-year PFS were 0.699, 0.685, and 0.685, respectively, indicating a satisfactor"
SIG085,PMC11460896,AUC,0.685,unk,5,seq_post,192,sent,"The AUC values of the 1-year, 3-year, and 5-year OS of the TCGA cohort were 0.724, 0.722, and 0.715, respectively, and the AUC values of the 1-year, 3-year, and 5-year PFS were 0.699, 0.685, and 0.685, respectively, indicating a satisfactor"
SIG085,PMC11460896,AUC,0.699,unk,1,seq_post,54,sent,"The AUC values of the 1-year, 3-year, and 5-year OS of the TCGA cohort were 0.724, 0.722, and 0.715, respectively, and the AUC values of the 1-year, 3-year, and 5-year PFS were 0.699, 0.685, and 0.685, respectively, indicating a satisfactor"
SIG085,PMC11460896,AUC,0.685,unk,3,seq_post,64,sent,"The AUC values of the 1-year, 3-year, and 5-year OS of the TCGA cohort were 0.724, 0.722, and 0.715, respectively, and the AUC values of the 1-year, 3-year, and 5-year PFS were 0.699, 0.685, and 0.685, respectively, indicating a satisfactor"
SIG085,PMC11460896,AUC,0.685,unk,5,seq_post,64,sent,"The AUC values of the 1-year, 3-year, and 5-year OS of the TCGA cohort were 0.724, 0.722, and 0.715, respectively, and the AUC values of the 1-year, 3-year, and 5-year PFS were 0.699, 0.685, and 0.685, respectively, indicating a satisfactor"
SIG085,PMC11460896,AUC,0.802,unk,1,seq_post,16,sent,"The 1-year, 3-year, and 5-year AUC values were 0.802, 0.806, and 0.775 for the TCGA OS -nomogram model;"
SIG085,PMC11460896,AUC,0.806,unk,3,seq_post,26,sent,"The 1-year, 3-year, and 5-year AUC values were 0.802, 0.806, and 0.775 for the TCGA OS -nomogram model;"
SIG085,PMC11460896,AUC,0.775,unk,5,seq_post,40,sent,"The 1-year, 3-year, and 5-year AUC values were 0.802, 0.806, and 0.775 for the TCGA OS -nomogram model;"
SIG292,PMC11473805,C-index,0.71,train,,,82,sent,"In the training cohort, the C-statistics for both QCancer-S and QCancer-S (including geographical region) was 0.71 (95% CI:"
SIG292,PMC11473805,C-index,0.66,unk,,,26,sent,The C-statistics for ProS was 0.66 (95% CI:
SIG292,PMC11473805,C-index,0.74,unk,,,15,sent,"Of the 2 PRS models, LDpred2-grid performed best, with a C-statistic of 0.74 (95% CI:"
SIG292,PMC11473805,C-index,0.79,unk,,,20,sent,"Then the PRS (LDpred2-grid) with the best performance was combined with QCancer-S and ProS to construct a combined model, and the C-statistic reached 0.79 (95% CI:"
SIG292,PMC11473805,C-index,0.75,train,,,105,sent,"0.75, 0.84), which was significantly improved than the QCancer-S alone model in both training (C-statistic:"
SIG292,PMC11473805,C-index,0.84,train,,,94,sent,"0.75, 0.84), which was significantly improved than the QCancer-S alone model in both training (C-statistic:"
SIG292,PMC11473805,C-index,0.76,train,,,34,sent,"In the training cohort, the C-statistic of combined model was 0.76 (95% CI:"
SIG292,PMC11473805,C-index,0.79,unk,,,42,sent,"When considering CRC risk separately for colon and rectum, the C-statistic of the combined model reached 0.79 (95% CI:"
SIG292,PMC11473805,C-index,0.79,unk,,,42,sent,The C-statistic of the combined model reached 0.79 (95% CI:
SIG292,PMC11473805,C-index,0.82,train,,,13,sent,"For participants without a family history of CRC and no screening, the combined model still showed improved discrimination than QCancer-S alone in both training (C-statistic, 0.82 vs."
SIG292,PMC11473805,C-index,0.71,valid,,,40,sent,"0.71, P 0.05) and validation (C-statistic, 0.75 vs."
SIG292,PMC11473805,C-index,0.75,valid,,,13,sent,"0.71, P 0.05) and validation (C-statistic, 0.75 vs."
SIG280,PMC11543054,AUC,0.69,unk,3,seq_post,40,sent,"The ROC curve results showed that the model can accurately predict the prognosis of MAC patients, with AUCs of 3- and 5-year survival times of 0.69 and 0.77, respectively."
SIG280,PMC11543054,AUC,0.77,unk,5,seq_post,53,sent,"The ROC curve results showed that the model can accurately predict the prognosis of MAC patients, with AUCs of 3- and 5-year survival times of 0.69 and 0.77, respectively."
SIG036,PMC11565104,AUC,0.7495,unk,1,seq_post,47,sent,"The results showed that the AUC values for 1-, 2- and 3-year survival were 0.7495, 0.7281 and 0.7148, respectively ( Figure 2G ), indicating its relatively good performance in predicting patient outcomes."
SIG036,PMC11565104,AUC,0.7281,unk,2,seq_post,57,sent,"The results showed that the AUC values for 1-, 2- and 3-year survival were 0.7495, 0.7281 and 0.7148, respectively ( Figure 2G ), indicating its relatively good performance in predicting patient outcomes."
SIG036,PMC11565104,AUC,0.7148,unk,3,seq_post,70,sent,"The results showed that the AUC values for 1-, 2- and 3-year survival were 0.7495, 0.7281 and 0.7148, respectively ( Figure 2G ), indicating its relatively good performance in predicting patient outcomes."
SIG036,PMC11565104,AUC,0.86,unk,1,seq_post,58,sent,"Moreover, the ROC curve analyses demonstrated that the 1-, 2-, and 3-year AUC values of the nomogram-derived score (nomoscore) were 0.86, 0.88, and 0.81, respectively, which exceeded the AUC values of the risk score, stage, age and gender ("
SIG036,PMC11565104,AUC,0.88,unk,2,seq_post,68,sent,"Moreover, the ROC curve analyses demonstrated that the 1-, 2-, and 3-year AUC values of the nomogram-derived score (nomoscore) were 0.86, 0.88, and 0.81, respectively, which exceeded the AUC values of the risk score, stage, age and gender ("
SIG036,PMC11565104,AUC,0.81,unk,3,seq_post,82,sent,"Moreover, the ROC curve analyses demonstrated that the 1-, 2-, and 3-year AUC values of the nomogram-derived score (nomoscore) were 0.86, 0.88, and 0.81, respectively, which exceeded the AUC values of the risk score, stage, age and gender ("
SIG036,PMC11565104,AUC,0.86,unk,1,seq_post,67,sent,"Moreover, the ROC curve analyses demonstrated that the 1-, 2-, and 3-year AUC values of the nomogram-derived score (nomoscore) were 0.86, 0.88, and 0.81, respectively, which exceeded the AUC values of the risk score, stage, age and gender ("
SIG036,PMC11565104,AUC,0.88,unk,2,seq_post,57,sent,"Moreover, the ROC curve analyses demonstrated that the 1-, 2-, and 3-year AUC values of the nomogram-derived score (nomoscore) were 0.86, 0.88, and 0.81, respectively, which exceeded the AUC values of the risk score, stage, age and gender ("
SIG036,PMC11565104,AUC,0.81,unk,3,seq_post,43,sent,"Moreover, the ROC curve analyses demonstrated that the 1-, 2-, and 3-year AUC values of the nomogram-derived score (nomoscore) were 0.86, 0.88, and 0.81, respectively, which exceeded the AUC values of the risk score, stage, age and gender ("
SIG285,PMC11574123,AUC,0.599,train,5,seq_post,29,win,"r AUC = 0.621, 5-year AUC = 0.599) groups (Fig. 5 B, D). Fig. 5 Evaluation of LRSRGs-related gene signature and construction of the nomogram prediction model. ( A-D ) Kaplan-Meier survival curve for the OS between the high- and low-risk gro"
SIG285,PMC11574123,AUC,0.599,train,5,seq_post,6,win,"r AUC = 0.621, 5-year AUC = 0.599) groups (Fig. 5 B, D). Fig. 5 Evaluation of LRSRGs-related gene signature and construction of the nomogram prediction model. ( A-D ) Kaplan-Meier survival curve for the OS between the high- and low-risk gro"
SIG285,PMC11574123,AUC,0.599,train,5,seq_post,289,win,"r AUC = 0.621, 5-year AUC = 0.599) groups (Fig. 5 B, D). Fig. 5 Evaluation of LRSRGs-related gene signature and construction of the nomogram prediction model. ( A-D ) Kaplan-Meier survival curve for the OS between the high- and low-risk gro"
SIG313,PMC11592260,AUC,0.784,unk,1,seq_pre,14,sent,"To assess the accuracy of the model in predicting OS, we employed “time-dependent ROC curves.” The results revealed AUC values of 0.784, 0.805, and 0.655 for the 1-, 3-, and 5-year predictions."
SIG313,PMC11592260,AUC,0.805,unk,3,seq_pre,24,sent,"To assess the accuracy of the model in predicting OS, we employed “time-dependent ROC curves.” The results revealed AUC values of 0.784, 0.805, and 0.655 for the 1-, 3-, and 5-year predictions."
SIG313,PMC11592260,AUC,0.655,unk,5,seq_pre,38,sent,"To assess the accuracy of the model in predicting OS, we employed “time-dependent ROC curves.” The results revealed AUC values of 0.784, 0.805, and 0.655 for the 1-, 3-, and 5-year predictions."
SIG169,PMC11669901,AUC,0.684,unk,1,seq_post,47,sent,"The AUCs of the 1-, 3-, and 5-year ROC curves were 0.684, 0.726, and 0.724, respectively, suggesting that the model has a high prediction accuracy ( Figure 4c )."
SIG169,PMC11669901,AUC,0.726,unk,3,seq_post,57,sent,"The AUCs of the 1-, 3-, and 5-year ROC curves were 0.684, 0.726, and 0.724, respectively, suggesting that the model has a high prediction accuracy ( Figure 4c )."
SIG169,PMC11669901,AUC,0.724,unk,5,seq_post,71,sent,"The AUCs of the 1-, 3-, and 5-year ROC curves were 0.684, 0.726, and 0.724, respectively, suggesting that the model has a high prediction accuracy ( Figure 4c )."
SIG169,PMC11669901,C-index,0.749,unk,,,11,sent,"Then, six factors with prognostic significance were included to build a nomogram prediction model with a c-index of 0.749 ( Figure 6b ), indicating high uniformity between the predicted probability and actual value."
SIG169,PMC11669901,AUC,0.666,unk,3,seq_post,42,sent,"The AUCs of the 3- and 5-year ROC curves were 0.666 and 0.663, respectively ( Figure 6d ), suggesting that the nomogram model can significantly predict the prognosis of colorectal cancer."
SIG169,PMC11669901,AUC,0.663,unk,5,seq_post,56,sent,"The AUCs of the 3- and 5-year ROC curves were 0.666 and 0.663, respectively ( Figure 6d ), suggesting that the nomogram model can significantly predict the prognosis of colorectal cancer."
SIG177,PMC11693697,C-index,0.68,unk,,,171,win,"mogram was developed by integrating age, TNM stage, and LLPS risk ( Figure 6C ). By calculating the score of each variable, the 1-, 3-, and 5-years survival of colon cancer patients can easily estimate by drawing a vertical line. The ROC cu"
SIG177,PMC11693697,C-index,0.792,unk,,,40,win,"mogram was developed by integrating age, TNM stage, and LLPS risk ( Figure 6C ). By calculating the score of each variable, the 1-, 3-, and 5-years survival of colon cancer patients can easily estimate by drawing a vertical line. The ROC cu"
SIG177,PMC11693697,C-index,0.68,unk,,,171,win," 3-, and 5-years survival of colon cancer patients can easily estimate by drawing a vertical line. The ROC curve demonstrated that the LRRS had excellent accuracy in predicting OS, with an AUC of 0.680, surpassing the predictive ability of "
SIG177,PMC11693697,C-index,0.792,unk,,,40,win," 3-, and 5-years survival of colon cancer patients can easily estimate by drawing a vertical line. The ROC curve demonstrated that the LRRS had excellent accuracy in predicting OS, with an AUC of 0.680, surpassing the predictive ability of "
SIG177,PMC11693697,C-index,0.68,unk,,,171,win,"nts can easily estimate by drawing a vertical line. The ROC curve demonstrated that the LRRS had excellent accuracy in predicting OS, with an AUC of 0.680, surpassing the predictive ability of any other clinical feature. Furthermore, the no"
SIG177,PMC11693697,C-index,0.792,unk,,,40,win,"nts can easily estimate by drawing a vertical line. The ROC curve demonstrated that the LRRS had excellent accuracy in predicting OS, with an AUC of 0.680, surpassing the predictive ability of any other clinical feature. Furthermore, the no"
SIG086,PMC11700200,AUC,0.671,unk,1,seq_post,165,sent,"The Area Under the Curve (AUC) values of time-dependent receiver operating characteristic (ROC) curve analysis for the prognostic GRGs model at 1-, 3-, 5-year of OS was 0.671, 0.673 and 0.699, respectively (Fig."
SIG086,PMC11700200,AUC,0.673,unk,3,seq_post,175,sent,"The Area Under the Curve (AUC) values of time-dependent receiver operating characteristic (ROC) curve analysis for the prognostic GRGs model at 1-, 3-, 5-year of OS was 0.671, 0.673 and 0.699, respectively (Fig."
SIG086,PMC11700200,AUC,0.699,unk,5,seq_post,188,sent,"The Area Under the Curve (AUC) values of time-dependent receiver operating characteristic (ROC) curve analysis for the prognostic GRGs model at 1-, 3-, 5-year of OS was 0.671, 0.673 and 0.699, respectively (Fig."
SIG086,PMC11700200,AUC,0.671,unk,1,seq_post,143,sent,"The Area Under the Curve (AUC) values of time-dependent receiver operating characteristic (ROC) curve analysis for the prognostic GRGs model at 1-, 3-, 5-year of OS was 0.671, 0.673 and 0.699, respectively (Fig."
SIG086,PMC11700200,AUC,0.673,unk,3,seq_post,153,sent,"The Area Under the Curve (AUC) values of time-dependent receiver operating characteristic (ROC) curve analysis for the prognostic GRGs model at 1-, 3-, 5-year of OS was 0.671, 0.673 and 0.699, respectively (Fig."
SIG086,PMC11700200,AUC,0.699,unk,5,seq_post,166,sent,"The Area Under the Curve (AUC) values of time-dependent receiver operating characteristic (ROC) curve analysis for the prognostic GRGs model at 1-, 3-, 5-year of OS was 0.671, 0.673 and 0.699, respectively (Fig."
SIG086,PMC11700200,AUC,0.897,valid,1,seq_pre,61,sent,"Impressively, the Area Under the Curve (AUC) metrics stood at robust levels of 0.897, 0.696, and 0.773 for 1-, 3-, and 5-year survival predictions, respectively, within the external cohort (Fig."
SIG086,PMC11700200,AUC,0.696,valid,3,seq_pre,71,sent,"Impressively, the Area Under the Curve (AUC) metrics stood at robust levels of 0.897, 0.696, and 0.773 for 1-, 3-, and 5-year survival predictions, respectively, within the external cohort (Fig."
SIG086,PMC11700200,AUC,0.773,valid,5,seq_pre,85,sent,"Impressively, the Area Under the Curve (AUC) metrics stood at robust levels of 0.897, 0.696, and 0.773 for 1-, 3-, and 5-year survival predictions, respectively, within the external cohort (Fig."
SIG086,PMC11700200,AUC,0.897,valid,1,seq_pre,39,sent,"Impressively, the Area Under the Curve (AUC) metrics stood at robust levels of 0.897, 0.696, and 0.773 for 1-, 3-, and 5-year survival predictions, respectively, within the external cohort (Fig."
SIG086,PMC11700200,AUC,0.696,valid,3,seq_pre,49,sent,"Impressively, the Area Under the Curve (AUC) metrics stood at robust levels of 0.897, 0.696, and 0.773 for 1-, 3-, and 5-year survival predictions, respectively, within the external cohort (Fig."
SIG086,PMC11700200,AUC,0.773,valid,5,seq_pre,63,sent,"Impressively, the Area Under the Curve (AUC) metrics stood at robust levels of 0.897, 0.696, and 0.773 for 1-, 3-, and 5-year survival predictions, respectively, within the external cohort (Fig."
SIG207,PMC11701073,C-index,0.8,unk,,,189,sent,"therefore, we compared the C-indexes of the risk score and other clinical traits for disease prediction, and the C-indexes of the risk score were all greater than those of the other clinical traits and were close to 0.8 (Fig."
SIG207,PMC11701073,C-index,0.8,unk,,,103,sent,"therefore, we compared the C-indexes of the risk score and other clinical traits for disease prediction, and the C-indexes of the risk score were all greater than those of the other clinical traits and were close to 0.8 (Fig."
SIG071,PMC11724613,C-index,0.751,unk,,,9,sent,"4 A, the combination of LASSO and GBM produced the optimal model with the highest average C-index (0.751) across the four CRC cohorts."
SIG071,PMC11724613,AUC,0.8561,unk,1,seq_post,76,sent,"5 B, the AUC value of the IRPS in predicting 1-, 2-, and 3-year overall survival was 0.8561, 0.8802 and 0.8699 in the GSE17538 dataset;"
SIG071,PMC11724613,AUC,0.8802,unk,2,seq_post,86,sent,"5 B, the AUC value of the IRPS in predicting 1-, 2-, and 3-year overall survival was 0.8561, 0.8802 and 0.8699 in the GSE17538 dataset;"
SIG071,PMC11724613,AUC,0.8699,unk,3,seq_post,99,sent,"5 B, the AUC value of the IRPS in predicting 1-, 2-, and 3-year overall survival was 0.8561, 0.8802 and 0.8699 in the GSE17538 dataset;"
SIG264,PMC11762008,AUC,0.65,unk,1,seq_post,60,sent,"The AUC values of ROC curves at 1-, 3-, and 5-year only reached 0.65, 0.74 and 0.75, respectively (Fig."
SIG264,PMC11762008,AUC,0.74,unk,3,seq_post,70,sent,"The AUC values of ROC curves at 1-, 3-, and 5-year only reached 0.65, 0.74 and 0.75, respectively (Fig."
SIG264,PMC11762008,AUC,0.75,unk,5,seq_post,83,sent,"The AUC values of ROC curves at 1-, 3-, and 5-year only reached 0.65, 0.74 and 0.75, respectively (Fig."
SIG093,PMC11776142,C-index,0.82,unk,,,35,sent,The C-index of the nomogram models was 0.820 (95% CI 0.70–0.872).
SIG093,PMC11776142,C-index,0.7,unk,,,52,sent,The C-index of the nomogram models was 0.820 (95% CI 0.70–0.872).
SIG093,PMC11776142,C-index,0.872,unk,,,61,sent,The C-index of the nomogram models was 0.820 (95% CI 0.70–0.872).
SIG276,PMC11807041,AUC,0.717,unk,1,seq_post,90,sent,"6 B presented the AUC values for the 1-year, 3-year, and 5-year survival rates, which were determined to be 0.717, 0.701, and 0.678, respectively."
SIG276,PMC11807041,AUC,0.701,unk,3,seq_post,100,sent,"6 B presented the AUC values for the 1-year, 3-year, and 5-year survival rates, which were determined to be 0.717, 0.701, and 0.678, respectively."
SIG276,PMC11807041,AUC,0.678,unk,5,seq_post,114,sent,"6 B presented the AUC values for the 1-year, 3-year, and 5-year survival rates, which were determined to be 0.717, 0.701, and 0.678, respectively."
SIG276,PMC11807041,AUC,0.816,unk,1,seq_post,70,sent,"In addition, the AUC of 1-year, 3-year, and 5-year survival rates in the Nomogram were 0.816, 0.824, and 0.819, respectively (Fig."
SIG276,PMC11807041,AUC,0.824,unk,3,seq_post,80,sent,"In addition, the AUC of 1-year, 3-year, and 5-year survival rates in the Nomogram were 0.816, 0.824, and 0.819, respectively (Fig."
SIG276,PMC11807041,AUC,0.819,unk,5,seq_post,94,sent,"In addition, the AUC of 1-year, 3-year, and 5-year survival rates in the Nomogram were 0.816, 0.824, and 0.819, respectively (Fig."
SIG018,PMC11815678,C-index,0.811,unk,,,42,sent,"It consistently exhibited high prognostic accuracy, with C-index values ranging from approximately 0.811 to 0.873 across various algorithms."
SIG018,PMC11815678,C-index,0.873,unk,,,54,sent,"It consistently exhibited high prognostic accuracy, with C-index values ranging from approximately 0.811 to 0.873 across various algorithms."
SIG209,PMC11823094,AUC,0.69,unk,3,one_nearest,273,win," none patients have the clinicopathological features, and the red curve represents the clinical benefit of the nomogram. In addition, we conducted a comparison of the predictive efficacy of these biomarkers against others, utilizing the Are"
SIG209,PMC11823094,AUC,0.69,unk,3,one_nearest,251,win," none patients have the clinicopathological features, and the red curve represents the clinical benefit of the nomogram. In addition, we conducted a comparison of the predictive efficacy of these biomarkers against others, utilizing the Are"
SIG209,PMC11823094,AUC,0.69,unk,3,one_nearest,190,win," none patients have the clinicopathological features, and the red curve represents the clinical benefit of the nomogram. In addition, we conducted a comparison of the predictive efficacy of these biomarkers against others, utilizing the Are"
SIG209,PMC11823094,AUC,0.69,unk,3,one_nearest,78,win," none patients have the clinicopathological features, and the red curve represents the clinical benefit of the nomogram. In addition, we conducted a comparison of the predictive efficacy of these biomarkers against others, utilizing the Are"
SIG209,PMC11823094,AUC,0.69,unk,3,one_nearest,273,win,"omogram. In addition, we conducted a comparison of the predictive efficacy of these biomarkers against others, utilizing the Area Under the Curve (AUC) as a metric for assessing prognostic accuracy. A higher AUC value signifies a more robus"
SIG209,PMC11823094,AUC,0.69,unk,3,one_nearest,251,win,"omogram. In addition, we conducted a comparison of the predictive efficacy of these biomarkers against others, utilizing the Area Under the Curve (AUC) as a metric for assessing prognostic accuracy. A higher AUC value signifies a more robus"
SIG209,PMC11823094,AUC,0.69,unk,3,one_nearest,190,win,"omogram. In addition, we conducted a comparison of the predictive efficacy of these biomarkers against others, utilizing the Area Under the Curve (AUC) as a metric for assessing prognostic accuracy. A higher AUC value signifies a more robus"
SIG209,PMC11823094,AUC,0.69,unk,3,one_nearest,78,win,"omogram. In addition, we conducted a comparison of the predictive efficacy of these biomarkers against others, utilizing the Area Under the Curve (AUC) as a metric for assessing prognostic accuracy. A higher AUC value signifies a more robus"
SIG004,PMC11842742,AUC,0.789,unk,1,one_nearest,38,sent,"ROC curves for the nomogram yielded AUC values of 0.771, 0.768, and 0.789 for 1-year, 3 year, and 5 year OS, respectively (Fig."
SIG010,PMC11895157,AUC,0.71,train,1,seq_post,65,sent,"4 D, the 1-, 3-, and 5-year AUC values of stage III-IV CRC patients in the training set were 0.710, 0.679, and 0.692, respectively."
SIG010,PMC11895157,AUC,0.679,train,3,seq_post,75,sent,"4 D, the 1-, 3-, and 5-year AUC values of stage III-IV CRC patients in the training set were 0.710, 0.679, and 0.692, respectively."
SIG010,PMC11895157,AUC,0.692,train,5,seq_post,89,sent,"4 D, the 1-, 3-, and 5-year AUC values of stage III-IV CRC patients in the training set were 0.710, 0.679, and 0.692, respectively."
SIG201,PMC11905983,AUC,0.86,train,1,seq_pre,13,sent,"The TPS constructed via machine learning algorithm showed superb capacity of prognostic anticipation, where its AUCs reached 0.86, 0.88 and 0.87 in 1-, 3- and 5-year survival anticipation in the training cohort."
SIG201,PMC11905983,AUC,0.88,train,3,seq_pre,23,sent,"The TPS constructed via machine learning algorithm showed superb capacity of prognostic anticipation, where its AUCs reached 0.86, 0.88 and 0.87 in 1-, 3- and 5-year survival anticipation in the training cohort."
SIG201,PMC11905983,AUC,0.87,train,5,seq_pre,36,sent,"The TPS constructed via machine learning algorithm showed superb capacity of prognostic anticipation, where its AUCs reached 0.86, 0.88 and 0.87 in 1-, 3- and 5-year survival anticipation in the training cohort."
SIG201,PMC11905983,AUC,0.8,valid,1,seq_post,113,sent,"Similarly, the AUCs achieved as high as 0.91, 0.94 and 0.96 for 1-, 3- and 5-year survival in the testing group and 0.80, 0.79 and 0.82 for 1-, 3- and 5-year survival in the whole group of COAD cohort."
SIG201,PMC11905983,AUC,0.79,valid,3,seq_post,123,sent,"Similarly, the AUCs achieved as high as 0.91, 0.94 and 0.96 for 1-, 3- and 5-year survival in the testing group and 0.80, 0.79 and 0.82 for 1-, 3- and 5-year survival in the whole group of COAD cohort."
SIG201,PMC11905983,AUC,0.82,valid,5,seq_post,136,sent,"Similarly, the AUCs achieved as high as 0.91, 0.94 and 0.96 for 1-, 3- and 5-year survival in the testing group and 0.80, 0.79 and 0.82 for 1-, 3- and 5-year survival in the whole group of COAD cohort."
SIG027,PMC11912041,C-index,0.83,unk,,,11,sent,We then calculated a C-index of 0.83 [95% confidence interval (CI):
SIG027,PMC11912041,AUC,0.795,unk,3,seq_post,67,sent,"0.75–0.91] for the prognostic model, and the calibration curves for the 3-year and 5-year prognosis depicted using R ( Figure 8B,8C ) showed a good agreement between the predicted and observed values, and the area under the curve for the 3-"
SIG027,PMC11912041,AUC,0.797,unk,5,seq_post,80,sent,"0.75–0.91] for the prognostic model, and the calibration curves for the 3-year and 5-year prognosis depicted using R ( Figure 8B,8C ) showed a good agreement between the predicted and observed values, and the area under the curve for the 3-"
SIG175,PMC11921271,C-index,0.671,unk,,,19,sent,Statistical analyses indicated that our prognostic model exhibited a good fit [concordance index =0.671;
SIG107,PMC11936967,AUC,0.65,valid,5,seq_post,21,sent,"The model also demonstrated excellent predictive performance in the independent validation set, with only GSE17536 showing a 5-year survival AUC value lower than 0.65."
SIG107,PMC11936967,AUC,0.8,valid,0,seq_pre,4,sent,"As an independent prognostic factor, our model achieved an AUC 0.8 for 10-year outcome prediction when combined with clinical variables."
SIG081,PMC11992224,C-index,0.679,unk,,,17,sent,"Moreover, a comparative evaluation between the TMGs model and four other CC scoring models confirmed the superior performance of our model, evidenced by a C-index value of 0.679 and HR = 1.315 (95% CI:"
SIG208,PMC12003684,AUC,0.62,unk,0,one_nearest,23,sent,"The 1-, 3-, 5-, 7-, and 10-year AUC values for OS were 0.62, 0.62, 0.63, 0.59 and 0.66, respectively (Fig."
SIG208,PMC12003684,AUC,0.52,unk,1,seq_post,50,sent,"The AUC values of 1-year, 3-year, and 5-year PFI were 0.52, 0.62, and 0.69, respectively (Supplementary Fig."
SIG208,PMC12003684,AUC,0.62,unk,3,seq_post,60,sent,"The AUC values of 1-year, 3-year, and 5-year PFI were 0.52, 0.62, and 0.69, respectively (Supplementary Fig."
SIG208,PMC12003684,AUC,0.69,unk,5,seq_post,74,sent,"The AUC values of 1-year, 3-year, and 5-year PFI were 0.52, 0.62, and 0.69, respectively (Supplementary Fig."
SIG208,PMC12003684,AUC,0.58,unk,1,seq_post,50,sent,"The AUC values of 1-year, 3-year, and 5-year DFI were 0.58, 0.70, and 0.83, respectively (Supplementary Fig."
SIG208,PMC12003684,AUC,0.7,unk,3,seq_post,60,sent,"The AUC values of 1-year, 3-year, and 5-year DFI were 0.58, 0.70, and 0.83, respectively (Supplementary Fig."
SIG208,PMC12003684,AUC,0.83,unk,5,seq_post,74,sent,"The AUC values of 1-year, 3-year, and 5-year DFI were 0.58, 0.70, and 0.83, respectively (Supplementary Fig."
SIG053,PMC12011795,AUC,0.762,unk,1,seq_post,53,sent,"The AUC of the 1-, 3-, and 5-year TCGA-COAD cohorts were 0.762, 0.796, and 0.852, respectively."
SIG053,PMC12011795,AUC,0.796,unk,3,seq_post,63,sent,"The AUC of the 1-, 3-, and 5-year TCGA-COAD cohorts were 0.762, 0.796, and 0.852, respectively."
SIG053,PMC12011795,AUC,0.852,unk,5,seq_post,77,sent,"The AUC of the 1-, 3-, and 5-year TCGA-COAD cohorts were 0.762, 0.796, and 0.852, respectively."
SIG053,PMC12011795,AUC,0.66,unk,1,seq_post,10,sent,"In the GSE159216 cohort, the 1-, 3-, and 5-year AUCs were 0.660, 0.588, and 0.599."
SIG053,PMC12011795,AUC,0.588,unk,3,seq_post,20,sent,"In the GSE159216 cohort, the 1-, 3-, and 5-year AUCs were 0.660, 0.588, and 0.599."
SIG053,PMC12011795,AUC,0.599,unk,5,seq_post,34,sent,"In the GSE159216 cohort, the 1-, 3-, and 5-year AUCs were 0.660, 0.588, and 0.599."
SIG087,PMC12019262,AUC,0.76,train,5,one_nearest,8,sent,"For 5-year OS prediction, the AUC was 0.76 in the training cohort and 0.70 in the testing cohort (Figures 1G2 and 1G3 )."
SIG309,PMC12024535,AUC,0.88,unk,3,seq_post,142,sent,"AUC 0.68–0.81 [ 58 , 59 ]) by integrating dynamic TME insights and immunotherapy responses, achieving superior 3-year accuracy (AUC 0.88, sensitivity 85%, specificity 82%)."
SIG309,PMC12024535,AUC,0.88,unk,3,seq_post,4,sent,"AUC 0.68–0.81 [ 58 , 59 ]) by integrating dynamic TME insights and immunotherapy responses, achieving superior 3-year accuracy (AUC 0.88, sensitivity 85%, specificity 82%)."
SIG026,PMC12049353,C-index,0.6,unk,,,35,sent,"Finally, we selected the machine learning algorithm of Enet [alpha = 0.6] with the highest average C-index to construct the best model."
SIG026,PMC12049353,AUC,0.806,train,1,seq_post,86,sent,"In TCGA training cohort, the AUC values of ROC curves for predicting 1-year, 3-year, and 5-year survival time were 0.806, 0.792, and 0.798 respectively (Fig."
SIG026,PMC12049353,AUC,0.792,train,3,seq_post,96,sent,"In TCGA training cohort, the AUC values of ROC curves for predicting 1-year, 3-year, and 5-year survival time were 0.806, 0.792, and 0.798 respectively (Fig."
SIG026,PMC12049353,AUC,0.798,train,5,seq_post,110,sent,"In TCGA training cohort, the AUC values of ROC curves for predicting 1-year, 3-year, and 5-year survival time were 0.806, 0.792, and 0.798 respectively (Fig."
SIG026,PMC12049353,AUC,0.801,unk,1,seq_post,72,sent,"ROC curve showed that the AUC values for predicting 1-year, 3-year, and 5-year survival time were 0.801, 0.843, and 0.785, respectively (Supplementary figure B)."
SIG026,PMC12049353,AUC,0.843,unk,3,seq_post,82,sent,"ROC curve showed that the AUC values for predicting 1-year, 3-year, and 5-year survival time were 0.801, 0.843, and 0.785, respectively (Supplementary figure B)."
SIG026,PMC12049353,AUC,0.785,unk,5,seq_post,96,sent,"ROC curve showed that the AUC values for predicting 1-year, 3-year, and 5-year survival time were 0.801, 0.843, and 0.785, respectively (Supplementary figure B)."
SIG226,PMC12092877,C-index,0.763,unk,,,10,sent,"The nomogram integrating risk score, age, and stage demonstrated robust predictive accuracy (C-index = 0.763, AUC = 0.728–0.785)."
SIG226,PMC12092877,C-index,0.728,unk,,,25,sent,"The nomogram integrating risk score, age, and stage demonstrated robust predictive accuracy (C-index = 0.763, AUC = 0.728–0.785)."
SIG226,PMC12092877,C-index,0.785,unk,,,34,sent,"The nomogram integrating risk score, age, and stage demonstrated robust predictive accuracy (C-index = 0.763, AUC = 0.728–0.785)."
SIG226,PMC12092877,AUC,0.693,unk,1,seq_post,73,sent,"The AUC values for predicting 1-year, 3-year, and 5-year survival rates were 0.693, 0.695, and 0.689, respectively (Fig."
SIG226,PMC12092877,AUC,0.695,unk,3,seq_post,83,sent,"The AUC values for predicting 1-year, 3-year, and 5-year survival rates were 0.693, 0.695, and 0.689, respectively (Fig."
SIG226,PMC12092877,AUC,0.689,unk,5,seq_post,97,sent,"The AUC values for predicting 1-year, 3-year, and 5-year survival rates were 0.693, 0.695, and 0.689, respectively (Fig."
SIG226,PMC12092877,C-index,0.763,unk,,,11,sent,"A nomogram incorporating the risk score, age, and stage was developed, demonstrating good performance with a C-index of 0.763 (Fig."
SIG226,PMC12092877,AUC,0.774,unk,5,one_nearest+seq_pre,14,sent,"D – F Decision curve analysis (DCA) curves for 1, 3, and 5-year survival The model's performance was further assessed using time-dependent ROC curves, with AUC values of 0.774, 0.785, and 0.728 for predicting 1-year, 3-year, and 5-year surv"
SIG226,PMC12092877,AUC,0.774,unk,1,one_nearest+seq_pre,14,sent,"D – F Decision curve analysis (DCA) curves for 1, 3, and 5-year survival The model's performance was further assessed using time-dependent ROC curves, with AUC values of 0.774, 0.785, and 0.728 for predicting 1-year, 3-year, and 5-year surv"
SIG226,PMC12092877,AUC,0.785,unk,3,one_nearest+seq_pre,24,sent,"D – F Decision curve analysis (DCA) curves for 1, 3, and 5-year survival The model's performance was further assessed using time-dependent ROC curves, with AUC values of 0.774, 0.785, and 0.728 for predicting 1-year, 3-year, and 5-year surv"
SIG262,PMC12117421,AUC,0.733,unk,1,seq_post,14,sent,"(E) Time-dependent receiver operating characteristic curves for 1-, 3- and 5-year survival predictions, with AUC values of 0.733, 0.733 and 0.734, respectively."
SIG262,PMC12117421,AUC,0.733,unk,3,seq_post,14,sent,"(E) Time-dependent receiver operating characteristic curves for 1-, 3- and 5-year survival predictions, with AUC values of 0.733, 0.733 and 0.734, respectively."
SIG262,PMC12117421,AUC,0.734,unk,5,seq_post,37,sent,"(E) Time-dependent receiver operating characteristic curves for 1-, 3- and 5-year survival predictions, with AUC values of 0.733, 0.733 and 0.734, respectively."
SIG262,PMC12117421,AUC,0.733,unk,1,seq_pre,14,sent,"The prognostic efficacy of the model was evaluated using time-dependent ROC curves, which yielded AUC values of 0.733, 0.733 and 0.734 for 1-, 3- and 5-year survival, respectively ( Fig."
SIG262,PMC12117421,AUC,0.733,unk,3,seq_pre,14,sent,"The prognostic efficacy of the model was evaluated using time-dependent ROC curves, which yielded AUC values of 0.733, 0.733 and 0.734 for 1-, 3- and 5-year survival, respectively ( Fig."
SIG262,PMC12117421,AUC,0.734,unk,5,seq_pre,37,sent,"The prognostic efficacy of the model was evaluated using time-dependent ROC curves, which yielded AUC values of 0.733, 0.733 and 0.734 for 1-, 3- and 5-year survival, respectively ( Fig."
SIG038,PMC12141457,AUC,0.791,unk,1,seq_pre,8,sent,"ROC analysis showed AUCs of 0.791, 0.767, and 0.937 for 1-, 3-, and 5-year PFS predictions, respectively (Fig."
SIG038,PMC12141457,AUC,0.767,unk,3,seq_pre,17,sent,"ROC analysis showed AUCs of 0.791, 0.767, and 0.937 for 1-, 3-, and 5-year PFS predictions, respectively (Fig."
SIG038,PMC12141457,AUC,0.937,unk,5,seq_pre,30,sent,"ROC analysis showed AUCs of 0.791, 0.767, and 0.937 for 1-, 3-, and 5-year PFS predictions, respectively (Fig."
SIG038,PMC12141457,AUC,0.669,unk,1,seq_pre,8,sent,"The corresponding ROC analysis yielded AUCs of 0.669, 0.579, and 0.666 for 1-, 3-, and 7-year survival predictions, respectively (Fig."
SIG038,PMC12141457,AUC,0.579,unk,3,seq_pre,18,sent,"The corresponding ROC analysis yielded AUCs of 0.669, 0.579, and 0.666 for 1-, 3-, and 7-year survival predictions, respectively (Fig."
SIG038,PMC12141457,AUC,0.666,unk,7,seq_pre,32,sent,"The corresponding ROC analysis yielded AUCs of 0.669, 0.579, and 0.666 for 1-, 3-, and 7-year survival predictions, respectively (Fig."
SIG039,PMC12162164,AUC,0.75,unk,5,one_nearest,5,sent,"The risk signature exhibited temporally discriminative performance, with 5-year survival prediction achieving the highest AUC (0.75, 95% confidence interval [CI] 0.69–0.81), followed by 3-year (AUC = 0.74, 95% CI 0.68–0.80) and 1-year (AUC "
SIG039,PMC12162164,AUC,0.75,unk,5,one_nearest,79,sent,"The risk signature exhibited temporally discriminative performance, with 5-year survival prediction achieving the highest AUC (0.75, 95% confidence interval [CI] 0.69–0.81), followed by 3-year (AUC = 0.74, 95% CI 0.68–0.80) and 1-year (AUC "
SIG039,PMC12162164,AUC,0.75,unk,5,one_nearest,32,sent,"The risk signature exhibited temporally discriminative performance, with 5-year survival prediction achieving the highest AUC (0.75, 95% confidence interval [CI] 0.69–0.81), followed by 3-year (AUC = 0.74, 95% CI 0.68–0.80) and 1-year (AUC "
SIG231,PMC12182055,AUC,0.631,unk,1,seq_pre,37,sent,"ROC analysis showed area under the curve (AUC) values of 0.631, 0.626, and 0.663 at 1-, 2-, and 3-year intervals, respectively ( Fig."
SIG231,PMC12182055,AUC,0.626,unk,2,seq_pre,47,sent,"ROC analysis showed area under the curve (AUC) values of 0.631, 0.626, and 0.663 at 1-, 2-, and 3-year intervals, respectively ( Fig."
SIG231,PMC12182055,AUC,0.663,unk,3,seq_pre,61,sent,"ROC analysis showed area under the curve (AUC) values of 0.631, 0.626, and 0.663 at 1-, 2-, and 3-year intervals, respectively ( Fig."
SIG231,PMC12182055,AUC,0.631,unk,1,seq_pre,15,sent,"ROC analysis showed area under the curve (AUC) values of 0.631, 0.626, and 0.663 at 1-, 2-, and 3-year intervals, respectively ( Fig."
SIG231,PMC12182055,AUC,0.626,unk,2,seq_pre,25,sent,"ROC analysis showed area under the curve (AUC) values of 0.631, 0.626, and 0.663 at 1-, 2-, and 3-year intervals, respectively ( Fig."
SIG231,PMC12182055,AUC,0.663,unk,3,seq_pre,39,sent,"ROC analysis showed area under the curve (AUC) values of 0.631, 0.626, and 0.663 at 1-, 2-, and 3-year intervals, respectively ( Fig."
SIG269,PMC12246428,AUC,0.7,unk,1,seq_post,79,sent,"Time-dependent ROC results showed that the AUC of the model for predicting 1-, 3- and 5-year survival in CRC patients was 0.700, 0.817 and 0.752, respectively (Fig."
SIG269,PMC12246428,AUC,0.817,unk,3,seq_post,89,sent,"Time-dependent ROC results showed that the AUC of the model for predicting 1-, 3- and 5-year survival in CRC patients was 0.700, 0.817 and 0.752, respectively (Fig."
SIG269,PMC12246428,AUC,0.752,unk,5,seq_post,102,sent,"Time-dependent ROC results showed that the AUC of the model for predicting 1-, 3- and 5-year survival in CRC patients was 0.700, 0.817 and 0.752, respectively (Fig."
SIG295,PMC12267444,AUC,0.78,unk,1,seq_post,27,sent,"The ROC analysis revealed that the 1-, 3- and 5-year AUC value of the model was 0.78, 0.79 and 0.77, respectively (Fig."
SIG295,PMC12267444,AUC,0.79,unk,3,seq_post,37,sent,"The ROC analysis revealed that the 1-, 3- and 5-year AUC value of the model was 0.78, 0.79 and 0.77, respectively (Fig."
SIG295,PMC12267444,AUC,0.77,unk,5,seq_post,50,sent,"The ROC analysis revealed that the 1-, 3- and 5-year AUC value of the model was 0.78, 0.79 and 0.77, respectively (Fig."
SIG295,PMC12267444,AUC,0.74,unk,1,seq_post,46,sent,"4 E), with an AUC for 1-, 3- and 5-year overall survival of 0.74, 0.65 and 0.63, respectively (Fig."
SIG295,PMC12267444,AUC,0.65,unk,3,seq_post,56,sent,"4 E), with an AUC for 1-, 3- and 5-year overall survival of 0.74, 0.65 and 0.63, respectively (Fig."
SIG295,PMC12267444,AUC,0.63,unk,5,seq_post,69,sent,"4 E), with an AUC for 1-, 3- and 5-year overall survival of 0.74, 0.65 and 0.63, respectively (Fig."
SIG295,PMC12267444,AUC,0.872,unk,5,seq_pre,13,sent,"For instance, Qiu et al., established a 16-gene prognostic model for oral tongue squamous cell carcinoma, achieving an AUC value of 0.872 for 5-year survival using integrated bioinformatics analysis 35 ."
SIG295,PMC12267444,AUC,0.68,unk,5,seq_pre,13,sent,"Our model served as an effective classifier for risk stratification in CRC, with an AUC value of 0.68 for 5-year survival, showing a relatively high sensitivity and specificity."
SIG040,PMC12279720,AUC,0.74,unk,1,seq_post,14,sent,"The prognostic model’s predictive accuracy for 1-, 3-, and 5-year OS was evaluated using ROC curves, yielding AUC values of 0.74, 0.73, and 0.74, respectively ( Figure 3C )."
SIG040,PMC12279720,AUC,0.73,unk,3,seq_post,24,sent,"The prognostic model’s predictive accuracy for 1-, 3-, and 5-year OS was evaluated using ROC curves, yielding AUC values of 0.74, 0.73, and 0.74, respectively ( Figure 3C )."
SIG040,PMC12279720,AUC,0.74,unk,5,seq_post,14,sent,"The prognostic model’s predictive accuracy for 1-, 3-, and 5-year OS was evaluated using ROC curves, yielding AUC values of 0.74, 0.73, and 0.74, respectively ( Figure 3C )."
SIG040,PMC12279720,AUC,0.76,unk,1,seq_pre,8,sent,"The ROC curves yielded AUCs of 0.76, 0.65, and 0.65 for 1-, 3-, and 5-year survival, respectively ( Figure 4C )."
SIG040,PMC12279720,AUC,0.65,unk,3,seq_pre,18,sent,"The ROC curves yielded AUCs of 0.76, 0.65, and 0.65 for 1-, 3-, and 5-year survival, respectively ( Figure 4C )."
SIG040,PMC12279720,AUC,0.65,unk,5,seq_pre,18,sent,"The ROC curves yielded AUCs of 0.76, 0.65, and 0.65 for 1-, 3-, and 5-year survival, respectively ( Figure 4C )."
SIG040,PMC12279720,AUC,0.78,unk,1,seq_pre,8,sent,"The nomogram achieved AUCs of 0.78, 0.79, and 0.80 for 1-, 3-, and 5-year overall survival, respectively ( Supplementary Figure S5D ), with calibration curves showing strong agreement between predicted and observed survival ( Supplementary "
SIG040,PMC12279720,AUC,0.79,unk,3,seq_pre,18,sent,"The nomogram achieved AUCs of 0.78, 0.79, and 0.80 for 1-, 3-, and 5-year overall survival, respectively ( Supplementary Figure S5D ), with calibration curves showing strong agreement between predicted and observed survival ( Supplementary "
SIG040,PMC12279720,AUC,0.8,unk,5,seq_pre,32,sent,"The nomogram achieved AUCs of 0.78, 0.79, and 0.80 for 1-, 3-, and 5-year overall survival, respectively ( Supplementary Figure S5D ), with calibration curves showing strong agreement between predicted and observed survival ( Supplementary "
SIG040,PMC12279720,C-index,0.757,unk,,,12,sent,The C-index was 0.757 (95% CI:
SIG099,PMC12307400,AUC,0.9,unk,3,seq_pre,7,sent,"Notably, the ICDRS-based nomogram achieved outstanding time-dependent AUCs ( 0.90) for 1- to 3-year survival prediction."
SIG099,PMC12307400,C-index,0.713,train,,,11,sent,"The 11 ICD-related genes were then used as input to develop prognostic models using machine learning algorithms with 101 combinations, and the model constructed by StepCox[forward] + RSF combination achieved the highest average C-index of 0"
SIG099,PMC12307400,AUC,0.905,unk,1,seq_pre,8,sent,"Moreover, the nomogram achieved AUCs of 0.905, 0.928, and 0.910 for predicting 1-year, 2-year, and 3-year survival, respectively, indicating its high predictive accuracy ( Figure 6C )."
SIG099,PMC12307400,AUC,0.928,unk,2,seq_pre,18,sent,"Moreover, the nomogram achieved AUCs of 0.905, 0.928, and 0.910 for predicting 1-year, 2-year, and 3-year survival, respectively, indicating its high predictive accuracy ( Figure 6C )."
SIG099,PMC12307400,AUC,0.91,unk,3,seq_pre,32,sent,"Moreover, the nomogram achieved AUCs of 0.905, 0.928, and 0.910 for predicting 1-year, 2-year, and 3-year survival, respectively, indicating its high predictive accuracy ( Figure 6C )."
SIG275,PMC12328357,C-index,0.9015,unk,,,117,win,"nd TIMP1 (P 0.01). A risk-score model was constructed using the following equation: risk score = (0.9015) × GP1BA + (0.4606) × TIMP1 + (-0.2331) × MMP10 + (-0.3357) × F2RL2 ( Figures 7E, F ). Time-dependent C-index curves were generated for"
SIG275,PMC12328357,C-index,0.4606,unk,,,96,win,"nd TIMP1 (P 0.01). A risk-score model was constructed using the following equation: risk score = (0.9015) × GP1BA + (0.4606) × TIMP1 + (-0.2331) × MMP10 + (-0.3357) × F2RL2 ( Figures 7E, F ). Time-dependent C-index curves were generated for"
SIG275,PMC12328357,C-index,0.9015,unk,,,218,win,"nd TIMP1 (P 0.01). A risk-score model was constructed using the following equation: risk score = (0.9015) × GP1BA + (0.4606) × TIMP1 + (-0.2331) × MMP10 + (-0.3357) × F2RL2 ( Figures 7E, F ). Time-dependent C-index curves were generated for"
SIG275,PMC12328357,C-index,0.4606,unk,,,197,win,"nd TIMP1 (P 0.01). A risk-score model was constructed using the following equation: risk score = (0.9015) × GP1BA + (0.4606) × TIMP1 + (-0.2331) × MMP10 + (-0.3357) × F2RL2 ( Figures 7E, F ). Time-dependent C-index curves were generated for"
SIG275,PMC12328357,C-index,0.4606,unk,,,96,win," × GP1BA + (0.4606) × TIMP1 + (-0.2331) × MMP10 + (-0.3357) × F2RL2 ( Figures 7E, F ). Time-dependent C-index curves were generated for various factors, revealing that the combined model had the highest C-index compared to individual variab"
SIG275,PMC12328357,C-index,0.4606,unk,,,197,win," × GP1BA + (0.4606) × TIMP1 + (-0.2331) × MMP10 + (-0.3357) × F2RL2 ( Figures 7E, F ). Time-dependent C-index curves were generated for various factors, revealing that the combined model had the highest C-index compared to individual variab"
SIG316,PMC12328883,AUC,0.706,unk,5,seq_post+seq_pre,7,sent,"Notably, the ROC curve (green) for 5-year survival performed best, with an AUC of 0.706, slightly superior to that for 1-year survival, demonstrating the model’s strong ability in long-term survival prediction."
SIG316,PMC12328883,AUC,0.706,unk,1,seq_post+seq_pre,7,sent,"Notably, the ROC curve (green) for 5-year survival performed best, with an AUC of 0.706, slightly superior to that for 1-year survival, demonstrating the model’s strong ability in long-term survival prediction."
SIG110,PMC12353796,AUC,0.7026,unk,2,seq_post,14,sent,"Furthermore, the 2-, 4-, and 6-year survival rates predicted by the FMRG_score were reflected in the AUC values of 0.7026, 0.7027, and 0.6927, respectively (Fig."
SIG110,PMC12353796,AUC,0.7027,unk,4,seq_post,24,sent,"Furthermore, the 2-, 4-, and 6-year survival rates predicted by the FMRG_score were reflected in the AUC values of 0.7026, 0.7027, and 0.6927, respectively (Fig."
SIG110,PMC12353796,AUC,0.6927,unk,6,seq_post,38,sent,"Furthermore, the 2-, 4-, and 6-year survival rates predicted by the FMRG_score were reflected in the AUC values of 0.7026, 0.7027, and 0.6927, respectively (Fig."
SIG079,PMC12354152,C-index,0.757,unk,,,9,sent,"H–K Analysis of prognostic differences between high-risk and low-risk patient groups in the TCGA and Meta-GEO cohorts, accompanied by ROC curves for 1, 2, and 3-year prognostic projections Notably, the StepCox[both] and RSF algorithms combi"
SIG079,PMC12354152,AUC,0.98,train,1,seq_post,91,sent,"Consistently, the area under the ROC curve (AUCs) for 1-year, 2-year, and 3-year OS in the training set were 0.98, 0.99, and 0.99, respectively;"
SIG079,PMC12354152,AUC,0.99,train,2,seq_post,101,sent,"Consistently, the area under the ROC curve (AUCs) for 1-year, 2-year, and 3-year OS in the training set were 0.98, 0.99, and 0.99, respectively;"
SIG079,PMC12354152,AUC,0.99,train,3,seq_post,101,sent,"Consistently, the area under the ROC curve (AUCs) for 1-year, 2-year, and 3-year OS in the training set were 0.98, 0.99, and 0.99, respectively;"
SIG079,PMC12354152,AUC,0.98,train,1,seq_post,65,sent,"Consistently, the area under the ROC curve (AUCs) for 1-year, 2-year, and 3-year OS in the training set were 0.98, 0.99, and 0.99, respectively;"
SIG079,PMC12354152,AUC,0.99,train,2,seq_post,75,sent,"Consistently, the area under the ROC curve (AUCs) for 1-year, 2-year, and 3-year OS in the training set were 0.98, 0.99, and 0.99, respectively;"
SIG079,PMC12354152,AUC,0.99,train,3,seq_post,75,sent,"Consistently, the area under the ROC curve (AUCs) for 1-year, 2-year, and 3-year OS in the training set were 0.98, 0.99, and 0.99, respectively;"
SIG079,PMC12354152,AUC,0.78,train,1,seq_post,65,sent,"the AUCs for 1-year, 2-year, and 3-year RFS in the training set were 0.78, 0.73, and 0.80 (Figure."
SIG079,PMC12354152,AUC,0.73,train,2,seq_post,75,sent,"the AUCs for 1-year, 2-year, and 3-year RFS in the training set were 0.78, 0.73, and 0.80 (Figure."
SIG079,PMC12354152,AUC,0.8,train,3,seq_post,89,sent,"the AUCs for 1-year, 2-year, and 3-year RFS in the training set were 0.78, 0.73, and 0.80 (Figure."
SIG079,PMC12354152,AUC,0.61,valid,1,seq_post,67,sent,"and the AUCs for 1-year, 2-year, and 3-year RFS in the validation set were 0.61, 0.57, and 0.57, respectively (Fig."
SIG079,PMC12354152,AUC,0.57,valid,2,seq_post,77,sent,"and the AUCs for 1-year, 2-year, and 3-year RFS in the validation set were 0.61, 0.57, and 0.57, respectively (Fig."
SIG168,PMC12358598,AUC,0.744,unk,1,seq_post,110,sent,"A 10 anoikis-related-gene prognostic model (MGP, TPM2, CRIP2, TUBB6, C1orf54, NOTCH3, LTBP1, CSRP2, FSTL3, and VIM) was developed and the area under the curve (AUC) values of the model in predicting 1-, 3- and 5-year survival probabilities "
SIG168,PMC12358598,AUC,0.797,unk,3,seq_post,119,sent,"A 10 anoikis-related-gene prognostic model (MGP, TPM2, CRIP2, TUBB6, C1orf54, NOTCH3, LTBP1, CSRP2, FSTL3, and VIM) was developed and the area under the curve (AUC) values of the model in predicting 1-, 3- and 5-year survival probabilities "
SIG168,PMC12358598,AUC,0.755,unk,5,seq_post,132,sent,"A 10 anoikis-related-gene prognostic model (MGP, TPM2, CRIP2, TUBB6, C1orf54, NOTCH3, LTBP1, CSRP2, FSTL3, and VIM) was developed and the area under the curve (AUC) values of the model in predicting 1-, 3- and 5-year survival probabilities "
SIG168,PMC12358598,AUC,0.744,unk,1,seq_post,88,sent,"A 10 anoikis-related-gene prognostic model (MGP, TPM2, CRIP2, TUBB6, C1orf54, NOTCH3, LTBP1, CSRP2, FSTL3, and VIM) was developed and the area under the curve (AUC) values of the model in predicting 1-, 3- and 5-year survival probabilities "
SIG168,PMC12358598,AUC,0.797,unk,3,seq_post,97,sent,"A 10 anoikis-related-gene prognostic model (MGP, TPM2, CRIP2, TUBB6, C1orf54, NOTCH3, LTBP1, CSRP2, FSTL3, and VIM) was developed and the area under the curve (AUC) values of the model in predicting 1-, 3- and 5-year survival probabilities "
SIG168,PMC12358598,AUC,0.755,unk,5,seq_post,110,sent,"A 10 anoikis-related-gene prognostic model (MGP, TPM2, CRIP2, TUBB6, C1orf54, NOTCH3, LTBP1, CSRP2, FSTL3, and VIM) was developed and the area under the curve (AUC) values of the model in predicting 1-, 3- and 5-year survival probabilities "
SIG168,PMC12358598,AUC,0.788,unk,1,seq_post,64,sent,"An anoikis-related gene signature (ZNF583, CGNL1, and CXCL13) was established in osteosarcoma by analyzing single-cell and bulk RNA sequencing data in osteosarcoma and the AUC values of this signature for 1-, 3- and 5-year survival was 0.78"
SIG168,PMC12358598,AUC,0.718,unk,3,seq_post,74,sent,"An anoikis-related gene signature (ZNF583, CGNL1, and CXCL13) was established in osteosarcoma by analyzing single-cell and bulk RNA sequencing data in osteosarcoma and the AUC values of this signature for 1-, 3- and 5-year survival was 0.78"
SIG168,PMC12358598,AUC,0.716,unk,5,seq_post,88,sent,"An anoikis-related gene signature (ZNF583, CGNL1, and CXCL13) was established in osteosarcoma by analyzing single-cell and bulk RNA sequencing data in osteosarcoma and the AUC values of this signature for 1-, 3- and 5-year survival was 0.78"
SIG057,PMC12370611,C-index,0.793,train,,,42,sent,"The calibration curves demonstrate a commendable concordance between the observed and anticipated outcomes, with the AUC of the entire set of 1-, 3-, and 5-year ROC curves measuring 0.793, 0.792, and 0.835, and the C-index value being stabl"
SIG057,PMC12370611,C-index,0.792,train,,,32,sent,"The calibration curves demonstrate a commendable concordance between the observed and anticipated outcomes, with the AUC of the entire set of 1-, 3-, and 5-year ROC curves measuring 0.793, 0.792, and 0.835, and the C-index value being stabl"
SIG057,PMC12370611,C-index,0.835,train,,,18,sent,"The calibration curves demonstrate a commendable concordance between the observed and anticipated outcomes, with the AUC of the entire set of 1-, 3-, and 5-year ROC curves measuring 0.793, 0.792, and 0.835, and the C-index value being stabl"
SIG057,PMC12370611,C-index,0.75,train,,,44,sent,"The calibration curves demonstrate a commendable concordance between the observed and anticipated outcomes, with the AUC of the entire set of 1-, 3-, and 5-year ROC curves measuring 0.793, 0.792, and 0.835, and the C-index value being stabl"
SIG047,PMC12432772,AUC,0.736,unk,1,seq_post,85,sent,"The area under the curve (AUC) values of the risk model at 1-, 3-, and 5-year of OS were 0.736, 0.896, and 0.744, respectively ( Figure 6B )."
SIG047,PMC12432772,AUC,0.896,unk,3,seq_post,95,sent,"The area under the curve (AUC) values of the risk model at 1-, 3-, and 5-year of OS were 0.736, 0.896, and 0.744, respectively ( Figure 6B )."
SIG047,PMC12432772,AUC,0.744,unk,5,seq_post,109,sent,"The area under the curve (AUC) values of the risk model at 1-, 3-, and 5-year of OS were 0.736, 0.896, and 0.744, respectively ( Figure 6B )."
SIG047,PMC12432772,AUC,0.736,unk,1,seq_post,63,sent,"The area under the curve (AUC) values of the risk model at 1-, 3-, and 5-year of OS were 0.736, 0.896, and 0.744, respectively ( Figure 6B )."
SIG047,PMC12432772,AUC,0.896,unk,3,seq_post,73,sent,"The area under the curve (AUC) values of the risk model at 1-, 3-, and 5-year of OS were 0.736, 0.896, and 0.744, respectively ( Figure 6B )."
SIG047,PMC12432772,AUC,0.744,unk,5,seq_post,87,sent,"The area under the curve (AUC) values of the risk model at 1-, 3-, and 5-year of OS were 0.736, 0.896, and 0.744, respectively ( Figure 6B )."
SIG047,PMC12432772,AUC,0.754,valid,1,seq_post,58,sent,"The AUC values for 1-, 3-, and 5-year in the testing set were 0.754, 0.799, and 0.937, respectively."
SIG047,PMC12432772,AUC,0.799,valid,3,seq_post,68,sent,"The AUC values for 1-, 3-, and 5-year in the testing set were 0.754, 0.799, and 0.937, respectively."
SIG047,PMC12432772,AUC,0.937,valid,5,seq_post,82,sent,"The AUC values for 1-, 3-, and 5-year in the testing set were 0.754, 0.799, and 0.937, respectively."
SIG047,PMC12432772,AUC,0.736,train,1,seq_post,57,sent,"And the AUC values for 1-, 3-, and 5-year in the entire set were 0.736, 0.801, and 0.814, respectively ( Figure 7C,7D )."
SIG047,PMC12432772,AUC,0.801,train,3,seq_post,67,sent,"And the AUC values for 1-, 3-, and 5-year in the entire set were 0.736, 0.801, and 0.814, respectively ( Figure 7C,7D )."
SIG047,PMC12432772,AUC,0.814,train,5,seq_post,81,sent,"And the AUC values for 1-, 3-, and 5-year in the entire set were 0.736, 0.801, and 0.814, respectively ( Figure 7C,7D )."
SIG125,PMC12434033,AUC,0.71,unk,3,seq_post,37,sent,"Receiver Operating Characteristic (ROC) curve analysis showed good predictive performance for the 3-, 4-, and 5-year OS, with area under the curve (AUC) values of 0.71, 0.75, and 0.74, respectively ( Supplementary Figure S2 )."
SIG125,PMC12434033,AUC,0.75,unk,4,seq_post,47,sent,"Receiver Operating Characteristic (ROC) curve analysis showed good predictive performance for the 3-, 4-, and 5-year OS, with area under the curve (AUC) values of 0.71, 0.75, and 0.74, respectively ( Supplementary Figure S2 )."
SIG125,PMC12434033,AUC,0.74,unk,5,seq_post,61,sent,"Receiver Operating Characteristic (ROC) curve analysis showed good predictive performance for the 3-, 4-, and 5-year OS, with area under the curve (AUC) values of 0.71, 0.75, and 0.74, respectively ( Supplementary Figure S2 )."
SIG125,PMC12434033,AUC,0.71,unk,3,seq_post,15,sent,"Receiver Operating Characteristic (ROC) curve analysis showed good predictive performance for the 3-, 4-, and 5-year OS, with area under the curve (AUC) values of 0.71, 0.75, and 0.74, respectively ( Supplementary Figure S2 )."
SIG125,PMC12434033,AUC,0.75,unk,4,seq_post,25,sent,"Receiver Operating Characteristic (ROC) curve analysis showed good predictive performance for the 3-, 4-, and 5-year OS, with area under the curve (AUC) values of 0.71, 0.75, and 0.74, respectively ( Supplementary Figure S2 )."
SIG125,PMC12434033,AUC,0.74,unk,5,seq_post,39,sent,"Receiver Operating Characteristic (ROC) curve analysis showed good predictive performance for the 3-, 4-, and 5-year OS, with area under the curve (AUC) values of 0.71, 0.75, and 0.74, respectively ( Supplementary Figure S2 )."
SIG125,PMC12434033,AUC,0.62,unk,3,seq_post,77,sent,"The AUC values for predicting 3-, 4-, and 5-year survival in the GEO cohort were 0.62, 0.64, and 0.63, respectively ( Figure 5C ), supporting the model’s generalizability and clinical relevance."
SIG125,PMC12434033,AUC,0.64,unk,4,seq_post,87,sent,"The AUC values for predicting 3-, 4-, and 5-year survival in the GEO cohort were 0.62, 0.64, and 0.63, respectively ( Figure 5C ), supporting the model’s generalizability and clinical relevance."
SIG125,PMC12434033,AUC,0.63,unk,5,seq_post,101,sent,"The AUC values for predicting 3-, 4-, and 5-year survival in the GEO cohort were 0.62, 0.64, and 0.63, respectively ( Figure 5C ), supporting the model’s generalizability and clinical relevance."
SIG125,PMC12434033,AUC,0.82,unk,3,seq_pre,14,sent,"Receiver Operating Characteristic (ROC) analysis demonstrated that the nomogram exhibited high predictive performance, with AUC values of 0.82, 0.83, and 0.80 for 3-, 4-, and 5-year survival, respectively ( Figure 4D )."
SIG125,PMC12434033,AUC,0.83,unk,4,seq_pre,24,sent,"Receiver Operating Characteristic (ROC) analysis demonstrated that the nomogram exhibited high predictive performance, with AUC values of 0.82, 0.83, and 0.80 for 3-, 4-, and 5-year survival, respectively ( Figure 4D )."
SIG125,PMC12434033,AUC,0.8,unk,5,seq_pre,38,sent,"Receiver Operating Characteristic (ROC) analysis demonstrated that the nomogram exhibited high predictive performance, with AUC values of 0.82, 0.83, and 0.80 for 3-, 4-, and 5-year survival, respectively ( Figure 4D )."
SIG214,PMC12436457,AUC,0.583881,valid,5,seq_post,210,win,"1, 3, and 5-year survival probabilities based on age and RiskScore. D. Calibration plot comparing observed and predicted overall survival (OS) for different years. E. Decision curve analysis indicating standard net benefit across different "
SIG202,PMC12452079,C-index,0.76,valid,,,10,sent,and (3) a column-line graph model based on TNM stage-age-core genes (C-index = 0.76–0.79) and DCA validation provided a quantitative tool for clinical decision-making.
SIG202,PMC12452079,C-index,0.79,valid,,,20,sent,and (3) a column-line graph model based on TNM stage-age-core genes (C-index = 0.76–0.79) and DCA validation provided a quantitative tool for clinical decision-making.
SIG202,PMC12452079,C-index,0.6,unk,,,41,sent,"(2) Predictive robustness is improved, with multigene combinations significantly improving prognostic stratification (time-dependent ROC AUC 0.6) and risk prediction accuracy (C-index 0.76–0.79) over single markers."
SIG202,PMC12452079,C-index,0.76,unk,,,8,sent,"(2) Predictive robustness is improved, with multigene combinations significantly improving prognostic stratification (time-dependent ROC AUC 0.6) and risk prediction accuracy (C-index 0.76–0.79) over single markers."
SIG202,PMC12452079,C-index,0.79,unk,,,18,sent,"(2) Predictive robustness is improved, with multigene combinations significantly improving prognostic stratification (time-dependent ROC AUC 0.6) and risk prediction accuracy (C-index 0.76–0.79) over single markers."
SIG233,PMC12457583,C-index,0.781,unk,,,11,sent,"The resultant optimal model was identified as the CoxBoost + RSF combination, achieving the highest average C-index of 0.781 (Fig."
SIG066,PMC12475495,AUC,0.717,train,1,seq_post,40,sent,"Time-dependent ROC analysis showed that in the training set, the AUC for 1-, 3-, and 5-year survival was 0.717, 0.658, and 0.652, respectively;"
SIG066,PMC12475495,AUC,0.658,train,3,seq_post,50,sent,"Time-dependent ROC analysis showed that in the training set, the AUC for 1-, 3-, and 5-year survival was 0.717, 0.658, and 0.652, respectively;"
SIG066,PMC12475495,AUC,0.652,train,5,seq_post,64,sent,"Time-dependent ROC analysis showed that in the training set, the AUC for 1-, 3-, and 5-year survival was 0.717, 0.658, and 0.652, respectively;"
SIG255,PMC12481119,AUC,0.718,unk,1,seq_post,5,sent,"Results Integrating TCGA data, we constructed a KRAS-G12D-associated coagulation gene (PLCG2/MAPK12/C4B)-based prognostic model, where high-risk patients exhibited significantly reduced overall survival (HR=3.44) and superior 1-year AUC (0."
SIG255,PMC12481119,AUC,0.718,unk,1,seq_post,4,sent,Time-dependent ROC curves showed superior 1-year predictive performance (AUC=0.718) compared to TNM stage components ( Fig.
SIG255,PMC12481119,AUC,0.849,unk,1,seq_post,7,sent,"Decision curve analysis (DCA) further validated the nomogram’s clinical utility, with a 1-year AUC of 0.849 ( Fig."
SIG206,PMC12487216,C-index,0.79,unk,,,20,sent,The Concordance Index = 0.79 indicates that the model has excellent predictive discrimination.
SIG206,PMC12487216,C-index,0.5946932,train,,,33,sent,"The C-index for the training set was 0.5946932, while it was 0.6136364 for the GSE17537 validation set and 0.5729508 for the GSE106584 validation set."
SIG206,PMC12487216,C-index,0.6136364,train,,,56,sent,"The C-index for the training set was 0.5946932, while it was 0.6136364 for the GSE17537 validation set and 0.5729508 for the GSE106584 validation set."
SIG206,PMC12487216,C-index,0.5729508,train,,,101,sent,"The C-index for the training set was 0.5946932, while it was 0.6136364 for the GSE17537 validation set and 0.5729508 for the GSE106584 validation set."
SIG143,PMC12528531,AUC,0.699,unk,1,seq_post,62,sent,"Moreover, time-dependent ROC curves were constructed to assess the predictive capability of the prognostic risk model for colorectal cancer patients, with AUC values at 1-year, 3-year, and 5-year timeframes measuring 0.699, 0.694, and 0.705"
SIG143,PMC12528531,AUC,0.694,unk,3,seq_post,72,sent,"Moreover, time-dependent ROC curves were constructed to assess the predictive capability of the prognostic risk model for colorectal cancer patients, with AUC values at 1-year, 3-year, and 5-year timeframes measuring 0.699, 0.694, and 0.705"
SIG143,PMC12528531,AUC,0.705,unk,5,seq_post,86,sent,"Moreover, time-dependent ROC curves were constructed to assess the predictive capability of the prognostic risk model for colorectal cancer patients, with AUC values at 1-year, 3-year, and 5-year timeframes measuring 0.699, 0.694, and 0.705"
SIG239,PMC12542104,AUC,0.738,unk,1,seq_post,70,sent,"In the time-dependent receiver operating characteristic (ROC) curves, it can be observed that the area under the curve (AUC) of 1-year, 3-year and 5-year survival were 0.738, 0.729 and 0.72 (Fig."
SIG239,PMC12542104,AUC,0.729,unk,3,seq_post,79,sent,"In the time-dependent receiver operating characteristic (ROC) curves, it can be observed that the area under the curve (AUC) of 1-year, 3-year and 5-year survival were 0.738, 0.729 and 0.72 (Fig."
SIG239,PMC12542104,AUC,0.72,unk,5,seq_post,91,sent,"In the time-dependent receiver operating characteristic (ROC) curves, it can be observed that the area under the curve (AUC) of 1-year, 3-year and 5-year survival were 0.738, 0.729 and 0.72 (Fig."
SIG239,PMC12542104,AUC,0.738,unk,1,seq_post,48,sent,"In the time-dependent receiver operating characteristic (ROC) curves, it can be observed that the area under the curve (AUC) of 1-year, 3-year and 5-year survival were 0.738, 0.729 and 0.72 (Fig."
SIG239,PMC12542104,AUC,0.729,unk,3,seq_post,57,sent,"In the time-dependent receiver operating characteristic (ROC) curves, it can be observed that the area under the curve (AUC) of 1-year, 3-year and 5-year survival were 0.738, 0.729 and 0.72 (Fig."
SIG239,PMC12542104,AUC,0.72,unk,5,seq_post,69,sent,"In the time-dependent receiver operating characteristic (ROC) curves, it can be observed that the area under the curve (AUC) of 1-year, 3-year and 5-year survival were 0.738, 0.729 and 0.72 (Fig."
SIG197,PMC12554512,AUC,0.75,unk,1,seq_post,42,sent,"Based on hub DEGs, we developed and validated a risk score model, areas under the curve (AUCs) of 1-, 3-, and 5-year survival were 0.75,0.73, and 0.65, indicating good accuracy and the low-risk score group had a better prognosis(P 0.0001)."
SIG197,PMC12554512,AUC,0.73,unk,3,seq_post,50,sent,"Based on hub DEGs, we developed and validated a risk score model, areas under the curve (AUCs) of 1-, 3-, and 5-year survival were 0.75,0.73, and 0.65, indicating good accuracy and the low-risk score group had a better prognosis(P 0.0001)."
SIG197,PMC12554512,AUC,0.65,unk,5,seq_post,63,sent,"Based on hub DEGs, we developed and validated a risk score model, areas under the curve (AUCs) of 1-, 3-, and 5-year survival were 0.75,0.73, and 0.65, indicating good accuracy and the low-risk score group had a better prognosis(P 0.0001)."
SIG197,PMC12554512,AUC,0.75,unk,1,seq_post,42,sent,"As shown in Figure 6B , the areas under the curve (AUCs) of 1-, 3-, and 5-year survival were 0.75, 0.73 and 0.65, respectively, indicating good accuracy."
SIG197,PMC12554512,AUC,0.73,unk,3,seq_post,52,sent,"As shown in Figure 6B , the areas under the curve (AUCs) of 1-, 3-, and 5-year survival were 0.75, 0.73 and 0.65, respectively, indicating good accuracy."
SIG197,PMC12554512,AUC,0.65,unk,5,seq_post,65,sent,"As shown in Figure 6B , the areas under the curve (AUCs) of 1-, 3-, and 5-year survival were 0.75, 0.73 and 0.65, respectively, indicating good accuracy."
SIG197,PMC12554512,AUC,0.809,unk,1,seq_post,42,sent,"As shown in Figure 8B , the AUCs for 1-, 3-, and 5-year survival were 0.809, 0.804, and 0.794, respectively, suggesting that the nomogram had good predictive accuracy."
SIG197,PMC12554512,AUC,0.804,unk,3,seq_post,52,sent,"As shown in Figure 8B , the AUCs for 1-, 3-, and 5-year survival were 0.809, 0.804, and 0.794, respectively, suggesting that the nomogram had good predictive accuracy."
SIG197,PMC12554512,AUC,0.794,unk,5,seq_post,66,sent,"As shown in Figure 8B , the AUCs for 1-, 3-, and 5-year survival were 0.809, 0.804, and 0.794, respectively, suggesting that the nomogram had good predictive accuracy."
SIG060,PMC12560344,C-index,0.84,unk,,,31,sent,"The nomogram demonstrated strong discrimination and calibration, with a concordance index (C-index) of 0.84."
SIG060,PMC12560344,C-index,0.84,unk,,,12,sent,"The nomogram demonstrated strong discrimination and calibration, with a concordance index (C-index) of 0.84."
SIG050,PMC12573216,C-index,0.5,valid,,,189,win,"cohort, with GSE39582 serving for external validation. Batch effects were mitigated using the sva package (v3.50.0). We then constructed 101 prognostic models spanning a broad set of machine-learning algorithms, implemented as previously de"
SIG050,PMC12573216,C-index,0.5,valid,,,170,win,"cohort, with GSE39582 serving for external validation. Batch effects were mitigated using the sva package (v3.50.0). We then constructed 101 prognostic models spanning a broad set of machine-learning algorithms, implemented as previously de"
SIG050,PMC12573216,C-index,0.5,valid,,,189,win,"82 serving for external validation. Batch effects were mitigated using the sva package (v3.50.0). We then constructed 101 prognostic models spanning a broad set of machine-learning algorithms, implemented as previously detailed [ 16 ]. For "
SIG050,PMC12573216,C-index,0.5,valid,,,170,win,"82 serving for external validation. Batch effects were mitigated using the sva package (v3.50.0). We then constructed 101 prognostic models spanning a broad set of machine-learning algorithms, implemented as previously detailed [ 16 ]. For "
SIG050,PMC12573216,C-index,0.5,unk,,,189,win,"zed by the concordance index (C-index), calculated across the cohort. Survival differences between risk strata were evaluated by Kaplan–Meier analysis using “survival” (v3.7.0) and “survminer” (v0.5.0). Discrimination was further assessed v"
SIG050,PMC12573216,C-index,0.5,unk,,,170,win,"zed by the concordance index (C-index), calculated across the cohort. Survival differences between risk strata were evaluated by Kaplan–Meier analysis using “survival” (v3.7.0) and “survminer” (v0.5.0). Discrimination was further assessed v"
SIG246,PMC12596427,AUC,0.75,unk,1,seq_pre,9,sent,"A predictive model was developed based on these genes that had robust predictive capabilities with areas under the curve (AUCs) of 0.75, 0.77, and 0.78 in the prediction of the 1-, 3-, and 5-year OS of CRC patients, respectively."
SIG246,PMC12596427,AUC,0.77,unk,3,seq_pre,18,sent,"A predictive model was developed based on these genes that had robust predictive capabilities with areas under the curve (AUCs) of 0.75, 0.77, and 0.78 in the prediction of the 1-, 3-, and 5-year OS of CRC patients, respectively."
SIG246,PMC12596427,AUC,0.78,unk,5,seq_pre,31,sent,"A predictive model was developed based on these genes that had robust predictive capabilities with areas under the curve (AUCs) of 0.75, 0.77, and 0.78 in the prediction of the 1-, 3-, and 5-year OS of CRC patients, respectively."
SIG246,PMC12596427,AUC,0.66,unk,1,seq_pre,8,sent,"ROC curve analysis showed AUCs of 0.66, 0.68, and 0.72 for 1-, 3-, and 5-year OS, respectively, in the TCGA cohort ( Figure 5B )."
SIG246,PMC12596427,AUC,0.68,unk,3,seq_pre,18,sent,"ROC curve analysis showed AUCs of 0.66, 0.68, and 0.72 for 1-, 3-, and 5-year OS, respectively, in the TCGA cohort ( Figure 5B )."
SIG246,PMC12596427,AUC,0.72,unk,5,seq_pre,32,sent,"ROC curve analysis showed AUCs of 0.66, 0.68, and 0.72 for 1-, 3-, and 5-year OS, respectively, in the TCGA cohort ( Figure 5B )."
SIG246,PMC12596427,AUC,0.75,unk,1,seq_pre,8,sent,"High-risk patients exhibited significantly poorer survival outcomes, and the model demonstrated strong predictive performance (AUCs of 0.75, 0.77, and 0.78 for 1-, 3-, and 5-year survival, respectively)."
SIG246,PMC12596427,AUC,0.77,unk,3,seq_pre,18,sent,"High-risk patients exhibited significantly poorer survival outcomes, and the model demonstrated strong predictive performance (AUCs of 0.75, 0.77, and 0.78 for 1-, 3-, and 5-year survival, respectively)."
SIG246,PMC12596427,AUC,0.78,unk,5,seq_pre,32,sent,"High-risk patients exhibited significantly poorer survival outcomes, and the model demonstrated strong predictive performance (AUCs of 0.75, 0.77, and 0.78 for 1-, 3-, and 5-year survival, respectively)."
SIG141,PMC12605350,AUC,0.689,train,5,one_nearest,38,sent,"ROC curves ( Figure 5D ) demonstrated that AUC values for the 1/3/5-year OS were 0.689, 0.642, and 0.707 in the training set, respectively."
SIG141,PMC12605350,AUC,0.707,valid,5,one_nearest,13,sent,"Validation in independent GEO datasets ( GSE39582 , GSE38832 , GSE17536 ) confirmed the model’s robustness (AUC 0.642–0.707 for 1/3/5-year OS)."
SIG247,PMC12605414,AUC,0.908,valid,1,seq_pre,37,win," LASSO and Cox regression analyses, along with five machine learning algorithms, were employed to identify significant genes linked to immunity and prognosis, yielding three hub genes: ULBP2 , INHBB , and STC2 . Validation of these genes in"
SIG247,PMC12605414,AUC,0.742,valid,3,seq_pre,46,win," LASSO and Cox regression analyses, along with five machine learning algorithms, were employed to identify significant genes linked to immunity and prognosis, yielding three hub genes: ULBP2 , INHBB , and STC2 . Validation of these genes in"
SIG247,PMC12605414,AUC,0.934,valid,5,seq_pre,59,win," LASSO and Cox regression analyses, along with five machine learning algorithms, were employed to identify significant genes linked to immunity and prognosis, yielding three hub genes: ULBP2 , INHBB , and STC2 . Validation of these genes in"
SIG247,PMC12605414,AUC,0.908,valid,1,seq_pre,15,win," LASSO and Cox regression analyses, along with five machine learning algorithms, were employed to identify significant genes linked to immunity and prognosis, yielding three hub genes: ULBP2 , INHBB , and STC2 . Validation of these genes in"
SIG247,PMC12605414,AUC,0.742,valid,3,seq_pre,24,win," LASSO and Cox regression analyses, along with five machine learning algorithms, were employed to identify significant genes linked to immunity and prognosis, yielding three hub genes: ULBP2 , INHBB , and STC2 . Validation of these genes in"
SIG247,PMC12605414,AUC,0.934,valid,5,seq_pre,37,win," LASSO and Cox regression analyses, along with five machine learning algorithms, were employed to identify significant genes linked to immunity and prognosis, yielding three hub genes: ULBP2 , INHBB , and STC2 . Validation of these genes in"
SIG247,PMC12605414,AUC,0.908,valid,1,seq_pre,37,win,"ion analyses, along with five machine learning algorithms, were employed to identify significant genes linked to immunity and prognosis, yielding three hub genes: ULBP2 , INHBB , and STC2 . Validation of these genes in the GEO dataset GSE21"
SIG247,PMC12605414,AUC,0.742,valid,3,seq_pre,46,win,"ion analyses, along with five machine learning algorithms, were employed to identify significant genes linked to immunity and prognosis, yielding three hub genes: ULBP2 , INHBB , and STC2 . Validation of these genes in the GEO dataset GSE21"
SIG247,PMC12605414,AUC,0.934,valid,5,seq_pre,59,win,"ion analyses, along with five machine learning algorithms, were employed to identify significant genes linked to immunity and prognosis, yielding three hub genes: ULBP2 , INHBB , and STC2 . Validation of these genes in the GEO dataset GSE21"
SIG247,PMC12605414,AUC,0.908,valid,1,seq_pre,15,win,"ion analyses, along with five machine learning algorithms, were employed to identify significant genes linked to immunity and prognosis, yielding three hub genes: ULBP2 , INHBB , and STC2 . Validation of these genes in the GEO dataset GSE21"
SIG247,PMC12605414,AUC,0.742,valid,3,seq_pre,24,win,"ion analyses, along with five machine learning algorithms, were employed to identify significant genes linked to immunity and prognosis, yielding three hub genes: ULBP2 , INHBB , and STC2 . Validation of these genes in the GEO dataset GSE21"
SIG247,PMC12605414,AUC,0.934,valid,5,seq_pre,37,win,"ion analyses, along with five machine learning algorithms, were employed to identify significant genes linked to immunity and prognosis, yielding three hub genes: ULBP2 , INHBB , and STC2 . Validation of these genes in the GEO dataset GSE21"
SIG254,PMC12628777,C-index,0.5,unk,,,26,sent,"The prognostic accuracy of the models was quantified by calculating Harrell’s C-statistic, ranging from 0.5 (no discrimination) to 1.0 (perfect discrimination), the explained variation in mortality (R2, ie, an index combining calibration an"
SIG003,PMC12640859,AUC,0.71,unk,1,seq_post,14,sent,"The predictive capability of the prognostic model for 1-, 3-, and 5-year OS was assessed using ROC curves, yielding AUC values of 0.71, 0.72, and 0.72, respectively ( Figure 2C ), demonstrating its effectiveness in prognostic evaluation."
SIG003,PMC12640859,AUC,0.72,unk,3,seq_post,24,sent,"The predictive capability of the prognostic model for 1-, 3-, and 5-year OS was assessed using ROC curves, yielding AUC values of 0.71, 0.72, and 0.72, respectively ( Figure 2C ), demonstrating its effectiveness in prognostic evaluation."
SIG003,PMC12640859,AUC,0.72,unk,5,seq_post,24,sent,"The predictive capability of the prognostic model for 1-, 3-, and 5-year OS was assessed using ROC curves, yielding AUC values of 0.71, 0.72, and 0.72, respectively ( Figure 2C ), demonstrating its effectiveness in prognostic evaluation."
SIG003,PMC12640859,AUC,0.68,valid,1,seq_post,14,sent,"ROC curve analysis for 1-, 3-, and 5-year survival yielded AUC values of 0.68, 0.66, and 0.65, respectively ( Supplementary Figure S4C ), further validating the model’s robustness and clinical relevance."
SIG003,PMC12640859,AUC,0.66,valid,3,seq_post,24,sent,"ROC curve analysis for 1-, 3-, and 5-year survival yielded AUC values of 0.68, 0.66, and 0.65, respectively ( Supplementary Figure S4C ), further validating the model’s robustness and clinical relevance."
SIG003,PMC12640859,AUC,0.65,valid,5,seq_post,38,sent,"ROC curve analysis for 1-, 3-, and 5-year survival yielded AUC values of 0.68, 0.66, and 0.65, respectively ( Supplementary Figure S4C ), further validating the model’s robustness and clinical relevance."
SIG003,PMC12640859,C-index,0.77,unk,,,21,sent,"The nomogram exhibited strong prognostic accuracy, reflected in a concordance index of 0.77 (95% CI:"
SIG003,PMC12640859,AUC,0.76,unk,1,seq_pre,37,sent,"The predictive performance of the nomogram was evaluated using time-dependent receiver operating characteristic (ROC) curves, which yielded area under the curve (AUC) values of 0.76, 0.79, and 0.80 for 1-, 3-, and 5-year overall survival (O"
SIG003,PMC12640859,AUC,0.79,unk,3,seq_pre,48,sent,"The predictive performance of the nomogram was evaluated using time-dependent receiver operating characteristic (ROC) curves, which yielded area under the curve (AUC) values of 0.76, 0.79, and 0.80 for 1-, 3-, and 5-year overall survival (O"
SIG003,PMC12640859,AUC,0.8,unk,5,seq_pre,63,sent,"The predictive performance of the nomogram was evaluated using time-dependent receiver operating characteristic (ROC) curves, which yielded area under the curve (AUC) values of 0.76, 0.79, and 0.80 for 1-, 3-, and 5-year overall survival (O"
SIG003,PMC12640859,AUC,0.76,unk,1,seq_pre,15,sent,"The predictive performance of the nomogram was evaluated using time-dependent receiver operating characteristic (ROC) curves, which yielded area under the curve (AUC) values of 0.76, 0.79, and 0.80 for 1-, 3-, and 5-year overall survival (O"
SIG003,PMC12640859,AUC,0.79,unk,3,seq_pre,26,sent,"The predictive performance of the nomogram was evaluated using time-dependent receiver operating characteristic (ROC) curves, which yielded area under the curve (AUC) values of 0.76, 0.79, and 0.80 for 1-, 3-, and 5-year overall survival (O"
SIG139,PMC12686144,AUC,0.723,train,1,seq_post,7,sent,"Time-dependent ROC analysis for 1-year OS yielded an AUC of 0.723 in the training set, indicating favorable predictive performance ( Figure 2D )."
SIG139,PMC12686144,C-index,0.793,unk,,,11,sent,"Calibration curves demonstrated excellent concordance between predicted and observed outcomes across all time points, with a C-index of 0.793 (95% CI:"
SIG196,PMC12704202,AUC,0.76,train,1,seq_pre,51,win,lan - Meier curves Illustrated that patients in the high-risk group had a considerably worse OS compared to those in the low-risk group in both the training set and the validation set ( Fig. 5 E and G). In the training set from TCGA dataset
SIG196,PMC12704202,AUC,0.74,train,3,seq_pre,85,win,lan - Meier curves Illustrated that patients in the high-risk group had a considerably worse OS compared to those in the low-risk group in both the training set and the validation set ( Fig. 5 E and G). In the training set from TCGA dataset
SIG196,PMC12704202,AUC,0.74,train,5,seq_pre,85,win,lan - Meier curves Illustrated that patients in the high-risk group had a considerably worse OS compared to those in the low-risk group in both the training set and the validation set ( Fig. 5 E and G). In the training set from TCGA dataset
SIG196,PMC12704202,AUC,0.76,train,1,seq_pre,29,win,lan - Meier curves Illustrated that patients in the high-risk group had a considerably worse OS compared to those in the low-risk group in both the training set and the validation set ( Fig. 5 E and G). In the training set from TCGA dataset
SIG196,PMC12704202,AUC,0.74,train,3,seq_pre,63,win,lan - Meier curves Illustrated that patients in the high-risk group had a considerably worse OS compared to those in the low-risk group in both the training set and the validation set ( Fig. 5 E and G). In the training set from TCGA dataset
SIG196,PMC12704202,AUC,0.74,train,5,seq_pre,63,win,lan - Meier curves Illustrated that patients in the high-risk group had a considerably worse OS compared to those in the low-risk group in both the training set and the validation set ( Fig. 5 E and G). In the training set from TCGA dataset
SIG196,PMC12704202,AUC,0.76,train,1,seq_pre,144,win,lan - Meier curves Illustrated that patients in the high-risk group had a considerably worse OS compared to those in the low-risk group in both the training set and the validation set ( Fig. 5 E and G). In the training set from TCGA dataset
SIG196,PMC12704202,AUC,0.74,train,3,seq_pre,72,win,lan - Meier curves Illustrated that patients in the high-risk group had a considerably worse OS compared to those in the low-risk group in both the training set and the validation set ( Fig. 5 E and G). In the training set from TCGA dataset
SIG196,PMC12704202,AUC,0.74,train,5,seq_pre,72,win,lan - Meier curves Illustrated that patients in the high-risk group had a considerably worse OS compared to those in the low-risk group in both the training set and the validation set ( Fig. 5 E and G). In the training set from TCGA dataset
SIG196,PMC12704202,AUC,0.76,train,1,seq_pre,51,win,"ustrated that patients in the high-risk group had a considerably worse OS compared to those in the low-risk group in both the training set and the validation set ( Fig. 5 E and G). In the training set from TCGA datasets, the receiver operat"
SIG196,PMC12704202,AUC,0.74,train,3,seq_pre,85,win,"ustrated that patients in the high-risk group had a considerably worse OS compared to those in the low-risk group in both the training set and the validation set ( Fig. 5 E and G). In the training set from TCGA datasets, the receiver operat"
SIG196,PMC12704202,AUC,0.74,train,5,seq_pre,85,win,"ustrated that patients in the high-risk group had a considerably worse OS compared to those in the low-risk group in both the training set and the validation set ( Fig. 5 E and G). In the training set from TCGA datasets, the receiver operat"
SIG220,PMC12705519,AUC,0.5,valid,1,seq_pre,11,sent,"In the validation set, we achieved all AUCs above 0.5 (1-year:"
SIG056,PMC12711009,C-index,0.609,unk,,,44,sent,"The C-index values of our predictive model were 0.609, 0.587, and 0.659 in the TCGA, GSE39582 , and GSE17536 datasets, respectively."
SIG056,PMC12711009,C-index,0.587,unk,,,54,sent,"The C-index values of our predictive model were 0.609, 0.587, and 0.659 in the TCGA, GSE39582 , and GSE17536 datasets, respectively."
SIG056,PMC12711009,C-index,0.659,unk,,,68,sent,"The C-index values of our predictive model were 0.609, 0.587, and 0.659 in the TCGA, GSE39582 , and GSE17536 datasets, respectively."
SIG256,PMC12712030,AUC,0.62,train,1,seq_post,69,sent,"ROC curve analysis demonstrated the model’s strong predictive performance, with AUC values for 1-, 3-, and 5-year survival in the training cohort of 0.62, 0.63, and 0.60, respectively (Fig."
SIG256,PMC12712030,AUC,0.63,train,3,seq_post,79,sent,"ROC curve analysis demonstrated the model’s strong predictive performance, with AUC values for 1-, 3-, and 5-year survival in the training cohort of 0.62, 0.63, and 0.60, respectively (Fig."
SIG256,PMC12712030,AUC,0.6,train,5,seq_post,93,sent,"ROC curve analysis demonstrated the model’s strong predictive performance, with AUC values for 1-, 3-, and 5-year survival in the training cohort of 0.62, 0.63, and 0.60, respectively (Fig."
SIG025,PMC12714941,C-index,0.882,unk,,,146,win," closely aligned with the actual outcomes ( Figure 6C ), indicating excellent predictive performance. To compare the sensitivity and specificity of the nomogram, risk score, and conventional clinicopathological features in predicting progno"
SIG025,PMC12714941,C-index,0.842,unk,,,73,win," closely aligned with the actual outcomes ( Figure 6C ), indicating excellent predictive performance. To compare the sensitivity and specificity of the nomogram, risk score, and conventional clinicopathological features in predicting progno"
SIG025,PMC12714941,C-index,0.882,unk,,,146,win,"the actual outcomes ( Figure 6C ), indicating excellent predictive performance. To compare the sensitivity and specificity of the nomogram, risk score, and conventional clinicopathological features in predicting prognosis, we conducted time"
SIG025,PMC12714941,C-index,0.842,unk,,,73,win,"the actual outcomes ( Figure 6C ), indicating excellent predictive performance. To compare the sensitivity and specificity of the nomogram, risk score, and conventional clinicopathological features in predicting prognosis, we conducted time"
SIG025,PMC12714941,C-index,0.882,unk,,,146,win,"mance. To compare the sensitivity and specificity of the nomogram, risk score, and conventional clinicopathological features in predicting prognosis, we conducted time-dependent ROC analysis. The nomogram yielded the highest area under the "
SIG025,PMC12714941,C-index,0.842,unk,,,73,win,"mance. To compare the sensitivity and specificity of the nomogram, risk score, and conventional clinicopathological features in predicting prognosis, we conducted time-dependent ROC analysis. The nomogram yielded the highest area under the "
SIG025,PMC12714941,C-index,0.882,unk,,,146,win,"and conventional clinicopathological features in predicting prognosis, we conducted time-dependent ROC analysis. The nomogram yielded the highest area under the curve (AUC = 0.882) ( Figure 6D ), outperforming both the risk score alone (AUC"
SIG025,PMC12714941,C-index,0.842,unk,,,73,win,"and conventional clinicopathological features in predicting prognosis, we conducted time-dependent ROC analysis. The nomogram yielded the highest area under the curve (AUC = 0.882) ( Figure 6D ), outperforming both the risk score alone (AUC"
SIG227,PMC12731441,AUC,0.71,unk,5,seq_post,7,sent,"Based on the Cox proportional hazards regression, an 8-gene prognostic signature ( CLCA1 , CCNB1 , TPM2 , MMP3 , AOC3 , CRYAB , CA4 , GUCA2A ) effectively stratified patients by survival risk, with a 5-year AUC of 0.71."
SIG227,PMC12731441,AUC,0.755,unk,5,seq_pre,7,sent,this model achieved an AUC of 0.755 in time-ROC analysis for 5-year survival prediction [ 53 ].
SIG073,PMC12774564,AUC,0.727,unk,1,seq_pre,8,sent,"1H ) with AUCs of 0.727, 0.765, and 0.800 at 1-, 3-, and 4-year periods, respectively."
SIG073,PMC12774564,AUC,0.765,unk,3,seq_pre,18,sent,"1H ) with AUCs of 0.727, 0.765, and 0.800 at 1-, 3-, and 4-year periods, respectively."
SIG073,PMC12774564,AUC,0.8,unk,4,seq_pre,32,sent,"1H ) with AUCs of 0.727, 0.765, and 0.800 at 1-, 3-, and 4-year periods, respectively."
SIG073,PMC12774564,AUC,0.758,unk,1,seq_post,42,sent,"Notably, the AUC values for 1-, 3-, and 4-year OS were 0.758, 0.650, and 0.632 in the GSE17536 cohort, respectively ( Fig."
SIG073,PMC12774564,AUC,0.65,unk,3,seq_post,52,sent,"Notably, the AUC values for 1-, 3-, and 4-year OS were 0.758, 0.650, and 0.632 in the GSE17536 cohort, respectively ( Fig."
SIG073,PMC12774564,AUC,0.632,unk,4,seq_post,66,sent,"Notably, the AUC values for 1-, 3-, and 4-year OS were 0.758, 0.650, and 0.632 in the GSE17536 cohort, respectively ( Fig."
SIG157,PMC12778156,AUC,0.698,train,1,seq_post,54,sent,"The AUC values for the 1-year, 3-year, and 5-year OS were 0.698, 0.678, and 0.697, respectively, in the TCGA training cohort (Fig."
SIG157,PMC12778156,AUC,0.678,train,3,seq_post,64,sent,"The AUC values for the 1-year, 3-year, and 5-year OS were 0.698, 0.678, and 0.697, respectively, in the TCGA training cohort (Fig."
SIG157,PMC12778156,AUC,0.697,train,5,seq_post,78,sent,"The AUC values for the 1-year, 3-year, and 5-year OS were 0.698, 0.678, and 0.697, respectively, in the TCGA training cohort (Fig."
SIG157,PMC12778156,AUC,0.638,train,1,seq_post,50,sent,"Consistent with the results in the TCGA training cohort, the AUC values for 1-year, 3-year, and 5-year OS were 0.638, 0.658, and 0.568, respectively, in the TCGA test cohort (Fig."
SIG157,PMC12778156,AUC,0.658,train,3,seq_post,60,sent,"Consistent with the results in the TCGA training cohort, the AUC values for 1-year, 3-year, and 5-year OS were 0.638, 0.658, and 0.568, respectively, in the TCGA test cohort (Fig."
SIG157,PMC12778156,AUC,0.568,train,5,seq_post,74,sent,"Consistent with the results in the TCGA training cohort, the AUC values for 1-year, 3-year, and 5-year OS were 0.638, 0.658, and 0.568, respectively, in the TCGA test cohort (Fig."
SIG157,PMC12778156,AUC,0.889,unk,1,seq_post,50,sent,"The AUC values for 1-year, 3-year, and 5-year OS were 0.889, 0.795, and 0.740, respectively, in the GSE12945 cohort (Fig."
SIG157,PMC12778156,AUC,0.795,unk,3,seq_post,60,sent,"The AUC values for 1-year, 3-year, and 5-year OS were 0.889, 0.795, and 0.740, respectively, in the GSE12945 cohort (Fig."
SIG157,PMC12778156,AUC,0.74,unk,5,seq_post,74,sent,"The AUC values for 1-year, 3-year, and 5-year OS were 0.889, 0.795, and 0.740, respectively, in the GSE12945 cohort (Fig."
SIG157,PMC12778156,AUC,0.702,unk,1,seq_post,14,sent,"For example, a recent study constructed an anoikis- and immunity-related gene prognostic model for CRC, which achieved 1-, 3-, and 5-year survival prediction AUC values of 0.702, 0.624, and 0.622, respectively."
SIG157,PMC12778156,AUC,0.624,unk,3,seq_post,25,sent,"For example, a recent study constructed an anoikis- and immunity-related gene prognostic model for CRC, which achieved 1-, 3-, and 5-year survival prediction AUC values of 0.702, 0.624, and 0.622, respectively."
SIG157,PMC12778156,AUC,0.622,unk,5,seq_post,40,sent,"For example, a recent study constructed an anoikis- and immunity-related gene prognostic model for CRC, which achieved 1-, 3-, and 5-year survival prediction AUC values of 0.702, 0.624, and 0.622, respectively."
SIG041,PMC12789220,C-index,0.824,unk,,,12,sent,"The results showed that the original C-index was 0.824, indicating that the model had a strong ability to distinguish between high- and low-survival rates."
SIG041,PMC12789220,C-index,0.804,unk,,,12,sent,"After bootstrap correction, the C-index was 0.804, indicating a certain optimism bias, but the overall predictive ability remained good."
SIG147,PMC12807941,C-index,0.63,unk,,,63,sent,"The C-index remained basically stable before and after correction (0.630 → 0.629), demonstrating that the model had good discriminative ability in ranking the overall survival time ( Supplementary Table 4 )."
SIG147,PMC12807941,C-index,0.629,unk,,,74,sent,"The C-index remained basically stable before and after correction (0.630 → 0.629), demonstrating that the model had good discriminative ability in ranking the overall survival time ( Supplementary Table 4 )."
SIG013,PMC12813002,AUC,0.669,valid,1,seq_pre,8,sent,"In TCGA, the model yielded time-dependent AUCs of 0.669, 0.664, and 0.645 for 1-, 3-, and 5-year OS, respectively, and retained its status as an independent prognostic indicator in multivariate Cox regression analysis;"
SIG013,PMC12813002,AUC,0.664,valid,3,seq_pre,17,sent,"In TCGA, the model yielded time-dependent AUCs of 0.669, 0.664, and 0.645 for 1-, 3-, and 5-year OS, respectively, and retained its status as an independent prognostic indicator in multivariate Cox regression analysis;"
SIG013,PMC12813002,AUC,0.645,valid,5,seq_pre,30,sent,"In TCGA, the model yielded time-dependent AUCs of 0.669, 0.664, and 0.645 for 1-, 3-, and 5-year OS, respectively, and retained its status as an independent prognostic indicator in multivariate Cox regression analysis;"
SIG013,PMC12813002,C-index,0.5,unk,,,38,sent,The Elastic Net model with α = 0.5 achieved the highest average C-index and was selected as the final nine-gene prognostic signature.
SIG013,PMC12813002,AUC,0.669,train,1,seq_pre,8,sent,"In the TCGA training cohort, the prognostic signature yielded AUCs of 0.669, 0.664, and 0.645 for predicting 1-, 3-, and 5-year OS, respectively."
SIG013,PMC12813002,AUC,0.664,train,3,seq_pre,18,sent,"In the TCGA training cohort, the prognostic signature yielded AUCs of 0.669, 0.664, and 0.645 for predicting 1-, 3-, and 5-year OS, respectively."
SIG013,PMC12813002,AUC,0.645,train,5,seq_pre,32,sent,"In the TCGA training cohort, the prognostic signature yielded AUCs of 0.669, 0.664, and 0.645 for predicting 1-, 3-, and 5-year OS, respectively."
SIG013,PMC12813002,C-index,0.784,unk,,,10,sent,The model demonstrated strong discriminative ability (C-index = 0.784;
SIG013,PMC12813002,C-index,0.784,unk,,,11,sent,The model achieved a C-index of 0.784 (95% CI:
SIG013,PMC12813002,AUC,0.669,valid,1,seq_pre,8,sent,"Importantly, even after adjusting for age, clinical stage, and additional covariates, the resulting RS retained independent prognostic value, achieving time-dependent AUCs of 0.669, 0.664, and 0.645 for 1-, 3-, and 5-year survival predictio"
SIG013,PMC12813002,AUC,0.664,valid,3,seq_pre,19,sent,"Importantly, even after adjusting for age, clinical stage, and additional covariates, the resulting RS retained independent prognostic value, achieving time-dependent AUCs of 0.669, 0.664, and 0.645 for 1-, 3-, and 5-year survival predictio"
SIG013,PMC12813002,AUC,0.645,valid,5,seq_pre,34,sent,"Importantly, even after adjusting for age, clinical stage, and additional covariates, the resulting RS retained independent prognostic value, achieving time-dependent AUCs of 0.669, 0.664, and 0.645 for 1-, 3-, and 5-year survival predictio"
SIG152,PMC12816288,C-index,0.768,unk,,,12,sent,"The calibration curves demonstrated that the nomogram’s predictions for 1-, 3-, and 5-year OS probabilities closely matched the ideal predictions ( Figure 5C ), and the nomogram model’s C-index was 0.768 (95% CI 0.720-0.815)."
SIG152,PMC12816288,C-index,0.72,unk,,,29,sent,"The calibration curves demonstrated that the nomogram’s predictions for 1-, 3-, and 5-year OS probabilities closely matched the ideal predictions ( Figure 5C ), and the nomogram model’s C-index was 0.768 (95% CI 0.720-0.815)."
SIG152,PMC12816288,C-index,0.815,unk,,,38,sent,"The calibration curves demonstrated that the nomogram’s predictions for 1-, 3-, and 5-year OS probabilities closely matched the ideal predictions ( Figure 5C ), and the nomogram model’s C-index was 0.768 (95% CI 0.720-0.815)."
SIG229,PMC12819916,AUC,0.84,unk,1,seq_post,52,sent,"In ROC curves, the AUCs predicted at 1-, 2-, and 3-year intervals were 0.84, 0.88, and 0.86, respectively (Fig."
SIG229,PMC12819916,AUC,0.88,unk,2,seq_post,63,sent,"In ROC curves, the AUCs predicted at 1-, 2-, and 3-year intervals were 0.84, 0.88, and 0.86, respectively (Fig."
SIG229,PMC12819916,AUC,0.86,unk,3,seq_post,78,sent,"In ROC curves, the AUCs predicted at 1-, 2-, and 3-year intervals were 0.84, 0.88, and 0.86, respectively (Fig."
SIG229,PMC12819916,AUC,0.9,unk,1,seq_post,70,sent,"6 D), and the AUCs predicted at 1-, 2-, and 3-year intervals in the ROC curves were 0.90, 0.91, and 0.92, respectively (Fig."
SIG229,PMC12819916,AUC,0.91,unk,2,seq_post,81,sent,"6 D), and the AUCs predicted at 1-, 2-, and 3-year intervals in the ROC curves were 0.90, 0.91, and 0.92, respectively (Fig."
SIG229,PMC12819916,AUC,0.92,unk,3,seq_post,96,sent,"6 D), and the AUCs predicted at 1-, 2-, and 3-year intervals in the ROC curves were 0.90, 0.91, and 0.92, respectively (Fig."
SIG229,PMC12819916,AUC,0.9,unk,1,seq_post,51,sent,"E In the ROC curves, the AUCs predicted at 1-, 2- and 3-year intervals were 0.90, 0.91, and 0.92."
SIG229,PMC12819916,AUC,0.91,unk,2,seq_post,62,sent,"E In the ROC curves, the AUCs predicted at 1-, 2- and 3-year intervals were 0.90, 0.91, and 0.92."
SIG229,PMC12819916,AUC,0.92,unk,3,seq_post,77,sent,"E In the ROC curves, the AUCs predicted at 1-, 2- and 3-year intervals were 0.90, 0.91, and 0.92."
SIG156,PMC12827789,AUC,0.803,unk,1,seq_pre,27,sent,"The AUCs for the nomogram were 0.803, 0.783, and 0.751 for 1-, 3-, and 5-year OS, respectively ( Figure 4D )."
SIG156,PMC12827789,AUC,0.783,unk,3,seq_pre,37,sent,"The AUCs for the nomogram were 0.803, 0.783, and 0.751 for 1-, 3-, and 5-year OS, respectively ( Figure 4D )."
SIG156,PMC12827789,AUC,0.751,unk,5,seq_pre,51,sent,"The AUCs for the nomogram were 0.803, 0.783, and 0.751 for 1-, 3-, and 5-year OS, respectively ( Figure 4D )."
SIG005,PMC12830534,C-index,0.7,unk,,,25,sent,"Meanwhile, according to cox regression analysis, the C index of the model was 0.7, and 6 risk genes which include PTGS2 , P4HA1 , P4HA3 , PXDNL , DLAT and GLRX were screened (Fig."
SIG194,PMC12832349,AUC,0.64,train,1,seq_post,105,sent,"Further evaluation of the prognostic predictive efficacy of the risk model using ROC curve ( Figure 3D ) revealed that the AUC values of the model for predicting 1-year, 2-year, 3-year, 4-year, and 5-year survival outcomes were 0.64, 0.67, "
SIG194,PMC12832349,AUC,0.67,train,2,seq_post,115,sent,"Further evaluation of the prognostic predictive efficacy of the risk model using ROC curve ( Figure 3D ) revealed that the AUC values of the model for predicting 1-year, 2-year, 3-year, 4-year, and 5-year survival outcomes were 0.64, 0.67, "
SIG194,PMC12832349,AUC,0.67,train,3,seq_post,115,sent,"Further evaluation of the prognostic predictive efficacy of the risk model using ROC curve ( Figure 3D ) revealed that the AUC values of the model for predicting 1-year, 2-year, 3-year, 4-year, and 5-year survival outcomes were 0.64, 0.67, "
SIG194,PMC12832349,AUC,0.65,train,4,seq_post,135,sent,"Further evaluation of the prognostic predictive efficacy of the risk model using ROC curve ( Figure 3D ) revealed that the AUC values of the model for predicting 1-year, 2-year, 3-year, 4-year, and 5-year survival outcomes were 0.64, 0.67, "
SIG194,PMC12832349,AUC,0.63,train,5,seq_post,149,sent,"Further evaluation of the prognostic predictive efficacy of the risk model using ROC curve ( Figure 3D ) revealed that the AUC values of the model for predicting 1-year, 2-year, 3-year, 4-year, and 5-year survival outcomes were 0.64, 0.67, "
SIG194,PMC12832349,AUC,0.75,valid,1,seq_post,127,sent,"ROC curve analysis ( Figure 3G ) showed that the AUC values of the model for predicting 1-year, 2-year, 3-year, 4-year, and 5-year survival outcomes in the validation set were 0.75, 0.68, 0.67, 0.57, and 0.60, respectively."
SIG194,PMC12832349,AUC,0.68,valid,2,seq_post,137,sent,"ROC curve analysis ( Figure 3G ) showed that the AUC values of the model for predicting 1-year, 2-year, 3-year, 4-year, and 5-year survival outcomes in the validation set were 0.75, 0.68, 0.67, 0.57, and 0.60, respectively."
SIG194,PMC12832349,AUC,0.67,valid,3,seq_post,147,sent,"ROC curve analysis ( Figure 3G ) showed that the AUC values of the model for predicting 1-year, 2-year, 3-year, 4-year, and 5-year survival outcomes in the validation set were 0.75, 0.68, 0.67, 0.57, and 0.60, respectively."
SIG194,PMC12832349,AUC,0.57,valid,4,seq_post,157,sent,"ROC curve analysis ( Figure 3G ) showed that the AUC values of the model for predicting 1-year, 2-year, 3-year, 4-year, and 5-year survival outcomes in the validation set were 0.75, 0.68, 0.67, 0.57, and 0.60, respectively."
SIG194,PMC12832349,AUC,0.6,valid,5,seq_post,171,sent,"ROC curve analysis ( Figure 3G ) showed that the AUC values of the model for predicting 1-year, 2-year, 3-year, 4-year, and 5-year survival outcomes in the validation set were 0.75, 0.68, 0.67, 0.57, and 0.60, respectively."
SIG096,PMC12832467,AUC,0.62,train,1,seq_post,104,sent,"The AUC of the model for predicting 1-, 3-, and 5-year survival of CRC patients in the training cohort were 0.62, 0.6, and 0.62 respectively, indicating good predictive performance ( Figure 6d )."
SIG096,PMC12832467,AUC,0.6,train,3,seq_post,114,sent,"The AUC of the model for predicting 1-, 3-, and 5-year survival of CRC patients in the training cohort were 0.62, 0.6, and 0.62 respectively, indicating good predictive performance ( Figure 6d )."
SIG096,PMC12832467,AUC,0.62,train,5,seq_post,104,sent,"The AUC of the model for predicting 1-, 3-, and 5-year survival of CRC patients in the training cohort were 0.62, 0.6, and 0.62 respectively, indicating good predictive performance ( Figure 6d )."
SIG195,PMC12855974,AUC,0.76,unk,1,seq_post,78,sent,"The area under the curve (AUC) for 1-year, 3-year, and 5-year survival rates were 0.76, 0.753, and 0.774, respectively, indicating the robustness of the model."
SIG195,PMC12855974,AUC,0.753,unk,3,seq_post,88,sent,"The area under the curve (AUC) for 1-year, 3-year, and 5-year survival rates were 0.76, 0.753, and 0.774, respectively, indicating the robustness of the model."
SIG195,PMC12855974,AUC,0.774,unk,5,seq_post,102,sent,"The area under the curve (AUC) for 1-year, 3-year, and 5-year survival rates were 0.76, 0.753, and 0.774, respectively, indicating the robustness of the model."
SIG195,PMC12855974,AUC,0.76,unk,1,seq_post,56,sent,"The area under the curve (AUC) for 1-year, 3-year, and 5-year survival rates were 0.76, 0.753, and 0.774, respectively, indicating the robustness of the model."
SIG195,PMC12855974,AUC,0.753,unk,3,seq_post,66,sent,"The area under the curve (AUC) for 1-year, 3-year, and 5-year survival rates were 0.76, 0.753, and 0.774, respectively, indicating the robustness of the model."
SIG195,PMC12855974,AUC,0.774,unk,5,seq_post,80,sent,"The area under the curve (AUC) for 1-year, 3-year, and 5-year survival rates were 0.76, 0.753, and 0.774, respectively, indicating the robustness of the model."
SIG014,PMC12872855,C-index,0.968,unk,,,8,sent,The Random Survival Forest model yielded a 15-gene ICD-related signature with strong prognostic performance (C-index 0.968 in TCGA;
SIG014,PMC12872855,C-index,0.65,unk,,,108,sent,"Time-dependent C-index analysis showed that the nomogram model maintained stable and highest C-index values (approximately 0.65–0.70) during the 1–10 years follow-up period, significantly better than the single risk score (approximately 0.6"
SIG014,PMC12872855,C-index,0.7,unk,,,117,sent,"Time-dependent C-index analysis showed that the nomogram model maintained stable and highest C-index values (approximately 0.65–0.70) during the 1–10 years follow-up period, significantly better than the single risk score (approximately 0.6"
SIG014,PMC12872855,C-index,0.6,unk,,,230,sent,"Time-dependent C-index analysis showed that the nomogram model maintained stable and highest C-index values (approximately 0.65–0.70) during the 1–10 years follow-up period, significantly better than the single risk score (approximately 0.6"
SIG014,PMC12872855,C-index,0.65,unk,,,239,sent,"Time-dependent C-index analysis showed that the nomogram model maintained stable and highest C-index values (approximately 0.65–0.70) during the 1–10 years follow-up period, significantly better than the single risk score (approximately 0.6"
SIG014,PMC12872855,C-index,0.65,unk,,,30,sent,"Time-dependent C-index analysis showed that the nomogram model maintained stable and highest C-index values (approximately 0.65–0.70) during the 1–10 years follow-up period, significantly better than the single risk score (approximately 0.6"
SIG014,PMC12872855,C-index,0.7,unk,,,39,sent,"Time-dependent C-index analysis showed that the nomogram model maintained stable and highest C-index values (approximately 0.65–0.70) during the 1–10 years follow-up period, significantly better than the single risk score (approximately 0.6"
SIG014,PMC12872855,C-index,0.6,unk,,,152,sent,"Time-dependent C-index analysis showed that the nomogram model maintained stable and highest C-index values (approximately 0.65–0.70) during the 1–10 years follow-up period, significantly better than the single risk score (approximately 0.6"
SIG014,PMC12872855,C-index,0.65,unk,,,161,sent,"Time-dependent C-index analysis showed that the nomogram model maintained stable and highest C-index values (approximately 0.65–0.70) during the 1–10 years follow-up period, significantly better than the single risk score (approximately 0.6"
SIG014,PMC12872855,C-index,0.823,unk,,,23,sent,"Its C-index improvement to 0.823 indicates that biomarkers can significantly enhance the predictive power of existing staging systems ( Jiang et al., 2024 )."
SIG014,PMC12872855,C-index,0.796,unk,,,39,sent,"0.796), ferroptosis-related genes (C-index:"
SIG014,PMC12872855,C-index,0.968,train,,,11,sent,"In comparison, our ICD-based signature demonstrated superior performance with a C-index of 0.968 in the TCGA training cohort and maintained robust predictive accuracy in independent validation cohorts (C-index:"
SIG015,PMC12873357,AUC,0.626,train,1,seq_post,48,sent,"In the training set, the AUC values for 1-, 4-, and 7-year survival were 0.626, 0.654, and 0.635, respectively, suggesting moderate predictive accuracy with clinical relevance for CRC prognosis (Fig."
SIG015,PMC12873357,AUC,0.654,train,4,seq_post,58,sent,"In the training set, the AUC values for 1-, 4-, and 7-year survival were 0.626, 0.654, and 0.635, respectively, suggesting moderate predictive accuracy with clinical relevance for CRC prognosis (Fig."
SIG015,PMC12873357,AUC,0.635,train,7,seq_post,72,sent,"In the training set, the AUC values for 1-, 4-, and 7-year survival were 0.626, 0.654, and 0.635, respectively, suggesting moderate predictive accuracy with clinical relevance for CRC prognosis (Fig."
SIG015,PMC12873357,C-index,0.77,unk,,,11,sent,"This model demonstrated strong predictive performance, with p 0.0001 and a C-index of 0.77 (Fig."
SIG159,PMC12885891,AUC,0.776,unk,1,seq_post,47,sent,"The AUC for 1-, 3-, and 5-year OS predictions were 0.776, 0.771, and 0.759, respectively ( Figure 5D ) ( 32 )."
SIG159,PMC12885891,AUC,0.771,unk,3,seq_post,58,sent,"The AUC for 1-, 3-, and 5-year OS predictions were 0.776, 0.771, and 0.759, respectively ( Figure 5D ) ( 32 )."
SIG159,PMC12885891,AUC,0.759,unk,5,seq_post,73,sent,"The AUC for 1-, 3-, and 5-year OS predictions were 0.776, 0.771, and 0.759, respectively ( Figure 5D ) ( 32 )."
SIG225,PMC12890678,AUC,0.64,unk,1,seq_post,59,sent,"In the TCGA cohort ( Figure 3G ), the AUC values for predicting 1-, 3-, and 5-year survival were 0.64, 0.63, and 0.59, respectively."
SIG225,PMC12890678,AUC,0.63,unk,3,seq_post,69,sent,"In the TCGA cohort ( Figure 3G ), the AUC values for predicting 1-, 3-, and 5-year survival were 0.64, 0.63, and 0.59, respectively."
SIG225,PMC12890678,AUC,0.59,unk,5,seq_post,83,sent,"In the TCGA cohort ( Figure 3G ), the AUC values for predicting 1-, 3-, and 5-year survival were 0.64, 0.63, and 0.59, respectively."
SIG082,PMC12903564,AUC,0.6,train,5,seq_post,52,sent,"the high-risk group exhibited markedly reduced survival, and AUC values for 1, 3 and 5-year time points exceeded 0.6, aligning with training results (Fig."
SIG136,PMC12972029,AUC,0.74,unk,1,seq_post,63,sent,"Moreover, consistent with Figure 5A-5C , the AUC values for predicting 1-, 3-, and 5-year survival exceeded 0.74 in TCGA-COAD, were greater than 0.66 in GSE17536 , and surpassed 0.60 in GSE39582 , demonstrating stable prognostic performance"
SIG136,PMC12972029,AUC,0.66,unk,3,seq_post,104,sent,"Moreover, consistent with Figure 5A-5C , the AUC values for predicting 1-, 3-, and 5-year survival exceeded 0.74 in TCGA-COAD, were greater than 0.66 in GSE17536 , and surpassed 0.60 in GSE39582 , demonstrating stable prognostic performance"
SIG136,PMC12972029,AUC,0.6,unk,5,seq_post,141,sent,"Moreover, consistent with Figure 5A-5C , the AUC values for predicting 1-, 3-, and 5-year survival exceeded 0.74 in TCGA-COAD, were greater than 0.66 in GSE17536 , and surpassed 0.60 in GSE39582 , demonstrating stable prognostic performance"
SIG248,PMC13006312,C-index,0.6,unk,,,8,sent,"To confirm the unique value of this prognostic model, a direct comparison was conducted with previously published models ( 21 – 25 )in the TCGA-CRC dataset, with consistency index (Cindex) 0.6 and AUC 0.6 as evaluation criteria."
SIG248,PMC13006312,C-index,0.6,unk,,,25,sent,"To confirm the unique value of this prognostic model, a direct comparison was conducted with previously published models ( 21 – 25 )in the TCGA-CRC dataset, with consistency index (Cindex) 0.6 and AUC 0.6 as evaluation criteria."
SIG248,PMC13006312,C-index,0.697,unk,,,28,sent,"Furthermore, compared with other published models, the 5-gene prognostic signature in this study exhibited the highest concordance index (Cindex = 0.697) and superior prognostic performance for 1-year, 3-year, and 5-year survival of CRC pat"
SIG248,PMC13006312,C-index,0.7,unk,,,135,sent,"Furthermore, compared with other published models, the 5-gene prognostic signature in this study exhibited the highest concordance index (Cindex = 0.697) and superior prognostic performance for 1-year, 3-year, and 5-year survival of CRC pat"
SIG248,PMC13006312,C-index,0.697,unk,,,9,sent,"Furthermore, compared with other published models, the 5-gene prognostic signature in this study exhibited the highest concordance index (Cindex = 0.697) and superior prognostic performance for 1-year, 3-year, and 5-year survival of CRC pat"
SIG248,PMC13006312,C-index,0.7,unk,,,116,sent,"Furthermore, compared with other published models, the 5-gene prognostic signature in this study exhibited the highest concordance index (Cindex = 0.697) and superior prognostic performance for 1-year, 3-year, and 5-year survival of CRC pat"
SIG189,PMC13033421,AUC,0.6215,train,1,seq_pre,58,sent,"The AUC values of the risk signature in the training set were 0.6215, 0.6313, and 0.6715 for 1-, 3-, and 5-year survival, respectively ( Figure 3G )."
SIG189,PMC13033421,AUC,0.6313,train,3,seq_pre,68,sent,"The AUC values of the risk signature in the training set were 0.6215, 0.6313, and 0.6715 for 1-, 3-, and 5-year survival, respectively ( Figure 3G )."
SIG189,PMC13033421,AUC,0.6715,train,5,seq_pre,82,sent,"The AUC values of the risk signature in the training set were 0.6215, 0.6313, and 0.6715 for 1-, 3-, and 5-year survival, respectively ( Figure 3G )."
SIG188,PMC13059483,C-index,0.715,unk,,,9,sent,"The LASSO combined with Random Survival Forest (RSF) approach demonstrated optimal performance in ten machine learning algorithms, yielding the highest C-index (0.715)."
SIG188,PMC13059483,AUC,0.943,unk,1,seq_post,14,sent,"This model demonstrated high predictive accuracy, with 1-, 3-, and 5-year overall survival AUC values of 0.943, 0.961, and 0.981, respectively."
SIG188,PMC13059483,AUC,0.961,unk,3,seq_post,23,sent,"This model demonstrated high predictive accuracy, with 1-, 3-, and 5-year overall survival AUC values of 0.943, 0.961, and 0.981, respectively."
SIG188,PMC13059483,AUC,0.981,unk,5,seq_post,36,sent,"This model demonstrated high predictive accuracy, with 1-, 3-, and 5-year overall survival AUC values of 0.943, 0.961, and 0.981, respectively."
SIG188,PMC13059483,C-index,0.715,train,,,11,sent,"The integrated LASSO + RSF model demonstrated the highest predictive accuracy, achieving a C-index of 0.715 in the training cohort (Fig."
SIG188,PMC13059483,AUC,0.943,unk,1,seq_post,14,sent,"The results suggested that in the GSE39582 cohort, the model exhibited excellent discriminative ability, with 1-, 3-, and 5-year time-dependent AUC values of 0.943, 0.961, and 0.981, respectively (Fig."
SIG188,PMC13059483,AUC,0.961,unk,3,seq_post,24,sent,"The results suggested that in the GSE39582 cohort, the model exhibited excellent discriminative ability, with 1-, 3-, and 5-year time-dependent AUC values of 0.943, 0.961, and 0.981, respectively (Fig."
SIG188,PMC13059483,AUC,0.981,unk,5,seq_post,38,sent,"The results suggested that in the GSE39582 cohort, the model exhibited excellent discriminative ability, with 1-, 3-, and 5-year time-dependent AUC values of 0.943, 0.961, and 0.981, respectively (Fig."
SIG188,PMC13059483,AUC,0.943,unk,1,seq_pre,37,sent,"The results demonstrated that the model exhibits robust predictive performance, as confirmed by time-dependent receiver operating characteristic (ROC) analysis, which yielded area under the curve (AUC) values of 0.943, 0.961, and 0.981 for "
SIG188,PMC13059483,AUC,0.961,unk,3,seq_pre,47,sent,"The results demonstrated that the model exhibits robust predictive performance, as confirmed by time-dependent receiver operating characteristic (ROC) analysis, which yielded area under the curve (AUC) values of 0.943, 0.961, and 0.981 for "
SIG188,PMC13059483,AUC,0.981,unk,5,seq_pre,61,sent,"The results demonstrated that the model exhibits robust predictive performance, as confirmed by time-dependent receiver operating characteristic (ROC) analysis, which yielded area under the curve (AUC) values of 0.943, 0.961, and 0.981 for "
SIG188,PMC13059483,AUC,0.943,unk,1,seq_pre,15,sent,"The results demonstrated that the model exhibits robust predictive performance, as confirmed by time-dependent receiver operating characteristic (ROC) analysis, which yielded area under the curve (AUC) values of 0.943, 0.961, and 0.981 for "
SIG133,PMC13139068,C-index,0.72,unk,,,11,sent,"Among all algorithms, the RSF-based model exhibited the best prognostic performance, achieving a mean C-index of 0.72–0.73 ( Supplementary Figure 6 )."
SIG133,PMC13139068,C-index,0.73,unk,,,20,sent,"Among all algorithms, the RSF-based model exhibited the best prognostic performance, achieving a mean C-index of 0.72–0.73 ( Supplementary Figure 6 )."
SIG245,PMC13150367,C-index,0.66,valid,,,8,sent,"[ 17 ] reported a 5-gene m6A model with C-index 0.66 in single-cohort validation, and Wang et al."
SIG044,PMC13161029,C-index,0.745,valid,,,29,sent,"Through testing, this model’s C-index was determined to be 0.745."
SIG216,PMC13187096,C-index,0.657,valid,,,10,sent,"The 4-gene IMRG-based model demonstrated robust prognostic performance (C-index = 0.657) and was externally validated in a GEO cohort (AUC up to 0.824 for 1-, 3-, and 5-year survival)."
SIG216,PMC13187096,C-index,0.824,valid,,,75,sent,"The 4-gene IMRG-based model demonstrated robust prognostic performance (C-index = 0.657) and was externally validated in a GEO cohort (AUC up to 0.824 for 1-, 3-, and 5-year survival)."
SIG216,PMC13187096,C-index,0.657,unk,,,9,sent,"2 B, the RSF + PLS Cox regression (plsRcox) model achieved the highest average C-index (0.657) among all evaluated methods, demonstrating superior prognostic accuracy and robustness."
SIG216,PMC13187096,AUC,0.791,unk,1,seq_pre,14,sent,"Moreover, the model achieved AUC values of 0.791, 0.793, and 0.824 for 1-, 3-, and 5-year OS predictions, respectively, demonstrating its robust and consistent prognostic capability."
SIG216,PMC13187096,AUC,0.793,unk,3,seq_pre,24,sent,"Moreover, the model achieved AUC values of 0.791, 0.793, and 0.824 for 1-, 3-, and 5-year OS predictions, respectively, demonstrating its robust and consistent prognostic capability."
SIG216,PMC13187096,AUC,0.824,unk,5,seq_pre,38,sent,"Moreover, the model achieved AUC values of 0.791, 0.793, and 0.824 for 1-, 3-, and 5-year OS predictions, respectively, demonstrating its robust and consistent prognostic capability."
SIG216,PMC13187096,AUC,0.791,unk,1,seq_pre,14,sent,"However, ROC curve analyses demonstrated that the IMRG-based model exhibited superior predictive accuracy, achieving AUC values of 0.791, 0.793, and 0.824 for 1-, 3-, and 5-year OS, respectively (Fig."
SIG216,PMC13187096,AUC,0.793,unk,3,seq_pre,24,sent,"However, ROC curve analyses demonstrated that the IMRG-based model exhibited superior predictive accuracy, achieving AUC values of 0.791, 0.793, and 0.824 for 1-, 3-, and 5-year OS, respectively (Fig."
SIG216,PMC13187096,AUC,0.824,unk,5,seq_pre,38,sent,"However, ROC curve analyses demonstrated that the IMRG-based model exhibited superior predictive accuracy, achieving AUC values of 0.791, 0.793, and 0.824 for 1-, 3-, and 5-year OS, respectively (Fig."
SIG216,PMC13187096,C-index,0.67,unk,,,34,sent,"Furthermore, the C-index of the IMRG model reached 0.67, exceeding those of the other four models (0.62, 0.60, 0.555, and 0.603, respectively;"
SIG216,PMC13187096,C-index,0.62,unk,,,86,sent,"Furthermore, the C-index of the IMRG model reached 0.67, exceeding those of the other four models (0.62, 0.60, 0.555, and 0.603, respectively;"
SIG216,PMC13187096,C-index,0.6,unk,,,96,sent,"Furthermore, the C-index of the IMRG model reached 0.67, exceeding those of the other four models (0.62, 0.60, 0.555, and 0.603, respectively;"
SIG151,PMC13190656,AUC,0.857,unk,1,seq_post,16,sent,"Within this cohort, the 1-year, 3-year, and 5-year AUC values were 0.857, 0.728, and 0.808."
SIG151,PMC13190656,AUC,0.728,unk,3,seq_post,27,sent,"Within this cohort, the 1-year, 3-year, and 5-year AUC values were 0.857, 0.728, and 0.808."
SIG151,PMC13190656,AUC,0.808,unk,5,seq_post,42,sent,"Within this cohort, the 1-year, 3-year, and 5-year AUC values were 0.857, 0.728, and 0.808."
SIG129,PMC13190658,C-index,0.816,unk,,,39,sent,The concordance index of this nomogram was 0.816 [95% confidence interval (CI):
SIG129,PMC13190658,AUC,0.823,unk,1,seq_post,48,sent,"The AUCs for 1-, 3- and 5-year of the nomogram were 0.823, 0.826 and 0.837, respectively ( Figure 6B )."
SIG129,PMC13190658,AUC,0.826,unk,3,seq_post,58,sent,"The AUCs for 1-, 3- and 5-year of the nomogram were 0.823, 0.826 and 0.837, respectively ( Figure 6B )."
SIG129,PMC13190658,AUC,0.837,unk,5,seq_post,71,sent,"The AUCs for 1-, 3- and 5-year of the nomogram were 0.823, 0.826 and 0.837, respectively ( Figure 6B )."
SIG129,PMC13190658,C-index,0.816,unk,,,38,sent,"The concordance index of the nomogram was 0.816, and the calibration curve indicated good performance in predicting actual mortality."
SIG153,PMC13191011,AUC,0.646,unk,1,seq_post,74,sent,"Time-dependent ROC analysis showed area under the curve (AUC) values for predicting 1-, 3-, and 5-year OS of 0.646, 0.658, and 0.647 in TCGA-COAD ( Figure 9C )."
SIG153,PMC13191011,AUC,0.658,unk,3,seq_post,85,sent,"Time-dependent ROC analysis showed area under the curve (AUC) values for predicting 1-, 3-, and 5-year OS of 0.646, 0.658, and 0.647 in TCGA-COAD ( Figure 9C )."
SIG153,PMC13191011,AUC,0.647,unk,5,seq_post,100,sent,"Time-dependent ROC analysis showed area under the curve (AUC) values for predicting 1-, 3-, and 5-year OS of 0.646, 0.658, and 0.647 in TCGA-COAD ( Figure 9C )."
SIG153,PMC13191011,AUC,0.646,unk,1,seq_post,52,sent,"Time-dependent ROC analysis showed area under the curve (AUC) values for predicting 1-, 3-, and 5-year OS of 0.646, 0.658, and 0.647 in TCGA-COAD ( Figure 9C )."
SIG153,PMC13191011,AUC,0.658,unk,3,seq_post,63,sent,"Time-dependent ROC analysis showed area under the curve (AUC) values for predicting 1-, 3-, and 5-year OS of 0.646, 0.658, and 0.647 in TCGA-COAD ( Figure 9C )."
SIG153,PMC13191011,AUC,0.647,unk,5,seq_post,78,sent,"Time-dependent ROC analysis showed area under the curve (AUC) values for predicting 1-, 3-, and 5-year OS of 0.646, 0.658, and 0.647 in TCGA-COAD ( Figure 9C )."
SIG153,PMC13191011,AUC,0.702,unk,1,seq_pre,14,sent,"Figure 9D ), with corresponding AUC values of 0.702, 0.627, and 0.630 for 1-, 3-, and 5-year OS prediction ( Figure 9E )."
SIG153,PMC13191011,AUC,0.627,unk,3,seq_pre,25,sent,"Figure 9D ), with corresponding AUC values of 0.702, 0.627, and 0.630 for 1-, 3-, and 5-year OS prediction ( Figure 9E )."
SIG153,PMC13191011,AUC,0.63,unk,5,seq_pre,40,sent,"Figure 9D ), with corresponding AUC values of 0.702, 0.627, and 0.630 for 1-, 3-, and 5-year OS prediction ( Figure 9E )."
SIG179,PMC13201555,AUC,0.825,unk,1,seq_post,78,sent,"The area under the curve (AUC) in predicting 1-, 3-, and 5-year survival stood at 0.825, 0.815 and 0.835 respectively, furnishing compelling evidence of our nomogram’s precision in charting CRC survival outcomes (Fig."
SIG179,PMC13201555,AUC,0.815,unk,3,seq_post,88,sent,"The area under the curve (AUC) in predicting 1-, 3-, and 5-year survival stood at 0.825, 0.815 and 0.835 respectively, furnishing compelling evidence of our nomogram’s precision in charting CRC survival outcomes (Fig."
SIG179,PMC13201555,AUC,0.835,unk,5,seq_post,101,sent,"The area under the curve (AUC) in predicting 1-, 3-, and 5-year survival stood at 0.825, 0.815 and 0.835 respectively, furnishing compelling evidence of our nomogram’s precision in charting CRC survival outcomes (Fig."
SIG179,PMC13201555,AUC,0.825,unk,1,seq_post,56,sent,"The area under the curve (AUC) in predicting 1-, 3-, and 5-year survival stood at 0.825, 0.815 and 0.835 respectively, furnishing compelling evidence of our nomogram’s precision in charting CRC survival outcomes (Fig."
SIG179,PMC13201555,AUC,0.815,unk,3,seq_post,66,sent,"The area under the curve (AUC) in predicting 1-, 3-, and 5-year survival stood at 0.825, 0.815 and 0.835 respectively, furnishing compelling evidence of our nomogram’s precision in charting CRC survival outcomes (Fig."
SIG179,PMC13201555,AUC,0.835,unk,5,seq_post,79,sent,"The area under the curve (AUC) in predicting 1-, 3-, and 5-year survival stood at 0.825, 0.815 and 0.835 respectively, furnishing compelling evidence of our nomogram’s precision in charting CRC survival outcomes (Fig."
SIG055,PMC13202878,C-index,0.63,valid,,,9,sent,"The CoxBoost algorithm achieved the highest mean C-index (0.630) across validation cohorts, thus being defined as the optimal model-building algorithm for subsequent analyses (Fig."
SIG062,PMC13223593,C-index,0.56,valid,,,8,sent,"This library was systematically constructed to be computationally feasible while representing diverse survival algorithms and testing established “filter-and-select” pipelines, returned post filtering of model combinations with robust perfo"
SIG062,PMC13223593,C-index,0.6,train,,,10,sent,"We created a pool of robust candidates by filtering for model combinations with a mean C-index ≥ 0.6 across all four (training, test and two validation) datasets."
SIG062,PMC13223593,C-index,0.674,unk,,,11,sent,"Development and evaluation of the prognostic risk model In the first step of our framework, the prognostic risk model for the ferroptosis pathway, constructed via the LASSO and RSF algorithms, yielded the highest predictive performance with"
SIG062,PMC13223593,C-index,0.6981,unk,,,11,sent,"The final prognostic risk model resulting from second step of the framework consisted of combination of ferroptosis, NETosis, pyroptosis, and autosis pathways achieving the highest mean C-index of 0.6981 across all four datasets ( Fig."
SIG142,PMC13311190,C-index,0.641,unk,,,9,sent,"The combination of CoxBoost and stepwise Cox (forward direction) was finally determined to be the optimal model with the highest average C-index (0.641), in which 12 TEPs-related genes ( ARPC1B , OR2B6 , TIMP1 , TMEM40 , RGS2 , ERAP1 , SRI "
SIG142,PMC13311190,AUC,0.696,unk,1,seq_post,65,sent,"The AUC values for 1-, 3-, and 5-year OS in the TCGA-CRC cohort were 0.696, 0.726, and 0.683, respectively ( Figure 3 A)."
SIG142,PMC13311190,AUC,0.726,unk,3,seq_post,75,sent,"The AUC values for 1-, 3-, and 5-year OS in the TCGA-CRC cohort were 0.696, 0.726, and 0.683, respectively ( Figure 3 A)."
SIG142,PMC13311190,AUC,0.683,unk,5,seq_post,89,sent,"The AUC values for 1-, 3-, and 5-year OS in the TCGA-CRC cohort were 0.696, 0.726, and 0.683, respectively ( Figure 3 A)."
SIG142,PMC13311190,C-index,0.702,unk,,,21,sent,"The C-index (95% CI) was 0.702 (0.651–0.753), 0.622 (0.559–0.686), 0.670 (0.555–0.786), 0.643 (0.525–0.761), 0.663 (0.540–0.786), and 0.608 (0.564–0.652) in the six cohorts, respectively ( Figure 3 G;"
SIG142,PMC13311190,C-index,0.651,unk,,,31,sent,"The C-index (95% CI) was 0.702 (0.651–0.753), 0.622 (0.559–0.686), 0.670 (0.555–0.786), 0.643 (0.525–0.761), 0.663 (0.540–0.786), and 0.608 (0.564–0.652) in the six cohorts, respectively ( Figure 3 G;"
SIG142,PMC13311190,C-index,0.753,unk,,,40,sent,"The C-index (95% CI) was 0.702 (0.651–0.753), 0.622 (0.559–0.686), 0.670 (0.555–0.786), 0.643 (0.525–0.761), 0.663 (0.540–0.786), and 0.608 (0.564–0.652) in the six cohorts, respectively ( Figure 3 G;"
SIG142,PMC13311190,C-index,0.622,unk,,,51,sent,"The C-index (95% CI) was 0.702 (0.651–0.753), 0.622 (0.559–0.686), 0.670 (0.555–0.786), 0.643 (0.525–0.761), 0.663 (0.540–0.786), and 0.608 (0.564–0.652) in the six cohorts, respectively ( Figure 3 G;"
SIG142,PMC13311190,C-index,0.559,unk,,,61,sent,"The C-index (95% CI) was 0.702 (0.651–0.753), 0.622 (0.559–0.686), 0.670 (0.555–0.786), 0.643 (0.525–0.761), 0.663 (0.540–0.786), and 0.608 (0.564–0.652) in the six cohorts, respectively ( Figure 3 G;"
SIG142,PMC13311190,C-index,0.686,unk,,,70,sent,"The C-index (95% CI) was 0.702 (0.651–0.753), 0.622 (0.559–0.686), 0.670 (0.555–0.786), 0.643 (0.525–0.761), 0.663 (0.540–0.786), and 0.608 (0.564–0.652) in the six cohorts, respectively ( Figure 3 G;"
SIG142,PMC13311190,C-index,0.67,unk,,,81,sent,"The C-index (95% CI) was 0.702 (0.651–0.753), 0.622 (0.559–0.686), 0.670 (0.555–0.786), 0.643 (0.525–0.761), 0.663 (0.540–0.786), and 0.608 (0.564–0.652) in the six cohorts, respectively ( Figure 3 G;"
SIG142,PMC13311190,C-index,0.555,unk,,,91,sent,"The C-index (95% CI) was 0.702 (0.651–0.753), 0.622 (0.559–0.686), 0.670 (0.555–0.786), 0.643 (0.525–0.761), 0.663 (0.540–0.786), and 0.608 (0.564–0.652) in the six cohorts, respectively ( Figure 3 G;"
SIG140,PMC13323481,AUC,0.679,unk,1,seq_post,41,sent,"Time-dependent ROC curves indicated that the AUCs for 1-, 3- and 5-year survival were 0.679, 0.684 and 0.697, respectively (Fig."
SIG140,PMC13323481,AUC,0.684,unk,3,seq_post,51,sent,"Time-dependent ROC curves indicated that the AUCs for 1-, 3- and 5-year survival were 0.679, 0.684 and 0.697, respectively (Fig."
SIG140,PMC13323481,AUC,0.697,unk,5,seq_post,64,sent,"Time-dependent ROC curves indicated that the AUCs for 1-, 3- and 5-year survival were 0.679, 0.684 and 0.697, respectively (Fig."
SIG140,PMC13323481,AUC,0.617,unk,1,seq_pre,8,sent,"Time-dependent ROC analysis yielded AUCs of 0.617, 0.605, and 0.611 for 1-, 3-, and 5-year overall survival, respectively (Fig."
SIG140,PMC13323481,AUC,0.605,unk,3,seq_pre,18,sent,"Time-dependent ROC analysis yielded AUCs of 0.617, 0.605, and 0.611 for 1-, 3-, and 5-year overall survival, respectively (Fig."
SIG140,PMC13323481,AUC,0.611,unk,5,seq_pre,32,sent,"Time-dependent ROC analysis yielded AUCs of 0.617, 0.605, and 0.611 for 1-, 3-, and 5-year overall survival, respectively (Fig."
SIG171,PMC13350268,AUC,0.912,unk,1,seq_pre,14,sent,"Furthermore, time-dependent ROC analysis validated the nomogram’s discriminative capacity, achieving AUC values of 0.912, 0.823, and 0.826 for 1-, 3-, and 5-year survival predictions ( Figure 4E )."
SIG171,PMC13350268,AUC,0.823,unk,3,seq_pre,24,sent,"Furthermore, time-dependent ROC analysis validated the nomogram’s discriminative capacity, achieving AUC values of 0.912, 0.823, and 0.826 for 1-, 3-, and 5-year survival predictions ( Figure 4E )."
SIG171,PMC13350268,AUC,0.826,unk,5,seq_pre,38,sent,"Furthermore, time-dependent ROC analysis validated the nomogram’s discriminative capacity, achieving AUC values of 0.912, 0.823, and 0.826 for 1-, 3-, and 5-year survival predictions ( Figure 4E )."
SIG171,PMC13350268,C-index,0.832,unk,,,23,sent,"The C-index increased from 0.832 (baseline) to 0.870 (combined), representing a 4.57% improvement."
SIG171,PMC13350268,C-index,0.87,unk,,,46,sent,"The C-index increased from 0.832 (baseline) to 0.870 (combined), representing a 4.57% improvement."
SIG132,PMC13365090,AUC,0.84,train,3,one_nearest,16,win,"ied as risk factors. B–D Risk score distribution, survival status, and gene expression heatmap for the TCGA training dataset. The high-risk group showed increased mortality and altered gene expression. E KM curves confirming poorer overall "
SIG132,PMC13365090,AUC,0.86,valid,1,one_nearest+seq_post,16,win,"univariate ( A ) and multivariate ( B ) Cox regression analyses confirming independent prognostic values for risk score, age, T4 stage, and M stage (all p 0.05). C Nomogram-based prediction of 1-, 2-, and 3-year overall survival (OS) using "
SIG132,PMC13365090,AUC,0.84,valid,2,one_nearest+seq_post,25,win,"univariate ( A ) and multivariate ( B ) Cox regression analyses confirming independent prognostic values for risk score, age, T4 stage, and M stage (all p 0.05). C Nomogram-based prediction of 1-, 2-, and 3-year overall survival (OS) using "
SIG132,PMC13365090,AUC,0.86,valid,3,one_nearest+seq_post,16,win,"univariate ( A ) and multivariate ( B ) Cox regression analyses confirming independent prognostic values for risk score, age, T4 stage, and M stage (all p 0.05). C Nomogram-based prediction of 1-, 2-, and 3-year overall survival (OS) using "
SIG150,PMC13408991,C-index,0.84,unk,,,20,sent,"The global model performance measures suggested good overall discrimination (concordance index ≈ 0.84, likelihood ratio test p = 1 × 10 −4 , score test p = 5 × 10 −8 ), driven primarily by stage and the overfitted age parameterization rathe"
SIG150,PMC13408991,C-index,0.9,unk,,,20,sent,The global model performance metrics indicated high apparent discrimination (concordance index ≈ 0.90;
SIG150,PMC13408991,AUC,0.61,unk,1,seq_post,190,sent,"The AUCs at 1, 3, and 5 years were approximately 0.45, 0.46, and 0.49, respectively, with 95% confidence intervals spanning 0.5 at all-time points (1-year AUC 95% CI 0.29–0.61;"
SIG150,PMC13408991,AUC,0.61,unk,1,seq_post,21,sent,"The AUCs at 1, 3, and 5 years were approximately 0.45, 0.46, and 0.49, respectively, with 95% confidence intervals spanning 0.5 at all-time points (1-year AUC 95% CI 0.29–0.61;"
SIG150,PMC13408991,AUC,0.63,unk,3,seq_post,21,sent,3-year AUC 95% CI 0.29–0.63;
SIG150,PMC13408991,AUC,0.66,unk,5,seq_post,21,sent,5-year AUC 95% CI 0.31–0.66 ( Figure 6 B).
SIG150,PMC13408991,C-index,0.69,unk,,,21,sent,"The model showed good prognostic performance overall, with a concordance index of 0.69 and a global log-rank p value of 2.8668 × 10 −9 ."
SIG150,PMC13408991,C-index,0.84,unk,,,18,sent,concordance index 0.84 (SE 0.024);
SIG150,PMC13408991,C-index,0.9,unk,,,20,sent,concordance index ≈ 0.90;
SIG148,PMC13480840,AUC,0.698,unk,1,seq_post,32,sent,"9 C) showed 1-, 3-, and 5-year area under the curves (AUCs) of 0.698, 0.711, and 0.645, respectively."
SIG148,PMC13480840,AUC,0.711,unk,3,seq_post,42,sent,"9 C) showed 1-, 3-, and 5-year area under the curves (AUCs) of 0.698, 0.711, and 0.645, respectively."
SIG148,PMC13480840,AUC,0.645,unk,5,seq_post,56,sent,"9 C) showed 1-, 3-, and 5-year area under the curves (AUCs) of 0.698, 0.711, and 0.645, respectively."
SIG148,PMC13480840,AUC,0.698,unk,1,seq_post,9,sent,"9 C) showed 1-, 3-, and 5-year area under the curves (AUCs) of 0.698, 0.711, and 0.645, respectively."
SIG148,PMC13480840,AUC,0.711,unk,3,seq_post,19,sent,"9 C) showed 1-, 3-, and 5-year area under the curves (AUCs) of 0.698, 0.711, and 0.645, respectively."
SIG148,PMC13480840,AUC,0.645,unk,5,seq_post,33,sent,"9 C) showed 1-, 3-, and 5-year area under the curves (AUCs) of 0.698, 0.711, and 0.645, respectively."
SIG130,PMC13495355,AUC,0.71,unk,1,seq_post,56,sent,"In the TCGA-CRC cohort, the AUC values for 1-year, 3-year, and 5-year survival were 0.71, 0.70, and 0.71, respectively ( Fig."
SIG130,PMC13495355,AUC,0.7,unk,3,seq_post,66,sent,"In the TCGA-CRC cohort, the AUC values for 1-year, 3-year, and 5-year survival were 0.71, 0.70, and 0.71, respectively ( Fig."
SIG130,PMC13495355,AUC,0.71,unk,5,seq_post,56,sent,"In the TCGA-CRC cohort, the AUC values for 1-year, 3-year, and 5-year survival were 0.71, 0.70, and 0.71, respectively ( Fig."
SIG130,PMC13495355,C-index,0.6532,valid,,,29,sent,"The C-index values of LIMRS were 0.6532 in the GSE29261 cohort and 0.6744 in the GSE17536 cohort, indicating moderate prognostic discrimination in independent datasets."
SIG130,PMC13495355,C-index,0.6744,valid,,,65,sent,"The C-index values of LIMRS were 0.6532 in the GSE29261 cohort and 0.6744 in the GSE17536 cohort, indicating moderate prognostic discrimination in independent datasets."
SIG022,PMC13512344,C-index,0.906,train,,,11,sent,"RSF Performance The RSF model achieved a C-index of 0.9060 in the training cohort, but this dropped to 0.6530 in the test cohort ( Figure S5 ), indicating overfitting."
SIG022,PMC13512344,C-index,0.653,train,,,65,sent,"RSF Performance The RSF model achieved a C-index of 0.9060 in the training cohort, but this dropped to 0.6530 in the test cohort ( Figure S5 ), indicating overfitting."
SIG022,PMC13512344,C-index,0.906,train,,,44,sent,"As reflected in our results, the C-index of the GAT model drops sharply from 0.906 in the TCGA training set to 0.653 in the external GSE39582 test cohort, which clearly reveals mild overfitting of the 16-head GAT architecture."
SIG022,PMC13512344,C-index,0.653,train,,,82,sent,"As reflected in our results, the C-index of the GAT model drops sharply from 0.906 in the TCGA training set to 0.653 in the external GSE39582 test cohort, which clearly reveals mild overfitting of the 16-head GAT architecture."
SIG022,PMC13512344,C-index,0.6,unk,,,22,sent,"Pathway annotations from KEGG and Reactome were integrated with the PFC index (weight ratio 0.6:0.4) to construct a gene functional similarity network containing 7629 genes and 559,980 edges."
SIG002,PMC13530082,AUC,0.61,train,1,seq_pre,8,sent,"In the training set (TCGA-COAD+READ), the high-risk group exhibited significantly shorter overall survival (OS), with AUCs of 0.61, 0.60, and 0.61 for 1-, 3-, and 5-year OS, respectively."
SIG002,PMC13530082,AUC,0.6,train,3,seq_pre,17,sent,"In the training set (TCGA-COAD+READ), the high-risk group exhibited significantly shorter overall survival (OS), with AUCs of 0.61, 0.60, and 0.61 for 1-, 3-, and 5-year OS, respectively."
SIG002,PMC13530082,AUC,0.61,train,5,seq_pre,8,sent,"In the training set (TCGA-COAD+READ), the high-risk group exhibited significantly shorter overall survival (OS), with AUCs of 0.61, 0.60, and 0.61 for 1-, 3-, and 5-year OS, respectively."
SIG002,PMC13530082,AUC,0.69,valid,5,one_nearest,22,sent,"More recently, digital-pathology models have achieved 5-year disease-specific survival AUCs of approximately 0.69–0.70 in independent cohorts of patients with stage II–III CRC, although these approaches require whole-slide imaging infrastru"
SIG135,PMC13546553,AUC,0.83,unk,3,one_nearest,27,sent,"Their three-gene signature robustly stratified patients into high- and low-risk subsets [3-year area under the curve (AUC) 0.83–0.85, P 0.001]."
SIG135,PMC13546553,AUC,0.83,unk,3,one_nearest,5,sent,"Their three-gene signature robustly stratified patients into high- and low-risk subsets [3-year area under the curve (AUC) 0.83–0.85, P 0.001]."
SIG135,PMC13546553,AUC,0.83,unk,1,seq_post,10,sent,"The 1-, 2-, and 3-year AUCs were 0.83, 0.83, and 0.85, respectively ( Figure 2H )."
SIG135,PMC13546553,AUC,0.83,unk,2,seq_post,10,sent,"The 1-, 2-, and 3-year AUCs were 0.83, 0.83, and 0.85, respectively ( Figure 2H )."
SIG135,PMC13546553,AUC,0.85,unk,3,seq_post,34,sent,"The 1-, 2-, and 3-year AUCs were 0.83, 0.83, and 0.85, respectively ( Figure 2H )."
SIG155,PMC13554000,AUC,0.73,unk,1,seq_pre,8,sent,"In TCGA, time-dependent ROC analysis yielded AUCs of 0.73, 0.65, and 0.68 for 1-, 3-, and 5-year OS, respectively (Fig."
SIG155,PMC13554000,AUC,0.65,unk,3,seq_pre,18,sent,"In TCGA, time-dependent ROC analysis yielded AUCs of 0.73, 0.65, and 0.68 for 1-, 3-, and 5-year OS, respectively (Fig."
SIG155,PMC13554000,AUC,0.68,unk,5,seq_pre,32,sent,"In TCGA, time-dependent ROC analysis yielded AUCs of 0.73, 0.65, and 0.68 for 1-, 3-, and 5-year OS, respectively (Fig."
SIG154,PMC13590056,C-index,0.56,valid,,,18,sent,"The data indicated that the combination of ""StepCox[both] + SuperPC"" exhibited optimal prognostic discrimination across various validation datasets, achieving C-index values of 0.56 for TCGA-COAD, 0.67 for GSE38832 , and 0.62 for GSE17536 ("
SIG154,PMC13590056,C-index,0.67,valid,,,42,sent,"The data indicated that the combination of ""StepCox[both] + SuperPC"" exhibited optimal prognostic discrimination across various validation datasets, achieving C-index values of 0.56 for TCGA-COAD, 0.67 for GSE38832 , and 0.62 for GSE17536 ("
SIG154,PMC13590056,C-index,0.62,valid,,,70,sent,"The data indicated that the combination of ""StepCox[both] + SuperPC"" exhibited optimal prognostic discrimination across various validation datasets, achieving C-index values of 0.56 for TCGA-COAD, 0.67 for GSE38832 , and 0.62 for GSE17536 ("
SIG318,PMC7251179,AUC,0.95,unk,3,seq_post,103,sent,"It can be seen that the model has a high AUC offline area, the AUC is above 0.8 and the AUC offline area for the 3-year prediction reaches 0.95."
SIG318,PMC7251179,AUC,0.95,unk,3,seq_post,81,sent,"It can be seen that the model has a high AUC offline area, the AUC is above 0.8 and the AUC offline area for the 3-year prediction reaches 0.95."
SIG318,PMC7251179,AUC,0.95,unk,3,seq_post,51,sent,"It can be seen that the model has a high AUC offline area, the AUC is above 0.8 and the AUC offline area for the 3-year prediction reaches 0.95."
SIG318,PMC7251179,AUC,0.65,unk,5,seq_post,101,sent,"As shown in Figure 7A , the model has a high AUC offline area for the 1- and 3-year predictions, while the AUC for the 5-year prediction is above 0.65."
SIG318,PMC7251179,AUC,0.65,unk,5,seq_post,39,sent,"As shown in Figure 7A , the model has a high AUC offline area for the 1- and 3-year predictions, while the AUC for the 5-year prediction is above 0.65."
SIG318,PMC7251179,AUC,0.98,unk,5,one_nearest,63,sent,"Further, the prediction accuracy of the nomogram was assessed by ROC analysis, and the results showed that the AUCs of the nomogram for the 1, 3, and 5-year predictions were 0.98, 0.85, and 0.86, respectively ( Figure 9B )."
SIG296,PMC7807455,C-index,0.752,unk,,,10,sent,"What’s more, the predicted 3- and 5-year survival probabilities had high compliance with the actual situations (c-index = 0.752 and 0.721;"
SIG296,PMC7807455,C-index,0.721,unk,,,24,sent,"What’s more, the predicted 3- and 5-year survival probabilities had high compliance with the actual situations (c-index = 0.752 and 0.721;"
SIG296,PMC7807455,C-index,0.752,unk,,,10,sent,"The nomogram-predicted survival probabilities have high compliances with the actual situations (c-index = 0.752 and 0.721) The features of the DEGs between patients with different prognosis risk scores At last, we investigated the different"
SIG296,PMC7807455,C-index,0.721,unk,,,24,sent,"The nomogram-predicted survival probabilities have high compliances with the actual situations (c-index = 0.752 and 0.721) The features of the DEGs between patients with different prognosis risk scores At last, we investigated the different"
SIG323,PMC7969881,C-index,0.7905,unk,,,9,sent,"Lastly, based on five genes and risk score, we construct a nomogram model assessed by C-index (0.7905) and calibration plot."
SIG323,PMC7969881,AUC,0.606,unk,3,seq_pre,17,sent,"0.606, 3-year AUC:"
SIG323,PMC7969881,AUC,0.64,unk,5,seq_pre,17,sent,"0.64, 5-year AUC:"
SIG323,PMC7969881,C-index,0.7905,unk,,,12,sent,"In the TCGA dataset, the C-index was 0.7905."
SIG326,PMC8280527,C-index,0.694,unk,,,28,sent,"The C-index of the nomogram was 0.694 (95% CI, 0.655–0.733), and the calibration curves showed a good agreement between nomogram prediction and actual outcomes in the probability of 2-year, 3-year, and 5-year survival ( Figures 7B–D ), sugg"
SIG326,PMC8280527,C-index,0.655,unk,,,46,sent,"The C-index of the nomogram was 0.694 (95% CI, 0.655–0.733), and the calibration curves showed a good agreement between nomogram prediction and actual outcomes in the probability of 2-year, 3-year, and 5-year survival ( Figures 7B–D ), sugg"
SIG326,PMC8280527,C-index,0.733,unk,,,55,sent,"The C-index of the nomogram was 0.694 (95% CI, 0.655–0.733), and the calibration curves showed a good agreement between nomogram prediction and actual outcomes in the probability of 2-year, 3-year, and 5-year survival ( Figures 7B–D ), sugg"
SIG237,PMC8351728,AUC,0.664,unk,1,seq_post,85,sent,"As demonstrated in Figure 5E , the AUC of 6 ARG prognostic model for the prediction of 1-, 3-, and 5-year survival were 0.664, 0.697 and 0.711 respectively, indicating the potential robustness to predict the survival in colon cancer patient"
SIG237,PMC8351728,AUC,0.697,unk,3,seq_post,95,sent,"As demonstrated in Figure 5E , the AUC of 6 ARG prognostic model for the prediction of 1-, 3-, and 5-year survival were 0.664, 0.697 and 0.711 respectively, indicating the potential robustness to predict the survival in colon cancer patient"
SIG237,PMC8351728,AUC,0.711,unk,5,seq_post,108,sent,"As demonstrated in Figure 5E , the AUC of 6 ARG prognostic model for the prediction of 1-, 3-, and 5-year survival were 0.664, 0.697 and 0.711 respectively, indicating the potential robustness to predict the survival in colon cancer patient"
SIG117,PMC8364916,AUC,0.551,unk,1,seq_post,56,sent,"ROC curve analysis showed that the AUC values of the 1-, 3- and 5-year survival rates were 0.551, 0.724 and 0.636, respectively ( Figure 3C )."
SIG117,PMC8364916,AUC,0.724,unk,3,seq_post,66,sent,"ROC curve analysis showed that the AUC values of the 1-, 3- and 5-year survival rates were 0.551, 0.724 and 0.636, respectively ( Figure 3C )."
SIG117,PMC8364916,AUC,0.636,unk,5,seq_post,79,sent,"ROC curve analysis showed that the AUC values of the 1-, 3- and 5-year survival rates were 0.551, 0.724 and 0.636, respectively ( Figure 3C )."
SIG330,PMC8420973,AUC,0.769,unk,1,seq_post,42,sent,"Based on this nomogram, the AUC values for 1-, 3-, and 5-year OS were 0.769, 0.785, and 0.770 ( Figure 7(b) )."
SIG330,PMC8420973,AUC,0.785,unk,3,seq_post,52,sent,"Based on this nomogram, the AUC values for 1-, 3-, and 5-year OS were 0.769, 0.785, and 0.770 ( Figure 7(b) )."
SIG330,PMC8420973,AUC,0.77,unk,5,seq_post,66,sent,"Based on this nomogram, the AUC values for 1-, 3-, and 5-year OS were 0.769, 0.785, and 0.770 ( Figure 7(b) )."
SIG334,PMC8812245,C-index,0.852,unk,,,28,sent,"The C-index of the nomogram was 0.852, which indicated that this nomogram had an outstanding stability."
SIG097,PMC8893267,AUC,0.774,unk,1,one_nearest,43,sent,"The AUC of the IRGs signature at 1-year OS was 0.774, which was the highest of that of Wen IRGSig (0.640), ZhangIRGSig (0.720), and Zhu IRGSig (0.620) ( Figure 7 )."
SIG306,PMC8927973,AUC,0.781,valid,1,seq_post,89,sent,"The AUC of the gene signature in the testing-1 cohort for 1-year, 3-year, and 5-year OS were 0.781, 0.746, and 0.770 ( Figure 7(e) )."
SIG306,PMC8927973,AUC,0.746,valid,3,seq_post,99,sent,"The AUC of the gene signature in the testing-1 cohort for 1-year, 3-year, and 5-year OS were 0.781, 0.746, and 0.770 ( Figure 7(e) )."
SIG306,PMC8927973,AUC,0.77,valid,5,seq_post,113,sent,"The AUC of the gene signature in the testing-1 cohort for 1-year, 3-year, and 5-year OS were 0.781, 0.746, and 0.770 ( Figure 7(e) )."
SIG258,PMC9129977,AUC,0.7,unk,5,one_nearest,130,sent,"The sensitivity and specificity of the prognostic model were assessed with time-dependent ROC analysis, and area under curve (AUC) in the TCGA, GSE39582 , and GSE87211 cohorts predicting overall survival reached 0.78, 0.55, and 0.7 for 5-ye"
SIG258,PMC9129977,AUC,0.7,unk,5,one_nearest,112,sent,"The sensitivity and specificity of the prognostic model were assessed with time-dependent ROC analysis, and area under curve (AUC) in the TCGA, GSE39582 , and GSE87211 cohorts predicting overall survival reached 0.78, 0.55, and 0.7 for 5-ye"
SIG260,PMC9240351,AUC,0.845,unk,5,one_nearest,21,sent,"ROC plots were also used to assess diagnostic efficiency, with AUCs of 0.867 and 0.845 for 3 and 5-years survival, respectively ( Figure 2D )."
SIG267,PMC9485806,AUC,0.775,unk,3,seq_post,83,sent,"The area under the curve (AUC) values of the ROC curve for 3-years and 5-years OS were 0.775 and 0.796, respectively ( Figure 3E )."
SIG267,PMC9485806,AUC,0.796,unk,5,seq_post,96,sent,"The area under the curve (AUC) values of the ROC curve for 3-years and 5-years OS were 0.775 and 0.796, respectively ( Figure 3E )."
SIG267,PMC9485806,AUC,0.775,unk,3,seq_post,61,sent,"The area under the curve (AUC) values of the ROC curve for 3-years and 5-years OS were 0.775 and 0.796, respectively ( Figure 3E )."
SIG267,PMC9485806,AUC,0.796,unk,5,seq_post,74,sent,"The area under the curve (AUC) values of the ROC curve for 3-years and 5-years OS were 0.775 and 0.796, respectively ( Figure 3E )."
SIG267,PMC9485806,C-index,0.761,train,,,12,sent,"The C-index was 0.761 for OS prediction in training data, showing fair agreements between the nomogram prediction and actual observation for the 1-, 3- and 5-years OS ( Figures 6E–G )."
SIG329,PMC9493070,C-index,0.66,unk,,,21,sent,The model had a concordance index of 0.66 (95% CI 0.57 to 0.71).
SIG329,PMC9493070,C-index,0.57,unk,,,38,sent,The model had a concordance index of 0.66 (95% CI 0.57 to 0.71).
SIG329,PMC9493070,C-index,0.71,unk,,,50,sent,The model had a concordance index of 0.66 (95% CI 0.57 to 0.71).
SIG109,PMC9515384,AUC,0.612,unk,5,one_nearest,49,sent,"ROC curves were drawn to test the prediction efficiency of the risk score, and the AUCs for one-, three-, and 5-years survival were 0.612, 0.650, and 0.676, respectively ( Figure 5D )."
SIG109,PMC9515384,AUC,0.612,unk,1,seq_post,41,sent,"(D) The AUC for 1-, 3- and 5-years survival were 0.612, 0.650, and 0.676, respectively."
SIG109,PMC9515384,AUC,0.65,unk,3,seq_post,51,sent,"(D) The AUC for 1-, 3- and 5-years survival were 0.612, 0.650, and 0.676, respectively."
SIG109,PMC9515384,AUC,0.676,unk,5,seq_post,65,sent,"(D) The AUC for 1-, 3- and 5-years survival were 0.612, 0.650, and 0.676, respectively."
SIG277,PMC9552517,C-index,0.704,unk,,,15,sent,The results showed that our model exhibited the highest C-index value (0.704;
SIG283,PMC9636133,AUC,0.66,unk,1,seq_post,63,sent,"ROC curve showed that the area under the curves (AUC) of 1-, 3- and 5-year survival were 0.66, 0.66 and 0.64, respectively."
SIG283,PMC9636133,AUC,0.66,unk,3,seq_post,63,sent,"ROC curve showed that the area under the curves (AUC) of 1-, 3- and 5-year survival were 0.66, 0.66 and 0.64, respectively."
SIG283,PMC9636133,AUC,0.64,unk,5,seq_post,84,sent,"ROC curve showed that the area under the curves (AUC) of 1-, 3- and 5-year survival were 0.66, 0.66 and 0.64, respectively."
SIG283,PMC9636133,AUC,0.66,unk,1,seq_post,40,sent,"ROC curve showed that the area under the curves (AUC) of 1-, 3- and 5-year survival were 0.66, 0.66 and 0.64, respectively."
SIG283,PMC9636133,AUC,0.66,unk,3,seq_post,40,sent,"ROC curve showed that the area under the curves (AUC) of 1-, 3- and 5-year survival were 0.66, 0.66 and 0.64, respectively."
SIG283,PMC9636133,AUC,0.64,unk,5,seq_post,61,sent,"ROC curve showed that the area under the curves (AUC) of 1-, 3- and 5-year survival were 0.66, 0.66 and 0.64, respectively."
SIG283,PMC9636133,C-index,0.77,unk,,,44,sent,"Then we constructed a Nomogram combining the risk score, age and M stage, which had a concordance index of survival prediction of 0.77 (95% CI 0.71–0.83) and more robust predictive accuracy."
SIG283,PMC9636133,C-index,0.71,unk,,,60,sent,"Then we constructed a Nomogram combining the risk score, age and M stage, which had a concordance index of survival prediction of 0.77 (95% CI 0.71–0.83) and more robust predictive accuracy."
SIG283,PMC9636133,C-index,0.83,unk,,,68,sent,"Then we constructed a Nomogram combining the risk score, age and M stage, which had a concordance index of survival prediction of 0.77 (95% CI 0.71–0.83) and more robust predictive accuracy."
SIG283,PMC9636133,AUC,0.66,unk,1,seq_post,39,sent,"Then time-dependent ROC curve was used to verify the accuracy of the mitophagy gene signature and showed that the AUC of 1-, 3- and 5-year survival were 0.66, 0.66 and 0.64, respectively (Fig."
SIG283,PMC9636133,AUC,0.66,unk,3,seq_post,39,sent,"Then time-dependent ROC curve was used to verify the accuracy of the mitophagy gene signature and showed that the AUC of 1-, 3- and 5-year survival were 0.66, 0.66 and 0.64, respectively (Fig."
SIG283,PMC9636133,AUC,0.64,unk,5,seq_post,62,sent,"Then time-dependent ROC curve was used to verify the accuracy of the mitophagy gene signature and showed that the AUC of 1-, 3- and 5-year survival were 0.66, 0.66 and 0.64, respectively (Fig."
SIG098,PMC9660228,AUC,0.665,unk,1,seq_post,47,sent,"The AUC values of 1-, 3-, and 5-year survival were 0.665, 0.652, and 0.637, respectively ( Figure 3G )."
SIG098,PMC9660228,AUC,0.652,unk,3,seq_post,57,sent,"The AUC values of 1-, 3-, and 5-year survival were 0.665, 0.652, and 0.637, respectively ( Figure 3G )."
SIG098,PMC9660228,AUC,0.637,unk,5,seq_post,71,sent,"The AUC values of 1-, 3-, and 5-year survival were 0.665, 0.652, and 0.637, respectively ( Figure 3G )."
SIG263,PMC9755665,AUC,0.7,unk,5,seq_post,52,sent,The area under the ROC curve (AUC) value for 5-year was 0.700;
SIG263,PMC9755665,AUC,0.7,unk,5,seq_post,26,sent,The area under the ROC curve (AUC) value for 5-year was 0.700;
SIG263,PMC9755665,AUC,0.635,train,1,seq_post,90,sent,"Similarly, the AUC value of 1-, 3-, and 5-year survival rates for the internal TCGA training cohort were 0.635, 0.699, and 0.787, respectively."
SIG263,PMC9755665,AUC,0.699,train,3,seq_post,100,sent,"Similarly, the AUC value of 1-, 3-, and 5-year survival rates for the internal TCGA training cohort were 0.635, 0.699, and 0.787, respectively."
SIG263,PMC9755665,AUC,0.787,train,5,seq_post,114,sent,"Similarly, the AUC value of 1-, 3-, and 5-year survival rates for the internal TCGA training cohort were 0.635, 0.699, and 0.787, respectively."
SIG263,PMC9755665,C-index,0.6031,unk,,,28,sent,"The C-index of the nomogram was 0.6031, and the calibration plot was also drawn to demonstrate the predictive accuracy of the nomogram, with observations at 1, 3, and 5 years relative to predicted observations ( Figure 9C )."
SIG077,PMC9932052,AUC,0.681,train,1,seq_post,99,sent,"Furthermore, the area under the curve (AUC) values of the patients' 1-, 3-, 5-year survival rates were predicted as 0.681, 0.684 and 0.770 in the entire group, respectively."
SIG077,PMC9932052,AUC,0.684,train,3,seq_post,109,sent,"Furthermore, the area under the curve (AUC) values of the patients' 1-, 3-, 5-year survival rates were predicted as 0.681, 0.684 and 0.770 in the entire group, respectively."
SIG077,PMC9932052,AUC,0.77,train,5,seq_post,122,sent,"Furthermore, the area under the curve (AUC) values of the patients' 1-, 3-, 5-year survival rates were predicted as 0.681, 0.684 and 0.770 in the entire group, respectively."
SIG077,PMC9932052,AUC,0.681,train,1,seq_post,77,sent,"Furthermore, the area under the curve (AUC) values of the patients' 1-, 3-, 5-year survival rates were predicted as 0.681, 0.684 and 0.770 in the entire group, respectively."
SIG077,PMC9932052,AUC,0.684,train,3,seq_post,87,sent,"Furthermore, the area under the curve (AUC) values of the patients' 1-, 3-, 5-year survival rates were predicted as 0.681, 0.684 and 0.770 in the entire group, respectively."
SIG077,PMC9932052,AUC,0.77,train,5,seq_post,100,sent,"Furthermore, the area under the curve (AUC) values of the patients' 1-, 3-, 5-year survival rates were predicted as 0.681, 0.684 and 0.770 in the entire group, respectively."
SIG282,PMC9947352,AUC,0.8028,unk,1,seq_post,101,sent,"Besides, the AUC values of 1-year, 3-year, and 5-year survival prediction in TP53-mutant samples of GSE39582 were 0.8028, 0.7852, and 0.7557, respectively ( Figure 3B )."
SIG282,PMC9947352,AUC,0.7852,unk,3,seq_post,111,sent,"Besides, the AUC values of 1-year, 3-year, and 5-year survival prediction in TP53-mutant samples of GSE39582 were 0.8028, 0.7852, and 0.7557, respectively ( Figure 3B )."
SIG282,PMC9947352,AUC,0.7557,unk,5,seq_post,125,sent,"Besides, the AUC values of 1-year, 3-year, and 5-year survival prediction in TP53-mutant samples of GSE39582 were 0.8028, 0.7852, and 0.7557, respectively ( Figure 3B )."
SIG046,PMC9947833,AUC,0.974,valid,1,seq_post,33,sent,"K-M survival curves were significant different between the two risk groups (p 0.001) ( Figure 3C ) and the AUC values at 1- and 3-year were 0.974 and 0.958 in the validation cohort, respectively ( Figure 3D )."
SIG046,PMC9947833,AUC,0.958,valid,3,seq_post,46,sent,"K-M survival curves were significant different between the two risk groups (p 0.001) ( Figure 3C ) and the AUC values at 1- and 3-year were 0.974 and 0.958 in the validation cohort, respectively ( Figure 3D )."
SIG338,PMC9992543,C-index,0.84,unk,,,28,sent,"The C-index of the nomogram was 0.840, indicating a stable and robust predictive power."
SIG308,PMC9997814,AUC,0.7,unk,1,seq_pre,29,sent,"The time-dependent ROC analysis showed that the area under the ROC curve was 0.70, 0.71, and 0.75 for 1-year, 3-year, and 5-year survival (Fig."
SIG308,PMC9997814,AUC,0.71,unk,3,seq_pre,40,sent,"The time-dependent ROC analysis showed that the area under the ROC curve was 0.70, 0.71, and 0.75 for 1-year, 3-year, and 5-year survival (Fig."
SIG308,PMC9997814,AUC,0.75,unk,5,seq_pre,55,sent,"The time-dependent ROC analysis showed that the area under the ROC curve was 0.70, 0.71, and 0.75 for 1-year, 3-year, and 5-year survival (Fig."
