sig_id,cohort,n_gene,p_median,HR_median,p_best,HR_best
NULL_GSE17536_4_1,GSE17536,4,0.154978133236842,0.714806787412003,0.0579548916360274,0.637698690915106
NULL_GSE17536_4_2,GSE17536,4,0.660849026653413,1.1091539925799,0.356103842140609,1.25013854249859
NULL_GSE17536_4_3,GSE17536,4,0.19812169664541,1.35681699508977,0.144285890446036,1.58894025225628
NULL_GSE17536_4_4,GSE17536,4,0.306432092473793,1.27313394991109,0.0370346936168996,2.03727510217307
NULL_GSE17536_4_5,GSE17536,4,0.237406905854211,0.756646532498872,0.0628168462760038,0.530078698488758
NULL_GSE17536_4_6,GSE17536,4,0.99813344501947,0.999446331027569,0.156180916394068,0.706409838207777
NULL_GSE17536_4_7,GSE17536,4,0.0893208599293726,1.49870885048487,0.00564025098914263,2.1577157416661
NULL_GSE17536_4_8,GSE17536,4,0.438838488204547,1.20162998301975,0.00150922929865391,3.53461192370661
NULL_GSE17536_4_9,GSE17536,4,0.208485188047125,1.3448452071617,0.0304503571789209,1.98385985256407
NULL_GSE17536_4_10,GSE17536,4,0.181472600479867,0.729580709611399,0.071945786937538,0.655820694365954
NULL_GSE17536_4_11,GSE17536,4,0.661182905368028,0.902022937082862,0.0782029667352571,0.516118482193315
NULL_GSE17536_4_12,GSE17536,4,0.772509195133051,1.0706098839189,0.0680731650398901,1.72455917480354
NULL_GSE17536_4_13,GSE17536,4,0.280324356793381,0.775367865097101,0.280324356793381,0.775367865097101
NULL_GSE17536_4_14,GSE17536,4,0.0155302173435247,0.556272528468053,0.00839980211570612,0.499350678318012
NULL_GSE17536_4_15,GSE17536,4,0.884611648191484,1.03481585107573,0.417487930378578,1.21094888448824
NULL_GSE17536_4_16,GSE17536,4,0.752888572020575,1.07709664968855,0.140370407533006,1.45894807206997
NULL_GSE17536_4_17,GSE17536,4,0.370590399032349,0.809115783646054,0.0787526824612814,0.660173147019135
NULL_GSE17536_4_18,GSE17536,4,0.945552520258828,0.984130763421172,0.307396050126238,0.75679407417392
NULL_GSE17536_4_19,GSE17536,4,0.481252540349306,1.18099215109351,0.161150251112352,0.631461784616066
NULL_GSE17536_4_20,GSE17536,4,0.147416036978288,0.707062962522286,0.0177822950792329,0.493424567959159
NULL_GSE17536_11_1,GSE17536,11,0.244057528009441,0.76032380456626,0.0104856446113668,0.526757443885146
NULL_GSE17536_11_2,GSE17536,11,0.999759702509115,0.999929461838132,0.0949719595813677,1.58886914529547
NULL_GSE17536_11_3,GSE17536,11,0.994156412930867,0.998271369318292,0.270629686150363,1.41688708312321
NULL_GSE17536_11_4,GSE17536,11,0.529189613357283,0.861866712250282,0.296387866345763,0.752481592394339
NULL_GSE17536_11_5,GSE17536,11,0.314124397240718,0.787503140736132,0.00467001579811465,0.482739614164564
NULL_GSE17536_11_6,GSE17536,11,0.923199059750686,0.977655858113067,0.476753084247255,1.22450422339752
NULL_GSE17536_11_7,GSE17536,11,0.779393487604467,1.06831094971975,0.126058115940621,0.695640820889832
NULL_GSE17536_11_8,GSE17536,11,0.508395503190125,0.856175527431008,0.161373703316721,0.716172159354271
NULL_GSE17536_11_9,GSE17536,11,0.335431365389268,0.797281337220792,0.250936027242239,1.4584440595385
NULL_GSE17536_11_10,GSE17536,11,0.255688171273785,0.764639571987179,0.0379280129697713,0.518578670735849
NULL_GSE17536_11_11,GSE17536,11,0.74449707305408,1.07989536317552,0.226889202861319,1.3529103666039
NULL_GSE17536_11_12,GSE17536,11,0.00262189851079189,0.475573764527904,0.000311974125293855,0.425164670227586
NULL_GSE17536_11_13,GSE17536,11,0.00625553016198851,0.51518873668162,0.00178128576676077,0.476274203958158
NULL_GSE17536_11_14,GSE17536,11,0.73226141120418,0.922318411209576,0.130936718648675,0.66288062756273
NULL_GSE17536_11_15,GSE17536,11,0.0725057000812841,0.649296105654725,0.0242824538742433,0.569165016327032
NULL_GSE17536_11_16,GSE17536,11,0.0207479266746411,1.74973415953921,0.0148905022020989,1.77695115225711
NULL_GSE17536_11_17,GSE17536,11,0.791979480382923,0.939585744959005,0.00757601072877082,0.499286215524131
NULL_GSE17536_11_18,GSE17536,11,0.706884834666508,0.915271624275471,0.164450919957211,0.713499628599192
NULL_GSE17536_11_19,GSE17536,11,0.194929620809383,1.36023820778011,0.0242098950951597,1.70853711040756
NULL_GSE17536_11_20,GSE17536,11,0.895767792177354,1.03150450351052,0.390765190491951,0.754760313085838
NULL_GSE17536_8_1,GSE17536,8,0.45867718331168,1.19112950450778,0.0125733034062664,1.80359812484422
NULL_GSE17536_8_2,GSE17536,8,0.0953656615784253,0.671934911006315,0.0640108127124326,0.637339701935303
NULL_GSE17536_8_3,GSE17536,8,0.10240819844082,0.67646318093765,0.10240819844082,0.67646318093765
NULL_GSE17536_8_4,GSE17536,8,0.693878255609949,0.911211247980591,0.143908501350187,0.646824466012533
NULL_GSE17536_8_5,GSE17536,8,0.963953254983316,0.989372462957128,0.336894541687265,0.765842271969094
NULL_GSE17536_8_6,GSE17536,8,0.255728860869614,0.76536799117335,0.00143308190748893,0.436250270768705
NULL_GSE17536_8_7,GSE17536,8,0.146934387332334,0.708085319430653,0.0355864221333571,0.595416099814311
NULL_GSE17536_8_8,GSE17536,8,0.44774277128707,1.1948865645033,0.179330243897987,1.40899457345323
NULL_GSE17536_8_9,GSE17536,8,0.171714730209106,0.724287666937363,0.109977279693693,0.646484608166308
NULL_GSE17536_8_10,GSE17536,8,0.151149093799843,0.711674869553133,0.0156292503677136,0.549353350518752
NULL_GSE17536_8_11,GSE17536,8,0.163643831214811,0.719737938137181,0.163643831214811,0.719737938137181
NULL_GSE17536_8_12,GSE17536,8,0.0844267567839323,0.662958052704899,0.0144653775977565,0.529966665671761
NULL_GSE17536_8_13,GSE17536,8,0.627442247690361,1.12149651934241,0.0673917278708473,1.56909552078793
NULL_GSE17536_8_14,GSE17536,8,0.51558230324873,0.858556879814741,0.285390903407305,0.754751380512123
NULL_GSE17536_8_15,GSE17536,8,0.685258296390241,1.0995901229494,0.400949171023994,1.29376572773979
NULL_GSE17536_8_16,GSE17536,8,0.703048667127578,1.09355196868,0.0739005107739645,0.528700165801265
NULL_GSE17536_8_17,GSE17536,8,0.963547466985744,1.01083630968008,0.0726453637696607,1.89710660550588
NULL_GSE17536_8_18,GSE17536,8,0.535375569301685,0.863591641513228,0.329682567162762,0.793929830705416
NULL_GSE17536_8_19,GSE17536,8,0.604826423793639,0.884955175360859,0.325797822060828,0.732630194049834
NULL_GSE17536_8_20,GSE17536,8,0.531857168801309,1.15948251098259,0.260112461654654,0.721034325348451
NULL_GSE17536_6_1,GSE17536,6,0.55936396322194,0.870942098821243,0.0311887531131608,1.97735020439621
NULL_GSE17536_6_2,GSE17536,6,0.32184882882412,0.792067116368937,0.0115294837361709,0.387194214724851
NULL_GSE17536_6_3,GSE17536,6,0.299616156289175,0.781859262757147,0.0323165529366238,0.601565650117463
NULL_GSE17536_6_4,GSE17536,6,0.0716037673193654,1.53358935766383,0.0163008286595305,1.75864435631235
NULL_GSE17536_6_5,GSE17536,6,0.00538908543445579,0.512071741761047,0.00104898162950172,0.440025704945512
NULL_GSE17536_6_6,GSE17536,6,0.814245445570077,0.94604801621392,0.133950066844505,1.63482604247528
NULL_GSE17536_6_7,GSE17536,6,0.967156241479139,0.990329001342584,0.651835869639456,0.88795492416661
NULL_GSE17536_6_8,GSE17536,6,0.965647066649949,0.989833035576948,0.124728247720595,1.50933201166072
NULL_GSE17536_6_9,GSE17536,6,0.535602753389038,1.15786380548608,0.347151678369731,0.790181232125971
NULL_GSE17536_6_10,GSE17536,6,0.950223398871189,0.985381747711782,0.217184201616318,1.35142864130281
NULL_GSE17536_6_11,GSE17536,6,0.387850643409526,0.815595331679771,0.010031413217481,0.517239671837635
NULL_GSE17536_6_12,GSE17536,6,0.32834617735175,1.25832495990018,0.0946702376972212,1.59057706374777
NULL_GSE17536_6_13,GSE17536,6,0.176560189691613,1.37486347398225,0.0494987208353684,1.6648505150189
NULL_GSE17536_6_14,GSE17536,6,0.29780049166637,0.781064521391801,0.177086440725803,0.726535996899031
NULL_GSE17536_6_15,GSE17536,6,0.196774374015889,1.35991493537832,0.186642645297148,1.37137299425568
NULL_GSE17536_6_16,GSE17536,6,0.0695981585525873,0.650469048365393,0.0664073825004471,0.648872581116724
NULL_GSE17536_6_17,GSE17536,6,0.88447369209795,1.03466773133835,0.410867330794883,1.21643420175343
NULL_GSE17536_6_18,GSE17536,6,0.984597169588986,0.995458479722397,0.0349008171259872,1.72857771297532
NULL_GSE17536_6_19,GSE17536,6,0.986518538146849,1.0039684516845,0.438067320606511,1.24594891914353
NULL_GSE17536_6_20,GSE17536,6,0.0972395521864286,0.674897397320918,0.047044289347466,0.533485737306671
NULL_GSE17536_15_1,GSE17536,15,0.489107646880098,1.17793831361409,0.15429051088991,1.41276629629445
NULL_GSE17536_15_2,GSE17536,15,0.0398682101610072,0.614173131286122,0.0071923101427316,0.53040458819052
NULL_GSE17536_15_3,GSE17536,15,0.237343935470382,0.755211547273348,0.0150098465033156,0.547119928344641
NULL_GSE17536_15_4,GSE17536,15,0.010803339230205,0.543046825635658,0.00285119973063977,0.474971847487709
NULL_GSE17536_15_5,GSE17536,15,0.131790464241601,1.42793822584765,0.0945646753181054,1.48139919440223
NULL_GSE17536_15_6,GSE17536,15,0.579763165275701,0.877569105220142,0.340683862148812,1.28048473345939
NULL_GSE17536_15_7,GSE17536,15,0.855377769462665,1.04415691358181,0.38625417101343,0.807121398358058
NULL_GSE17536_15_8,GSE17536,15,0.122904363932106,0.691444669556747,0.0323197989799444,0.495843650451251
NULL_GSE17536_15_9,GSE17536,15,0.50819068540907,0.855858369176078,0.114596452386512,0.688857571160334
NULL_GSE17536_15_10,GSE17536,15,0.73136409902336,1.08373869800896,0.0247263566834502,0.478872909218018
NULL_GSE17536_15_11,GSE17536,15,0.640124216778065,1.11676641971691,0.289093807978074,1.36084560880971
NULL_GSE17536_15_12,GSE17536,15,0.715863396921494,1.08977523474324,0.370062330264928,1.25377028918066
NULL_GSE17536_15_13,GSE17536,15,0.21169787284278,0.744629285161863,0.0122664757164473,0.499309104588435
NULL_GSE17536_15_14,GSE17536,15,0.878296214633879,0.964755985511197,0.152374783659926,0.690454188960586
NULL_GSE17536_15_15,GSE17536,15,0.0876058945182519,1.49827429363785,0.0187190388529047,1.90166193634137
NULL_GSE17536_15_16,GSE17536,15,0.404777593560138,0.821104891954601,0.381637113661496,0.813497997589799
NULL_GSE17536_15_17,GSE17536,15,0.676299801201328,0.906663666537906,0.296421364277002,1.31125666988334
NULL_GSE17536_15_18,GSE17536,15,0.150854246185162,1.41139506969513,0.0188481488732524,1.73647751520333
NULL_GSE17536_15_19,GSE17536,15,0.0117754865526778,0.538439366342067,0.00133949149322301,0.384540849011875
NULL_GSE17536_15_20,GSE17536,15,0.0641089784485801,0.644846430032332,0.0234629281099785,0.487837518724777
NULL_GSE17536_3_1,GSE17536,3,0.234770739479427,0.754232430502465,0.202941836434018,0.726781834689394
NULL_GSE17536_3_2,GSE17536,3,0.367635064171854,0.80924259368501,0.177275400190779,0.718856833728351
NULL_GSE17536_3_3,GSE17536,3,0.0219661426509963,1.73052934715089,0.00466134632787493,3.34867702170103
NULL_GSE17536_3_4,GSE17536,3,0.829216262332935,0.950533207525442,0.296007777432447,0.732437310466207
NULL_GSE17536_3_5,GSE17536,3,0.858598029463909,0.958843478919587,0.57375033953124,0.841445841658693
NULL_GSE17536_3_6,GSE17536,3,0.0045254137300634,0.499503187097912,8.67065993083343e-05,0.396873470102025
NULL_GSE17536_3_7,GSE17536,3,0.76531365927891,0.931882455733524,0.174852631470164,0.67892881331846
NULL_GSE17536_3_8,GSE17536,3,0.77202529820239,1.07025900394356,0.108253234792678,1.5762948723724
NULL_GSE17536_3_9,GSE17536,3,0.111772272135856,1.46027688711918,0.0360223667332816,2.19708464059012
NULL_GSE17536_3_10,GSE17536,3,0.762263776078461,1.07360854971948,0.158765218230207,0.705262698048541
NULL_GSE17536_3_11,GSE17536,3,0.672903412051584,0.905146523718501,0.146806271733452,0.662740553526334
NULL_GSE17536_3_12,GSE17536,3,0.449663425652833,0.837339419340901,0.123050292538287,0.696104327640531
NULL_GSE17536_3_13,GSE17536,3,0.330124857612928,0.794079268230893,0.330124857612928,0.794079268230893
NULL_GSE17536_3_14,GSE17536,3,0.0857039870486801,1.50843086452644,0.0737500160823714,1.53102216662453
NULL_GSE17536_3_15,GSE17536,3,0.00467406023246814,0.503239262492983,0.00188501352778214,0.482496046767618
NULL_GSE17536_3_16,GSE17536,3,0.219164724504679,1.33519644391885,0.0850006346604972,1.5981795167325
NULL_GSE17536_3_17,GSE17536,3,0.603769402904544,1.13028392305729,0.310923679769105,0.778091176827279
NULL_GSE17536_3_18,GSE17536,3,0.235797503084974,0.756435679885118,0.118149809973969,0.691219526084035
NULL_GSE17536_3_19,GSE17536,3,0.427457257825774,0.829037592657557,0.0365850181170779,0.597556122561902
NULL_GSE17536_3_20,GSE17536,3,0.277592147568331,0.773685801931621,0.277592147568331,0.773685801931621
NULL_GSE17536_9_1,GSE17536,9,0.00390791006782187,0.496262109875032,0.00277149361734501,0.4738621117905
NULL_GSE17536_9_2,GSE17536,9,0.211203430247067,0.744912210757248,0.0184860975596176,0.547762117934666
NULL_GSE17536_9_3,GSE17536,9,0.715609351006266,0.917590078300846,0.164414504796931,0.717818228467825
NULL_GSE17536_9_4,GSE17536,9,0.158566216466555,0.714224351361776,0.0950677628867387,0.577077902438612
NULL_GSE17536_9_5,GSE17536,9,0.447541040539135,0.836639260179735,0.00880456003976252,0.505595741639244
NULL_GSE17536_9_6,GSE17536,9,0.14566739656195,1.41250010375858,0.029265419215341,1.76043979159653
NULL_GSE17536_9_7,GSE17536,9,0.633032425596089,0.893475723732607,0.396224488411652,1.23923949133855
NULL_GSE17536_9_8,GSE17536,9,0.904124116748061,1.02861534823394,0.343363908640938,1.32708732977538
NULL_GSE17536_9_9,GSE17536,9,0.2026805084963,1.35298103924607,0.2026805084963,1.35298103924607
NULL_GSE17536_9_10,GSE17536,9,0.0171859898536401,1.76940423900013,0.00313909422843302,2.05775259991414
NULL_GSE17536_9_11,GSE17536,9,0.701580669637715,0.913306670263173,0.0272227079488472,2.19882744693943
NULL_GSE17536_9_12,GSE17536,9,0.529530400692989,1.16017146030528,0.0476692241575331,0.475581796668974
NULL_GSE17536_9_13,GSE17536,9,0.713265248507904,0.916774187293987,0.31074953852247,0.758377297222873
NULL_GSE17536_9_14,GSE17536,9,0.655076535988199,0.899899030111587,0.0584397549640727,0.559756667788904
NULL_GSE17536_9_15,GSE17536,9,0.313959472214639,1.26679624456611,0.129873791499462,1.45353587468804
NULL_GSE17536_9_16,GSE17536,9,0.0461525686449678,1.60414088351833,0.0118787094493426,1.87956611305915
NULL_GSE17536_9_17,GSE17536,9,0.37107954204661,1.23359871648919,0.101459855970185,1.48363718063037
NULL_GSE17536_9_18,GSE17536,9,0.59773316627856,0.883246810356441,0.0984551841556915,0.678642916397364
NULL_GSE17536_9_19,GSE17536,9,0.253602258492303,0.761403595771849,0.0459536861333205,0.609657455084515
NULL_GSE17536_9_20,GSE17536,9,0.900774828723794,0.971089661673005,0.0848013771128056,0.625578431970912
NULL_GSE17536_50_1,GSE17536,50,0.816599916663365,0.946531100568292,0.0174615427778398,0.557433444701468
NULL_GSE17536_50_2,GSE17536,50,0.963506785322179,1.01087157524848,0.183766690179866,0.635363323399264
NULL_GSE17536_50_3,GSE17536,50,0.153747382772266,0.712815557285922,0.00511970524153815,0.487004693600553
NULL_GSE17536_50_4,GSE17536,50,0.0524115452372518,0.630153880229176,0.0226321449782084,0.552719842090555
NULL_GSE17536_50_5,GSE17536,50,0.399284592685164,0.818600487607867,0.303096308463863,0.785540488186433
NULL_GSE17536_50_6,GSE17536,50,0.270108554716733,0.770640875599771,0.116164856243319,0.640128609514763
NULL_GSE17536_50_7,GSE17536,50,0.0140320346983103,0.553372591757994,0.0126153957077743,0.554739429662349
NULL_GSE17536_50_8,GSE17536,50,0.196413204886955,1.35766832486201,0.0199508704697093,1.74189699797408
NULL_GSE17536_50_9,GSE17536,50,0.120633402547721,0.690782864913901,0.120633402547721,0.690782864913901
NULL_GSE17536_50_10,GSE17536,50,0.424457221674201,0.82737507994281,0.10701452691797,0.600598519044255
NULL_GSE17536_50_11,GSE17536,50,0.343604887288285,0.800076247917057,0.0903567774863421,0.66236329441896
NULL_GSE17536_50_12,GSE17536,50,0.63790755115305,0.89542762562086,0.176686200871881,0.713215055860319
NULL_GSE17536_50_13,GSE17536,50,0.148869309484982,0.710310553703026,0.0696703848367816,0.551475446992018
NULL_GSE17536_50_14,GSE17536,50,0.122184543164714,0.692159775679324,0.122184543164714,0.692159775679324
NULL_GSE17536_50_15,GSE17536,50,0.194269625838287,0.734027526223757,0.0595802799292046,0.598099198565763
NULL_GSE17536_50_16,GSE17536,50,0.0233629863583879,0.579292121106093,0.0119598312773582,0.533318767571669
NULL_GSE17536_50_17,GSE17536,50,0.119293603772442,0.690731082289642,0.119293603772442,0.690731082289642
NULL_GSE17536_50_18,GSE17536,50,0.651006778307525,0.899265578472737,0.130597751984912,1.45484252569407
NULL_GSE17536_50_19,GSE17536,50,0.2989983491523,0.783097249124575,0.0908052139535723,0.645331721743732
NULL_GSE17536_50_20,GSE17536,50,0.118344830399899,0.686484024619829,0.00504399252670532,0.515928248298827
NULL_GSE17536_12_1,GSE17536,12,0.409328706587115,1.21333279267625,0.0160864845037153,1.9233735626559
NULL_GSE17536_12_2,GSE17536,12,0.254240218351612,1.31024148798973,0.071064816858928,1.59754926068933
NULL_GSE17536_12_3,GSE17536,12,0.676987019244084,0.906152409349859,0.196389473797155,0.698194069546884
NULL_GSE17536_12_4,GSE17536,12,0.936946737540631,1.01872836158385,0.0858742605552911,0.580655959594374
NULL_GSE17536_12_5,GSE17536,12,0.197648551789773,1.35931678278261,0.0406523772974258,1.74542994639788
NULL_GSE17536_12_6,GSE17536,12,0.129763627662804,1.42989760200596,0.0535486229764427,1.64868612258648
NULL_GSE17536_12_7,GSE17536,12,0.572248905956919,0.874700199099766,0.033210779981779,0.52985084226937
NULL_GSE17536_12_8,GSE17536,12,0.89723952377068,1.0311168483214,0.430910002955916,1.29483256178789
NULL_GSE17536_12_9,GSE17536,12,0.367937440625117,0.808303532740515,0.143339941841402,0.694120321007343
NULL_GSE17536_12_10,GSE17536,12,0.49700210690675,0.852762456425596,0.00872582674339878,0.458007724868677
NULL_GSE17536_12_11,GSE17536,12,0.965229409687694,0.989764378810708,0.263132899297745,0.709179625537108
NULL_GSE17536_12_12,GSE17536,12,0.474709803979164,0.844655647880992,0.0381873890792769,0.492537850785547
NULL_GSE17536_12_13,GSE17536,12,0.292536050546056,1.28060755627813,0.164370991083682,1.41792940158746
NULL_GSE17536_12_14,GSE17536,12,0.447408893914732,0.835719250175506,0.119672758835856,0.600306723908255
NULL_GSE17536_12_15,GSE17536,12,0.274783772745811,0.770635903824568,0.0408499337646453,0.543622332578376
NULL_GSE17536_12_16,GSE17536,12,0.381661243575983,0.813350069192997,0.113048481960946,0.568374257970207
NULL_GSE17536_12_17,GSE17536,12,0.395963440301062,1.22315624390698,0.170400996392785,1.41291976423221
NULL_GSE17536_12_18,GSE17536,12,0.114728167899649,0.68817581050955,0.00215151367645897,0.449339430943705
NULL_GSE17536_12_19,GSE17536,12,0.904330204873037,1.02875282476973,0.0539468742132478,1.9303867932276
NULL_GSE17536_12_20,GSE17536,12,0.756875848993564,1.07543836956194,0.104089382723388,0.642084014345408
NULL_GSE17536_29_1,GSE17536,29,0.143289544023197,1.4126505528085,0.109938786982462,1.51237237798362
NULL_GSE17536_29_2,GSE17536,29,0.971591508831793,0.991616233938348,0.266999068707842,0.684734426023157
NULL_GSE17536_29_3,GSE17536,29,0.486988674830635,0.848623828173183,0.171139366412366,1.44294612366592
NULL_GSE17536_29_4,GSE17536,29,0.00728467473614421,0.5237161465612,0.00728467473614421,0.5237161465612
NULL_GSE17536_29_5,GSE17536,29,0.227952843630507,0.750166180396719,0.0102900675636396,0.443671097557978
NULL_GSE17536_29_6,GSE17536,29,0.514610156722518,0.857065462183784,0.0288146079065035,0.582091670879704
NULL_GSE17536_29_7,GSE17536,29,0.325658472468661,0.791708724900353,0.124211524976305,0.65774110982832
NULL_GSE17536_29_8,GSE17536,29,0.141636034545098,0.70456892037484,0.026410941188851,0.590297053883953
NULL_GSE17536_29_9,GSE17536,29,0.162835173797071,0.719026873780448,0.0418740219334271,0.579689154303621
NULL_GSE17536_29_10,GSE17536,29,0.0795321441897663,0.658725880123087,0.0389613717845789,0.585698480306258
NULL_GSE17536_29_11,GSE17536,29,0.980314113298175,0.994235308655709,0.123812713888644,0.661807023199539
NULL_GSE17536_29_12,GSE17536,29,0.400792756125639,1.21855605640826,0.258634939081015,1.30295625716345
NULL_GSE17536_29_13,GSE17536,29,0.639804304959004,1.11596407386683,0.310122994781345,1.2777808487975
NULL_GSE17536_29_14,GSE17536,29,0.944406506002347,0.98359832357951,0.466076871702628,1.19012468040357
NULL_GSE17536_29_15,GSE17536,29,0.423303188164147,0.827341093879636,0.0768973992181902,0.623496450980027
NULL_GSE17536_29_16,GSE17536,29,0.0521424422631249,0.622763666479557,0.00149643296995699,0.468395612199452
NULL_GSE17536_29_17,GSE17536,29,0.81019562882498,1.05828277819783,0.34670048848524,0.792019241343735
NULL_GSE17536_29_18,GSE17536,29,0.46779686970965,0.842660674671242,0.18720907802904,0.716070952865409
NULL_GSE17536_29_19,GSE17536,29,0.375981439821133,1.2313514149845,0.102307394020494,1.502895694314
NULL_GSE17536_29_20,GSE17536,29,0.297469727441106,0.78071535216819,0.0301982739488851,0.443444778685138
NULL_GSE17536_7_1,GSE17536,7,0.637605560279715,0.89510645269009,0.114864683377001,0.671992085714649
NULL_GSE17536_7_2,GSE17536,7,0.0692004574745835,0.647515593796221,0.0211412918219161,0.549129736625891
NULL_GSE17536_7_3,GSE17536,7,0.937555231367502,0.981620296549989,0.577081484570603,1.17671027548743
NULL_GSE17536_7_4,GSE17536,7,0.0891089835048212,0.667229691087738,0.0891089835048212,0.667229691087738
NULL_GSE17536_7_5,GSE17536,7,0.27090326093196,1.29766830352536,0.0242064935296802,1.83017466231983
NULL_GSE17536_7_6,GSE17536,7,0.445113004735473,1.19617362879093,0.380442372823364,1.23121830305208
NULL_GSE17536_7_7,GSE17536,7,0.152856286560546,1.39980025694711,0.0459689365395061,1.84365271611938
NULL_GSE17536_7_8,GSE17536,7,0.543829845685217,0.867193341280479,0.333304197159789,0.780669572271323
NULL_GSE17536_7_9,GSE17536,7,0.825380345312665,0.949289379609869,0.388192584188333,0.801828744399727
NULL_GSE17536_7_10,GSE17536,7,0.143989162424948,0.706104087964869,0.0552142470426189,0.59878710223771
NULL_GSE17536_7_11,GSE17536,7,0.332122191412276,0.794875381686938,0.144970286957005,0.639751389860849
NULL_GSE17536_7_12,GSE17536,7,0.272578594625616,0.771525563530165,0.0197432021098314,0.416805068954987
NULL_GSE17536_7_13,GSE17536,7,0.119473297425844,0.689855801485639,0.00684653159563362,0.504299811617547
NULL_GSE17536_7_14,GSE17536,7,0.982785300774546,1.00512036238542,0.165771623804499,1.51195753162017
NULL_GSE17536_7_15,GSE17536,7,0.455523964910991,1.19338580163632,0.207246561267697,1.35477260604656
NULL_GSE17536_7_16,GSE17536,7,0.0853365371730583,0.662742211592723,0.00392483426370063,0.491746857474811
NULL_GSE17536_7_17,GSE17536,7,0.138098072795974,0.699663289394593,0.0728349527487307,0.64070836209573
NULL_GSE17536_7_18,GSE17536,7,0.834133067657581,0.951914850105617,0.248924448165861,0.737705120715527
NULL_GSE17536_7_19,GSE17536,7,0.258673077161349,0.76419253097052,0.115644146396685,0.67968646356096
NULL_GSE17536_7_20,GSE17536,7,0.319105616057903,0.78887206863454,0.0334161742908474,0.565938313443073
NULL_GSE17536_10_1,GSE17536,10,0.371291095171511,0.81020894487913,0.183829774193127,0.726068817936704
NULL_GSE17536_10_2,GSE17536,10,0.27594231715319,0.773867622154331,0.0949647585508609,0.638926957064564
NULL_GSE17536_10_3,GSE17536,10,0.406828094090223,1.21697295671465,0.223993165489457,0.733107189008321
NULL_GSE17536_10_4,GSE17536,10,0.149909804816325,1.40764712652856,0.076664901348853,1.65424752123849
NULL_GSE17536_10_5,GSE17536,10,0.189507207076172,0.733917595608833,0.0990342616501585,0.673156256323849
NULL_GSE17536_10_6,GSE17536,10,0.475792536665873,0.844970828427884,0.181220439817372,0.67828367884539
NULL_GSE17536_10_7,GSE17536,10,0.308774856237568,0.783310666736481,0.103740184964905,0.662618800119297
NULL_GSE17536_10_8,GSE17536,10,0.314366588441577,1.26872663774733,0.272779864693256,1.295506667859
NULL_GSE17536_10_9,GSE17536,10,0.087876381441038,1.49997526429327,0.000786353172091032,2.65587093631602
NULL_GSE17536_10_10,GSE17536,10,0.82798183828045,1.05229804393454,0.108094870907184,0.676695504680872
NULL_GSE17536_10_11,GSE17536,10,0.276521680716275,0.773239251896317,0.00212422196589695,0.293821200099168
NULL_GSE17536_10_12,GSE17536,10,0.111379995191546,0.684405128456347,0.0524554930821906,0.619410102122463
NULL_GSE17536_10_13,GSE17536,10,0.305894925519136,1.27329726531851,0.274502420013268,0.749607114286284
NULL_GSE17536_10_14,GSE17536,10,0.199767083815761,1.35333019338806,0.137861773598444,1.41715097487729
NULL_GSE17536_10_15,GSE17536,10,0.653326870163215,1.11098643859228,0.293376816875808,1.29654694176668
NULL_GSE17536_10_16,GSE17536,10,0.499022532466287,0.85190043379105,0.0745301084624359,0.614913155067441
NULL_GSE17536_10_17,GSE17536,10,0.475985193189509,1.18205727089672,0.0161073234157282,0.550484664060636
NULL_GSE17536_10_18,GSE17536,10,0.190108929528732,0.732736617584041,0.000879451332971937,0.335733358013288
NULL_GSE17536_10_19,GSE17536,10,0.716956072312845,0.917996728919119,0.160179385998613,0.708739799417539
NULL_GSE17536_10_20,GSE17536,10,0.829156793369779,0.950541541163614,0.128152857254788,0.680683111389778
NULL_GSE17536_14_1,GSE17536,14,0.908594125388129,0.973456405072895,0.093161929761161,0.65930255907582
NULL_GSE17536_14_2,GSE17536,14,0.581347045166589,0.877806597977347,0.124758706912013,0.640220154154482
NULL_GSE17536_14_3,GSE17536,14,0.828463267951658,0.950172744746052,0.0379351195255366,0.56645206701923
NULL_GSE17536_14_4,GSE17536,14,0.601646855349759,0.884499799891537,0.25739778608632,0.748154397972019
NULL_GSE17536_14_5,GSE17536,14,0.616687601485249,0.889096426681899,0.322745608169208,1.26295048053435
NULL_GSE17536_14_6,GSE17536,14,0.197999102124194,0.737399526090281,0.128480646480934,0.700118157720308
NULL_GSE17536_14_7,GSE17536,14,0.581350491716784,0.877885283022621,0.140738223907416,1.42535815533682
NULL_GSE17536_14_8,GSE17536,14,0.494848829513775,0.851964719154941,0.0384561093167499,0.507298110009098
NULL_GSE17536_14_9,GSE17536,14,0.242939690492511,0.757326954676692,0.0104351253778008,0.547022851293326
NULL_GSE17536_14_10,GSE17536,14,0.784498261258852,0.937529035775235,0.0938053536994302,0.564606442998517
NULL_GSE17536_14_11,GSE17536,14,0.227406057588699,0.751828895998409,0.143460473404137,0.702854597349169
NULL_GSE17536_14_12,GSE17536,14,0.00818411442081246,0.523603221040109,0.00818411442081246,0.523603221040109
NULL_GSE17536_14_13,GSE17536,14,0.0971629521593271,0.673833207322961,0.0241163404879396,0.557029303559321
NULL_GSE17536_14_14,GSE17536,14,0.861515502157674,0.959683624486216,0.0831663723177085,0.63306587821022
NULL_GSE17536_14_15,GSE17536,14,0.44103676499309,1.20017575350804,0.317638257085173,0.761810809371252
NULL_GSE17536_14_16,GSE17536,14,0.0203184870838404,0.572335604284533,0.0203184870838404,0.572335604284533
NULL_GSE17536_14_17,GSE17536,14,0.50204002939846,1.17125003132368,0.176042039438222,1.40873468298561
NULL_GSE17536_14_18,GSE17536,14,0.817517866470906,0.946973956414453,0.32495683506361,0.751278760800373
NULL_GSE17536_14_19,GSE17536,14,0.191414902990244,0.733377794627248,0.0338167885017838,0.469197154370908
NULL_GSE17536_14_20,GSE17536,14,0.707540292101077,0.915811625300107,0.22968996196329,0.673942732341651
NULL_GSE17536_2_1,GSE17536,2,0.0106773829698315,1.8502359993401,0.00278442220036929,2.04139674498986
NULL_GSE17536_2_2,GSE17536,2,0.969842713327734,1.00889415557977,0.313826237308528,0.726363249656593
NULL_GSE17536_2_3,GSE17536,2,0.241547796907021,0.757626659511877,0.0178662333577618,0.535075044708983
NULL_GSE17536_2_4,GSE17536,2,0.0916703648471179,0.670597998056749,0.0295357994058329,0.564515524161168
NULL_GSE17536_2_5,GSE17536,2,0.916401475544558,1.02490701988629,0.181717547798793,0.698909657215309
NULL_GSE17536_2_6,GSE17536,2,0.809753931396148,0.945135676488393,0.121222811699894,0.675820284361887
NULL_GSE17536_2_7,GSE17536,2,0.321452099282631,1.2624711441537,0.10821078977565,1.56298309644185
NULL_GSE17536_2_8,GSE17536,2,0.588044118338209,0.879409970340929,0.313563303780029,1.27647666215552
NULL_GSE17536_2_9,GSE17536,2,0.537624195670754,0.863888619099901,0.113472672605168,0.568666211079353
NULL_GSE17536_2_10,GSE17536,2,0.758291585227666,1.07493435707088,0.40109661344651,0.820741961422649
NULL_GSE17536_2_11,GSE17536,2,0.989449816916703,1.00310104505227,0.26905048479282,1.33274689991475
NULL_GSE17536_2_12,GSE17536,2,0.940168037750018,0.982570343193696,0.0266072872153872,0.469606510944104
NULL_GSE17536_2_13,GSE17536,2,0.428147652818621,0.828903669943152,0.310703350840022,0.785551166968936
NULL_GSE17536_2_14,GSE17536,2,0.222366600107028,0.747880569390009,0.181987920772418,0.671753903709652
NULL_GSE17536_2_15,GSE17536,2,0.0944442018900808,0.672660147559483,0.0355328258847402,0.609534884135132
NULL_GSE17536_2_16,GSE17536,2,0.246867564750081,0.760052014523732,0.0997753842221435,0.659401031542385
NULL_GSE17536_2_17,GSE17536,2,0.511795398048815,1.16775780667789,0.326566271726115,0.790092979277873
NULL_GSE17536_2_18,GSE17536,2,0.650845037701734,1.11283602036433,0.0134918579203117,1.90312617614656
NULL_GSE17536_2_19,GSE17536,2,0.0262108686641072,1.70892823373484,0.0192476661771271,1.74163552035803
NULL_GSE17536_2_20,GSE17536,2,0.448380367917949,1.19468990904927,0.276264966637608,1.30515908780894
NULL_GSE17536_13_1,GSE17536,13,0.00413689224994565,0.498694288973282,0.000338998163947515,0.427637135359321
NULL_GSE17536_13_2,GSE17536,13,0.00609250319294564,0.507335223575654,0.00286753643485904,0.486385971959281
NULL_GSE17536_13_3,GSE17536,13,0.0528837210751688,0.628980380790188,0.0072579385270387,0.527296981391408
NULL_GSE17536_13_4,GSE17536,13,0.755612240451808,0.929690979335889,0.368716789639147,0.786473113045972
NULL_GSE17536_13_5,GSE17536,13,0.839581520226665,1.04898689880909,0.072262358551425,0.626989406752582
NULL_GSE17536_13_6,GSE17536,13,0.205768714531425,0.741905741915487,0.0808387861798718,0.654632840424977
NULL_GSE17536_13_7,GSE17536,13,0.486406459192634,0.84826440990804,0.245448547145049,0.728442799439778
NULL_GSE17536_13_8,GSE17536,13,0.904116689963405,1.02881064632261,0.0392910507241481,0.579527759957637
NULL_GSE17536_13_9,GSE17536,13,0.0250245902949912,0.582494499677085,0.0250245902949912,0.582494499677085
NULL_GSE17536_13_10,GSE17536,13,0.45504347594438,1.19344639832719,0.196322683722784,1.43152138670312
NULL_GSE17536_13_11,GSE17536,13,0.000602617764866034,0.419929461966398,0.000602617764866034,0.419929461966398
NULL_GSE17536_13_12,GSE17536,13,0.117096282965638,0.688157021610225,0.0444746083726013,0.607711608554831
NULL_GSE17536_13_13,GSE17536,13,0.771057507459816,0.933410461630387,0.42408862982787,0.821677993314311
NULL_GSE17536_13_14,GSE17536,13,0.346365407141804,0.800224602069135,0.175192647648315,0.678777689269615
NULL_GSE17536_13_15,GSE17536,13,0.498747283692875,1.17186261153949,0.136845315074498,0.670975376639094
NULL_GSE17536_13_16,GSE17536,13,0.784831485508403,1.06616097466854,0.130307122371843,1.47312554618817
NULL_GSE17536_13_17,GSE17536,13,0.193485219862439,0.733660443240645,0.0242671356455112,0.429386588224843
NULL_GSE17536_13_18,GSE17536,13,0.554206928044045,1.14899515987444,0.0510953279431681,1.6861007943965
NULL_GSE17536_13_19,GSE17536,13,0.0958179322299413,1.48154956859497,0.0181884433251326,1.98402681612009
NULL_GSE17536_13_20,GSE17536,13,0.489140877078385,0.84998363604738,0.0160209190913561,0.529865292875523
NULL_GSE17536_5_1,GSE17536,5,0.947048362401417,0.984569830584292,0.331549435581109,1.27470266231798
NULL_GSE17536_5_2,GSE17536,5,0.305167540425783,0.785297504850832,0.0732637535411286,0.542695795668532
NULL_GSE17536_5_3,GSE17536,5,0.148131150581603,1.40975443008488,0.148131150581603,1.40975443008488
NULL_GSE17536_5_4,GSE17536,5,0.120167457341375,0.692029271380343,0.0511758384982717,0.614916892374657
NULL_GSE17536_5_5,GSE17536,5,0.0285558674145591,0.593510282747413,0.00745724961000669,0.401625200187294
NULL_GSE17536_5_6,GSE17536,5,0.0620090424974436,0.639458098007007,0.049240956183858,0.630501371087934
NULL_GSE17536_5_7,GSE17536,5,0.682339849131073,1.10169831636205,0.341562011853634,1.25081909304978
NULL_GSE17536_5_8,GSE17536,5,0.0350783204813905,0.605502506514057,0.00705819644618378,0.514092135680874
NULL_GSE17536_5_9,GSE17536,5,0.351208346917698,1.24541932012962,0.12187061337968,0.589331949555358
NULL_GSE17536_5_10,GSE17536,5,0.872272553770156,0.963055343460822,0.494617921546175,0.811075894008483
NULL_GSE17536_5_11,GSE17536,5,0.227597363717705,0.749293645734019,0.0439589840736608,0.623547142571029
NULL_GSE17536_5_12,GSE17536,5,0.250142333610045,1.31373390814295,0.176918305503368,1.386212645407
NULL_GSE17536_5_13,GSE17536,5,0.267952544776899,0.768469713616288,0.251319572108873,0.762442067433314
NULL_GSE17536_5_14,GSE17536,5,0.545032107424702,1.15365088217812,0.225039039706039,0.688974102044582
NULL_GSE17536_5_15,GSE17536,5,0.755066044342732,1.07653133617204,0.467343394108942,1.21090672614263
NULL_GSE17536_5_16,GSE17536,5,0.322903765729036,0.792379085159236,0.00309376288508077,0.473083187878373
NULL_GSE17536_5_17,GSE17536,5,0.123601970724344,0.694916865576874,0.0534322844770071,0.59589032304647
NULL_GSE17536_5_18,GSE17536,5,0.856759571503112,1.04367256632185,0.0859320595290589,1.7598270110137
NULL_GSE17536_5_19,GSE17536,5,0.775722402075415,1.06956535513365,0.454593820893605,1.1959684160681
NULL_GSE17536_5_20,GSE17536,5,0.905555819361917,1.02823956764239,0.190530871485484,0.688248741412337
NULL_GSE17536_19_1,GSE17536,19,0.405840863702637,0.819147922951714,0.111349370611107,0.681419810791239
NULL_GSE17536_19_2,GSE17536,19,0.13627638630288,1.42581980098971,0.00571170329293601,2.03712185650028
NULL_GSE17536_19_3,GSE17536,19,0.42801414013289,1.20628829658355,0.189560379227386,0.650068508935614
NULL_GSE17536_19_4,GSE17536,19,0.470041079897811,0.844141072635652,0.0931048013198934,0.5976151199597
NULL_GSE17536_19_5,GSE17536,19,0.121946243979685,0.692991776002575,0.00986806022445538,0.538302031969782
NULL_GSE17536_19_6,GSE17536,19,0.13264265752208,0.700729497678335,0.0525657135523939,0.594371316187352
NULL_GSE17536_19_7,GSE17536,19,0.800894731826417,1.06138908963978,0.0712955154119792,1.68795773340197
NULL_GSE17536_19_8,GSE17536,19,0.0252275474398487,0.579898425490717,0.00202479141955897,0.482681445399134
NULL_GSE17536_19_9,GSE17536,19,0.0186182314717654,0.567153586909673,0.0127137484392681,0.465826963680411
NULL_GSE17536_19_10,GSE17536,19,0.268573717888651,0.771276665181751,0.106548532980731,0.644759298139467
NULL_GSE17536_19_11,GSE17536,19,0.11413972736395,0.68867755745596,0.0241095001408226,0.552707926098105
NULL_GSE17536_19_12,GSE17536,19,0.606106771147529,0.884928124063101,0.0893257140151889,0.545362008184645
NULL_GSE17536_19_13,GSE17536,19,0.720801938474183,0.919105163767293,0.0683319127643139,0.53641189351153
NULL_GSE17536_19_14,GSE17536,19,0.267802760151056,0.77035166467758,0.026464966341725,0.551373684952637
NULL_GSE17536_19_15,GSE17536,19,0.085560574407694,0.66517425899908,0.0515424431286114,0.629787818922021
NULL_GSE17536_19_16,GSE17536,19,0.165246682634997,0.719810231516694,0.00978513293676568,0.545527902197454
NULL_GSE17536_19_17,GSE17536,19,0.289863574776997,0.779551920649344,0.14915038194531,0.62316506117705
NULL_GSE17536_19_18,GSE17536,19,0.257081168547424,0.763506793323858,0.248882145832238,0.757553601738743
NULL_GSE17536_19_19,GSE17536,19,0.15321304407212,0.712929844052315,0.0395789500835946,0.46198486889983
NULL_GSE17536_19_20,GSE17536,19,0.0655420008483084,0.645003198635412,0.014758732483061,0.508601694516712
NULL_GSE17536_45_1,GSE17536,45,0.0417874349223601,0.612878302953774,0.0160671081440444,0.566683466546974
NULL_GSE17536_45_2,GSE17536,45,0.252629506418017,0.762326120385043,0.000313997266269144,0.419629906009092
NULL_GSE17536_45_3,GSE17536,45,0.575267672866359,1.14151564302502,0.288877272590059,0.769437656700445
NULL_GSE17536_45_4,GSE17536,45,0.051230157404078,0.624028688994511,0.0134877185856936,0.479326629515176
NULL_GSE17536_45_5,GSE17536,45,0.835012315785825,1.05062466863765,0.0272837174533586,0.552245101629912
NULL_GSE17536_45_6,GSE17536,45,0.122460170121417,0.689489906961585,0.0906873233060809,0.657352122333449
NULL_GSE17536_45_7,GSE17536,45,0.77166025666433,1.07119580627983,0.378031945913686,1.31191012074734
NULL_GSE17536_45_8,GSE17536,45,0.540042544878345,0.866178096019584,0.189375478284723,1.39895626731473
NULL_GSE17536_45_9,GSE17536,45,0.63040754456709,0.892606342964046,0.147167635062821,0.672827522462394
NULL_GSE17536_45_10,GSE17536,45,0.502568636383601,1.17184056340649,0.502568636383601,1.17184056340649
NULL_GSE17536_45_11,GSE17536,45,0.0708523368467087,0.647574241973763,0.00172805967636076,0.451358433707772
NULL_GSE17536_45_12,GSE17536,45,0.248668190541907,0.761334341940654,0.023858569121826,0.555804721183786
NULL_GSE17536_45_13,GSE17536,45,0.725299741075867,0.920956943618932,0.0338226310408123,0.498875503728326
NULL_GSE17536_45_14,GSE17536,45,0.193611306097367,0.73221350546333,0.0788223001880348,0.600256997402267
NULL_GSE17536_45_15,GSE17536,45,0.123426915961428,0.691439996476791,0.000418011443270892,0.412646088825172
NULL_GSE17536_45_16,GSE17536,45,0.911386864436747,0.973923208547729,0.160646721320182,0.676934139154044
NULL_GSE17536_45_17,GSE17536,45,0.0512979872230439,0.623951738583924,0.0210005430564648,0.578023955962594
NULL_GSE17536_45_18,GSE17536,45,0.0519240156732722,0.624825655535336,0.00117332786599359,0.463561980755125
NULL_GSE17536_45_19,GSE17536,45,0.0982277252632936,0.675806890139301,0.0263113597479827,0.579551549180728
NULL_GSE17536_45_20,GSE17536,45,0.219264497072008,0.747079663995099,0.219264497072008,0.747079663995099
NULL_GSE17536_20_1,GSE17536,20,0.111868389089558,0.681517366498686,0.0122027252450537,0.555154152611396
NULL_GSE17536_20_2,GSE17536,20,0.712998951372345,0.916791812997829,0.051686792931259,0.610865406626258
NULL_GSE17536_20_3,GSE17536,20,0.271489717454859,1.2984536319648,0.161245935384906,1.40724366675872
NULL_GSE17536_20_4,GSE17536,20,0.677929391477961,0.906486103103187,0.159925042520772,0.675657924494715
NULL_GSE17536_20_5,GSE17536,20,0.804996247268448,1.0600257961337,0.0654882092602094,1.79122163886373
NULL_GSE17536_20_6,GSE17536,20,0.884134127939311,0.966175824766419,0.0575808143692438,0.523021128711214
NULL_GSE17536_20_7,GSE17536,20,0.480786468297991,0.847398756035568,0.072918832621612,0.630571365430235
NULL_GSE17536_20_8,GSE17536,20,0.384289051457998,0.814047367820536,0.102610661121524,0.633901148652777
NULL_GSE17536_20_9,GSE17536,20,0.683117297882186,0.908637810697963,0.0107917579252153,0.383938910405725
NULL_GSE17536_20_10,GSE17536,20,0.387590164637937,0.814725766235748,0.26058886376529,1.39319202841948
NULL_GSE17536_20_11,GSE17536,20,0.169400441907567,1.38550446694167,0.130569934932784,1.42622313017702
NULL_GSE17536_20_12,GSE17536,20,0.364578667834926,1.23691292665536,0.228225652864517,0.715725761140827
NULL_GSE17536_20_13,GSE17536,20,0.59165014690839,1.13465164549234,0.123878710370582,1.45722829738858
NULL_GSE17536_20_14,GSE17536,20,0.363957322573421,1.23968322719755,0.251292538148899,0.754890884680505
NULL_GSE17536_20_15,GSE17536,20,0.586094529927603,0.880170611283416,0.16504581019321,0.684505692815063
NULL_GSE17536_20_16,GSE17536,20,0.204399066608661,0.741580456756475,0.118395031670328,0.692514892606037
NULL_GSE17536_20_17,GSE17536,20,0.264040583377138,0.766374104181764,0.0531385737807386,0.600335334523139
NULL_GSE17536_20_18,GSE17536,20,0.681609989892337,0.907601822167873,0.0888342635165996,0.661350234385921
NULL_GSE17536_20_19,GSE17536,20,0.714821117764321,0.917318127032216,0.181144297621369,0.702229615207906
NULL_GSE17536_20_20,GSE17536,20,0.588068882597278,0.880585743042893,0.00786270637854485,0.53292633040847
NULL_GSE17536_22_1,GSE17536,22,0.381523952920309,1.22970290444714,0.0509927844307039,1.67217420282914
NULL_GSE17536_22_2,GSE17536,22,0.929454160297058,1.02112448730489,0.243212791651765,1.40352825242792
NULL_GSE17536_22_3,GSE17536,22,0.387944086883316,1.22516893294053,0.295077723233101,1.27943005564344
NULL_GSE17536_22_4,GSE17536,22,0.982713791876782,0.994938910715137,0.175953901386471,0.660464979399442
NULL_GSE17536_22_5,GSE17536,22,0.663835720528268,0.903097445571384,0.167021224248838,0.710774745165394
NULL_GSE17536_22_6,GSE17536,22,0.68381102224419,0.908974273248629,0.149642921166663,1.44586744941413
NULL_GSE17536_22_7,GSE17536,22,0.168412441520714,0.720309072266832,0.0457476540238007,0.585379849268756
NULL_GSE17536_22_8,GSE17536,22,0.0355204092067299,0.60126906776036,0.000443872034615665,0.40848130599682
NULL_GSE17536_22_9,GSE17536,22,0.0291139149969181,0.591618280533804,0.0035807679043698,0.477969266399995
NULL_GSE17536_22_10,GSE17536,22,0.0514614502005585,0.630143629797403,0.00623492759434264,0.49528322198334
NULL_GSE17536_22_11,GSE17536,22,0.346244459196714,0.800133493294302,0.22190279761341,0.679032694467189
NULL_GSE17536_22_12,GSE17536,22,0.826371629336565,0.949517200490649,0.399254009888317,1.2272088686199
NULL_GSE17536_22_13,GSE17536,22,0.37343905981731,0.811210361169294,0.035044761452497,0.533065033888431
NULL_GSE17536_22_14,GSE17536,22,0.864238829377939,1.04114757319103,0.23757885059987,1.39949940777837
NULL_GSE17536_22_15,GSE17536,22,0.153066381923198,1.39977225514261,0.0475991862753709,1.61854426189434
NULL_GSE17536_22_16,GSE17536,22,0.471762364070841,1.18523939057405,0.0354836824032345,1.75687144663845
NULL_GSE17536_22_17,GSE17536,22,0.69400213902401,1.09735078431896,0.444498476943241,0.833478794507025
NULL_GSE17536_22_18,GSE17536,22,0.0391569365454714,0.609696320636546,0.0391569365454714,0.609696320636546
NULL_GSE17536_22_19,GSE17536,22,0.276319220212399,0.773466474459327,0.0178098287883441,0.565765390761358
NULL_GSE17536_22_20,GSE17536,22,0.00511405646990576,0.509176203790156,0.000486185387161499,0.429858963406378
NULL_GSE17536_42_1,GSE17536,42,0.252958750009105,0.762330617755177,0.059404286708322,0.510446559736868
NULL_GSE17536_42_2,GSE17536,42,0.0645104678144327,0.642434265416777,0.0346844682803534,0.60745734070688
NULL_GSE17536_42_3,GSE17536,42,0.618777146446353,0.889915009980108,0.534700059030697,0.863141141857162
NULL_GSE17536_42_4,GSE17536,42,0.583139550121194,0.879289777881412,0.301518754878502,0.785051219696812
NULL_GSE17536_42_5,GSE17536,42,0.167393279970656,0.721003363998015,0.074538375883605,0.657290844135562
NULL_GSE17536_42_6,GSE17536,42,0.906805332193882,0.972772331270407,0.0800547451333379,0.625792232472958
NULL_GSE17536_42_7,GSE17536,42,0.705020086309066,1.09289801823231,0.537989594709885,0.850311618178491
NULL_GSE17536_42_8,GSE17536,42,0.662760329522625,1.10769941200601,0.0361743699707479,0.489603269343077
NULL_GSE17536_42_9,GSE17536,42,0.724151385818078,0.919892208548774,0.34233269420169,0.784176169661586
NULL_GSE17536_42_10,GSE17536,42,0.629181791232281,0.892336999791493,0.0239475233611156,0.518939618561828
NULL_GSE17536_42_11,GSE17536,42,0.0306244741977983,0.596089760707498,0.01920485539934,0.534083676222236
NULL_GSE17536_42_12,GSE17536,42,0.521159730153981,1.16402880286286,0.218172418118814,0.715419326707353
NULL_GSE17536_42_13,GSE17536,42,0.0859782351258926,0.664197859491936,0.0104152288462644,0.491350510929887
NULL_GSE17536_42_14,GSE17536,42,0.785258158323594,0.937722788351122,0.0956836369519952,0.640387235932721
NULL_GSE17536_42_15,GSE17536,42,0.224084488151143,0.748176637013096,0.0102689166362609,0.334127091839462
NULL_GSE17536_42_16,GSE17536,42,0.0920178026861277,0.67079476221193,0.0737792367478815,0.619381702355064
NULL_GSE17536_42_17,GSE17536,42,0.511618521078252,0.856223547119438,0.303830447988123,0.783334777926153
NULL_GSE17536_42_18,GSE17536,42,0.0347418201560984,0.601808067283603,0.0196578641209431,0.562220923986285
NULL_GSE17536_42_19,GSE17536,42,0.454134927489813,0.838372222217317,0.0129244581461054,0.52423254897702
NULL_GSE17536_42_20,GSE17536,42,0.318394091134205,0.789077367591772,0.0714398018060204,0.655089032318898
NULL_GSE17536_16_1,GSE17536,16,0.386276510012068,0.814936263080833,0.0181979880100797,0.390549750712527
NULL_GSE17536_16_2,GSE17536,16,0.186051180295112,1.36747056939335,0.0362584030638988,1.76869215638885
NULL_GSE17536_16_3,GSE17536,16,0.63576524366085,0.894170586020697,0.178379720499532,0.669757732902241
NULL_GSE17536_16_4,GSE17536,16,0.789510838295943,1.06499343610979,0.562013217765979,0.86525363096276
NULL_GSE17536_16_5,GSE17536,16,0.874530059420882,1.03794733139399,0.145841313441437,1.58549630301893
NULL_GSE17536_16_6,GSE17536,16,0.402498826501431,1.21916156100935,0.214676640493106,1.35511774998345
NULL_GSE17536_16_7,GSE17536,16,0.0960986999917114,1.48673581348451,0.0900609944697371,1.49276789546342
NULL_GSE17536_16_8,GSE17536,16,0.109184351711533,0.685216920391479,0.0747528881041712,0.652161194951302
NULL_GSE17536_16_9,GSE17536,16,0.555165898143989,1.14849779228747,0.0911296780824875,1.74057107470195
NULL_GSE17536_16_10,GSE17536,16,0.0330390336686039,0.597154493515178,0.00839685440308992,0.493952201586796
NULL_GSE17536_16_11,GSE17536,16,0.558173145213707,0.871322402472955,0.18521530719044,0.731542294269143
NULL_GSE17536_16_12,GSE17536,16,0.0457492571339156,0.62008479173505,0.00146218881993408,0.474126548963994
NULL_GSE17536_16_13,GSE17536,16,0.820069588932613,1.05503416825035,0.453101028086883,1.21641312731883
NULL_GSE17536_16_14,GSE17536,16,0.337290486795669,0.798277154197838,0.00166618550715374,0.440290899819629
NULL_GSE17536_16_15,GSE17536,16,0.525472670748294,0.861546746678798,0.173750032491115,0.690233549976948
NULL_GSE17536_16_16,GSE17536,16,0.0370193757583031,0.608603968922475,0.0365957641340834,0.612591382920548
NULL_GSE17536_16_17,GSE17536,16,0.116442998897594,0.68828446033283,0.0145967400127648,0.561697129091419
NULL_GSE17536_16_18,GSE17536,16,0.271177548668129,1.29489257817036,0.124830049116749,1.44436286986399
NULL_GSE17536_16_19,GSE17536,16,0.611520289747437,0.886808255744983,0.14765192392529,0.711766415702091
NULL_GSE17536_16_20,GSE17536,16,0.686232661593764,0.909022041897007,0.0191514926825258,0.543619761974525
NULL_GSE17536_18_1,GSE17536,18,0.783481880870954,0.937067672533905,0.0323015358376957,0.573720019953175
NULL_GSE17536_18_2,GSE17536,18,0.180388690168159,0.723936883789187,0.0452160442363984,0.471273030625091
NULL_GSE17536_18_3,GSE17536,18,0.110283564652846,1.46010058118907,0.110283564652846,1.46010058118907
NULL_GSE17536_18_4,GSE17536,18,0.400806549023811,1.21962398574972,0.0995443984856391,1.49351846717028
NULL_GSE17536_18_5,GSE17536,18,0.00380084242249692,2.00835799442397,0.0017649562201085,2.09962103586801
NULL_GSE17536_18_6,GSE17536,18,0.268277317826739,0.769435556153605,0.0146106194830144,0.39983702213201
NULL_GSE17536_18_7,GSE17536,18,0.824320521982812,1.05357992315138,0.20384979563899,1.51707529399482
NULL_GSE17536_18_8,GSE17536,18,0.992834956684422,0.997898847534941,0.136331930208036,1.47092678960829
NULL_GSE17536_18_9,GSE17536,18,0.748087284992744,0.927033840197228,0.493400561909284,1.20118907418204
NULL_GSE17536_18_10,GSE17536,18,0.701716008124245,0.91323043905626,0.140964977703298,0.698491167720722
NULL_GSE17536_18_11,GSE17536,18,0.812661915668579,1.05759687503011,0.189261105779039,0.703356931232593
NULL_GSE17536_18_12,GSE17536,18,0.362967420742574,0.805821696462367,0.0111350187952388,0.363654325572314
NULL_GSE17536_18_13,GSE17536,18,0.857362150227137,0.958492402075426,0.449518442768838,0.825972615053005
NULL_GSE17536_18_14,GSE17536,18,0.173069130486621,0.723614366791992,0.122163314968706,0.681534623135329
NULL_GSE17536_18_15,GSE17536,18,0.656972095898094,1.10968373293362,0.138961523016274,1.44065934515414
NULL_GSE17536_18_16,GSE17536,18,0.449209820859799,1.19428522211953,0.232230796705627,1.3569789472783
NULL_GSE17536_18_17,GSE17536,18,0.905266521763876,0.972489790153077,0.0758790702049629,0.513654705992053
NULL_GSE17536_18_18,GSE17536,18,0.754224584975905,0.929242956531979,0.216606803205334,0.729287871989161
NULL_GSE17536_18_19,GSE17536,18,0.262128056512921,1.30510902848908,0.165477869366001,0.623224294817674
NULL_GSE17536_18_20,GSE17536,18,0.0118201448507508,0.54133221731131,0.00516740185402954,0.516114039485153
NULL_GSE17537_4_1,GSE17537,4,0.177586061942015,1.85541193645692,0.175881719403231,1.8900431851115
NULL_GSE17537_4_2,GSE17537,4,0.51170632417324,1.34341392718226,0.0880464484640021,2.15866599994162
NULL_GSE17537_4_3,GSE17537,4,0.348244680985706,1.52615049527204,0.117728242956321,2.40335366872631
NULL_GSE17537_4_4,GSE17537,4,0.948891000124836,1.02909791842638,0.209516003935129,0.392140739121972
NULL_GSE17537_4_5,GSE17537,4,0.892051419430716,1.06259162565441,0.436665640329437,0.669084791348335
NULL_GSE17537_4_6,GSE17537,4,0.177197361260514,1.85224716255934,0.0610888167555401,4.04691711296298
NULL_GSE17537_4_7,GSE17537,4,0.350621442932827,0.652485708055222,0.215156929368886,0.57242567487734
NULL_GSE17537_4_8,GSE17537,4,0.0876193586971156,2.23148763860784,0.0466088722965683,2.48628058783155
NULL_GSE17537_4_9,GSE17537,4,0.316882445544839,1.56935632544486,0.102040746335963,2.23691576901545
NULL_GSE17537_4_10,GSE17537,4,0.15901117964899,0.516370801059815,0.137810193179079,0.464279229401206
NULL_GSE17537_4_11,GSE17537,4,0.521495359468344,1.33413141061364,0.0016600976860307,4.14970992181916
NULL_GSE17537_4_12,GSE17537,4,0.307472331214268,0.627305883632317,0.263101970683799,0.606019940842747
NULL_GSE17537_4_13,GSE17537,4,0.179288819510524,0.532387310751162,0.0182963720207846,0.343635350684071
NULL_GSE17537_4_14,GSE17537,4,0.643120681432078,1.23161910465621,0.441190276530666,0.686580980637797
NULL_GSE17537_4_15,GSE17537,4,0.102844103904641,0.465111344343595,0.01731335866756,0.169380107019765
NULL_GSE17537_4_16,GSE17537,4,0.0848143545242204,0.444798799690414,0.0654225900318847,0.430188504885196
NULL_GSE17537_4_17,GSE17537,4,0.266843080169286,0.602201295697462,0.093152918864226,0.464276755739728
NULL_GSE17537_4_18,GSE17537,4,0.915060099107709,1.04886530248293,0.456803534351935,1.51640609277726
NULL_GSE17537_4_19,GSE17537,4,0.211955743985351,1.76959863118738,0.0531198372275473,3.36427142498722
NULL_GSE17537_4_20,GSE17537,4,0.84409419169336,0.915361448325382,0.380397863380905,1.57340787059509
NULL_GSE17537_11_1,GSE17537,11,0.821623931778532,0.90354132123409,0.326212607542111,1.66115197808304
NULL_GSE17537_11_2,GSE17537,11,0.197901872080683,1.80094422133582,0.00704835777968668,3.43790639569213
NULL_GSE17537_11_3,GSE17537,11,0.818659528083676,0.902035626286908,0.113564463370382,2.16731762322715
NULL_GSE17537_11_4,GSE17537,11,0.636441340334878,1.23568756731728,0.293215081861454,1.72382964798903
NULL_GSE17537_11_5,GSE17537,11,0.0689273447649534,2.3485736084747,0.0689273447649534,2.3485736084747
NULL_GSE17537_11_6,GSE17537,11,0.224438414748385,1.7424652928147,0.11886831565926,2.1445817828331
NULL_GSE17537_11_7,GSE17537,11,0.456497752924087,0.711796672809134,0.0539429908352324,0.340287343255974
NULL_GSE17537_11_8,GSE17537,11,0.0525334450635906,0.387925022687747,0.0525334450635906,0.387925022687747
NULL_GSE17537_11_9,GSE17537,11,0.04068311280977,2.61837282891877,0.000803612510055578,4.76573376734037
NULL_GSE17537_11_10,GSE17537,11,0.581561109956934,0.780436380608447,0.222777601081605,0.55127958807867
NULL_GSE17537_11_11,GSE17537,11,0.126873306911143,2.01145708538406,0.126873306911143,2.01145708538406
NULL_GSE17537_11_12,GSE17537,11,0.201626307707656,1.79199104359024,0.0679166727741644,3.90551257522585
NULL_GSE17537_11_13,GSE17537,11,0.905352226383669,1.05474544695409,0.455920891480566,1.47027239019353
NULL_GSE17537_11_14,GSE17537,11,0.971489725711506,1.01614340120012,0.172073901677179,0.361005343548933
NULL_GSE17537_11_15,GSE17537,11,0.216961134753755,0.560212728780061,0.101009779771278,0.294372536938556
NULL_GSE17537_11_16,GSE17537,11,0.139351512332462,0.499734554811168,0.0254407378152409,0.365115847793212
NULL_GSE17537_11_17,GSE17537,11,0.786495303924947,1.12894202405241,0.181480585459707,2.70859460146653
NULL_GSE17537_11_18,GSE17537,11,0.796161581281596,0.890336034994031,0.121653007032981,0.50026157937212
NULL_GSE17537_11_19,GSE17537,11,0.428102191217208,0.696394996763133,0.301150622112143,1.70725113087909
NULL_GSE17537_11_20,GSE17537,11,0.150491918247514,1.93193846437884,0.0505141589195992,2.60683686678815
NULL_GSE17537_8_1,GSE17537,8,0.90141878150983,1.05709700385283,0.262867466981857,0.591322406657848
NULL_GSE17537_8_2,GSE17537,8,0.427315786899512,1.42936495558675,0.177274147871632,0.365578081844178
NULL_GSE17537_8_3,GSE17537,8,0.766684662642943,0.875047074840795,0.176053660583028,1.93923869232871
NULL_GSE17537_8_4,GSE17537,8,0.14060060326416,1.96556136471284,0.14060060326416,1.96556136471284
NULL_GSE17537_8_5,GSE17537,8,0.238064782883968,0.574988903489979,0.182671145395344,0.521684634040422
NULL_GSE17537_8_6,GSE17537,8,0.257963474979889,0.596332717600008,0.0537282654476973,0.421080349032598
NULL_GSE17537_8_7,GSE17537,8,0.859771404353726,0.923646401738243,0.440713735512491,0.707064795596837
NULL_GSE17537_8_8,GSE17537,8,0.120111531661196,0.482331114078002,0.078626973089891,0.269441587998168
NULL_GSE17537_8_9,GSE17537,8,0.134458357172608,1.98379106855967,0.0550651787850518,2.55675901954082
NULL_GSE17537_8_10,GSE17537,8,0.295665782128573,0.619820035497805,0.263141422948408,0.599557213027739
NULL_GSE17537_8_11,GSE17537,8,0.168207931811317,0.523214925579338,0.00657637837703593,0.29277552771745
NULL_GSE17537_8_12,GSE17537,8,0.195136587951821,0.553049333848142,0.0079620869647048,0.286250690747646
NULL_GSE17537_8_13,GSE17537,8,0.130194801211074,0.491461473949693,0.100724255693065,0.477943858227441
NULL_GSE17537_8_14,GSE17537,8,0.0622995146946291,2.40415881850881,0.0046602703681327,3.71718950914495
NULL_GSE17537_8_15,GSE17537,8,0.84134761304763,1.09372821114491,0.225235827072429,0.565997209208952
NULL_GSE17537_8_16,GSE17537,8,0.811978019084327,1.11226821307191,0.166582285018192,1.9139962927196
NULL_GSE17537_8_17,GSE17537,8,0.619066543018434,0.799693483088468,0.175044350524666,0.515723668050957
NULL_GSE17537_8_18,GSE17537,8,0.0428847990528291,2.59382312510575,0.0147866651509293,3.15777795844004
NULL_GSE17537_8_19,GSE17537,8,0.418921979407486,0.69119449222198,0.137112243864236,0.511933029128038
NULL_GSE17537_8_20,GSE17537,8,0.0417475732173561,2.60743707853202,0.0143118824391902,3.17495954288166
NULL_GSE17537_6_1,GSE17537,6,0.148692692168912,0.507645324405104,0.137344842222231,0.507115012808063
NULL_GSE17537_6_2,GSE17537,6,0.0844469564004504,2.24803141148618,0.0206373371955654,2.83602162982918
NULL_GSE17537_6_3,GSE17537,6,0.0556953364872581,0.392334898411105,0.0101779687719553,0.0713754983908718
NULL_GSE17537_6_4,GSE17537,6,0.0979288074808596,2.17723406957392,0.0719720674593572,2.25503799231513
NULL_GSE17537_6_5,GSE17537,6,0.10673334086066,0.469088676432782,0.0233220135551248,0.309217455375394
NULL_GSE17537_6_6,GSE17537,6,0.41338485298023,1.44516928046974,0.0226721499101872,2.93260987805825
NULL_GSE17537_6_7,GSE17537,6,0.109398427466784,2.11877945297573,0.0435074996665099,3.09439323592931
NULL_GSE17537_6_8,GSE17537,6,0.180431276580447,1.84746758735266,0.0537762793071698,2.39091363390719
NULL_GSE17537_6_9,GSE17537,6,0.763178547859854,1.14429893289934,0.142994490589562,0.488666458056763
NULL_GSE17537_6_10,GSE17537,6,0.561998009178169,0.770319229377382,0.146922526444009,0.491704130961517
NULL_GSE17537_6_11,GSE17537,6,0.911472994426321,1.05103429628748,0.406359509204641,1.53689342927551
NULL_GSE17537_6_12,GSE17537,6,0.291343307886549,0.617244561330684,0.0974108846585809,0.473369342347414
NULL_GSE17537_6_13,GSE17537,6,0.494766686146758,1.3594160818363,0.203037601890295,1.81733342572422
NULL_GSE17537_6_14,GSE17537,6,0.225604823997387,1.73936419030272,0.00297765738199419,3.95103579042952
NULL_GSE17537_6_15,GSE17537,6,0.453371881758134,0.710096008932433,0.199035525821758,0.533744175712514
NULL_GSE17537_6_16,GSE17537,6,0.638825833132023,0.809612684436338,0.241925317240716,0.417659290027317
NULL_GSE17537_6_17,GSE17537,6,0.899692572227449,1.05806423570312,0.200083803051604,1.87239159671831
NULL_GSE17537_6_18,GSE17537,6,0.219603887030391,1.75172404414558,0.0297840545852446,2.78215307302412
NULL_GSE17537_6_19,GSE17537,6,0.859650514329149,1.08234228095716,0.484401913373731,1.38821359705986
NULL_GSE17537_6_20,GSE17537,6,0.767358813423358,0.875117082048798,0.318781563927349,0.63304865536886
NULL_GSE17537_15_1,GSE17537,15,0.144324358884886,1.95123438928484,0.0207471549459749,3.04101083439855
NULL_GSE17537_15_2,GSE17537,15,0.151817784673785,1.92935645607801,0.0497500466025674,3.42889140116186
NULL_GSE17537_15_3,GSE17537,15,0.79909036835286,1.12061097449092,0.0963921504390192,0.181501256919598
NULL_GSE17537_15_4,GSE17537,15,0.0583845386643094,0.396146033210637,0.0370918563268448,0.210802527732275
NULL_GSE17537_15_5,GSE17537,15,0.66570714518121,1.21330148681158,0.148892290346146,2.47203507593685
NULL_GSE17537_15_6,GSE17537,15,0.349346679626308,1.52385759931238,0.000302055698177832,5.34390946468619
NULL_GSE17537_15_7,GSE17537,15,0.619205281105217,0.79967279383906,0.0712595619067945,0.445383153810696
NULL_GSE17537_15_8,GSE17537,15,0.45879185621045,1.3955078429236,0.105383205076782,2.47682457735163
NULL_GSE17537_15_9,GSE17537,15,0.921771150324587,1.04493849868734,0.165260471129134,2.81529800925405
NULL_GSE17537_15_10,GSE17537,15,0.0356160330227765,0.35787160086156,0.00204632454479932,0.24305227631617
NULL_GSE17537_15_11,GSE17537,15,0.0544175997894827,0.390631427777763,0.0544175997894827,0.390631427777763
NULL_GSE17537_15_12,GSE17537,15,0.491791834955565,0.730537152678948,0.346656027735561,0.6148961955063
NULL_GSE17537_15_13,GSE17537,15,0.377984332013161,1.48791044267644,0.141509036940685,2.51559380357282
NULL_GSE17537_15_14,GSE17537,15,0.18714336651112,1.82644499997119,0.0653658846533487,2.28210010623691
NULL_GSE17537_15_15,GSE17537,15,0.899793222878441,1.05795995886703,0.367586916272311,1.65541734527059
NULL_GSE17537_15_16,GSE17537,15,0.177666285350846,1.85247634252589,0.031116203806329,2.76060655138733
NULL_GSE17537_15_17,GSE17537,15,0.754436788517676,1.15027043186006,0.090044518625888,2.29139688626107
NULL_GSE17537_15_18,GSE17537,15,0.391155158329321,1.47111200447495,0.150051951529687,1.96922184669461
NULL_GSE17537_15_19,GSE17537,15,0.185202373315223,1.83547137214578,0.0242376877561391,5.38245882818897
NULL_GSE17537_15_20,GSE17537,15,0.138897922619234,0.499088898495697,0.130717092174076,0.501353088835133
NULL_GSE17537_3_1,GSE17537,3,0.661549535049255,0.821298934445374,0.193227351293803,0.482879210750446
NULL_GSE17537_3_2,GSE17537,3,0.201427438985597,1.79342569285869,0.100692992293782,2.50831819418911
NULL_GSE17537_3_3,GSE17537,3,0.562235036509999,1.29760450816697,0.0915960085797248,2.57067310699629
NULL_GSE17537_3_4,GSE17537,3,0.175925451713888,0.529657972959483,0.0402527213706845,0.276397860172499
NULL_GSE17537_3_5,GSE17537,3,0.192160794811925,1.81542721611688,0.0122887622648962,3.28009187481473
NULL_GSE17537_3_6,GSE17537,3,0.0620117024325062,2.40244660667074,0.00374674655854623,3.9186219661518
NULL_GSE17537_3_7,GSE17537,3,0.960381909568896,1.02248393414625,0.0890854168360938,2.59070805691739
NULL_GSE17537_3_8,GSE17537,3,0.968451553779135,1.01785273654211,0.144239889482737,0.48893641412439
NULL_GSE17537_3_9,GSE17537,3,0.0198592030967463,3.12824063513802,0.00156530614031347,4.20407781495524
NULL_GSE17537_3_10,GSE17537,3,0.621742581047413,0.800895640298005,0.230831047450223,0.556827012165701
NULL_GSE17537_3_11,GSE17537,3,0.621873540750462,1.24827977001554,0.231573966055613,0.538849893587743
NULL_GSE17537_3_12,GSE17537,3,0.956951724431831,1.02444048362372,0.257752587412116,1.70026644651633
NULL_GSE17537_3_13,GSE17537,3,0.923477198569783,1.04390265555037,0.121530520628207,2.37955772079101
NULL_GSE17537_3_14,GSE17537,3,0.0211650757494185,3.08726310138114,0.00700950682113346,3.74540739399831
NULL_GSE17537_3_15,GSE17537,3,0.13986880573006,1.96568227861335,0.0662115817221921,2.3051275980519
NULL_GSE17537_3_16,GSE17537,3,0.893545537993189,1.06170939171423,0.11204425850122,0.488967564542452
NULL_GSE17537_3_17,GSE17537,3,0.645317707866894,0.81304090143965,0.510566189156179,0.6622126220818
NULL_GSE17537_3_18,GSE17537,3,0.669343883074931,0.825092533664612,0.40099316317917,1.6936686130957
NULL_GSE17537_3_19,GSE17537,3,0.318581086893788,0.634194843900971,0.0887339339329291,0.464813283450942
NULL_GSE17537_3_20,GSE17537,3,0.409179551964697,0.686064487889533,0.275720811111243,0.50512632031588
NULL_GSE17537_9_1,GSE17537,9,0.702586178372127,0.842204285126113,0.0303121792055051,0.256826966827963
NULL_GSE17537_9_2,GSE17537,9,0.208829819377087,1.77611589240072,0.208829819377087,1.77611589240072
NULL_GSE17537_9_3,GSE17537,9,0.427355807248214,0.69599950915186,0.296194294664928,0.582985602694687
NULL_GSE17537_9_4,GSE17537,9,0.372930254190026,0.665615300225269,0.0470450559022062,0.410951726882892
NULL_GSE17537_9_5,GSE17537,9,0.260285919439444,1.67236045035111,0.199234132972738,2.2364889433265
NULL_GSE17537_9_6,GSE17537,9,0.0135921240955682,3.34798764145518,0.000442577538807208,5.09445699858553
NULL_GSE17537_9_7,GSE17537,9,0.1308236159766,0.492039772488548,0.109670959508278,0.408532134929213
NULL_GSE17537_9_8,GSE17537,9,0.31862386845792,0.634157780186909,0.21527920825059,0.546052568365131
NULL_GSE17537_9_9,GSE17537,9,0.985237719156198,1.0083218769728,0.20242646610864,0.490227347355443
NULL_GSE17537_9_10,GSE17537,9,0.164264337083491,1.88971623237369,0.00291965607088321,3.87929135497172
NULL_GSE17537_9_11,GSE17537,9,0.249100099994137,1.69326751392248,0.0689259697986099,2.29909712563408
NULL_GSE17537_9_12,GSE17537,9,0.117640199376444,0.479872358665055,0.117640199376444,0.479872358665055
NULL_GSE17537_9_13,GSE17537,9,0.388130554991041,0.674120702918338,0.0749621482374017,0.449848498125588
NULL_GSE17537_9_14,GSE17537,9,0.112038037777181,0.473878109832574,0.0344353970279028,0.265294877217397
NULL_GSE17537_9_15,GSE17537,9,0.672253708281984,0.826689984553193,0.266540944071984,0.49842861387845
NULL_GSE17537_9_16,GSE17537,9,0.409464006498348,0.686201117699115,0.244205801271186,0.41969571715482
NULL_GSE17537_9_17,GSE17537,9,0.82843251257876,0.90714634238881,0.449268023324862,0.67643516295939
NULL_GSE17537_9_18,GSE17537,9,0.539734296979,1.31810057645226,0.274018907939077,1.6337459136157
NULL_GSE17537_9_19,GSE17537,9,0.136004477842872,2.01277999074736,0.0830142759159567,2.17405899130892
NULL_GSE17537_9_20,GSE17537,9,0.682222460324875,0.831714244232121,0.129227038477813,0.427767701405665
NULL_GSE17537_50_1,GSE17537,50,0.0422060579347646,0.370862981382439,0.0350282721375576,0.371152128886215
NULL_GSE17537_50_2,GSE17537,50,0.52974554930683,1.3265595104234,0.226476516234076,1.80571621663336
NULL_GSE17537_50_3,GSE17537,50,0.668654597045138,1.21115318627706,0.360932874907454,1.50854468971774
NULL_GSE17537_50_4,GSE17537,50,0.180941788408979,0.533919678368615,0.0976388623677162,0.469397105353696
NULL_GSE17537_50_5,GSE17537,50,0.27332590836019,1.6376854350135,0.0455561405842223,2.6600661011767
NULL_GSE17537_50_6,GSE17537,50,0.586478306458677,1.27571571983377,0.107245055611356,2.0933276556467
NULL_GSE17537_50_7,GSE17537,50,0.7843166046267,1.13024567774867,0.430306946977493,1.43387844029242
NULL_GSE17537_50_8,GSE17537,50,0.377774119151798,0.668359336418832,0.135629468432537,0.510682395551288
NULL_GSE17537_50_9,GSE17537,50,0.768632226926762,0.876089677852475,0.195814600021986,0.531683673103243
NULL_GSE17537_50_10,GSE17537,50,0.739504928093249,0.86110608106352,0.341555031638993,0.62861659625037
NULL_GSE17537_50_11,GSE17537,50,0.388725293455808,0.674664372827992,0.111547663876842,0.368948444862313
NULL_GSE17537_50_12,GSE17537,50,0.338832175289349,1.53766959554146,0.338832175289349,1.53766959554146
NULL_GSE17537_50_13,GSE17537,50,0.426822721702154,1.4297435861602,0.216127920174688,0.559336651549532
NULL_GSE17537_50_14,GSE17537,50,0.60813312903657,0.793998771161605,0.251384351853138,0.58372422805843
NULL_GSE17537_50_15,GSE17537,50,0.169457803942485,1.87660045770649,0.0760289181945393,2.22992129065409
NULL_GSE17537_50_16,GSE17537,50,0.82228225125492,0.90393769158189,0.198657248533852,1.80340151823673
NULL_GSE17537_50_17,GSE17537,50,0.504918953162486,0.737467494047896,0.0815747422781143,0.272824833549086
NULL_GSE17537_50_18,GSE17537,50,0.351122163385757,1.52178915578895,0.180430824721938,1.87566184413356
NULL_GSE17537_50_19,GSE17537,50,0.729798689426257,1.16712598784042,0.0447503254031467,2.5219374649851
NULL_GSE17537_50_20,GSE17537,50,0.982849479896306,1.00967123759058,0.153152532536227,0.408435909183786
NULL_GSE17537_12_1,GSE17537,12,0.869825842839538,0.928834596611228,0.0910976751791251,0.283599289672848
NULL_GSE17537_12_2,GSE17537,12,0.0148580894001123,0.283037140312908,0.0124541850035176,0.245738209692508
NULL_GSE17537_12_3,GSE17537,12,0.409362001765247,1.44968403805747,0.00936074988122174,3.22375934880052
NULL_GSE17537_12_4,GSE17537,12,0.706440038258986,0.844203157615606,0.102396983428239,0.481572079337572
NULL_GSE17537_12_5,GSE17537,12,0.0922239165343159,0.4536079858748,0.00259848840653599,0.250944935030343
NULL_GSE17537_12_6,GSE17537,12,0.462708163429123,1.39263384701099,0.239990810559483,1.83671597388219
NULL_GSE17537_12_7,GSE17537,12,0.883172309218921,1.06796662928856,0.0268524376002225,2.82808154584092
NULL_GSE17537_12_8,GSE17537,12,0.369086643228962,0.663582149722264,0.0123273646320463,0.322595574623319
NULL_GSE17537_12_9,GSE17537,12,0.463382731962109,1.39072887223778,0.442177024171689,0.672085334058803
NULL_GSE17537_12_10,GSE17537,12,0.700313908075241,0.841079772452412,0.0914928933588523,0.347276256391694
NULL_GSE17537_12_11,GSE17537,12,0.191756258027231,1.81567210717106,0.191756258027231,1.81567210717106
NULL_GSE17537_12_12,GSE17537,12,0.600241811487962,1.26571911515305,0.452198240480848,1.47461240184808
NULL_GSE17537_12_13,GSE17537,12,0.441692933851837,0.703665930792077,0.0854096965727637,0.339709817363001
NULL_GSE17537_12_14,GSE17537,12,0.756509572508305,0.869790812392834,0.0512544567077844,0.398981500412667
NULL_GSE17537_12_15,GSE17537,12,0.873055641251269,0.930605937088092,0.0622850609946572,0.415996068096472
NULL_GSE17537_12_16,GSE17537,12,0.0347989356211422,0.356472349123504,0.0030165814129977,0.263982351575118
NULL_GSE17537_12_17,GSE17537,12,0.803980441019898,0.894356263353661,0.360352904735922,1.77458568012968
NULL_GSE17537_12_18,GSE17537,12,0.272895393811812,1.64973016801619,0.125893508940709,2.11302424181861
NULL_GSE17537_12_19,GSE17537,12,0.172256472700648,1.86741042789615,0.00957696364942927,3.40926562908262
NULL_GSE17537_12_20,GSE17537,12,0.158553348052996,1.90570026861203,0.0180517056513862,3.0653872286756
NULL_GSE17537_29_1,GSE17537,29,0.115667447005979,2.05345503729482,0.011278756379282,3.31085628893774
NULL_GSE17537_29_2,GSE17537,29,0.30957842154869,1.58113423429789,0.0231404873295804,4.16785063278824
NULL_GSE17537_29_3,GSE17537,29,0.306259229430029,0.626658244705303,0.153404485271045,0.450132198604109
NULL_GSE17537_29_4,GSE17537,29,0.0539018631956663,0.389814693826672,0.0174901534267867,0.26437446278697
NULL_GSE17537_29_5,GSE17537,29,0.471059071439478,1.38278316042994,0.0175135752692071,3.07316925144261
NULL_GSE17537_29_6,GSE17537,29,0.787727393594359,0.885980440186805,0.564012545911579,0.724311220891786
NULL_GSE17537_29_7,GSE17537,29,0.362745456108474,1.50586114138718,0.362745456108474,1.50586114138718
NULL_GSE17537_29_8,GSE17537,29,0.156859587436313,0.514773473139232,0.112604904782904,0.460847648386839
NULL_GSE17537_29_9,GSE17537,29,0.0177387542772124,3.20025667191179,0.00376741226535692,3.83053848005464
NULL_GSE17537_29_10,GSE17537,29,0.844187259036243,0.91542720645633,0.0590554626288538,0.420806794281168
NULL_GSE17537_29_11,GSE17537,29,0.177585451316323,0.531225159191346,0.0401429749859982,0.317011966409399
NULL_GSE17537_29_12,GSE17537,29,0.741831616584219,0.862328348452183,0.185216169180626,0.372361545807765
NULL_GSE17537_29_13,GSE17537,29,0.13603001313188,0.496205770872665,0.0732318760314554,0.325097027532025
NULL_GSE17537_29_14,GSE17537,29,0.197951915911643,1.80169327785667,0.00111396237332261,4.33798376878161
NULL_GSE17537_29_15,GSE17537,29,0.0264810257090791,0.31744756449833,0.00579891181336118,0.239698836919655
NULL_GSE17537_29_16,GSE17537,29,0.530528113132916,0.750732408437608,0.175090526350529,0.515340324206562
NULL_GSE17537_29_17,GSE17537,29,0.794428681704164,1.12364664674443,0.2077079467385,0.55344395914341
NULL_GSE17537_29_18,GSE17537,29,0.899009274490618,1.05843273833288,0.111709264594362,0.489008338017487
NULL_GSE17537_29_19,GSE17537,29,0.419273310971238,1.43797554594112,0.222315751482448,1.73165028813646
NULL_GSE17537_29_20,GSE17537,29,0.580098546495802,1.28271706652165,0.250964255787905,1.67921633148035
NULL_GSE17537_7_1,GSE17537,7,0.242804202706273,1.70462379952094,0.0700917691402567,3.86225087536646
NULL_GSE17537_7_2,GSE17537,7,0.931281866643863,1.0393411996216,0.127900938176536,2.10591721487501
NULL_GSE17537_7_3,GSE17537,7,0.733942487688363,0.858292844295432,0.0280205872816252,0.371755661154054
NULL_GSE17537_7_4,GSE17537,7,0.318648073225682,0.63398083763295,0.0248654003409034,0.357217517897804
NULL_GSE17537_7_5,GSE17537,7,0.0979320534677971,2.17485608300552,0.0251756917687325,5.31833585572149
NULL_GSE17537_7_6,GSE17537,7,0.334927583427117,0.643638785412217,0.276602853877087,0.587811130903864
NULL_GSE17537_7_7,GSE17537,7,0.174202358674249,0.537212385888897,0.036647915536173,0.391701501991141
NULL_GSE17537_7_8,GSE17537,7,0.00107863610535005,7.79056891290442,8.98010697901228e-05,9.07455912863888
NULL_GSE17537_7_9,GSE17537,7,0.158095615987542,0.515602089764166,0.133345857213782,0.508952884788559
NULL_GSE17537_7_10,GSE17537,7,0.166232082335924,0.522360250639714,0.146367527499628,0.515181082956042
NULL_GSE17537_7_11,GSE17537,7,0.653466053540467,1.22264247643159,0.0180072195267057,2.99662613690045
NULL_GSE17537_7_12,GSE17537,7,0.291997451069624,0.61785528083971,0.0584375064635155,0.426132668776839
NULL_GSE17537_7_13,GSE17537,7,0.0678925276903451,2.35704870991623,0.00293105390534594,3.8527434872014
NULL_GSE17537_7_14,GSE17537,7,0.442756000371515,0.704367200669202,0.105407602389271,0.484548794816231
NULL_GSE17537_7_15,GSE17537,7,0.983387684759295,0.990727332866049,0.313114237078103,1.68407820809691
NULL_GSE17537_7_16,GSE17537,7,0.148083581431889,0.507463913697684,0.0237872615370769,0.361649787028454
NULL_GSE17537_7_17,GSE17537,7,0.441301988364172,1.41443061361587,0.113881360436779,2.16839384281659
NULL_GSE17537_7_18,GSE17537,7,0.535634955760644,0.756775232617496,0.178513944805223,2.12348456770505
NULL_GSE17537_7_19,GSE17537,7,0.992079545491444,1.00445195488208,0.276056913377155,1.63174235365057
NULL_GSE17537_7_20,GSE17537,7,0.284375424340642,1.61990364469677,0.0663707403056133,3.16489348481392
NULL_GSE17537_10_1,GSE17537,10,0.379604113888607,1.48573058791188,0.181839747186624,1.92125150214464
NULL_GSE17537_10_2,GSE17537,10,0.438473653909215,1.41687977610946,0.153442893052355,2.22487729360489
NULL_GSE17537_10_3,GSE17537,10,0.53951896395562,0.758833714814511,0.0972747107796202,0.443475954127688
NULL_GSE17537_10_4,GSE17537,10,0.695410536405532,1.19158069042107,0.278367579379928,0.545481864885358
NULL_GSE17537_10_5,GSE17537,10,0.4641908074765,1.38982299261983,0.266035027517833,0.562654382814237
NULL_GSE17537_10_6,GSE17537,10,0.449779252739045,0.708181389320677,0.115620617837693,0.492742857339884
NULL_GSE17537_10_7,GSE17537,10,0.329702395106345,0.64059868969202,0.0760569180739803,2.70532536359405
NULL_GSE17537_10_8,GSE17537,10,0.347784257369048,1.52561531579376,0.187306361243338,0.37410325278441
NULL_GSE17537_10_9,GSE17537,10,0.85074979834907,1.08781401442579,0.549160291536703,1.30741775990375
NULL_GSE17537_10_10,GSE17537,10,0.192487962698508,1.81361417607184,0.071887108839893,3.09276815734737
NULL_GSE17537_10_11,GSE17537,10,0.365196186163452,1.50425844443014,0.132640602246612,2.02894097378136
NULL_GSE17537_10_12,GSE17537,10,0.62352029760936,0.801893116181554,0.269417924903296,0.60829409044265
NULL_GSE17537_10_13,GSE17537,10,0.339216792701628,1.53771259348754,0.0363823370272674,2.56403349813486
NULL_GSE17537_10_14,GSE17537,10,0.856563334924097,1.08422982957678,0.0285643649406005,0.35592090408403
NULL_GSE17537_10_15,GSE17537,10,0.400381990319949,0.680863588061084,0.299745577348588,0.628331298954489
NULL_GSE17537_10_16,GSE17537,10,0.222088662220023,1.74630861645501,0.0839528714103631,2.20225158255474
NULL_GSE17537_10_17,GSE17537,10,0.843328030751324,1.09256549750846,0.397936545134936,1.60480866959353
NULL_GSE17537_10_18,GSE17537,10,0.869846959284587,1.07605499459636,0.184136855714632,1.86683026957745
NULL_GSE17537_10_19,GSE17537,10,0.164705506444433,0.521226971136218,0.109290618808949,0.457620425642519
NULL_GSE17537_10_20,GSE17537,10,0.0915108206601486,2.20847531042864,0.0109335916773318,3.15152687349414
NULL_GSE17537_14_1,GSE17537,14,0.482214062850855,1.3715873715358,0.171460315363167,1.94944063788622
NULL_GSE17537_14_2,GSE17537,14,0.210056124809205,1.77426794337546,0.0380392266782221,2.58835992356442
NULL_GSE17537_14_3,GSE17537,14,0.152060393297175,1.92529536781099,0.152060393297175,1.92529536781099
NULL_GSE17537_14_4,GSE17537,14,0.56107761144895,1.29863597843824,0.0233391608622693,2.78624504209139
NULL_GSE17537_14_5,GSE17537,14,0.465400988657103,1.38944636437206,0.465400988657103,1.38944636437206
NULL_GSE17537_14_6,GSE17537,14,0.693096735594418,0.837414288678569,0.114673337192231,0.491772902708498
NULL_GSE17537_14_7,GSE17537,14,0.0676734075774793,2.35870887590126,0.0100657703753919,3.20818375483268
NULL_GSE17537_14_8,GSE17537,14,0.84524309021582,1.09126021022995,0.0360806120909934,0.373517051604199
NULL_GSE17537_14_9,GSE17537,14,0.212510064207093,0.565525803398924,0.0483041962888513,0.412098206282304
NULL_GSE17537_14_10,GSE17537,14,0.702547449289172,1.18669555614943,0.125241394186907,0.496493138097981
NULL_GSE17537_14_11,GSE17537,14,0.857818199690247,1.08345166689045,0.0318027140960351,0.363321591606757
NULL_GSE17537_14_12,GSE17537,14,0.329174518719756,0.640440286592675,0.116076395028576,0.443944629760155
NULL_GSE17537_14_13,GSE17537,14,0.477442611340982,1.37633092254535,0.166602329809601,2.16833567209457
NULL_GSE17537_14_14,GSE17537,14,0.809601959237818,1.11389605254351,0.43110741344597,1.44740761268632
NULL_GSE17537_14_15,GSE17537,14,0.41779403211275,1.44001551640388,0.219639976524451,1.73428152429995
NULL_GSE17537_14_16,GSE17537,14,0.477406977632386,0.722946060039364,0.133339788645071,0.509097271937368
NULL_GSE17537_14_17,GSE17537,14,0.68325930293065,0.832138920420186,0.0899607385909415,2.29116410543451
NULL_GSE17537_14_18,GSE17537,14,0.254785958964762,1.68323055902795,0.00840248835959685,3.29839372632547
NULL_GSE17537_14_19,GSE17537,14,0.0686154864573544,0.41096460501771,0.0131344101970095,0.312069790002777
NULL_GSE17537_14_20,GSE17537,14,0.190364557271169,0.541006265526648,0.144847064859914,0.49066040248035
NULL_GSE17537_2_1,GSE17537,2,0.365106339493953,1.51275692675422,0.351424881157837,1.54834947062089
NULL_GSE17537_2_2,GSE17537,2,0.808347104546946,1.11460204590007,0.157063792287626,2.87390095408412
NULL_GSE17537_2_3,GSE17537,2,0.594380753463771,0.786938483612415,0.150225380351235,0.341696859425925
NULL_GSE17537_2_4,GSE17537,2,0.0235732765074226,0.329663433748919,0.00205361355279248,0.244306112086299
NULL_GSE17537_2_5,GSE17537,2,0.297835499471006,0.621597737102748,0.200142319709601,0.54829225865603
NULL_GSE17537_2_6,GSE17537,2,0.811785339890533,1.11249315646829,0.00683328362378006,3.42210710417945
NULL_GSE17537_2_7,GSE17537,2,0.0127655731107841,0.275672443426904,0.007627315593522,0.285340481205055
NULL_GSE17537_2_8,GSE17537,2,0.195595934826302,1.80710659512131,0.0103042855333318,3.18962697028826
NULL_GSE17537_2_9,GSE17537,2,0.872797471905688,1.07425108568349,0.0652811566322355,0.420571882231931
NULL_GSE17537_2_10,GSE17537,2,0.780937656970094,0.882429038716227,0.0769012013890512,0.450340787091425
NULL_GSE17537_2_11,GSE17537,2,0.232830668374558,0.579632818910513,0.0163919449583363,0.322769429820089
NULL_GSE17537_2_12,GSE17537,2,0.213027481426634,1.76645972978095,0.20745167049174,1.80665032624637
NULL_GSE17537_2_13,GSE17537,2,0.780819309895092,1.1326333020301,0.225716959530968,1.80772329540068
NULL_GSE17537_2_14,GSE17537,2,0.0564377834320247,0.393459514183207,0.0352165113490772,0.33648920563697
NULL_GSE17537_2_15,GSE17537,2,0.464040237450695,1.38992984396383,0.0363443698071533,8.57471895984095
NULL_GSE17537_2_16,GSE17537,2,0.974717358414584,0.985920235648847,0.091577046144343,5.64818476013449
NULL_GSE17537_2_17,GSE17537,2,0.190603845957319,0.541201554111837,0.0440417835378247,0.387967386618151
NULL_GSE17537_2_18,GSE17537,2,0.776891394445461,1.13529182398748,0.0893485168717128,0.28171988251506
NULL_GSE17537_2_19,GSE17537,2,0.362713929483091,0.659942380450127,0.225768831211314,0.507876715934665
NULL_GSE17537_2_20,GSE17537,2,0.0648017684113318,2.38089600343513,0.0648017684113318,2.38089600343513
NULL_GSE17537_13_1,GSE17537,13,0.327651409798815,0.639590529715321,0.266393960274516,0.606626246067898
NULL_GSE17537_13_2,GSE17537,13,0.167686877386272,1.87945442687243,0.00176041661021954,4.22504364849313
NULL_GSE17537_13_3,GSE17537,13,0.338036030184391,0.645411014538315,0.0919131119735077,0.438477819290684
NULL_GSE17537_13_4,GSE17537,13,0.771257813316949,0.877424813539561,0.319236704658966,0.626826820933008
NULL_GSE17537_13_5,GSE17537,13,0.7127479579548,1.17925679169101,0.169989908447004,1.91271655289166
NULL_GSE17537_13_6,GSE17537,13,0.175371943313214,0.529578832782256,0.175371943313214,0.529578832782256
NULL_GSE17537_13_7,GSE17537,13,0.880123085812402,1.06981292715766,0.506974448334317,1.40926411324603
NULL_GSE17537_13_8,GSE17537,13,0.339649023643436,0.646407978107021,0.0183480039471041,0.328897109997848
NULL_GSE17537_13_9,GSE17537,13,0.751739114965879,1.15201496154536,0.103364371696206,2.21955577947421
NULL_GSE17537_13_10,GSE17537,13,0.775600746493454,0.879702454089658,0.297656589619003,0.621225458178596
NULL_GSE17537_13_11,GSE17537,13,0.638757895297113,0.809679417922377,0.225715378893818,0.566149559549539
NULL_GSE17537_13_12,GSE17537,13,0.516211368214614,0.746767781106433,0.215579277404335,0.572785170215548
NULL_GSE17537_13_13,GSE17537,13,0.197910064236807,0.546586556963875,0.0486801218340156,0.406176202719281
NULL_GSE17537_13_14,GSE17537,13,0.026353273319398,2.97212446964214,0.00209602577595488,4.14100279701642
NULL_GSE17537_13_15,GSE17537,13,0.702404345570234,0.842164673242986,0.0884115795765668,0.464262664181869
NULL_GSE17537_13_16,GSE17537,13,0.43204427301044,1.42493228570693,0.0332790898759514,2.66881030357883
NULL_GSE17537_13_17,GSE17537,13,0.236934025289263,0.582452945807449,0.065601887455079,0.31523488624712
NULL_GSE17537_13_18,GSE17537,13,0.192067493876971,1.8158238607636,0.192067493876971,1.8158238607636
NULL_GSE17537_13_19,GSE17537,13,0.158479177905088,0.515962926967602,0.107058303717884,0.48372646678634
NULL_GSE17537_13_20,GSE17537,13,0.163489445221836,0.520053272004531,0.128771220514652,0.505130365515216
NULL_GSE17537_5_1,GSE17537,5,0.411427821401816,0.687263509792203,0.249192251742881,0.485794586161384
NULL_GSE17537_5_2,GSE17537,5,0.0458457366188509,0.376957583496837,0.0298244252852257,0.37600628901
NULL_GSE17537_5_3,GSE17537,5,0.837253971212864,1.09631490695701,0.228784727641033,1.86325446306557
NULL_GSE17537_5_4,GSE17537,5,0.488104145936022,1.36621714049786,0.488104145936022,1.36621714049786
NULL_GSE17537_5_5,GSE17537,5,0.270335660677805,0.603747512889035,0.186598050305758,0.524071009142416
NULL_GSE17537_5_6,GSE17537,5,0.481906589435303,1.37218307338067,0.08108285533518,0.334508305798669
NULL_GSE17537_5_7,GSE17537,5,0.608987103278135,0.794528490078242,0.231082775909493,0.538613154546252
NULL_GSE17537_5_8,GSE17537,5,0.163956485646524,1.88948795302747,0.114834440729807,2.09680069295532
NULL_GSE17537_5_9,GSE17537,5,0.31640272530865,0.632879126365546,0.0217433721577305,0.355942848182422
NULL_GSE17537_5_10,GSE17537,5,0.486413608783944,1.36761521347221,0.268473212711908,1.64550694470064
NULL_GSE17537_5_11,GSE17537,5,0.0656134528383261,2.37374526367612,0.000451730378191458,4.88743433194733
NULL_GSE17537_5_12,GSE17537,5,0.104674923402802,0.466761969160725,0.0784602404027057,0.423014744400715
NULL_GSE17537_5_13,GSE17537,5,0.690427871012641,0.835924847168248,0.245858000484919,0.594290760655555
NULL_GSE17537_5_14,GSE17537,5,0.0779847027381703,2.29119504703177,0.0542932862035422,2.37584369845787
NULL_GSE17537_5_15,GSE17537,5,0.747889145333168,0.865339416333042,0.114764630507045,0.485538930927589
NULL_GSE17537_5_16,GSE17537,5,0.4686148908051,1.38602686191084,0.0955898869627183,2.12481231498169
NULL_GSE17537_5_17,GSE17537,5,0.46657579821585,1.3875507123333,0.074448048966137,2.23552903518093
NULL_GSE17537_5_18,GSE17537,5,0.166416521035122,1.88505433473873,0.0368400665631922,2.6209730245666
NULL_GSE17537_5_19,GSE17537,5,0.761944141103821,1.14521934973272,0.127189560440467,2.05128256292744
NULL_GSE17537_5_20,GSE17537,5,0.0408529883493527,0.367936172931121,0.00342851270476382,0.261513234624185
NULL_GSE17537_19_1,GSE17537,19,0.00850098384653306,3.90257143564163,0.00302418231141484,6.44130915237331
NULL_GSE17537_19_2,GSE17537,19,0.839733751926761,1.09471117618577,0.212131034518465,1.75350549718801
NULL_GSE17537_19_3,GSE17537,19,0.448983994884873,0.707727776450578,0.174408666357772,0.537698683112349
NULL_GSE17537_19_4,GSE17537,19,0.0979307751036131,0.459386056290563,0.0115051523084527,0.318539886935873
NULL_GSE17537_19_5,GSE17537,19,0.716154626529989,0.849156637332507,0.232389000677524,0.584502292557155
NULL_GSE17537_19_6,GSE17537,19,0.104456171424094,0.466435652123994,0.0261717673154386,0.351323087491929
NULL_GSE17537_19_7,GSE17537,19,0.789025287686081,0.886592354900659,0.38064375655459,0.67421701398528
NULL_GSE17537_19_8,GSE17537,19,0.362486560288408,0.659840893772686,0.130195894293645,0.501114300595697
NULL_GSE17537_19_9,GSE17537,19,0.876394622708849,1.07205843826897,0.186736825069027,0.537721793394215
NULL_GSE17537_19_10,GSE17537,19,0.377405786124106,0.668243380648916,0.29173535241016,0.60981713738546
NULL_GSE17537_19_11,GSE17537,19,0.0933398784230394,2.19743475764988,0.0933398784230394,2.19743475764988
NULL_GSE17537_19_12,GSE17537,19,0.739449259813731,0.861099297864161,0.42249773478622,1.56629758456208
NULL_GSE17537_19_13,GSE17537,19,0.757329460350275,1.14836136832243,0.147911089823865,2.03009060557165
NULL_GSE17537_19_14,GSE17537,19,0.413900795098082,0.688553543478128,0.0854875023861446,0.277167382992349
NULL_GSE17537_19_15,GSE17537,19,0.132658657416806,1.99111312421833,0.132658657416806,1.99111312421833
NULL_GSE17537_19_16,GSE17537,19,0.787700918695508,1.12820345125919,0.495345169933215,1.3571220320535
NULL_GSE17537_19_17,GSE17537,19,0.105915745956307,0.468177488592994,0.094461627055907,0.441919086579161
NULL_GSE17537_19_18,GSE17537,19,0.923713414374195,1.04382563259853,0.242539016655187,1.73346886342514
NULL_GSE17537_19_19,GSE17537,19,0.875516823259328,0.931981006178671,0.347658370765903,1.62480000160537
NULL_GSE17537_19_20,GSE17537,19,0.921672643459889,0.95692601142679,0.030675949205552,0.368670921368713
NULL_GSE17537_45_1,GSE17537,45,0.830782291522556,0.908394903931365,0.0681010466490608,2.44440878654395
NULL_GSE17537_45_2,GSE17537,45,0.612581955954038,1.25452604771505,0.298504170508186,0.601920537723048
NULL_GSE17537_45_3,GSE17537,45,0.916255125496923,0.95381301896316,0.292250528496967,0.554936757940984
NULL_GSE17537_45_4,GSE17537,45,0.786644066312046,1.12884084822696,0.0773292549377897,3.0248787366721
NULL_GSE17537_45_5,GSE17537,45,0.702167925819612,1.1866097536823,0.148650732189722,0.445956737279948
NULL_GSE17537_45_6,GSE17537,45,0.35878333114014,1.51108167813465,0.35878333114014,1.51108167813465
NULL_GSE17537_45_7,GSE17537,45,0.254024594120759,1.6719802923579,0.254024594120759,1.6719802923579
NULL_GSE17537_45_8,GSE17537,45,0.407000047207454,1.45198058369919,0.159471248505129,0.531206369450925
NULL_GSE17537_45_9,GSE17537,45,0.9130797400947,1.05007236525178,0.155790534309912,1.94983562522584
NULL_GSE17537_45_10,GSE17537,45,0.195815672958341,1.80541551854091,0.0224084047664881,2.83897936044761
NULL_GSE17537_45_11,GSE17537,45,0.780794030546742,1.13270733129786,0.355607142629027,0.620495201232035
NULL_GSE17537_45_12,GSE17537,45,0.741889974071507,1.15880992958826,0.485381490165149,0.697416849832815
NULL_GSE17537_45_13,GSE17537,45,0.13619964904739,1.97703998405464,0.0413607533443614,2.4996108304247
NULL_GSE17537_45_14,GSE17537,45,0.535603619410215,0.756834565498354,0.00400368275607762,0.261871572346626
NULL_GSE17537_45_15,GSE17537,45,0.696274292054199,0.838937930216627,0.307678553054783,1.69483684066238
NULL_GSE17537_45_16,GSE17537,45,0.672572003056603,0.826898623971184,0.112490158996057,0.489565753842339
NULL_GSE17537_45_17,GSE17537,45,0.128907185294463,0.490190499329113,0.0889234774264807,0.459033895883753
NULL_GSE17537_45_18,GSE17537,45,0.560135388866503,1.29968021042414,0.14159194579791,2.0519790132958
NULL_GSE17537_45_19,GSE17537,45,0.858195045050629,1.08322407747389,0.0796320800455104,0.270490398449941
NULL_GSE17537_45_20,GSE17537,45,0.740363700399913,1.15980777922675,0.171440555624626,1.95092128372649
NULL_GSE17537_20_1,GSE17537,20,0.97078801143079,1.01651775751003,0.0219986653035099,0.339339898172912
NULL_GSE17537_20_2,GSE17537,20,0.8272611000803,0.906533935704276,0.290484844140144,1.72833342713186
NULL_GSE17537_20_3,GSE17537,20,0.55375417913234,1.30549171755933,0.066235656491315,3.93984289280454
NULL_GSE17537_20_4,GSE17537,20,0.259716343344117,1.67318833546777,0.0788739948723083,2.20502417996735
NULL_GSE17537_20_5,GSE17537,20,0.744435402133522,1.15701578807927,0.0226082278423451,2.84666348297438
NULL_GSE17537_20_6,GSE17537,20,0.52126164750581,1.33501089072832,0.0525604246604217,3.37532798922403
NULL_GSE17537_20_7,GSE17537,20,0.0215314409458652,3.07777980983292,0.00253059851925696,4.05606541083744
NULL_GSE17537_20_8,GSE17537,20,0.510812193664909,0.740639313154472,0.185342551727507,2.29474905675116
NULL_GSE17537_20_9,GSE17537,20,0.0403888566339395,0.366678552010433,0.0311979190918453,0.327512033604308
NULL_GSE17537_20_10,GSE17537,20,0.745948275753983,0.864333814348697,0.350462384759575,0.65711043987377
NULL_GSE17537_20_11,GSE17537,20,0.963149427589047,1.02088684793699,0.115735046318255,2.16396950599769
NULL_GSE17537_20_12,GSE17537,20,0.23405770166609,1.72207598300456,0.0753455247929635,2.22774205404347
NULL_GSE17537_20_13,GSE17537,20,0.215383890975305,1.76144616560315,0.198842984672631,2.60756336609133
NULL_GSE17537_20_14,GSE17537,20,0.260656555381074,1.67114649193418,0.0986469371728615,2.10138638645065
NULL_GSE17537_20_15,GSE17537,20,0.16783975434613,1.88187173506662,0.140731783677512,2.28166580902222
NULL_GSE17537_20_16,GSE17537,20,0.675103994273608,0.828206962922563,0.230720331243545,0.471893205283342
NULL_GSE17537_20_17,GSE17537,20,0.0345952255712946,0.354521277301518,0.0267175500879583,0.316359331474838
NULL_GSE17537_20_18,GSE17537,20,0.78428971643406,0.884161658212743,0.163198141418974,1.98039034244916
NULL_GSE17537_20_19,GSE17537,20,0.45273650698878,1.40184262661147,0.194890134364223,2.25281172697662
NULL_GSE17537_20_20,GSE17537,20,0.173495849652952,1.86246774664204,0.0711187055591459,2.54252547266194
NULL_GSE17537_22_1,GSE17537,22,0.116883865917513,0.479204778194414,0.0389302543741655,0.31481528063133
NULL_GSE17537_22_2,GSE17537,22,0.0742831668956842,2.31540387127252,0.00863675308566337,3.28003653117684
NULL_GSE17537_22_3,GSE17537,22,0.399051423550773,1.46151528326793,0.214193555110876,1.74906485236318
NULL_GSE17537_22_4,GSE17537,22,0.825809559721338,0.905798979434941,0.238210128442874,0.415080302537064
NULL_GSE17537_22_5,GSE17537,22,0.798841296829653,1.12091136972448,0.137577198632843,0.435743439978628
NULL_GSE17537_22_6,GSE17537,22,0.852860436733311,0.919954799850192,0.299080688869177,0.602378696637659
NULL_GSE17537_22_7,GSE17537,22,0.0470069997514309,2.5506874148862,0.0321628158393163,2.62961695452456
NULL_GSE17537_22_8,GSE17537,22,0.38103853474229,1.48329056675666,0.204687307243988,0.451786374532613
NULL_GSE17537_22_9,GSE17537,22,0.682613487069263,1.20087162781448,0.57602618319419,0.704461233134371
NULL_GSE17537_22_10,GSE17537,22,0.679150048154401,0.830007724607573,0.436970826278917,1.42777519242193
NULL_GSE17537_22_11,GSE17537,22,0.306001546408946,0.626603146124966,0.0946335522770692,0.471409833749473
NULL_GSE17537_22_12,GSE17537,22,0.111405126100253,2.07202924130596,0.0124228173313961,3.25680998632832
NULL_GSE17537_22_13,GSE17537,22,0.0383117521958832,0.362370906021444,0.0298640049671264,0.360027812386252
NULL_GSE17537_22_14,GSE17537,22,0.0675346318412063,2.36021674751518,0.045467704066451,2.45435668467212
NULL_GSE17537_22_15,GSE17537,22,0.534968234933279,1.3217272934851,0.127778757237709,2.04621901492394
NULL_GSE17537_22_16,GSE17537,22,0.486857398024407,1.36700237953237,0.137700114285096,2.0644260849758
NULL_GSE17537_22_17,GSE17537,22,0.131011969658497,1.99640923787307,0.131011969658497,1.99640923787307
NULL_GSE17537_22_18,GSE17537,22,0.462647964635446,1.39143654356309,0.087978940389937,2.30174857270904
NULL_GSE17537_22_19,GSE17537,22,0.0566607659519447,2.44953473084843,0.00621794691659608,3.44942329906857
NULL_GSE17537_22_20,GSE17537,22,0.903093752809287,0.946689680801454,0.345791801544589,0.630998271906206
NULL_GSE17537_42_1,GSE17537,42,0.380189052840768,0.669818673630853,0.330808366089967,0.645730544452649
NULL_GSE17537_42_2,GSE17537,42,0.709294971998403,0.8455857273526,0.338674950264023,0.609872239778877
NULL_GSE17537_42_3,GSE17537,42,0.69898722581795,1.18904503027508,0.0464487121347271,2.48838980533799
NULL_GSE17537_42_4,GSE17537,42,0.381800611562291,1.48271630031886,0.0692882705364765,3.1254808426958
NULL_GSE17537_42_5,GSE17537,42,0.827564661296697,0.906689174647748,0.179107781980914,2.72329351185214
NULL_GSE17537_42_6,GSE17537,42,0.0516968549175435,0.386688577224354,0.0308849072278464,0.378719411958956
NULL_GSE17537_42_7,GSE17537,42,0.745348514366666,1.15641332779628,0.572629038116817,0.702210506662452
NULL_GSE17537_42_8,GSE17537,42,0.118654245212175,0.480848126810885,0.0328682682350499,0.331916539620326
NULL_GSE17537_42_9,GSE17537,42,0.748237674485329,1.15461362766846,0.185490370632338,1.83311767793365
NULL_GSE17537_42_10,GSE17537,42,0.878681456869045,0.933657445247058,0.165600778982517,2.81450326985041
NULL_GSE17537_42_11,GSE17537,42,0.140587568022334,1.96377846461545,0.140587568022334,1.96377846461545
NULL_GSE17537_42_12,GSE17537,42,0.780110263518631,1.13321913866267,0.100356236570916,2.1683853751041
NULL_GSE17537_42_13,GSE17537,42,0.769677428336595,1.1399693471265,0.0933444650293522,0.178723372838614
NULL_GSE17537_42_14,GSE17537,42,0.131936473449106,1.99407616679599,0.0817166762976103,2.35885276676848
NULL_GSE17537_42_15,GSE17537,42,0.808896111820897,0.896931851227179,0.457479372735827,1.43804182000612
NULL_GSE17537_42_16,GSE17537,42,0.732076414665402,1.16553593962033,0.0530352036329288,3.36610811209537
NULL_GSE17537_42_17,GSE17537,42,0.421152932951616,1.43594692028617,0.154783033754827,1.89963774247533
NULL_GSE17537_42_18,GSE17537,42,0.201376227166911,1.79483064951005,0.0850147590305617,2.44091239424663
NULL_GSE17537_42_19,GSE17537,42,0.0411641274842168,2.61372036510212,0.0100032142148537,3.2623353185765
NULL_GSE17537_42_20,GSE17537,42,0.720384052598678,1.17371037663085,0.439795960401064,1.4132570901584
NULL_GSE17537_16_1,GSE17537,16,0.724647807605233,0.853375976177314,0.141365436206265,2.05612497364878
NULL_GSE17537_16_2,GSE17537,16,0.971885541291974,1.01591066432158,0.0988560472823575,0.44449515715795
NULL_GSE17537_16_3,GSE17537,16,0.145866069592033,0.505100157744604,0.145866069592033,0.505100157744604
NULL_GSE17537_16_4,GSE17537,16,0.333155279346792,0.642757455692439,0.0196891239843686,0.35148248163987
NULL_GSE17537_16_5,GSE17537,16,0.391065276416964,0.675768801667797,0.279854862848906,0.602259393704842
NULL_GSE17537_16_6,GSE17537,16,0.807558066526451,1.11514485039234,0.169607571277565,1.90603301684329
NULL_GSE17537_16_7,GSE17537,16,0.614787138487912,0.797371647842348,0.249596417758789,0.582295392386965
NULL_GSE17537_16_8,GSE17537,16,0.829025199191119,0.907419548055897,0.334818288061006,1.64788791058018
NULL_GSE17537_16_9,GSE17537,16,0.379906562974512,1.48453430924535,0.0547012866422426,3.33682962741785
NULL_GSE17537_16_10,GSE17537,16,0.697274057160484,0.839471200872956,0.0614934181883736,3.23194688794875
NULL_GSE17537_16_11,GSE17537,16,0.189798812607434,1.8206707221175,0.0299233005195862,2.70682317257091
NULL_GSE17537_16_12,GSE17537,16,0.66595555970342,0.82356503726683,0.29954027345666,0.614755796284631
NULL_GSE17537_16_13,GSE17537,16,0.165277524365802,1.88740890098925,0.0112692895304484,3.13471398987075
NULL_GSE17537_16_14,GSE17537,16,0.385340890530019,0.672479811001867,0.21457041543701,0.499287723579642
NULL_GSE17537_16_15,GSE17537,16,0.364109272949292,0.660407659187253,0.109907375212581,0.457702152808844
NULL_GSE17537_16_16,GSE17537,16,0.902038806148319,1.05664107192861,0.0606125498003486,0.246538101314805
NULL_GSE17537_16_17,GSE17537,16,0.297665556881978,0.621523631543849,0.0250834529780144,0.349263098899974
NULL_GSE17537_16_18,GSE17537,16,0.0494318511305052,0.383087973364354,0.0336023083109076,0.368810496359455
NULL_GSE17537_16_19,GSE17537,16,0.311338323954574,0.629860501213361,0.112710206274733,0.490077856181179
NULL_GSE17537_16_20,GSE17537,16,0.148941792528104,0.508170606532937,0.0815747422781143,0.272824833549086
NULL_GSE17537_18_1,GSE17537,18,0.0783592043709028,0.423118768953791,0.0186992748800087,0.331185160547801
NULL_GSE17537_18_2,GSE17537,18,0.417939377280488,1.44083821284206,0.0710322184631911,3.84972751810526
NULL_GSE17537_18_3,GSE17537,18,0.621356428464756,0.800724791241213,0.222970778057194,0.563943590556961
NULL_GSE17537_18_4,GSE17537,18,0.739102551530311,0.860925782836649,0.269245744733951,0.595556085948233
NULL_GSE17537_18_5,GSE17537,18,0.146762027598629,1.94466745951276,0.00240403433381803,3.9841678946111
NULL_GSE17537_18_6,GSE17537,18,0.38625564664848,1.47665618304775,0.251265012619178,0.42514908450977
NULL_GSE17537_18_7,GSE17537,18,0.139501462717425,1.96679709335235,0.139501462717425,1.96679709335235
NULL_GSE17537_18_8,GSE17537,18,0.370098369313332,0.664092543312401,0.150677260338033,2.01864163986074
NULL_GSE17537_18_9,GSE17537,18,0.333268737619152,0.642641573998366,0.0843813271682206,0.45363973850661
NULL_GSE17537_18_10,GSE17537,18,0.175458056792536,0.52977155259501,0.134639818673318,0.461676170960248
NULL_GSE17537_18_11,GSE17537,18,0.450554329127527,0.708568447927023,0.138092521210097,0.464873890155089
NULL_GSE17537_18_12,GSE17537,18,0.40625142966311,1.45298777865004,0.205288304408338,1.76372647363202
NULL_GSE17537_18_13,GSE17537,18,0.466462923921839,0.717177342025312,0.312746530219694,0.568656731386946
NULL_GSE17537_18_14,GSE17537,18,0.913389477351298,1.04992173066999,0.521711146445685,0.74952934534634
NULL_GSE17537_18_15,GSE17537,18,0.52703475239168,1.32914414379278,0.289384608689969,1.67765556335318
NULL_GSE17537_18_16,GSE17537,18,0.318293909004339,0.633796213565415,0.307292191190546,0.631653031826704
NULL_GSE17537_18_17,GSE17537,18,0.985163156934644,0.99171494290551,0.0679307099381599,0.433953112096355
NULL_GSE17537_18_18,GSE17537,18,0.808679070860665,0.896780023425956,0.140081425567597,0.515131026294054
NULL_GSE17537_18_19,GSE17537,18,0.430770448579458,0.697816824442326,0.0110205127500951,0.31782550212044
NULL_GSE17537_18_20,GSE17537,18,0.296296312885247,1.60072866638316,0.296296312885247,1.60072866638316
NULL_GSE29621_4_1,GSE29621,4,0.798752536520773,0.902715375433809,0.17089675156397,0.503171448955778
NULL_GSE29621_4_2,GSE29621,4,0.377132391737351,0.696608498115231,0.142680019352877,0.501077473162071
NULL_GSE29621_4_3,GSE29621,4,0.242360352300973,1.61296488987914,0.080234278005313,2.02787471944122
NULL_GSE29621_4_4,GSE29621,4,0.499104595325865,0.760098714590079,0.125904086371492,0.526158297246322
NULL_GSE29621_4_5,GSE29621,4,0.581362648638386,1.24930587260719,0.0182381504123702,3.63103659248558
NULL_GSE29621_4_6,GSE29621,4,0.79103160104363,0.899181859985816,0.0654016624962647,0.364783043659377
NULL_GSE29621_4_7,GSE29621,4,0.911030542116125,0.956094520284564,0.180320293569418,1.74935243923955
NULL_GSE29621_4_8,GSE29621,4,0.207265108059957,0.597076941008671,0.012528370492489,0.351955274058679
NULL_GSE29621_4_9,GSE29621,4,0.385281981936608,0.700562641253576,0.193674316674317,0.592897090793664
NULL_GSE29621_4_10,GSE29621,4,0.264298907362226,1.58119663227874,0.0391234643059966,2.29472865931737
NULL_GSE29621_4_11,GSE29621,4,0.365516452049087,1.44252923009225,0.138846089563009,1.93819833418272
NULL_GSE29621_4_12,GSE29621,4,0.164739502399346,1.76468616638628,0.164739502399346,1.76468616638628
NULL_GSE29621_4_13,GSE29621,4,0.269851656498696,0.636987102965778,0.233531319336652,0.617805016891077
NULL_GSE29621_4_14,GSE29621,4,0.434474827588112,1.37026667919406,0.186297990582245,1.76700717566666
NULL_GSE29621_4_15,GSE29621,4,0.172724611973844,1.74987426382257,0.172724611973844,1.74987426382257
NULL_GSE29621_4_16,GSE29621,4,0.505499767965615,1.30656507385034,0.0538576580578812,3.28435288312129
NULL_GSE29621_4_17,GSE29621,4,0.47133803372357,1.33736810945732,0.123545576363599,1.85790275078261
NULL_GSE29621_4_18,GSE29621,4,0.45917627690434,1.34810196882827,0.196368587410198,1.68570412999012
NULL_GSE29621_4_19,GSE29621,4,0.537201111650426,1.28557465853862,0.0860948257078275,2.56263191212748
NULL_GSE29621_4_20,GSE29621,4,0.339107482982986,0.676554176127615,0.203570930637177,0.579483693140049
NULL_GSE29621_11_1,GSE29621,11,0.288165499159093,0.647740840894798,0.0977550151485638,0.475311850753631
NULL_GSE29621_11_2,GSE29621,11,0.00190791948222302,0.211395956083559,0.00116467988344558,0.217801627537224
NULL_GSE29621_11_3,GSE29621,11,0.183976450439365,0.570892280884787,0.0670037588308426,0.439152019914
NULL_GSE29621_11_4,GSE29621,11,0.904183142011334,1.04965150123091,0.0491898761858975,0.446717930758664
NULL_GSE29621_11_5,GSE29621,11,0.0903713854597738,0.481057940776626,0.0414952769978798,0.382979422016171
NULL_GSE29621_11_6,GSE29621,11,0.0263197723008481,0.392214513169442,0.00815177884071556,0.23480977535583
NULL_GSE29621_11_7,GSE29621,11,0.929146312792139,0.964634053112058,0.12077297444873,0.499667361886366
NULL_GSE29621_11_8,GSE29621,11,0.328281362347888,1.48514209226564,0.050857314256939,4.27804745435966
NULL_GSE29621_11_9,GSE29621,11,0.549127740927276,0.7819868871798,0.150512549164432,0.55519007096772
NULL_GSE29621_11_10,GSE29621,11,0.448768271827684,1.35528845311794,0.236674345006029,1.60769083712139
NULL_GSE29621_11_11,GSE29621,11,0.087947371131809,2.08897671508487,0.087947371131809,2.08897671508487
NULL_GSE29621_11_12,GSE29621,11,0.240120104087149,1.60882920351656,0.1685330399622,1.74497242250158
NULL_GSE29621_11_13,GSE29621,11,0.0563908566611183,2.22254202206186,0.00971483677435791,3.26052696145283
NULL_GSE29621_11_14,GSE29621,11,0.513949401130706,1.30129139377012,0.304168492568671,1.88538790561583
NULL_GSE29621_11_15,GSE29621,11,0.421402426257847,0.721465553351556,0.103732473691826,0.476143018503723
NULL_GSE29621_11_16,GSE29621,11,0.209951060098887,1.67465221052838,0.032942465789178,2.41152542157678
NULL_GSE29621_11_17,GSE29621,11,0.11029493255382,1.94692440184123,0.11029493255382,1.94692440184123
NULL_GSE29621_11_18,GSE29621,11,0.678358274128297,1.18250925749932,0.10633450953202,2.00396502286541
NULL_GSE29621_11_19,GSE29621,11,0.888623967239793,0.945250015412596,0.328343558909664,0.547646906813717
NULL_GSE29621_11_20,GSE29621,11,0.718862906895371,0.864955634845825,0.215697845668599,1.65268621208522
NULL_GSE29621_8_1,GSE29621,8,0.15983005267205,0.555969002624913,0.0642169855850287,0.437937475555242
NULL_GSE29621_8_2,GSE29621,8,0.23025717823598,0.613328278117903,0.0144288721029912,0.358907007138786
NULL_GSE29621_8_3,GSE29621,8,0.581393929992465,0.800425503321854,0.0659478403945133,0.476150065678964
NULL_GSE29621_8_4,GSE29621,8,0.102612517580452,1.97555962567549,0.0465361681309892,2.43241170025759
NULL_GSE29621_8_5,GSE29621,8,0.745635840658712,0.878029357728678,0.500078509734825,1.35085677316896
NULL_GSE29621_8_6,GSE29621,8,0.962723708087419,1.01916309500062,0.101746006894696,2.10963115680396
NULL_GSE29621_8_7,GSE29621,8,0.608704475766263,0.812924425363561,0.267929451880597,0.632260319214485
NULL_GSE29621_8_8,GSE29621,8,0.925331287132171,1.03849549091085,0.0491267175081664,2.22962657998699
NULL_GSE29621_8_9,GSE29621,8,0.0436279651414037,0.419144426437809,0.0265701056802712,0.406168088924103
NULL_GSE29621_8_10,GSE29621,8,0.543091879331925,0.783004087580042,0.071700986413075,0.264386537826271
NULL_GSE29621_8_11,GSE29621,8,0.602939509213236,0.810969462014715,0.136586157070103,0.536994637011883
NULL_GSE29621_8_12,GSE29621,8,0.539867353943023,1.27897737824497,0.0855075370752991,3.55575634709773
NULL_GSE29621_8_13,GSE29621,8,0.773141364671668,0.890796926128563,0.297302414763967,1.52650646788437
NULL_GSE29621_8_14,GSE29621,8,0.156747858147969,0.560149529137899,0.156747858147969,0.560149529137899
NULL_GSE29621_8_15,GSE29621,8,0.8806741379444,0.941362748683087,0.145521137712688,2.22225313763698
NULL_GSE29621_8_16,GSE29621,8,0.71454094827803,0.863302224807725,0.141540345457742,0.55171405756731
NULL_GSE29621_8_17,GSE29621,8,0.274722383983601,1.56104618780289,0.000604156718102425,4.3806120479826
NULL_GSE29621_8_18,GSE29621,8,0.0252120033441782,0.366071122306111,0.0152288125432836,0.349675852770874
NULL_GSE29621_8_19,GSE29621,8,0.930595180163445,1.03569227443463,0.257948131585999,1.65803819651012
NULL_GSE29621_8_20,GSE29621,8,0.335305914705311,0.676964193193661,0.0695503226569064,0.370393985708767
NULL_GSE29621_6_1,GSE29621,6,0.336870069365015,0.667913776833665,0.0899476040531204,0.491905559870844
NULL_GSE29621_6_2,GSE29621,6,0.14483788378888,0.549775252918383,0.0667035982782491,0.322162036541858
NULL_GSE29621_6_3,GSE29621,6,0.385843456082618,1.42194231722985,0.017120294785115,2.83213318265946
NULL_GSE29621_6_4,GSE29621,6,0.962965388443953,1.01878897579319,0.0517137308639197,2.34213160297049
NULL_GSE29621_6_5,GSE29621,6,0.0913676720138204,0.49184912134195,0.0913676720138204,0.49184912134195
NULL_GSE29621_6_6,GSE29621,6,0.783920908412627,0.895457967107082,0.0950432225836255,0.291793600780154
NULL_GSE29621_6_7,GSE29621,6,0.139565630937971,0.539892857777969,0.00186022263847304,0.267485663985608
NULL_GSE29621_6_8,GSE29621,6,0.915089056168285,1.04411376718736,0.494104419240723,1.40950081294016
NULL_GSE29621_6_9,GSE29621,6,0.0269475890028563,0.390882781043321,0.0102032391192362,0.353482543659472
NULL_GSE29621_6_10,GSE29621,6,0.529292216229561,0.773668339055468,0.25541716329252,2.02140028128786
NULL_GSE29621_6_11,GSE29621,6,0.28023726863454,0.642290757132811,0.016692248584146,0.381310416421554
NULL_GSE29621_6_12,GSE29621,6,0.0981154407503915,1.98106155201193,0.0981154407503915,1.98106155201193
NULL_GSE29621_6_13,GSE29621,6,0.00313374602013374,0.250156523807891,0.000436053085889836,0.233163362614338
NULL_GSE29621_6_14,GSE29621,6,0.3097931638629,0.663766450724727,0.0608880068901066,0.432751095808179
NULL_GSE29621_6_15,GSE29621,6,0.284011899801211,1.57527492087521,0.253974766681581,1.59035472710803
NULL_GSE29621_6_16,GSE29621,6,0.871286011608933,1.06733302238081,0.126467792320032,2.15525520999036
NULL_GSE29621_6_17,GSE29621,6,0.527197899054573,1.29847719181666,0.24039240261523,1.62270709899467
NULL_GSE29621_6_18,GSE29621,6,0.574639096954013,1.25340538571816,0.530949868624902,1.30333126879439
NULL_GSE29621_6_19,GSE29621,6,0.980755575709731,1.00985032496776,0.291330691865586,0.561674900995502
NULL_GSE29621_6_20,GSE29621,6,0.709494621979883,0.860586733022709,0.0985737039667901,0.361611493944377
NULL_GSE29621_15_1,GSE29621,15,0.916710937114655,0.958773041265153,0.294288401674222,0.648991162513038
NULL_GSE29621_15_2,GSE29621,15,0.112760466792042,0.503801005405663,0.0671157829109206,0.464417833247432
NULL_GSE29621_15_3,GSE29621,15,0.327977445369985,1.48647738685442,0.0967278308710865,1.97349849658143
NULL_GSE29621_15_4,GSE29621,15,0.351535106489813,1.46028563688701,0.249006731029079,1.8776012970507
NULL_GSE29621_15_5,GSE29621,15,0.323349468017711,1.49032595280941,0.0452782457117871,2.24659502537149
NULL_GSE29621_15_6,GSE29621,15,0.550341694852716,1.27083343920759,0.139532212159468,2.02046764163928
NULL_GSE29621_15_7,GSE29621,15,0.871881844932495,0.937176728096658,0.292179508140234,0.635075479521876
NULL_GSE29621_15_8,GSE29621,15,0.742849387118818,1.14129548488522,0.143952367776526,2.94219288117601
NULL_GSE29621_15_9,GSE29621,15,0.880089830353492,1.06274797558878,0.40523335758853,1.40874700302337
NULL_GSE29621_15_10,GSE29621,15,0.769625045060736,0.889254933365794,0.218709269056939,0.46711263053093
NULL_GSE29621_15_11,GSE29621,15,0.0876581566970578,2.04370313579518,0.0876581566970578,2.04370313579518
NULL_GSE29621_15_12,GSE29621,15,0.151570599676297,1.82060966624788,0.151570599676297,1.82060966624788
NULL_GSE29621_15_13,GSE29621,15,0.348758850389742,1.46839240123567,0.198915026517695,0.492568617293067
NULL_GSE29621_15_14,GSE29621,15,0.0210875779336652,0.356645263057656,0.0139622053104672,0.346744370481001
NULL_GSE29621_15_15,GSE29621,15,0.906731309503812,1.04879795511101,0.190674254593608,0.5832392161165
NULL_GSE29621_15_16,GSE29621,15,0.31585917720738,0.662368894320538,0.114532880757346,0.52638986452682
NULL_GSE29621_15_17,GSE29621,15,0.90814311946223,0.954795937002098,0.250895717571509,1.66917609162708
NULL_GSE29621_15_18,GSE29621,15,0.591778882833416,1.23984357698471,0.0835652771537364,3.58483775765089
NULL_GSE29621_15_19,GSE29621,15,0.0889853745151225,2.00467017621147,0.0481989241111896,2.28584855723927
NULL_GSE29621_15_20,GSE29621,15,0.597839085227641,1.23617382214261,0.283085982978525,0.5563323691036
NULL_GSE29621_3_1,GSE29621,3,0.182105353220948,0.578882166253084,0.0435784164403354,0.127302555131991
NULL_GSE29621_3_2,GSE29621,3,0.843586584258322,0.923918254256473,0.442901423272618,0.724893319441652
NULL_GSE29621_3_3,GSE29621,3,0.150294811697132,0.546493297902287,0.138038254864872,0.546176998080395
NULL_GSE29621_3_4,GSE29621,3,0.617575605057483,0.817571915864174,0.418810302317688,1.40208363616892
NULL_GSE29621_3_5,GSE29621,3,0.712663520447223,0.861674664249716,0.337515714509671,0.63730379318196
NULL_GSE29621_3_6,GSE29621,3,0.357250810090101,1.45012778708375,0.0329128768820685,3.20927332446595
NULL_GSE29621_3_7,GSE29621,3,0.177899366535199,0.56986277451773,0.0147739690973777,0.36042076818745
NULL_GSE29621_3_8,GSE29621,3,0.278065077788984,1.55888227907925,0.0392352711604402,3.56554684633385
NULL_GSE29621_3_9,GSE29621,3,0.791786232648484,0.89963626756253,0.362684595585318,1.5332135715704
NULL_GSE29621_3_10,GSE29621,3,0.281028508652249,0.643224114831298,0.143606834964121,0.520622446480994
NULL_GSE29621_3_11,GSE29621,3,0.669283091093003,0.84192209011187,0.18427653267416,1.7086581142174
NULL_GSE29621_3_12,GSE29621,3,0.353676318608094,1.45538910836042,0.172540109196595,1.84812065843206
NULL_GSE29621_3_13,GSE29621,3,0.990175853270617,1.00500109752418,0.0145165881944712,3.17340052018694
NULL_GSE29621_3_14,GSE29621,3,0.967581273044421,0.983672452629992,0.0928897372660462,0.429345107440078
NULL_GSE29621_3_15,GSE29621,3,0.633402928808532,0.821260294387689,0.130332233153625,0.542727853785232
NULL_GSE29621_3_16,GSE29621,3,0.961672578612002,1.01950871881351,0.247394067850318,0.596982075871455
NULL_GSE29621_3_17,GSE29621,3,0.0455516851779783,0.431857999185312,0.0351312470895497,0.370380256919911
NULL_GSE29621_3_18,GSE29621,3,0.00996031773179143,3.03238169469468,0.00777864965619,3.50383350921359
NULL_GSE29621_3_19,GSE29621,3,0.380137258250229,1.42497413451711,0.202424857310976,2.57044951253834
NULL_GSE29621_3_20,GSE29621,3,0.427676620260715,1.38716445422231,0.134652630860006,2.02129962553341
NULL_GSE29621_9_1,GSE29621,9,0.304817986835212,0.6574621462158,0.16368393288673,0.569610960595581
NULL_GSE29621_9_2,GSE29621,9,0.290671228052422,0.651205060550667,0.00904216051368168,0.331236055604218
NULL_GSE29621_9_3,GSE29621,9,0.0827854136643638,0.482823597479405,0.0827854136643638,0.482823597479405
NULL_GSE29621_9_4,GSE29621,9,0.753551276606413,0.881422055170416,0.143809639625434,0.480782479998007
NULL_GSE29621_9_5,GSE29621,9,0.817908112096105,0.911210797395796,0.0944417675377542,3.43654281471606
NULL_GSE29621_9_6,GSE29621,9,0.299633686175129,0.6551000118502,0.242574295852401,0.554124536292422
NULL_GSE29621_9_7,GSE29621,9,0.419999493046645,0.72201174742617,0.0121824415950035,0.212510217262497
NULL_GSE29621_9_8,GSE29621,9,0.492430668760197,0.753195499087195,0.117321328579022,0.423494785615772
NULL_GSE29621_9_9,GSE29621,9,0.335192901995725,0.673393395563651,0.0991026860501827,0.478100649101465
NULL_GSE29621_9_10,GSE29621,9,0.366028707752094,0.688897890764854,0.0815320044297443,0.41586061112496
NULL_GSE29621_9_11,GSE29621,9,0.0438570352599999,0.420668728871399,0.0276018541337856,0.398846704179946
NULL_GSE29621_9_12,GSE29621,9,0.824589270799576,0.9149418265206,0.293531661856481,0.655986994992927
NULL_GSE29621_9_13,GSE29621,9,0.602796005916193,1.23375804413069,0.136870746755039,2.99617259185546
NULL_GSE29621_9_14,GSE29621,9,0.84327735270558,0.923532545253241,0.410416203997363,0.718238267031849
NULL_GSE29621_9_15,GSE29621,9,0.993845229333047,1.00311574340997,0.043038442115804,0.435679473679174
NULL_GSE29621_9_16,GSE29621,9,0.900158731916342,0.950904851912832,0.463610490983376,1.35894130653055
NULL_GSE29621_9_17,GSE29621,9,0.433998498975298,0.725834901808657,0.0175439870439925,0.173337617016853
NULL_GSE29621_9_18,GSE29621,9,0.190499955258897,0.583782022933704,0.00714367739387841,0.335232688662263
NULL_GSE29621_9_19,GSE29621,9,0.12623796519148,1.87406182957628,0.0843498753345915,2.38228955775198
NULL_GSE29621_9_20,GSE29621,9,0.968262969707598,0.984103943951086,0.194094810303888,1.69999915360937
NULL_GSE29621_50_1,GSE29621,50,0.526777527004708,1.29246832705617,0.12155667152369,0.319110805653951
NULL_GSE29621_50_2,GSE29621,50,0.663212526095155,1.19203743462651,0.157781528820527,0.418560557988941
NULL_GSE29621_50_3,GSE29621,50,0.283168271111536,0.642695732823404,0.184768094568026,0.584151219724561
NULL_GSE29621_50_4,GSE29621,50,0.205667530176409,1.67086001260236,0.108680946608533,2.04974212222454
NULL_GSE29621_50_5,GSE29621,50,0.0694308843809843,0.464293612782293,0.0175189761799208,0.302216631413184
NULL_GSE29621_50_6,GSE29621,50,0.468792677757779,1.34059328248933,0.1214824459014,3.13714921168862
NULL_GSE29621_50_7,GSE29621,50,0.0616541113020984,0.456940026773333,0.00690305675688363,0.335751861100803
NULL_GSE29621_50_8,GSE29621,50,0.322169098840542,0.66373640247287,0.285866946656975,0.646146331621873
NULL_GSE29621_50_9,GSE29621,50,0.170467592804486,0.570272220111048,0.0330166991914923,0.367668880849521
NULL_GSE29621_50_10,GSE29621,50,0.00920574833253456,0.312258831085283,0.00390586868579778,0.23551473094992
NULL_GSE29621_50_11,GSE29621,50,0.892825182811625,1.05577014617068,0.0977413279127921,2.00072169544832
NULL_GSE29621_50_12,GSE29621,50,0.498868995329262,0.761038489564266,0.182275274543801,0.562169111637754
NULL_GSE29621_50_13,GSE29621,50,0.342087031573477,0.680374305742805,0.0453453909367996,0.445284791396929
NULL_GSE29621_50_14,GSE29621,50,0.0435923459505177,0.420183094658452,0.00951422571090292,0.295915999108115
NULL_GSE29621_50_15,GSE29621,50,0.528795797974452,0.775707153997885,0.35477212884879,0.672259752496022
NULL_GSE29621_50_16,GSE29621,50,0.337254044798903,0.67740486578432,0.337254044798903,0.67740486578432
NULL_GSE29621_50_17,GSE29621,50,0.465915195478643,0.745133008217369,0.0475981801286181,0.338263301288759
NULL_GSE29621_50_18,GSE29621,50,0.355038233999545,0.688377800949496,0.0681965417580264,3.84373842375317
NULL_GSE29621_50_19,GSE29621,50,0.769743067517948,0.888987723991269,0.45108944149157,1.37129137116913
NULL_GSE29621_50_20,GSE29621,50,0.497321532108663,1.31494336641562,0.239210816050873,1.64229795426258
NULL_GSE29621_12_1,GSE29621,12,0.686830763536282,0.8503459957517,0.465208927271241,1.34995842591245
NULL_GSE29621_12_2,GSE29621,12,0.550277847411954,0.785050922205184,0.490863625586758,0.686109687036588
NULL_GSE29621_12_3,GSE29621,12,0.164326662335858,1.76932539341319,0.0809635462344645,2.13997851929665
NULL_GSE29621_12_4,GSE29621,12,0.801658070543282,0.904182891586301,0.178618613036051,0.531434953675346
NULL_GSE29621_12_5,GSE29621,12,0.549715620154607,0.785165351219888,0.160275350920331,0.555614878838811
NULL_GSE29621_12_6,GSE29621,12,0.823740448178021,0.912756942005732,0.102458332450747,0.298870762648012
NULL_GSE29621_12_7,GSE29621,12,0.995928102568317,0.997917527084095,0.150995891723281,2.19254478427381
NULL_GSE29621_12_8,GSE29621,12,0.0513318501558253,2.25846765852675,0.0513318501558253,2.25846765852675
NULL_GSE29621_12_9,GSE29621,12,0.966998675893477,1.01682243802469,0.40585449272351,1.41671916480452
NULL_GSE29621_12_10,GSE29621,12,0.817351354446555,0.9110494586641,0.313272378158228,1.73918488323062
NULL_GSE29621_12_11,GSE29621,12,0.395447757874888,0.708482287175143,0.217806984198418,0.597607492989253
NULL_GSE29621_12_12,GSE29621,12,0.442703980474591,1.36314130510427,0.190789688240333,2.24074290756958
NULL_GSE29621_12_13,GSE29621,12,0.263223394970815,0.632891482098588,0.040799952771869,0.220606015388847
NULL_GSE29621_12_14,GSE29621,12,0.0191507390512501,0.364943638044498,0.0191507390512501,0.364943638044498
NULL_GSE29621_12_15,GSE29621,12,0.138698511293759,1.84844458851586,0.0471490624845774,4.51511264718049
NULL_GSE29621_12_16,GSE29621,12,0.68447517431861,0.848326727971629,0.281843704529528,1.61832787014459
NULL_GSE29621_12_17,GSE29621,12,0.764609584068626,1.12832708139848,0.399814360969498,0.671785448578544
NULL_GSE29621_12_18,GSE29621,12,0.271121192764903,1.56214357590978,0.271121192764903,1.56214357590978
NULL_GSE29621_12_19,GSE29621,12,0.981774022396917,1.00925911844972,0.119527806059148,0.458593496850796
NULL_GSE29621_12_20,GSE29621,12,0.339633445415298,1.4699342437836,0.220604281465264,1.67157090103912
NULL_GSE29621_29_1,GSE29621,29,0.114797688116939,0.517612272157886,0.114797688116939,0.517612272157886
NULL_GSE29621_29_2,GSE29621,29,0.577506202053211,0.798546861757089,0.426941561935994,0.726266495788996
NULL_GSE29621_29_3,GSE29621,29,0.6901937367218,1.17377947127272,0.657258778521729,1.20393338556506
NULL_GSE29621_29_4,GSE29621,29,0.396397832617173,0.705606461631305,0.106254610510951,0.520969127692214
NULL_GSE29621_29_5,GSE29621,29,0.503289156973736,0.763104347077521,0.119278188296934,0.511661366438309
NULL_GSE29621_29_6,GSE29621,29,0.757927005328842,1.13206826409997,0.0671144259174371,3.86649564754693
NULL_GSE29621_29_7,GSE29621,29,0.0648106884407929,2.1577432022434,0.0135958976763923,6.34546064670416
NULL_GSE29621_29_8,GSE29621,29,0.282521429075617,1.54437020614517,0.076951862232835,2.63240350870752
NULL_GSE29621_29_9,GSE29621,29,0.0587829515078438,0.441179662319016,0.00174370131574063,0.273776554032347
NULL_GSE29621_29_10,GSE29621,29,0.0266680541665868,0.385452335468106,0.00240121792913157,0.289942762499038
NULL_GSE29621_29_11,GSE29621,29,0.5617937397505,1.26553422851488,0.180407346610017,1.81933810420379
NULL_GSE29621_29_12,GSE29621,29,0.198353511363451,0.582462625379569,0.147443631291901,0.505744805312081
NULL_GSE29621_29_13,GSE29621,29,0.0574610429543593,0.440312731116074,0.0236302888264807,0.403235029558327
NULL_GSE29621_29_14,GSE29621,29,0.142209416961203,0.541169589648753,0.0274545311317821,0.256747323462778
NULL_GSE29621_29_15,GSE29621,29,0.0852247032563474,2.07246210843995,0.0345544954040377,3.22606717487386
NULL_GSE29621_29_16,GSE29621,29,0.512826226918939,0.767848192703072,0.491060670956666,1.34505631728203
NULL_GSE29621_29_17,GSE29621,29,0.0241283433070769,0.365084765452322,0.0241283433070769,0.365084765452322
NULL_GSE29621_29_18,GSE29621,29,0.799657865322389,1.10746708711718,0.0904109354561898,0.427534233033896
NULL_GSE29621_29_19,GSE29621,29,0.534089411270986,1.28660809185349,0.351921852534773,1.46576343929471
NULL_GSE29621_29_20,GSE29621,29,0.0830291035006744,0.484422402665664,0.0344202072491375,0.388951868255862
NULL_GSE29621_7_1,GSE29621,7,0.526185801216141,0.774276485669556,0.324380435443533,1.55151695534713
NULL_GSE29621_7_2,GSE29621,7,0.823816400601724,0.914043793579,0.243320387169671,1.65200007932645
NULL_GSE29621_7_3,GSE29621,7,0.723652647679932,1.15247500634623,0.117316565990033,2.196306046335
NULL_GSE29621_7_4,GSE29621,7,0.793341895441106,0.898919616742468,0.151539154622916,0.410890106641627
NULL_GSE29621_7_5,GSE29621,7,0.0823722837468094,0.488261424992731,0.0823722837468094,0.488261424992731
NULL_GSE29621_7_6,GSE29621,7,0.162999890535007,1.77057581127467,0.0183877429986086,3.62582422013407
NULL_GSE29621_7_7,GSE29621,7,0.362154764634259,0.68871594745015,0.111447670857696,0.375339967069796
NULL_GSE29621_7_8,GSE29621,7,0.558666177425986,0.789158883139193,0.141271606727393,0.554395652679961
NULL_GSE29621_7_9,GSE29621,7,0.158290277468787,1.78317528002084,0.0954075596735476,2.05539128334158
NULL_GSE29621_7_10,GSE29621,7,0.784082134249622,0.895995242506668,0.246289058653986,0.489646291813707
NULL_GSE29621_7_11,GSE29621,7,0.0779968476487034,2.09129750312421,8.52986600990188e-05,5.78284249734669
NULL_GSE29621_7_12,GSE29621,7,0.778560792694038,1.11961466439764,0.0486187359131323,2.94651180691978
NULL_GSE29621_7_13,GSE29621,7,0.756276588042121,0.882960474631305,0.243909465141331,2.0503594547218
NULL_GSE29621_7_14,GSE29621,7,0.367724124625422,0.691300154272557,0.0250288710199876,0.404174408184815
NULL_GSE29621_7_15,GSE29621,7,0.927415764710836,0.963919077498417,0.368856230487878,1.64407794023845
NULL_GSE29621_7_16,GSE29621,7,0.403063041399981,0.712942194760957,0.21202642620252,0.571690555811668
NULL_GSE29621_7_17,GSE29621,7,0.404316901464054,1.40003248491349,0.0843361879950852,2.56899502602463
NULL_GSE29621_7_18,GSE29621,7,0.110177006272951,0.513125026909314,0.0442159027583237,0.389189611773746
NULL_GSE29621_7_19,GSE29621,7,0.0562734374515852,2.2430335877165,0.0204315948507212,2.5468792113687
NULL_GSE29621_7_20,GSE29621,7,0.081980869460304,0.482420804375098,0.0729499634642148,0.330682671387887
NULL_GSE29621_10_1,GSE29621,10,0.0366338240884716,0.404325620478667,0.0114994282377082,0.210245284265295
NULL_GSE29621_10_2,GSE29621,10,0.675411630273439,1.18551579287953,0.0563944345342561,3.27039376368848
NULL_GSE29621_10_3,GSE29621,10,0.80815137346737,1.10288039519951,0.298879323929901,1.54946819118651
NULL_GSE29621_10_4,GSE29621,10,0.0474213671044174,0.436535399628885,0.0197624741971182,0.352188876755088
NULL_GSE29621_10_5,GSE29621,10,0.00870162840407632,0.309393802131073,0.00870162840407632,0.309393802131073
NULL_GSE29621_10_6,GSE29621,10,0.119282129035511,1.89176997996868,0.0747573518307442,2.05371079460922
NULL_GSE29621_10_7,GSE29621,10,0.644843648496259,0.831007430949753,0.0582084691699344,0.428269864437591
NULL_GSE29621_10_8,GSE29621,10,0.616228286018121,1.22259282071162,0.242980704198104,1.69464403222746
NULL_GSE29621_10_9,GSE29621,10,0.780862889338202,0.893544031421569,0.201130439337741,1.82781840275841
NULL_GSE29621_10_10,GSE29621,10,0.936762791892654,0.968619828522623,0.180743652833365,1.71193579591038
NULL_GSE29621_10_11,GSE29621,10,0.113401761334267,0.516212337527473,0.113401761334267,0.516212337527473
NULL_GSE29621_10_12,GSE29621,10,0.984800771570118,0.992356074037732,0.600935369651377,1.23592195828986
NULL_GSE29621_10_13,GSE29621,10,0.6177837337315,1.2220966352893,0.0566364251965794,0.440177482041595
NULL_GSE29621_10_14,GSE29621,10,0.0726135129284668,0.471388537106423,0.0319532871147062,0.204893389223576
NULL_GSE29621_10_15,GSE29621,10,0.99328286292403,1.00342357467344,0.400325461222223,1.67979756299836
NULL_GSE29621_10_16,GSE29621,10,0.0775260763585496,2.0888763138071,0.0303088666129096,2.4002415505607
NULL_GSE29621_10_17,GSE29621,10,0.862468270676472,0.93283822397008,0.233695312392897,0.479989935777478
NULL_GSE29621_10_18,GSE29621,10,0.146611706409469,0.532910296549106,0.0829533104138631,0.490362848246248
NULL_GSE29621_10_19,GSE29621,10,0.0211933414673512,0.373829899773325,0.0151812041364599,0.370408856256695
NULL_GSE29621_10_20,GSE29621,10,0.562226724531737,0.790714572265306,0.273194527499565,0.507776689304157
NULL_GSE29621_14_1,GSE29621,14,0.721627812512793,1.15343203953625,0.0680433224256931,3.84799352702923
NULL_GSE29621_14_2,GSE29621,14,0.938719015801525,1.0315871169947,0.273129121236477,0.610198769676424
NULL_GSE29621_14_3,GSE29621,14,0.328429248216327,1.48366268488039,0.152256358275612,1.95840875361822
NULL_GSE29621_14_4,GSE29621,14,0.12054045449244,0.522969628481262,0.0510971816462428,0.236951761082544
NULL_GSE29621_14_5,GSE29621,14,0.216945030896486,1.6593844881938,0.140837643808415,2.50216986059095
NULL_GSE29621_14_6,GSE29621,14,0.442343712859607,0.733230810594281,0.274132168271261,0.59678947434956
NULL_GSE29621_14_7,GSE29621,14,0.67094383689842,1.18603880813514,0.0958413060327298,3.42164750500157
NULL_GSE29621_14_8,GSE29621,14,0.433482344756864,0.729008821991768,0.333459675676821,0.659564642371594
NULL_GSE29621_14_9,GSE29621,14,0.544187330600845,1.27835644629932,0.118941481046629,1.87708591691574
NULL_GSE29621_14_10,GSE29621,14,0.850291054460402,0.926075176030286,0.38798237983572,0.680228012972152
NULL_GSE29621_14_11,GSE29621,14,0.570821129816631,0.794686180199694,0.0318323020993864,0.388679875724965
NULL_GSE29621_14_12,GSE29621,14,0.780935764206637,1.11904977585259,0.229459593425876,1.77065666267181
NULL_GSE29621_14_13,GSE29621,14,0.527214809068352,0.770069007505477,0.0221538606203182,0.398433566052865
NULL_GSE29621_14_14,GSE29621,14,0.338708270200512,0.679525160890621,0.0563467345881917,0.429390613842771
NULL_GSE29621_14_15,GSE29621,14,0.291226978203091,1.53506824068229,0.051125581819381,2.46420940104682
NULL_GSE29621_14_16,GSE29621,14,0.468015952750769,1.34064113941071,0.231524083124171,1.62273887000172
NULL_GSE29621_14_17,GSE29621,14,0.0936259125178051,2.01453755413575,0.0936259125178051,2.01453755413575
NULL_GSE29621_14_18,GSE29621,14,0.148634220275541,0.541971068383643,0.076166592352366,0.484573321473313
NULL_GSE29621_14_19,GSE29621,14,0.300785917915324,1.51808101860775,0.149402828889861,1.78976460893974
NULL_GSE29621_14_20,GSE29621,14,0.0193352917444289,0.36581447170991,0.0193352917444289,0.36581447170991
NULL_GSE29621_2_1,GSE29621,2,0.519458495746536,1.30026732449902,0.336643143086811,1.51323214856191
NULL_GSE29621_2_2,GSE29621,2,0.382201913749457,1.42491848738339,0.0733498257352845,2.05538588363466
NULL_GSE29621_2_3,GSE29621,2,0.000631931197616561,5.09789999299844,0.000631931197616561,5.09789999299844
NULL_GSE29621_2_4,GSE29621,2,0.586701041046951,1.2435208516307,0.0390694156488416,3.08989025546009
NULL_GSE29621_2_5,GSE29621,2,0.467914944239343,1.33865374128472,0.124166199090225,0.516342565247593
NULL_GSE29621_2_6,GSE29621,2,0.563710131702457,0.791944363923069,0.242766864409086,1.60209824055737
NULL_GSE29621_2_7,GSE29621,2,0.26660240747199,0.633528881267202,0.183498652998939,0.58387738090204
NULL_GSE29621_2_8,GSE29621,2,0.538080620844356,0.780081246793614,0.267122772521018,0.620414534524449
NULL_GSE29621_2_9,GSE29621,2,0.824420155150006,0.914844338755378,0.196927045058834,0.492977562894293
NULL_GSE29621_2_10,GSE29621,2,0.0103725311753059,3.14386054945723,0.00238272807182024,5.26234545899862
NULL_GSE29621_2_11,GSE29621,2,0.810291774965161,0.908280737984985,0.411316778433563,1.40993868719693
NULL_GSE29621_2_12,GSE29621,2,0.0106930650781716,0.30012997381109,1.30022998249957e-05,0.150489291886803
NULL_GSE29621_2_13,GSE29621,2,0.104504689985444,1.95656337378505,0.104504689985444,1.95656337378505
NULL_GSE29621_2_14,GSE29621,2,0.232447232561578,0.616459020822172,0.00649634082759466,0.333697499261818
NULL_GSE29621_2_15,GSE29621,2,0.269528665571508,0.636903773210105,0.116195433046087,0.313764992462142
NULL_GSE29621_2_16,GSE29621,2,0.115058361532621,1.90764427018465,0.0199888565781231,3.2069571407566
NULL_GSE29621_2_17,GSE29621,2,0.439813363648805,0.729025283541365,0.353969096376775,0.671669121001537
NULL_GSE29621_2_18,GSE29621,2,0.166041487951944,0.558426285871665,0.0924317070855111,0.50052227172335
NULL_GSE29621_2_19,GSE29621,2,0.298462073738646,0.653450432842596,0.0425326468131425,0.439404720143095
NULL_GSE29621_2_20,GSE29621,2,0.000752009090042195,5.04947021299508,0.000752009090042195,5.04947021299508
NULL_GSE29621_13_1,GSE29621,13,0.187328407327613,0.583302344844313,0.0561467487468961,0.384145725829278
NULL_GSE29621_13_2,GSE29621,13,0.778309382879924,0.893259534582913,0.297333914149765,0.646363379928657
NULL_GSE29621_13_3,GSE29621,13,0.0720858603692626,2.13005799298191,0.056566548290982,2.20819859555078
NULL_GSE29621_13_4,GSE29621,13,0.196399837235958,0.58834017076199,0.0569798086946315,0.385481847416535
NULL_GSE29621_13_5,GSE29621,13,0.00554647742040198,3.46226455554377,0.00554647742040198,3.46226455554377
NULL_GSE29621_13_6,GSE29621,13,0.0341635562788575,0.38866421166485,0.0144122562143348,0.359282773980404
NULL_GSE29621_13_7,GSE29621,13,0.91302050624995,0.956605571447137,0.182760941274708,0.571838509528886
NULL_GSE29621_13_8,GSE29621,13,0.298895742042457,1.53023124474097,0.11795863887934,1.89362977307669
NULL_GSE29621_13_9,GSE29621,13,0.544312742321814,0.782457962828292,0.151854954927595,0.510598183172724
NULL_GSE29621_13_10,GSE29621,13,0.978942567304914,0.989428080367798,0.0743145029845937,0.267544552218387
NULL_GSE29621_13_11,GSE29621,13,0.833478890398561,0.917560502268652,0.220818008866589,0.467437592714303
NULL_GSE29621_13_12,GSE29621,13,0.0325502956002859,0.382181157409407,0.0101911966324471,0.20418658754061
NULL_GSE29621_13_13,GSE29621,13,0.470100905469442,0.747689052714527,0.0594595441002718,0.464711370078127
NULL_GSE29621_13_14,GSE29621,13,0.316696957117952,1.50003472166637,0.065893943961284,2.17414239175912
NULL_GSE29621_13_15,GSE29621,13,0.659688958650642,0.835796492365925,0.126484524026942,3.0993140494188
NULL_GSE29621_13_16,GSE29621,13,0.920827680935089,0.960814177882446,0.195336500961334,0.492068157855697
NULL_GSE29621_13_17,GSE29621,13,0.471529339826913,0.744430121149039,0.154151671003627,0.529105815541611
NULL_GSE29621_13_18,GSE29621,13,0.486382371080755,0.754918979458012,0.143835096487238,0.40554942091269
NULL_GSE29621_13_19,GSE29621,13,0.321274178737699,1.50359397050878,0.0439516418352701,2.3742947159873
NULL_GSE29621_13_20,GSE29621,13,0.865502496486438,1.07056093562206,0.500658741135901,1.40575092057183
NULL_GSE29621_5_1,GSE29621,5,0.122199299876983,0.523493689347818,0.0334735011600591,0.423407922382696
NULL_GSE29621_5_2,GSE29621,5,0.361559576193649,1.44653232755664,0.174550104450268,1.73417616446123
NULL_GSE29621_5_3,GSE29621,5,0.958733116415561,0.979478028220093,0.268683493891624,1.64147473583772
NULL_GSE29621_5_4,GSE29621,5,0.0503138959167893,2.29261180433079,0.0503138959167893,2.29261180433079
NULL_GSE29621_5_5,GSE29621,5,0.356977664278261,1.45220645365515,0.00923923143490003,2.84883960094337
NULL_GSE29621_5_6,GSE29621,5,0.973141687170243,0.986545381623277,0.00289934260757175,0.264722253222895
NULL_GSE29621_5_7,GSE29621,5,0.395748333911384,1.41164617658745,0.0382997536928439,2.4657820041168
NULL_GSE29621_5_8,GSE29621,5,0.359505440423191,0.690553971542093,0.118723230165927,0.498506688672397
NULL_GSE29621_5_9,GSE29621,5,0.652254679496819,1.1985021037517,0.223001672526998,1.9446741716021
NULL_GSE29621_5_10,GSE29621,5,0.392945033874248,0.708178659080876,0.280378156217577,1.71870617772967
NULL_GSE29621_5_11,GSE29621,5,0.405884354007468,1.39597027395644,0.0788051981529713,2.16068768050281
NULL_GSE29621_5_12,GSE29621,5,0.800230197776928,1.10697897457413,0.136505791273404,1.94589863525536
NULL_GSE29621_5_13,GSE29621,5,0.108413188825542,0.510874153716099,0.108413188825542,0.510874153716099
NULL_GSE29621_5_14,GSE29621,5,0.333804301351605,0.673462360836725,0.287932102832757,0.641131876526929
NULL_GSE29621_5_15,GSE29621,5,0.998062884754595,0.999019802170036,0.0862757464757398,3.54798840659339
NULL_GSE29621_5_16,GSE29621,5,0.721074220782636,1.15592594696375,0.272113724847786,1.84170773234543
NULL_GSE29621_5_17,GSE29621,5,0.222068423368372,0.606927370403929,0.136702992042609,0.497641312809734
NULL_GSE29621_5_18,GSE29621,5,0.804929964470019,1.10415342580816,0.321317076182431,0.651784633062244
NULL_GSE29621_5_19,GSE29621,5,0.546998796282678,1.27349885827619,0.146309615561802,1.86933869640217
NULL_GSE29621_5_20,GSE29621,5,0.103892422612748,0.50508448732393,0.0406884428844336,0.423045047143026
NULL_GSE29621_19_1,GSE29621,19,0.603512835647383,1.23203715526396,0.242689030847245,1.69305937594855
NULL_GSE29621_19_2,GSE29621,19,0.849310178907792,1.08010229662475,0.125432464071006,0.526620072737734
NULL_GSE29621_19_3,GSE29621,19,0.598250947061577,1.23606454013533,0.0825968319820956,3.5996146109028
NULL_GSE29621_19_4,GSE29621,19,0.891759537790123,1.0561016782836,0.110508549513601,0.449595547342836
NULL_GSE29621_19_5,GSE29621,19,0.282963116313469,0.644648574211907,0.155789568902426,0.513968593450985
NULL_GSE29621_19_6,GSE29621,19,0.772216045787592,1.12318720526971,0.413276970640897,0.680894089760215
NULL_GSE29621_19_7,GSE29621,19,0.677181448550591,1.18289822280401,0.207461491329095,0.530944074188227
NULL_GSE29621_19_8,GSE29621,19,0.975601972611779,1.01255827004002,0.122798111047359,0.320262526358899
NULL_GSE29621_19_9,GSE29621,19,0.803639335787281,0.904534719309309,0.12418533864077,0.462345721614344
NULL_GSE29621_19_10,GSE29621,19,0.375232404539184,0.697288128412646,0.144388299505083,0.55381563756763
NULL_GSE29621_19_11,GSE29621,19,0.265603470330782,1.57660656592804,0.0768636725483455,6.09097291922217
NULL_GSE29621_19_12,GSE29621,19,0.53131305143946,1.28647507033149,0.138288805205129,1.8469828578657
NULL_GSE29621_19_13,GSE29621,19,0.131662156297814,1.85430624950804,0.00834470764567435,2.99514700358216
NULL_GSE29621_19_14,GSE29621,19,0.524491453377387,1.29132258320148,0.191269793916323,2.23975503921922
NULL_GSE29621_19_15,GSE29621,19,0.274048880986925,0.638344071823866,0.0520381792394309,0.401411702959171
NULL_GSE29621_19_16,GSE29621,19,0.0187944244093988,0.372806126874708,0.0137449423113342,0.363856935409435
NULL_GSE29621_19_17,GSE29621,19,0.915627848797686,1.04341179623,0.135838458321814,3.00732403990189
NULL_GSE29621_19_18,GSE29621,19,0.314158894342152,0.662605126602618,0.115297082936749,3.19602028247118
NULL_GSE29621_19_19,GSE29621,19,0.125886956611262,0.527902653838097,0.0231860867695905,0.399510610186859
NULL_GSE29621_19_20,GSE29621,19,0.44068776145609,0.731178239199038,0.44068776145609,0.731178239199038
NULL_GSE29621_45_1,GSE29621,45,0.621535127093965,1.22158116610709,0.146613803877478,1.81715961606136
NULL_GSE29621_45_2,GSE29621,45,0.911576198526173,0.956486110188219,0.230086202980105,0.597300043125031
NULL_GSE29621_45_3,GSE29621,45,0.600552961959411,1.23352793674897,0.186918134005318,1.8621847345364
NULL_GSE29621_45_4,GSE29621,45,0.523260041032403,0.772758258655705,0.195859978402939,0.594458682776262
NULL_GSE29621_45_5,GSE29621,45,0.675852432819778,0.845554701264728,0.0676877014132738,0.368502232348274
NULL_GSE29621_45_6,GSE29621,45,0.195963463592346,1.69962849159702,0.0485632346710255,2.23049573275946
NULL_GSE29621_45_7,GSE29621,45,0.416969076705728,1.38822632442256,0.283218608119089,0.516035347073875
NULL_GSE29621_45_8,GSE29621,45,0.327581022614168,1.48872798023548,0.116418043795928,1.91938490988142
NULL_GSE29621_45_9,GSE29621,45,0.546233443730161,0.783314410478711,0.237535591606791,0.6206640749157
NULL_GSE29621_45_10,GSE29621,45,0.993617378596486,0.99678603940001,0.389124948742192,0.69746120578928
NULL_GSE29621_45_11,GSE29621,45,0.779916578869419,0.892878795379824,0.317556280506233,0.640031372998293
NULL_GSE29621_45_12,GSE29621,45,0.221966554381068,0.606524106697297,0.0234383012911156,0.288990197376493
NULL_GSE29621_45_13,GSE29621,45,0.220258755492556,0.59892003091296,0.0278650086950208,0.33234122325806
NULL_GSE29621_45_14,GSE29621,45,0.948305400352601,0.974335739436115,0.562437797841542,0.788954744591258
NULL_GSE29621_45_15,GSE29621,45,0.792008833142234,1.1115128500981,0.296651948966435,1.63944211090932
NULL_GSE29621_45_16,GSE29621,45,0.490604203334029,1.31958376583645,0.114281960085395,0.452651951834611
NULL_GSE29621_45_17,GSE29621,45,0.348086996113334,0.680088332624202,0.26330029211742,0.626695194781304
NULL_GSE29621_45_18,GSE29621,45,0.656882399256241,1.19574543348073,0.451113396309339,0.662340942080497
NULL_GSE29621_45_19,GSE29621,45,0.161217537253035,1.76677405358922,0.0556027946104137,2.17693282857119
NULL_GSE29621_45_20,GSE29621,45,0.965205943019801,1.01763097106318,0.120275675020028,1.9124239633856
NULL_GSE29621_20_1,GSE29621,20,0.517647883582385,0.769979997954568,0.234437001722724,1.68162037871603
NULL_GSE29621_20_2,GSE29621,20,0.561161796553753,0.787629495489628,0.295777311982934,0.59086805009578
NULL_GSE29621_20_3,GSE29621,20,0.114664664516764,0.515132037054011,0.0293887705001617,0.260973192127129
NULL_GSE29621_20_4,GSE29621,20,0.968744978893879,1.0158344741643,0.216205237632635,0.575334554663059
NULL_GSE29621_20_5,GSE29621,20,0.352996086602186,0.68137565640453,0.00320966735402994,0.284318814163349
NULL_GSE29621_20_6,GSE29621,20,0.837681396004394,0.920552255381678,0.464407014560371,0.721464755132649
NULL_GSE29621_20_7,GSE29621,20,0.814165225724167,1.09877238764759,0.15213469600976,1.8236724959973
NULL_GSE29621_20_8,GSE29621,20,0.0812812506629122,0.470920252153494,0.02367059626317,0.2896778617881
NULL_GSE29621_20_9,GSE29621,20,0.317389963755024,0.663405436224453,0.021369794172434,0.315417291415572
NULL_GSE29621_20_10,GSE29621,20,0.953613417763878,0.97695000352652,0.0671533169644339,2.21523088292802
NULL_GSE29621_20_11,GSE29621,20,0.353890028988932,0.686351874946505,0.120439117943258,0.420283559916145
NULL_GSE29621_20_12,GSE29621,20,0.723573871212742,1.15429608534877,0.215290433897719,0.586048581016075
NULL_GSE29621_20_13,GSE29621,20,0.644595019798607,1.20393224646206,0.543987470950831,1.35728213538737
NULL_GSE29621_20_14,GSE29621,20,0.923078071019537,0.96175818645754,0.261237820511502,0.540645751191395
NULL_GSE29621_20_15,GSE29621,20,0.610157233643673,1.22749082293534,0.0944133349525267,0.486556738397255
NULL_GSE29621_20_16,GSE29621,20,0.163605925299073,0.559341429981957,0.0166486261776033,0.27047289619359
NULL_GSE29621_20_17,GSE29621,20,0.482641851846713,0.753208366084174,0.129499801520393,2.04003785012274
NULL_GSE29621_20_18,GSE29621,20,0.782218776177023,1.11715610699752,0.198391386644745,0.594585007774557
NULL_GSE29621_20_19,GSE29621,20,0.558452774067268,1.26624454747949,0.110453527423275,0.526409230344499
NULL_GSE29621_20_20,GSE29621,20,0.302244738818243,0.658785495456157,0.0907514196955816,0.437043233966611
NULL_GSE29621_22_1,GSE29621,22,0.480173033307235,1.32986874761348,0.375225525340343,0.658520642119217
NULL_GSE29621_22_2,GSE29621,22,0.996768358446359,1.00163084009485,0.395723301533261,0.679913108878948
NULL_GSE29621_22_3,GSE29621,22,0.877246030949625,1.06405524035337,0.188931570017217,1.75978506868388
NULL_GSE29621_22_4,GSE29621,22,0.784385477267338,1.11589235454138,0.423829708999755,1.41027263255468
NULL_GSE29621_22_5,GSE29621,22,0.0744810543055989,0.473261866904802,0.024789807818058,0.25053852471929
NULL_GSE29621_22_6,GSE29621,22,0.852102823137557,0.927185123596635,0.181477656376051,0.568286629219718
NULL_GSE29621_22_7,GSE29621,22,0.256958172625779,0.628966640088403,0.256958172625779,0.628966640088403
NULL_GSE29621_22_8,GSE29621,22,0.38451350182477,0.703746774839607,0.0761508997496807,0.483762455837715
NULL_GSE29621_22_9,GSE29621,22,0.0486580773016935,0.428740143265099,0.0171693013810159,0.327076310266916
NULL_GSE29621_22_10,GSE29621,22,0.145522403192589,0.544001994052264,0.0694823102089673,0.444609656151856
NULL_GSE29621_22_11,GSE29621,22,0.070478340672168,0.468829136520917,0.0546411302373476,0.46096786331479
NULL_GSE29621_22_12,GSE29621,22,0.884573175367958,0.943252898021287,0.188381857331856,1.85279524138246
NULL_GSE29621_22_13,GSE29621,22,0.673689663485699,0.8442904115801,0.375456440582102,0.65868871327527
NULL_GSE29621_22_14,GSE29621,22,0.342025265927938,1.46891315078357,0.276635912140093,1.59812830172105
NULL_GSE29621_22_15,GSE29621,22,0.0862007414294178,0.487627403775801,0.0862007414294178,0.487627403775801
NULL_GSE29621_22_16,GSE29621,22,0.381269273518903,0.698645587092546,0.0664134453883636,0.421799231157602
NULL_GSE29621_22_17,GSE29621,22,0.0840733228454729,0.475327063039456,0.0414899943363385,0.432857181353575
NULL_GSE29621_22_18,GSE29621,22,0.17887385727049,1.73686799529499,0.0618553937525498,3.16056128364274
NULL_GSE29621_22_19,GSE29621,22,0.431416106740774,0.72379195783467,0.198631563863002,0.594032441711875
NULL_GSE29621_22_20,GSE29621,22,0.0320930839135828,0.398617585465736,0.0272442715567785,0.405521503457481
NULL_GSE29621_42_1,GSE29621,42,0.0745189456041207,0.474617590981732,0.00140448220889766,0.261741446205792
NULL_GSE29621_42_2,GSE29621,42,0.385135403492121,0.700997796822103,0.0652823459033003,0.439352477954094
NULL_GSE29621_42_3,GSE29621,42,0.443002861156476,1.36475643181281,0.307614963382659,1.55248121246295
NULL_GSE29621_42_4,GSE29621,42,0.0903082979950808,0.493149201841938,0.02680891395665,0.406641500929809
NULL_GSE29621_42_5,GSE29621,42,0.789409812673181,1.11318146546649,0.294904389419344,1.69087148532025
NULL_GSE29621_42_6,GSE29621,42,0.360732927821541,1.44823716730014,0.178949836205443,2.29076523657409
NULL_GSE29621_42_7,GSE29621,42,0.530627936804286,0.776238713339127,0.517410288094076,1.31424774437601
NULL_GSE29621_42_8,GSE29621,42,0.575890796554921,0.797050483191881,0.236043051686233,0.5860600979731
NULL_GSE29621_42_9,GSE29621,42,0.897127156426008,0.948987501313816,0.199984163656671,0.589045149789424
NULL_GSE29621_42_10,GSE29621,42,0.3337138415276,0.66433762484087,0.269318739136814,1.68409143180993
NULL_GSE29621_42_11,GSE29621,42,0.0949603117933141,0.497962040511694,0.0612009336025521,0.47108376027688
NULL_GSE29621_42_12,GSE29621,42,0.406603145660244,0.714732225946509,0.363711299684239,1.75574425685675
NULL_GSE29621_42_13,GSE29621,42,0.163804655291804,0.565649931084793,0.106294938031178,0.508669341883178
NULL_GSE29621_42_14,GSE29621,42,0.697858143985949,0.854598097699108,0.216186902775939,1.73593345002235
NULL_GSE29621_42_15,GSE29621,42,0.205785626186121,0.594929509485607,0.0332413045605846,0.422009519573455
NULL_GSE29621_42_16,GSE29621,42,0.395401723931045,0.708890046446613,0.13244810005829,0.546394692010571
NULL_GSE29621_42_17,GSE29621,42,0.660932669385874,0.837662073602778,0.400707744006379,0.709242669644933
NULL_GSE29621_42_18,GSE29621,42,0.382076205997992,0.701807411302593,0.302544258863058,0.613626404821212
NULL_GSE29621_42_19,GSE29621,42,0.674868221229467,0.842439821628838,0.0800598203832563,0.41366262062143
NULL_GSE29621_42_20,GSE29621,42,0.828786233103926,1.0908950707077,0.625972151928136,0.795663541965168
NULL_GSE29621_16_1,GSE29621,16,0.968714380710628,0.984410625866584,0.155109658517159,0.565135535879354
NULL_GSE29621_16_2,GSE29621,16,0.725745563459994,0.868018289086925,0.144100645058979,2.46090931126066
NULL_GSE29621_16_3,GSE29621,16,0.160879737077589,1.78153681318333,0.153618053077036,1.78966337812079
NULL_GSE29621_16_4,GSE29621,16,0.046877995869205,0.410091292070327,0.0260460322372617,0.409155361929573
NULL_GSE29621_16_5,GSE29621,16,0.639395789680842,1.20679629838145,0.0323041869851601,2.51086771970509
NULL_GSE29621_16_6,GSE29621,16,0.0636619608212072,0.447881717641938,0.0415954791342891,0.434295103139172
NULL_GSE29621_16_7,GSE29621,16,0.354070587352345,0.68758444939305,0.205149883382672,2.18614290015636
NULL_GSE29621_16_8,GSE29621,16,0.186622918708619,0.575519792602533,0.0478848979299707,0.232337246149398
NULL_GSE29621_16_9,GSE29621,16,0.417086142035335,1.38729610392015,0.218591548426056,1.63901530442096
NULL_GSE29621_16_10,GSE29621,16,0.909991968669791,1.046619110752,0.0490677323216133,0.134011257595013
NULL_GSE29621_16_11,GSE29621,16,0.435013285290532,0.729872175860241,0.0938492863814452,0.290111169537112
NULL_GSE29621_16_12,GSE29621,16,0.221535881168247,1.64731517500623,0.128663077842095,1.85612160356391
NULL_GSE29621_16_13,GSE29621,16,0.702456425547333,0.857660982259657,0.261998948024358,0.636877441342861
NULL_GSE29621_16_14,GSE29621,16,0.865846681073009,0.934246964508577,0.227653591301553,0.602990738623575
NULL_GSE29621_16_15,GSE29621,16,0.707670495365314,1.16213737749193,0.160979979604892,1.75402086302602
NULL_GSE29621_16_16,GSE29621,16,0.903269977058666,1.05029863441364,0.257910868465933,0.497276801653122
NULL_GSE29621_16_17,GSE29621,16,0.457048165803925,0.737037516993502,0.24942779068122,0.609058798822691
NULL_GSE29621_16_18,GSE29621,16,0.156089883883798,1.78795713196123,0.156089883883798,1.78795713196123
NULL_GSE29621_16_19,GSE29621,16,0.0190027546053905,0.36424971730389,0.00348770786043628,0.291945650983569
NULL_GSE29621_16_20,GSE29621,16,0.0620705264772338,0.445782229142974,0.00199216929255424,0.27255842662408
NULL_GSE29621_18_1,GSE29621,18,0.729093932475977,0.870176462920015,0.118421159853872,0.478741255260807
NULL_GSE29621_18_2,GSE29621,18,0.888918179503745,1.05789210766367,0.152121769218284,0.558823582932253
NULL_GSE29621_18_3,GSE29621,18,0.939093818412739,1.03113451608043,0.625065211216914,0.810599654243277
NULL_GSE29621_18_4,GSE29621,18,0.44287244187059,0.73352592098187,0.0588494368404941,0.467550743166371
NULL_GSE29621_18_5,GSE29621,18,0.476620632489833,0.746766527649085,0.476620632489833,0.746766527649085
NULL_GSE29621_18_6,GSE29621,18,0.88114674459635,0.941775404790195,0.422304733415766,1.43594037222016
NULL_GSE29621_18_7,GSE29621,18,0.980006451435281,0.989977839244345,0.507091096118206,0.694914799048773
NULL_GSE29621_18_8,GSE29621,18,0.339473031823506,1.47110536885106,0.120011136103757,1.87297601745003
NULL_GSE29621_18_9,GSE29621,18,0.84352014671759,0.922083161516771,0.144336029704772,0.339285590076131
NULL_GSE29621_18_10,GSE29621,18,0.236908841210282,0.616580049199158,0.0662496712945572,0.438316680790373
NULL_GSE29621_18_11,GSE29621,18,0.346857147355457,0.683040208740101,0.128180634122907,0.488928908074829
NULL_GSE29621_18_12,GSE29621,18,0.468690453537351,0.743155324609448,0.129236039935858,0.530710477509393
NULL_GSE29621_18_13,GSE29621,18,0.00737727347148121,0.301767153711371,0.00737727347148121,0.301767153711371
NULL_GSE29621_18_14,GSE29621,18,0.498065015910852,0.761803560404466,0.215605223658273,0.608017461550292
NULL_GSE29621_18_15,GSE29621,18,0.441166461497775,0.729095006908963,0.365785885780376,0.684703970680049
NULL_GSE29621_18_16,GSE29621,18,0.410876831974906,1.39483437818295,0.065747088645595,2.22390603423638
NULL_GSE29621_18_17,GSE29621,18,0.788311271994994,0.897928387031627,0.466873367541373,1.35492437112554
NULL_GSE29621_18_18,GSE29621,18,0.67185572324859,0.842409709954765,0.208102094146727,0.597284220748089
NULL_GSE29621_18_19,GSE29621,18,0.0952179023417284,0.503850579325856,0.043413915930096,0.417165556282134
NULL_GSE29621_18_20,GSE29621,18,0.340188749421304,0.679574017202557,0.100336091429622,0.400084718415028
NULL_GSE38832_4_1,GSE38832,4,0.341527120751658,1.43880678404987,0.0895257096301283,2.05056604170952
NULL_GSE38832_4_2,GSE38832,4,0.602844385696023,0.816973976455335,0.228338637667669,0.622427186409506
NULL_GSE38832_4_3,GSE38832,4,0.241162761004079,0.635114979655723,0.116607811643738,0.55134837888662
NULL_GSE38832_4_4,GSE38832,4,0.42822459761763,1.391116800542,0.2420177267933,0.589712671261223
NULL_GSE38832_4_5,GSE38832,4,0.307311122218698,0.670605269469771,0.107292146990826,0.522580199376417
NULL_GSE38832_4_6,GSE38832,4,0.259081865063421,0.649254412136544,0.132705289141528,0.543996024232017
NULL_GSE38832_4_7,GSE38832,4,0.28610811974867,0.654636236723321,0.280522273337936,0.623960082220952
NULL_GSE38832_4_8,GSE38832,4,0.884460493725599,0.943769307332227,0.0981925346639817,2.02221672904069
NULL_GSE38832_4_9,GSE38832,4,0.269133987472156,0.654282293665879,0.124301650035324,0.545743041947828
NULL_GSE38832_4_10,GSE38832,4,0.188417213136256,0.603959436473964,0.131825631798978,0.539736884288594
NULL_GSE38832_4_11,GSE38832,4,0.271566942364084,0.652771976119542,0.155087823025265,0.561885825681132
NULL_GSE38832_4_12,GSE38832,4,0.0421865656494933,2.46370510251851,0.0421865656494933,2.46370510251851
NULL_GSE38832_4_13,GSE38832,4,0.394382513806758,0.716181656367925,0.105635373332889,0.370508694298007
NULL_GSE38832_4_14,GSE38832,4,0.226232048647427,1.59861426298845,0.154216014665233,1.78058403149427
NULL_GSE38832_4_15,GSE38832,4,0.929612531161551,0.966738461758678,0.256589941681769,1.61305675045719
NULL_GSE38832_4_16,GSE38832,4,0.0331470556624638,2.71740163029389,0.0331470556624638,2.71740163029389
NULL_GSE38832_4_17,GSE38832,4,0.138930768811673,1.87567060056051,0.0815803864000769,2.38477489910533
NULL_GSE38832_4_18,GSE38832,4,0.0335008250498057,2.71223475528319,0.0335008250498057,2.71223475528319
NULL_GSE38832_4_19,GSE38832,4,0.459013502246057,1.34757892703578,0.04698320404288,2.14515954009698
NULL_GSE38832_4_20,GSE38832,4,0.0527749336959599,0.464827060979814,0.029927523157292,0.386897835828818
NULL_GSE38832_11_1,GSE38832,11,0.176391955129574,0.590180730252256,0.0313341830436672,0.421549977717625
NULL_GSE38832_11_2,GSE38832,11,0.860798496180427,0.932421268358012,0.127867261463736,3.0655371202022
NULL_GSE38832_11_3,GSE38832,11,0.706311656645687,1.15646260922322,0.333698844837235,1.56788281893451
NULL_GSE38832_11_4,GSE38832,11,0.287701173467526,1.55554351596525,0.180349024466997,1.67688584872685
NULL_GSE38832_11_5,GSE38832,11,0.393375142108493,0.722128874752675,0.208100926771708,0.598895034841561
NULL_GSE38832_11_6,GSE38832,11,0.669621301814368,0.843345225202903,0.45336613688458,1.42391088315355
NULL_GSE38832_11_7,GSE38832,11,0.822375632173073,1.08885629930162,0.34716885874608,0.662899346876792
NULL_GSE38832_11_8,GSE38832,11,0.226651699654784,1.64410541354413,0.0638518508947535,2.51444982641398
NULL_GSE38832_11_9,GSE38832,11,0.281790173121783,0.658847522334811,0.0980275352944452,0.511465731904792
NULL_GSE38832_11_10,GSE38832,11,0.679934409613032,1.16961861170983,0.0269963357660669,2.39903734220285
NULL_GSE38832_11_11,GSE38832,11,0.69309608257254,1.16390795253581,0.118829752836363,2.32558273187455
NULL_GSE38832_11_12,GSE38832,11,0.248133290721129,1.58133091620262,0.0853416886946381,1.93307503209563
NULL_GSE38832_11_13,GSE38832,11,0.330510406297257,0.68609891499503,0.0489606977152935,0.473961465004672
NULL_GSE38832_11_14,GSE38832,11,0.338843477577657,1.46383182920639,0.0850026361532209,1.96046714183134
NULL_GSE38832_11_15,GSE38832,11,0.132309805430481,1.8965640817245,0.0325154157199109,2.90315889334265
NULL_GSE38832_11_16,GSE38832,11,0.874452994321305,0.940502968793008,0.0868194279655537,0.481137168500541
NULL_GSE38832_11_17,GSE38832,11,0.873202366812514,1.06396763291199,0.158540658572585,1.7762812583486
NULL_GSE38832_11_18,GSE38832,11,0.249704697879117,1.58184250176667,0.0382993547827335,3.0739418276893
NULL_GSE38832_11_19,GSE38832,11,0.632269497002657,0.834035090216325,0.402142159140654,0.727692409567655
NULL_GSE38832_11_20,GSE38832,11,0.745629204940658,1.13080144970933,0.0582992617689677,4.01554403314912
NULL_GSE38832_8_1,GSE38832,8,0.320065156850895,0.680308232012755,0.267684725814152,0.651075242389403
NULL_GSE38832_8_2,GSE38832,8,0.81117710438011,0.911948623513782,0.509257852772323,0.772941741307534
NULL_GSE38832_8_3,GSE38832,8,0.738462069024797,0.881025955123512,0.43919455247509,1.35114153458701
NULL_GSE38832_8_4,GSE38832,8,0.0906241105388696,1.95341185893807,0.04459360030252,2.1510486997201
NULL_GSE38832_8_5,GSE38832,8,0.162343804473048,0.57597709372567,0.0210660348127293,0.417606323610889
NULL_GSE38832_8_6,GSE38832,8,0.487901514597487,1.31255957168725,0.1938152093568,1.64519084881383
NULL_GSE38832_8_7,GSE38832,8,0.560759149792063,0.799839762490478,0.0433811754885626,0.464344590808412
NULL_GSE38832_8_8,GSE38832,8,0.829938062282946,1.08634875764375,0.217253002233412,1.76987480111674
NULL_GSE38832_8_9,GSE38832,8,0.756571014602383,0.886966473490746,0.368056580427567,0.707670318791041
NULL_GSE38832_8_10,GSE38832,8,0.747157694525734,1.13215509713434,0.17464546876632,2.72372836624651
NULL_GSE38832_8_11,GSE38832,8,0.638526975455243,0.83476679273751,0.172191043926177,2.09775211884025
NULL_GSE38832_8_12,GSE38832,8,0.225101476145395,1.64959247645857,0.0114988118559864,2.61376224965505
NULL_GSE38832_8_13,GSE38832,8,0.593264470933219,1.23397618192086,0.223909276452152,1.60172047575724
NULL_GSE38832_8_14,GSE38832,8,0.696185720882071,0.862312783706427,0.280147286441106,0.662482073673431
NULL_GSE38832_8_15,GSE38832,8,0.435391866160042,1.34476577680844,0.313309983620946,1.50512471080572
NULL_GSE38832_8_16,GSE38832,8,0.56588187814186,1.26245795204215,0.178504833225292,2.08488340178647
NULL_GSE38832_8_17,GSE38832,8,0.355356076141706,1.44521075786007,0.0550150625519023,0.4198771772881
NULL_GSE38832_8_18,GSE38832,8,0.878362113649168,0.941833061047698,0.10009785314148,5.35476941027747
NULL_GSE38832_8_19,GSE38832,8,0.226701219025656,1.68053808383424,0.178342255892995,1.7544483222524
NULL_GSE38832_8_20,GSE38832,8,0.206096621213333,1.68040704197192,0.0494506967485459,2.64855432776254
NULL_GSE38832_6_1,GSE38832,6,0.159571657128264,1.82476320989884,0.0702833528803526,2.06961652502795
NULL_GSE38832_6_2,GSE38832,6,0.312042985299358,1.49521055393704,0.312042985299358,1.49521055393704
NULL_GSE38832_6_3,GSE38832,6,0.575108392380366,0.807606596234368,0.178316730479154,0.581811784698501
NULL_GSE38832_6_4,GSE38832,6,0.151260909710998,0.574498326492121,0.01091799589986,0.280716158110298
NULL_GSE38832_6_5,GSE38832,6,0.241197322249441,1.59344331973266,0.0102183568475807,6.59908496994068
NULL_GSE38832_6_6,GSE38832,6,0.389453359143508,0.719743334035768,0.137322044510602,0.403194074173256
NULL_GSE38832_6_7,GSE38832,6,0.215543186008734,1.66121221794025,0.0402229691470676,3.52527502822653
NULL_GSE38832_6_8,GSE38832,6,0.27333882353333,1.52825137706037,0.0340569138980581,2.37929298020187
NULL_GSE38832_6_9,GSE38832,6,0.820001827682838,1.0918226571526,0.248683697674899,1.5804336317196
NULL_GSE38832_6_10,GSE38832,6,0.0135245924093789,0.355571303195626,0.0135245924093789,0.355571303195626
NULL_GSE38832_6_11,GSE38832,6,0.22557694325228,1.5938024886833,0.22557694325228,1.5938024886833
NULL_GSE38832_6_12,GSE38832,6,0.727740188555895,0.876069403853409,0.205379970974567,0.587924862289999
NULL_GSE38832_6_13,GSE38832,6,0.391624440213704,1.3901887083402,0.052461053488088,4.16164934950695
NULL_GSE38832_6_14,GSE38832,6,0.168391245808517,1.69366711293349,0.168391245808517,1.69366711293349
NULL_GSE38832_6_15,GSE38832,6,0.828659126930506,0.918205403274115,0.0839763172697142,2.37141657050233
NULL_GSE38832_6_16,GSE38832,6,0.675787324885099,0.85336933223857,0.0867493385163119,2.00326588472001
NULL_GSE38832_6_17,GSE38832,6,0.138030792061397,0.556433050073772,0.0477247844372205,0.132909029919004
NULL_GSE38832_6_18,GSE38832,6,0.876043226466248,1.0630900616294,0.185866706522058,1.75249898795352
NULL_GSE38832_6_19,GSE38832,6,0.139797598587439,1.87434509874452,0.117903578727385,1.90349936006746
NULL_GSE38832_6_20,GSE38832,6,0.73656892445757,0.878316885603884,0.306155235012952,1.61321934033862
NULL_GSE38832_15_1,GSE38832,15,0.477788090993388,1.3313430472323,0.339641673776539,1.45568196963197
NULL_GSE38832_15_2,GSE38832,15,0.311950261398948,1.52164779867398,0.0327404380228297,2.3166663117644
NULL_GSE38832_15_3,GSE38832,15,0.171973544463741,1.70351684055316,0.0214004558508702,2.39854240513099
NULL_GSE38832_15_4,GSE38832,15,0.189194250558059,1.70511657913255,0.0932132373203936,2.08436673456058
NULL_GSE38832_15_5,GSE38832,15,0.191777535013558,1.675298996492,0.191777535013558,1.675298996492
NULL_GSE38832_15_6,GSE38832,15,0.545860617080482,1.26544295408995,0.323413707994071,1.63035882423575
NULL_GSE38832_15_7,GSE38832,15,0.83302537699366,0.921082363851217,0.220774893093705,0.614274685360538
NULL_GSE38832_15_8,GSE38832,15,0.575449655522787,1.25528288282347,0.090970528905659,0.466096746958126
NULL_GSE38832_15_9,GSE38832,15,0.174302782329595,0.571254722649026,0.12648921205258,0.553569822763116
NULL_GSE38832_15_10,GSE38832,15,0.18974667729934,0.603722917547017,0.0350579115452791,0.116673072526701
NULL_GSE38832_15_11,GSE38832,15,0.373835353696195,1.44767710024156,0.373835353696195,1.44767710024156
NULL_GSE38832_15_12,GSE38832,15,0.527144196003278,1.29198637045588,0.332617432837354,0.635399889471419
NULL_GSE38832_15_13,GSE38832,15,0.486889372159887,1.31015660566898,0.224897396230904,1.75596548846556
NULL_GSE38832_15_14,GSE38832,15,0.476175339276085,1.33524797476683,0.179403541468004,1.70044938166824
NULL_GSE38832_15_15,GSE38832,15,0.941047704524639,1.0288972222824,0.297901092677073,1.49249697724698
NULL_GSE38832_15_16,GSE38832,15,0.533739243219962,0.789667471351155,0.180986291968467,0.570190985507915
NULL_GSE38832_15_17,GSE38832,15,0.239220214835285,1.57797119656773,0.126747985318202,1.78625764475268
NULL_GSE38832_15_18,GSE38832,15,0.497334319559436,1.30254543645638,0.0754518938252863,2.02336501409268
NULL_GSE38832_15_19,GSE38832,15,0.747728343916211,1.13260591046571,0.125983929407769,2.55633132232817
NULL_GSE38832_15_20,GSE38832,15,0.56771224816967,1.2625931435537,0.0785938413554379,2.0061967739253
NULL_GSE38832_3_1,GSE38832,3,0.881587017140423,1.06034146562419,0.078182119466228,2.42844524948207
NULL_GSE38832_3_2,GSE38832,3,0.29007695802419,1.5516869874942,0.192514664940952,2.03598534671967
NULL_GSE38832_3_3,GSE38832,3,0.431404726121765,0.74162025625747,0.104444154289303,0.537664584831494
NULL_GSE38832_3_4,GSE38832,3,0.744073434624281,0.883633355709216,0.146960006771968,0.572973003831355
NULL_GSE38832_3_5,GSE38832,3,0.703572779691963,1.15505071999894,0.509240913732021,0.721840805384411
NULL_GSE38832_3_6,GSE38832,3,0.626391372956566,0.829363547060762,0.348361951075346,0.627249671306468
NULL_GSE38832_3_7,GSE38832,3,0.257194715299835,1.55402192997749,0.0622588409531169,2.06395629359932
NULL_GSE38832_3_8,GSE38832,3,0.558294537018265,1.26952852403916,0.203653869708868,2.18529632378711
NULL_GSE38832_3_9,GSE38832,3,0.459916840238173,1.34524318620947,0.0405223378643458,2.24596657064607
NULL_GSE38832_3_10,GSE38832,3,0.951571826978088,1.02398039388695,0.446990471109448,1.380263804501
NULL_GSE38832_3_11,GSE38832,3,0.73663637450792,1.13695476292431,0.115354593435782,1.93763161645833
NULL_GSE38832_3_12,GSE38832,3,0.353022166631655,1.42609150533879,0.252489754343583,1.54340931799959
NULL_GSE38832_3_13,GSE38832,3,0.911632698323889,1.04301513001757,0.487767771935664,1.33751017837814
NULL_GSE38832_3_14,GSE38832,3,0.436706974347947,1.34534543264961,0.252026397362075,1.54697920532595
NULL_GSE38832_3_15,GSE38832,3,0.362301980103506,1.46359802238662,0.310570124424127,1.48979637939077
NULL_GSE38832_3_16,GSE38832,3,0.438703788833654,1.35140874155687,0.00453897279638113,2.95815105041312
NULL_GSE38832_3_17,GSE38832,3,0.336566322396641,0.692207589052923,0.336566322396641,0.692207589052923
NULL_GSE38832_3_18,GSE38832,3,0.192749245686013,0.585636700944452,0.192749245686013,0.585636700944452
NULL_GSE38832_3_19,GSE38832,3,0.57028605433599,1.24232930648408,0.0929419641378966,1.90093673144394
NULL_GSE38832_3_20,GSE38832,3,0.88208682779314,1.05787884151227,0.39014068319676,1.39463769127595
NULL_GSE38832_9_1,GSE38832,9,0.220117820815685,1.69248239336888,0.216305147211486,1.73499017227712
NULL_GSE38832_9_2,GSE38832,9,0.326373619104173,1.50027017544469,0.123503580545581,1.84363250016395
NULL_GSE38832_9_3,GSE38832,9,0.423956528880695,1.39814597480375,0.182506840860217,1.74500189933701
NULL_GSE38832_9_4,GSE38832,9,0.781987614013683,0.900589788540188,0.35966035531139,1.64270708992616
NULL_GSE38832_9_5,GSE38832,9,0.170939947507913,1.80423080420673,0.133817056190676,2.27010204484161
NULL_GSE38832_9_6,GSE38832,9,0.875738324416026,1.06514208515632,0.0797807551410228,3.63375457973894
NULL_GSE38832_9_7,GSE38832,9,0.78383478678982,0.897274611137723,0.219930571163231,0.618137701958677
NULL_GSE38832_9_8,GSE38832,9,0.568825860078364,1.26180564088312,0.340137644238515,1.47679715201409
NULL_GSE38832_9_9,GSE38832,9,0.753614291006527,1.12841137843139,0.356641231469708,0.696543028715094
NULL_GSE38832_9_10,GSE38832,9,0.872961755587505,0.93839304968532,0.393426044843915,0.710879553214476
NULL_GSE38832_9_11,GSE38832,9,0.525654118582276,1.29112176834348,0.0815618612537904,2.92278473217206
NULL_GSE38832_9_12,GSE38832,9,0.528954414879523,1.27824031329657,0.13456338964873,2.10334700344899
NULL_GSE38832_9_13,GSE38832,9,0.624967274849326,0.830734281126532,0.250214446970773,1.69837862365338
NULL_GSE38832_9_14,GSE38832,9,0.249434707061018,1.5810599096985,0.0575144292911113,2.30032826014506
NULL_GSE38832_9_15,GSE38832,9,0.220530683406497,1.69233598529734,0.122833771335189,0.430107896611501
NULL_GSE38832_9_16,GSE38832,9,0.118771144960586,1.85089616443843,0.0182979327977366,2.4963873233346
NULL_GSE38832_9_17,GSE38832,9,0.970552073532289,1.01411791095787,0.154742389737507,1.93851212143882
NULL_GSE38832_9_18,GSE38832,9,0.713326394457769,1.14995000894985,0.0947505130276964,2.77895745292763
NULL_GSE38832_9_19,GSE38832,9,0.194978650149541,0.60287682951206,0.194978650149541,0.60287682951206
NULL_GSE38832_9_20,GSE38832,9,0.711324235905049,1.15651951371051,0.190368469617567,1.65409979850358
NULL_GSE38832_50_1,GSE38832,50,0.0797910115265414,2.18411533996431,0.0408712408416065,2.78100196356227
NULL_GSE38832_50_2,GSE38832,50,0.691717582769561,1.17618123310191,0.475531737582775,1.42789376092627
NULL_GSE38832_50_3,GSE38832,50,0.158553769885822,1.83103311062268,0.112375066204566,1.84638281662634
NULL_GSE38832_50_4,GSE38832,50,0.987477687213851,1.00628524276769,0.537747570704597,1.33400241404896
NULL_GSE38832_50_5,GSE38832,50,0.00442635174908438,3.71564482797979,0.00442635174908438,3.71564482797979
NULL_GSE38832_50_6,GSE38832,50,0.834532557924376,1.08607812923617,0.321537653978362,1.5225813104627
NULL_GSE38832_50_7,GSE38832,50,0.250510643239526,1.60481946880887,0.172974859591698,1.88477574047553
NULL_GSE38832_50_8,GSE38832,50,0.784755008627936,1.11383106753232,0.109419863706918,0.451059579945571
NULL_GSE38832_50_9,GSE38832,50,0.915403506469937,1.04327962884653,0.0690923839634211,2.01128595670673
NULL_GSE38832_50_10,GSE38832,50,0.422270977923799,1.37835576944334,0.0854443728150442,0.464016830704396
NULL_GSE38832_50_11,GSE38832,50,0.173558328830687,1.74798402081082,0.0748676894248671,1.99298584487621
NULL_GSE38832_50_12,GSE38832,50,0.340576963472396,1.48406112697695,0.0887314549247355,0.39273945804789
NULL_GSE38832_50_13,GSE38832,50,0.0647975758304382,2.26709456537537,0.0647975758304382,2.26709456537537
NULL_GSE38832_50_14,GSE38832,50,0.0310859750499211,2.74820028254863,0.0310859750499211,2.74820028254863
NULL_GSE38832_50_15,GSE38832,50,0.128621557789762,1.91451032214036,0.0548538832482749,2.27143003390335
NULL_GSE38832_50_16,GSE38832,50,0.202909763666365,1.72846735987949,0.0918227217311676,2.20462027208776
NULL_GSE38832_50_17,GSE38832,50,0.56963099048614,1.26128294402133,0.175157921818654,1.72209697724704
NULL_GSE38832_50_18,GSE38832,50,0.810459648430358,0.912201405689245,0.225129651600527,1.75493720741656
NULL_GSE38832_50_19,GSE38832,50,0.233145403745337,1.63506225547927,0.0430610387473304,2.19878016732138
NULL_GSE38832_50_20,GSE38832,50,0.784386458225422,1.11404617933889,0.182589955923897,2.2649803945906
NULL_GSE38832_12_1,GSE38832,12,0.582745037052436,1.239738598157,0.131634724124655,0.510673222784156
NULL_GSE38832_12_2,GSE38832,12,0.968453590618865,0.984743903823101,0.303650905201357,1.61449585871589
NULL_GSE38832_12_3,GSE38832,12,0.798224672804041,0.907382972716492,0.251928420611852,1.59326311260222
NULL_GSE38832_12_4,GSE38832,12,0.341529672979171,1.46074549277418,0.0648318238898064,2.50257745073405
NULL_GSE38832_12_5,GSE38832,12,0.0581342124369628,0.471591278049365,0.0251698613702859,0.40704928729067
NULL_GSE38832_12_6,GSE38832,12,0.151121160614209,1.76381134845122,0.151121160614209,1.76381134845122
NULL_GSE38832_12_7,GSE38832,12,0.309289177079362,1.52345511810469,0.0759138696446885,2.43431523659742
NULL_GSE38832_12_8,GSE38832,12,0.489454974925093,1.32273186289455,0.294644026902357,1.50610229663536
NULL_GSE38832_12_9,GSE38832,12,0.597991033081002,1.23836904046615,0.379650201628011,1.41171007557372
NULL_GSE38832_12_10,GSE38832,12,0.0642135154985288,0.459014498968592,0.0470251407466712,0.466867337246468
NULL_GSE38832_12_11,GSE38832,12,0.358316858132219,1.46705154927761,0.211077647284134,1.74711306795871
NULL_GSE38832_12_12,GSE38832,12,0.329542246674825,0.689781996468408,0.199740858722044,0.605391188700543
NULL_GSE38832_12_13,GSE38832,12,0.802825490561943,1.09915614110168,0.667811133931724,0.820209897281093
NULL_GSE38832_12_14,GSE38832,12,0.148192574422522,0.570050681938205,0.0222627316106764,0.416561187622522
NULL_GSE38832_12_15,GSE38832,12,0.184658637350855,1.68941242810536,0.058773407089172,2.54336185350913
NULL_GSE38832_12_16,GSE38832,12,0.233452801816154,1.58609615075764,0.0604771924904505,2.04960062970605
NULL_GSE38832_12_17,GSE38832,12,0.267228064511781,0.651154235882169,0.0158578435411281,0.392320207900138
NULL_GSE38832_12_18,GSE38832,12,0.0639671736863699,2.26836602593466,0.0382721128077502,2.27906921008092
NULL_GSE38832_12_19,GSE38832,12,0.688836658073973,1.16565028639232,0.167688832861948,1.83747277590526
NULL_GSE38832_12_20,GSE38832,12,0.641501415409519,1.20799046564464,0.117261195825018,1.83494257445549
NULL_GSE38832_29_1,GSE38832,29,0.834267969634494,0.920923652456032,0.212023437715047,2.15539599377421
NULL_GSE38832_29_2,GSE38832,29,0.605212682717202,1.21894244914448,0.180508145970741,1.72269171871623
NULL_GSE38832_29_3,GSE38832,29,0.221585888887555,0.625924401249599,0.0865062408034889,0.470841104529348
NULL_GSE38832_29_4,GSE38832,29,0.173633569980073,1.79268674115199,0.0769764744634937,2.97022005193016
NULL_GSE38832_29_5,GSE38832,29,0.662425169472241,0.844448913477444,0.210441678375781,0.464866950248375
NULL_GSE38832_29_6,GSE38832,29,0.0809988349953568,2.08908814473828,0.0809988349953568,2.08908814473828
NULL_GSE38832_29_7,GSE38832,29,0.398189484281278,1.38461739727332,0.274003369469929,1.5469302043181
NULL_GSE38832_29_8,GSE38832,29,0.141376471280684,1.86986578063244,0.109470515946393,1.92950103379279
NULL_GSE38832_29_9,GSE38832,29,0.881172851323873,1.05937872489266,0.117440489450434,1.82277026634149
NULL_GSE38832_29_10,GSE38832,29,0.604324078614078,0.821242249924616,0.228166831299678,0.585916627830382
NULL_GSE38832_29_11,GSE38832,29,0.050567749682299,2.20746988235448,0.00524460465399469,5.5249868646141
NULL_GSE38832_29_12,GSE38832,29,0.837324988479211,0.924697918309838,0.37676252382886,0.620333677218166
NULL_GSE38832_29_13,GSE38832,29,0.420533362350393,1.39823630609392,0.262387033499881,1.54033191568742
NULL_GSE38832_29_14,GSE38832,29,0.554513340437562,1.27103673546531,0.0957059112372288,0.400541498317421
NULL_GSE38832_29_15,GSE38832,29,0.0898854666231519,0.513599444073096,0.0101850820979563,0.318229867702999
NULL_GSE38832_29_16,GSE38832,29,0.401854512221196,1.37809200921272,0.0962866840849718,2.06750184928957
NULL_GSE38832_29_17,GSE38832,29,0.324182433566239,1.50027425454859,0.0706933007011714,2.67168466253576
NULL_GSE38832_29_18,GSE38832,29,0.379847762429245,1.44155841466703,0.182848834026593,2.67346536507557
NULL_GSE38832_29_19,GSE38832,29,0.68642734069217,1.16543635819964,0.0751649966377545,2.17678112090533
NULL_GSE38832_29_20,GSE38832,29,0.973708376711729,0.987113789655139,0.181360147575251,0.587754599406113
NULL_GSE38832_7_1,GSE38832,7,0.746544673593038,0.883037549332496,0.188763196832614,0.58105249370891
NULL_GSE38832_7_2,GSE38832,7,0.083997583228986,2.16385576746282,0.0432266701684782,2.75573327285079
NULL_GSE38832_7_3,GSE38832,7,0.149947262156126,1.85458790620095,0.0394189559486639,4.56388638136444
NULL_GSE38832_7_4,GSE38832,7,0.17801315829892,1.77632776119926,0.0703608705016154,2.05975950314773
NULL_GSE38832_7_5,GSE38832,7,0.61852613894883,0.826512281055218,0.190955268025796,0.575189680867176
NULL_GSE38832_7_6,GSE38832,7,0.306297308022614,1.50545657686808,0.0954074282724299,2.08972964248648
NULL_GSE38832_7_7,GSE38832,7,0.217950265600544,0.61905350607787,0.103086555198487,0.465376824369716
NULL_GSE38832_7_8,GSE38832,7,0.656845022783351,0.841925552346357,0.372282110298344,0.657878057954253
NULL_GSE38832_7_9,GSE38832,7,0.945203224521728,1.02687881406588,0.0408983457878164,2.2205439955052
NULL_GSE38832_7_10,GSE38832,7,0.528201788801407,1.29296048112671,0.267823437867691,0.624782794812725
NULL_GSE38832_7_11,GSE38832,7,0.541909452550513,0.786200084614811,0.129961546285727,0.525042207198911
NULL_GSE38832_7_12,GSE38832,7,0.434368019752433,1.36860669284583,0.299643740500074,1.5112685544626
NULL_GSE38832_7_13,GSE38832,7,0.131785123202255,1.9020004327421,0.131785123202255,1.9020004327421
NULL_GSE38832_7_14,GSE38832,7,0.745773433090656,1.13198103700294,0.328884001567694,0.652630067162589
NULL_GSE38832_7_15,GSE38832,7,0.104653171206672,1.89729662862655,0.0520018219515478,2.09094228048275
NULL_GSE38832_7_16,GSE38832,7,0.132181111053589,1.79958557350093,0.132181111053589,1.79958557350093
NULL_GSE38832_7_17,GSE38832,7,0.301127661268809,0.669836089980185,0.0964000472162058,0.518798802264397
NULL_GSE38832_7_18,GSE38832,7,0.910885641738746,0.95841808250041,0.287640057788159,0.640495814234328
NULL_GSE38832_7_19,GSE38832,7,0.0386016810153338,2.26958748452715,0.00736296122425823,2.83207515026002
NULL_GSE38832_7_20,GSE38832,7,0.125518952171931,0.55115597327951,0.0303365619924695,0.429855058990142
NULL_GSE38832_10_1,GSE38832,10,0.530280663464448,1.2736514386571,0.530280663464448,1.2736514386571
NULL_GSE38832_10_2,GSE38832,10,0.137447226909636,1.88203045849183,0.0388724327386967,2.4078792847528
NULL_GSE38832_10_3,GSE38832,10,0.147858721916786,1.80623004605518,0.0507956798817626,2.64061511519016
NULL_GSE38832_10_4,GSE38832,10,0.306635397724402,0.675831087932366,0.189576054235686,0.575178021538937
NULL_GSE38832_10_5,GSE38832,10,0.155972055437689,1.7821357302399,0.0795493007863519,2.15752611245852
NULL_GSE38832_10_6,GSE38832,10,0.0625882576379242,2.28383034582309,0.0625882576379242,2.28383034582309
NULL_GSE38832_10_7,GSE38832,10,0.0987246865364794,2.00588436354698,0.091079311959903,1.90211632912084
NULL_GSE38832_10_8,GSE38832,10,0.114140331623107,1.95134538983308,0.022037803992639,3.1142235715763
NULL_GSE38832_10_9,GSE38832,10,0.185642855025283,1.72323778915286,0.0101919938916507,2.67363154340027
NULL_GSE38832_10_10,GSE38832,10,0.371266147924866,0.705925756579678,0.214114882953251,0.624034257759663
NULL_GSE38832_10_11,GSE38832,10,0.890080745567332,0.948737713522303,0.252041601067139,0.587764446708584
NULL_GSE38832_10_12,GSE38832,10,0.1218385141434,1.93433252569379,0.0864096114762862,2.35882724322723
NULL_GSE38832_10_13,GSE38832,10,0.320439969826529,1.49000059364518,0.0361435619544991,2.30415364198043
NULL_GSE38832_10_14,GSE38832,10,0.122569456834625,1.93207663470585,0.0722559071719499,3.01208222056328
NULL_GSE38832_10_15,GSE38832,10,0.375166581116122,1.40385101084312,0.125948005462407,1.89794756157178
NULL_GSE38832_10_16,GSE38832,10,0.254926683281955,1.59779751125421,0.185931295126727,2.05992126293287
NULL_GSE38832_10_17,GSE38832,10,0.59327426998409,0.812743904261706,0.0340321739990893,0.430487572161062
NULL_GSE38832_10_18,GSE38832,10,0.742821350087845,0.88025772055556,0.10375458810324,0.4433856701689
NULL_GSE38832_10_19,GSE38832,10,0.834611040209008,0.92375270330603,0.0376754971971873,2.32402764337246
NULL_GSE38832_10_20,GSE38832,10,0.320560118612763,1.51088284859052,0.0196878739565389,2.47081832845638
NULL_GSE38832_14_1,GSE38832,14,0.904876748605639,0.955517820021882,0.335521461567842,1.49783655781654
NULL_GSE38832_14_2,GSE38832,14,0.649926889305845,1.20377749212606,0.398350672127093,0.700913189826733
NULL_GSE38832_14_3,GSE38832,14,0.735103623105243,1.14262840519042,0.366981725669546,1.74258468242772
NULL_GSE38832_14_4,GSE38832,14,0.794350178912878,0.905585715907741,0.156140240927514,1.71126510748596
NULL_GSE38832_14_5,GSE38832,14,0.46173347391937,1.33010276882039,0.137119337023323,0.516463157557854
NULL_GSE38832_14_6,GSE38832,14,0.20664567174118,1.67291165468775,0.20664567174118,1.67291165468775
NULL_GSE38832_14_7,GSE38832,14,0.987773569035318,1.00594764548932,0.223009256119673,1.59041700771397
NULL_GSE38832_14_8,GSE38832,14,0.2817567376512,0.658555078390899,0.193201527151588,0.607248409182791
NULL_GSE38832_14_9,GSE38832,14,0.963237915934334,1.01777206028602,0.283523285946855,1.54679213944601
NULL_GSE38832_14_10,GSE38832,14,0.276095772757698,1.54168192400065,0.167868079132564,0.504754539965139
NULL_GSE38832_14_11,GSE38832,14,0.338100283845659,0.693580269252919,0.183886895458749,0.594521249604739
NULL_GSE38832_14_12,GSE38832,14,0.33033647128012,1.49951011628358,0.162427178403968,2.7974164116683
NULL_GSE38832_14_13,GSE38832,14,0.893460075694235,0.950323380028681,0.300036481462511,0.618509567659466
NULL_GSE38832_14_14,GSE38832,14,0.688939953288191,1.16944922134591,0.222002985997041,2.4618033475831
NULL_GSE38832_14_15,GSE38832,14,0.385901997667433,1.41378712305906,0.222245056618702,1.60393392996673
NULL_GSE38832_14_16,GSE38832,14,0.54106707153784,1.2683142082501,0.442478034078148,1.34294699971248
NULL_GSE38832_14_17,GSE38832,14,0.402303389627751,1.38394086077088,0.13276470570217,1.92992330513123
NULL_GSE38832_14_18,GSE38832,14,0.324728314876129,1.50655094734191,0.0981651068946778,3.39071620148219
NULL_GSE38832_14_19,GSE38832,14,0.645963841494157,1.20590054204852,0.0819770984015887,1.95149952472298
NULL_GSE38832_14_20,GSE38832,14,0.238469875571972,0.635983158819269,0.15850760844803,0.537556012110007
NULL_GSE38832_2_1,GSE38832,2,0.211640073149626,1.67003045521472,0.0236235158214092,3.42345106321383
NULL_GSE38832_2_2,GSE38832,2,0.710752543475065,0.866964354909937,0.487618265342184,0.709956287695942
NULL_GSE38832_2_3,GSE38832,2,0.210044045068291,1.62568501128715,0.15620893989,1.77640812419315
NULL_GSE38832_2_4,GSE38832,2,0.350579774345972,1.45111358978349,0.118155265989334,1.86318659513099
NULL_GSE38832_2_5,GSE38832,2,0.112652790914919,1.90358648689075,0.081181247124425,2.14449224870025
NULL_GSE38832_2_6,GSE38832,2,0.730584858437739,0.877526691709266,0.114009738959686,0.515083009161741
NULL_GSE38832_2_7,GSE38832,2,0.5179462233718,0.780986653468916,0.294341149003372,0.669698026818717
NULL_GSE38832_2_8,GSE38832,2,0.445072453100428,1.3396294727946,0.148125727598894,1.73407860363823
NULL_GSE38832_2_9,GSE38832,2,0.639209122750424,0.833983185995623,0.282059430186841,0.656555619043792
NULL_GSE38832_2_10,GSE38832,2,0.688142024455763,0.857324280037503,0.375442165057277,0.68924375212827
NULL_GSE38832_2_11,GSE38832,2,0.755565241905247,1.1255069715364,0.0885361224963258,0.508811162234363
NULL_GSE38832_2_12,GSE38832,2,0.951271485631174,0.976447151889455,0.415781574701025,0.694727930107056
NULL_GSE38832_2_13,GSE38832,2,0.402321025539655,1.38110441581857,0.119091361232905,2.19057577841551
NULL_GSE38832_2_14,GSE38832,2,0.276677301401988,1.56621812784241,0.221407680305746,1.60163091448258
NULL_GSE38832_2_15,GSE38832,2,0.309497331209213,1.48485030526187,0.0544818897102007,2.42840993056791
NULL_GSE38832_2_16,GSE38832,2,0.477843117782392,1.32866747553895,0.147644293221139,1.95975003921632
NULL_GSE38832_2_17,GSE38832,2,0.283448266293997,1.55917401347085,0.0783745831862731,0.381239770158414
NULL_GSE38832_2_18,GSE38832,2,0.646801879288651,0.839264606142364,0.46737071303642,0.724865287565557
NULL_GSE38832_2_19,GSE38832,2,0.995424964937861,1.00217966098748,0.379705685396433,0.71488497264226
NULL_GSE38832_2_20,GSE38832,2,0.54162772123404,1.26344625709971,0.218138298004933,1.59606358293996
NULL_GSE38832_13_1,GSE38832,13,0.105669873503506,1.98620526111886,0.0661997085362073,2.03818977308361
NULL_GSE38832_13_2,GSE38832,13,0.174634539710872,1.78999747786392,0.119909641770518,0.455642565114873
NULL_GSE38832_13_3,GSE38832,13,0.202215260058464,0.603083958796885,0.0273892502472713,0.427523747970574
NULL_GSE38832_13_4,GSE38832,13,0.614328763793285,0.82580175812499,0.258808597621748,0.651110351888961
NULL_GSE38832_13_5,GSE38832,13,0.807850915765997,0.907666363208283,0.0712069389902509,0.497469558740809
NULL_GSE38832_13_6,GSE38832,13,0.247384796120423,1.5661624020342,0.0646397859029822,2.02666474100356
NULL_GSE38832_13_7,GSE38832,13,0.615781874780386,0.825315749464208,0.0676498747389387,0.490802330465112
NULL_GSE38832_13_8,GSE38832,13,0.142396102527911,1.87240429347965,0.0762886893799679,2.29024000144259
NULL_GSE38832_13_9,GSE38832,13,0.790288178690445,1.10626270377449,0.19756232958555,1.75942139156794
NULL_GSE38832_13_10,GSE38832,13,0.444160441554734,1.34902068665729,0.277907659922362,1.94666515463467
NULL_GSE38832_13_11,GSE38832,13,0.198969192812928,0.611387942521782,0.198969192812928,0.611387942521782
NULL_GSE38832_13_12,GSE38832,13,0.358701699596378,1.46474251489249,0.205600546988628,1.75799681607831
NULL_GSE38832_13_13,GSE38832,13,0.0875916028586563,2.14271735686255,0.0599103249673386,2.55976332633997
NULL_GSE38832_13_14,GSE38832,13,0.259778276385122,1.59529956850872,0.259778276385122,1.59529956850872
NULL_GSE38832_13_15,GSE38832,13,0.161796698639357,1.76730044789437,0.0393438123023558,2.31251990447584
NULL_GSE38832_13_16,GSE38832,13,0.547805148734543,1.27396093182316,0.276863464854613,1.65594871911353
NULL_GSE38832_13_17,GSE38832,13,0.0113327718136161,3.23283398935685,0.00727905891421135,3.25118660204967
NULL_GSE38832_13_18,GSE38832,13,0.8618797162403,0.935769434442753,0.105393112177303,1.92814267733646
NULL_GSE38832_13_19,GSE38832,13,0.0324437689395652,2.55970411398736,0.00236705138065858,3.25508251869497
NULL_GSE38832_13_20,GSE38832,13,0.509395654305133,1.29700936338352,0.209513102303348,1.73986035642181
NULL_GSE38832_5_1,GSE38832,5,0.128955545700803,0.558298916539551,0.0639700381417213,0.45297650365958
NULL_GSE38832_5_2,GSE38832,5,0.162111777933962,1.76677185717388,0.129291890939562,1.82798176911714
NULL_GSE38832_5_3,GSE38832,5,0.542078745474514,0.784677058651737,0.113775823415144,1.90224606981099
NULL_GSE38832_5_4,GSE38832,5,0.390833706004555,0.719652883987027,0.285359413113567,0.666781646644525
NULL_GSE38832_5_5,GSE38832,5,0.633334778303715,1.21347736427314,0.288502694769193,1.63807332169733
NULL_GSE38832_5_6,GSE38832,5,0.91701965191122,0.960856449971415,0.511092103863521,0.757765014197498
NULL_GSE38832_5_7,GSE38832,5,0.252690826334052,1.59648671101396,0.00529417278425296,2.91055551061642
NULL_GSE38832_5_8,GSE38832,5,0.920462199717326,1.03872607246672,0.0162056432767157,2.5870929443907
NULL_GSE38832_5_9,GSE38832,5,0.0749943954174953,0.495135905912317,0.0749943954174953,0.495135905912317
NULL_GSE38832_5_10,GSE38832,5,0.314686362804175,1.47594550347035,0.107629653607481,1.83786606718863
NULL_GSE38832_5_11,GSE38832,5,0.294226650045796,0.665635985555456,0.0744703452971757,0.473571346054558
NULL_GSE38832_5_12,GSE38832,5,0.2301867347795,0.620562598656719,0.2301867347795,0.620562598656719
NULL_GSE38832_5_13,GSE38832,5,0.159852941505511,0.573813155326525,0.00567510458823892,0.340655205137678
NULL_GSE38832_5_14,GSE38832,5,0.938050980546634,0.970912588174578,0.143279056471978,0.540294882886849
NULL_GSE38832_5_15,GSE38832,5,0.542299237608244,0.792944187307587,0.0563503406063142,0.475639649168543
NULL_GSE38832_5_16,GSE38832,5,0.159458845421143,1.78467810340463,0.0342028243996104,2.33185299388901
NULL_GSE38832_5_17,GSE38832,5,0.975443481393332,0.988135268785455,0.49962836594451,0.731879408210775
NULL_GSE38832_5_18,GSE38832,5,0.394216636209213,1.38460103332701,0.328512973571087,1.45003603785922
NULL_GSE38832_5_19,GSE38832,5,0.942440427220152,0.97227959417821,0.406287936477663,1.51381644637304
NULL_GSE38832_5_20,GSE38832,5,0.225705694693946,1.59099814324795,0.028666002908406,2.29434635967439
NULL_GSE38832_19_1,GSE38832,19,0.263396023763865,1.56133580433438,0.0295573420925807,2.93698825087866
NULL_GSE38832_19_2,GSE38832,19,0.103355749415291,1.93424670156034,0.0342272049806117,2.35941019961739
NULL_GSE38832_19_3,GSE38832,19,0.315032203418462,1.5125711940597,0.131191401646209,1.78537886128581
NULL_GSE38832_19_4,GSE38832,19,0.96395505653143,1.01827303055517,0.0667579094151411,3.09916157681927
NULL_GSE38832_19_5,GSE38832,19,0.551313654082247,1.27256438407132,0.142558443809688,0.448060853482274
NULL_GSE38832_19_6,GSE38832,19,0.579037875386209,1.24123279979376,0.0888098319017585,2.3205044685236
NULL_GSE38832_19_7,GSE38832,19,0.134697453152499,1.89283261903662,0.0858372937097557,2.02802559400491
NULL_GSE38832_19_8,GSE38832,19,0.457919612794796,0.754349878045656,0.124306760860944,0.535447561500817
NULL_GSE38832_19_9,GSE38832,19,0.334902709006776,1.49416533589494,0.0360350010259956,2.23044513890796
NULL_GSE38832_19_10,GSE38832,19,0.5162486900529,0.780403134731968,0.348609642895778,0.683822067788718
NULL_GSE38832_19_11,GSE38832,19,0.361158212738427,1.41792651967614,0.21411115221855,1.72220781314188
NULL_GSE38832_19_12,GSE38832,19,0.712622655722422,1.14967254262216,0.228716206086522,1.69871779968935
NULL_GSE38832_19_13,GSE38832,19,0.234307540495984,1.66932549837117,0.0368451153997938,2.27480972858899
NULL_GSE38832_19_14,GSE38832,19,0.43401384745542,1.37003456969236,0.276696014389016,1.95119458564214
NULL_GSE38832_19_15,GSE38832,19,0.480341845493812,1.31642041215937,0.380736371591251,1.39640865074206
NULL_GSE38832_19_16,GSE38832,19,0.338177935122491,1.48206814140174,0.139086891793353,1.83657139335371
NULL_GSE38832_19_17,GSE38832,19,0.892790915684197,0.950291560417524,0.401329085083294,0.722450129343812
NULL_GSE38832_19_18,GSE38832,19,0.103825373935809,1.98424757344418,0.0554061148953043,2.11146555730485
NULL_GSE38832_19_19,GSE38832,19,0.12437778041217,1.87178662698537,0.03782538579369,3.56518838889769
NULL_GSE38832_19_20,GSE38832,19,0.656396105908152,1.20096141293827,0.318674760802063,1.47442336246366
NULL_GSE38832_45_1,GSE38832,45,0.10635829829994,1.92373902964629,0.0325046990047397,4.80893554703314
NULL_GSE38832_45_2,GSE38832,45,0.911335697034906,0.957761140994777,0.174756031943128,0.552194188334542
NULL_GSE38832_45_3,GSE38832,45,0.412819897326405,1.40695603696278,0.0804060380572735,2.26759423765601
NULL_GSE38832_45_4,GSE38832,45,0.878942863593764,1.06264136109544,0.028137459067111,3.30391999883951
NULL_GSE38832_45_5,GSE38832,45,0.157422544410427,1.82944878518427,0.0761270041847815,2.28753109566563
NULL_GSE38832_45_6,GSE38832,45,0.673226919308127,1.187555322434,0.186657181108787,1.66661114494719
NULL_GSE38832_45_7,GSE38832,45,0.256252212939507,1.56856033265385,0.0488721811802576,2.1072960716586
NULL_GSE38832_45_8,GSE38832,45,0.188149398262336,1.68152301103696,0.0735497995635864,2.1867677428196
NULL_GSE38832_45_9,GSE38832,45,0.181469425124102,1.7309551887778,0.181469425124102,1.7309551887778
NULL_GSE38832_45_10,GSE38832,45,0.249712571438638,1.6109062262675,0.0512869595318452,2.17887604329548
NULL_GSE38832_45_11,GSE38832,45,0.431248222669194,1.36971475737891,0.154993147797948,0.459424758941138
NULL_GSE38832_45_12,GSE38832,45,0.259431608651165,1.59191101219514,0.129705270004595,1.80560935566892
NULL_GSE38832_45_13,GSE38832,45,0.42854377066453,1.39443597008866,0.124549480531476,1.88608107932499
NULL_GSE38832_45_14,GSE38832,45,0.716630095689865,0.866534499152606,0.377697696645204,0.704875266576869
NULL_GSE38832_45_15,GSE38832,45,0.0892771705990784,2.13176411078587,0.0221623360111008,2.7604373386711
NULL_GSE38832_45_16,GSE38832,45,0.790397086291471,0.899353606100452,0.251379517509712,1.77759927226458
NULL_GSE38832_45_17,GSE38832,45,0.742576249555294,0.881192811526525,0.246680237348231,1.77431470065448
NULL_GSE38832_45_18,GSE38832,45,0.306111386819305,1.53549885560313,0.149391497194396,1.76120933763446
NULL_GSE38832_45_19,GSE38832,45,0.156780936303193,1.83062878658233,0.156780936303193,1.83062878658233
NULL_GSE38832_45_20,GSE38832,45,0.873695151935527,1.06288731436772,0.282954988892296,0.604284804204711
NULL_GSE38832_20_1,GSE38832,20,0.491036384760681,1.31967895881088,0.225801414524143,0.543773957625125
NULL_GSE38832_20_2,GSE38832,20,0.903717291831116,1.04803398229842,0.461131755102929,0.742466804894335
NULL_GSE38832_20_3,GSE38832,20,0.887424814297977,0.946862869191768,0.331495680491119,1.69447908440566
NULL_GSE38832_20_4,GSE38832,20,0.0692610086709973,0.478855766289554,0.0589941717481832,0.146088204967333
NULL_GSE38832_20_5,GSE38832,20,0.0626181729460247,2.28880204292872,0.0626181729460247,2.28880204292872
NULL_GSE38832_20_6,GSE38832,20,0.818412264805669,1.0956348223463,0.15535374056648,2.84901370433711
NULL_GSE38832_20_7,GSE38832,20,0.78762514752704,0.90216871693136,0.122468238934112,0.464133748414253
NULL_GSE38832_20_8,GSE38832,20,0.0460840663526627,2.41072234577717,0.0460840663526627,2.41072234577717
NULL_GSE38832_20_9,GSE38832,20,0.0230744376166786,2.72007352542168,0.00474264019803524,3.46762993591945
NULL_GSE38832_20_10,GSE38832,20,0.333980848127078,1.49526952092624,0.13605484891915,3.00786243475128
NULL_GSE38832_20_11,GSE38832,20,0.330919765009135,1.50137680468267,0.205709005632902,2.00039461375958
NULL_GSE38832_20_12,GSE38832,20,0.109648172038277,1.97725618128902,0.0574211583591084,2.14177817437634
NULL_GSE38832_20_13,GSE38832,20,0.198945764287418,1.66066307982023,0.198945764287418,1.66066307982023
NULL_GSE38832_20_14,GSE38832,20,0.471815171325859,1.31413918203549,0.195937572526377,1.66728864845141
NULL_GSE38832_20_15,GSE38832,20,0.2055090446171,0.612313832969691,0.0510904086020252,0.47661807630307
NULL_GSE38832_20_16,GSE38832,20,0.271943125166619,0.654079507499811,0.119086601882366,0.426957787369354
NULL_GSE38832_20_17,GSE38832,20,0.0484361636835929,0.458199352587581,0.0484361636835929,0.458199352587581
NULL_GSE38832_20_18,GSE38832,20,0.18128603511097,1.77581372443803,0.18128603511097,1.77581372443803
NULL_GSE38832_20_19,GSE38832,20,0.0602415868635126,2.14029807114393,0.00131514173791034,3.41779181242905
NULL_GSE38832_20_20,GSE38832,20,0.159447797399973,1.82704578753964,0.159447797399973,1.82704578753964
NULL_GSE38832_22_1,GSE38832,22,0.0988337474222582,2.02100426206373,0.0566489427952217,2.43491215358076
NULL_GSE38832_22_2,GSE38832,22,0.207431864232463,0.616949796036818,0.207431864232463,0.616949796036818
NULL_GSE38832_22_3,GSE38832,22,0.15906390712709,1.82811399065581,0.0323325159314962,2.91748385197785
NULL_GSE38832_22_4,GSE38832,22,0.115991625412177,1.94032481060943,0.109001635350418,1.92388385690425
NULL_GSE38832_22_5,GSE38832,22,0.309551442825586,1.52475358355127,0.090251533954538,3.48840891761625
NULL_GSE38832_22_6,GSE38832,22,0.420356468288933,1.37859389658953,0.172183666221097,1.6878658271509
NULL_GSE38832_22_7,GSE38832,22,0.803910436142475,1.10295004601334,0.0830642879294124,3.58241906636501
NULL_GSE38832_22_8,GSE38832,22,0.0876910680604156,2.14214942443046,0.0876910680604156,2.14214942443046
NULL_GSE38832_22_9,GSE38832,22,0.574294837681889,1.25650084721331,0.0489604474811679,7.45093428217739
NULL_GSE38832_22_10,GSE38832,22,0.485153051915252,1.32542169515928,0.394622822110494,1.39898249522698
NULL_GSE38832_22_11,GSE38832,22,0.332162757890793,1.47219805152442,0.0398233144003704,2.76569484103554
NULL_GSE38832_22_12,GSE38832,22,0.834607220799013,0.921495792742602,0.124419943819011,0.52298669059134
NULL_GSE38832_22_13,GSE38832,22,0.437555099643726,1.38309405579993,0.318462559851502,1.49687209414849
NULL_GSE38832_22_14,GSE38832,22,0.546196584415902,1.26379417868201,0.446576557936238,0.743456587986055
NULL_GSE38832_22_15,GSE38832,22,0.603701671809332,1.23477865054996,0.0735967316982656,0.371852088664855
NULL_GSE38832_22_16,GSE38832,22,0.159769352906463,1.77448287815448,0.0444744647494625,2.1628406450619
NULL_GSE38832_22_17,GSE38832,22,0.450361347778086,1.35436264565691,0.00918110840685463,2.69855483482641
NULL_GSE38832_22_18,GSE38832,22,0.274104545664409,1.56926019036058,0.203445363978098,1.66868833171131
NULL_GSE38832_22_19,GSE38832,22,0.152961722839774,1.84550841018541,0.138276353961167,1.80854399903805
NULL_GSE38832_22_20,GSE38832,22,0.978560428429424,0.989526479902388,0.553031886186474,1.31714469312094
NULL_GSE38832_42_1,GSE38832,42,0.0482200286399696,2.28935326551226,0.0482200286399696,2.28935326551226
NULL_GSE38832_42_2,GSE38832,42,0.834758064673215,1.08261711748424,0.0438464327581856,2.14971323591556
NULL_GSE38832_42_3,GSE38832,42,0.75476362528627,0.883950369703912,0.0239686532623536,10.0241524065612
NULL_GSE38832_42_4,GSE38832,42,0.725616500990563,0.87379937600327,0.58389574692414,0.77561884708947
NULL_GSE38832_42_5,GSE38832,42,0.292870485283757,1.54589913812266,0.208681188582706,1.64458318261187
NULL_GSE38832_42_6,GSE38832,42,0.502623323580799,1.31245038722391,0.149622155197184,1.74819339978959
NULL_GSE38832_42_7,GSE38832,42,0.342846612095999,1.4802160584207,0.2772002505569,1.54669250410764
NULL_GSE38832_42_8,GSE38832,42,0.0747382160861205,2.1177634052424,0.0747382160861205,2.1177634052424
NULL_GSE38832_42_9,GSE38832,42,0.206626811723951,1.67921995426488,0.0457718947009723,2.2275017963075
NULL_GSE38832_42_10,GSE38832,42,0.527066617305041,1.29395257832291,0.10002774928524,2.7561418444169
NULL_GSE38832_42_11,GSE38832,42,0.316135854683427,1.5159527724972,0.156472041475742,1.74795405758664
NULL_GSE38832_42_12,GSE38832,42,0.81319606639778,1.09926807056426,0.26261761505093,1.54985007316382
NULL_GSE38832_42_13,GSE38832,42,0.138438737749725,1.88875084974589,0.138438737749725,1.88875084974589
NULL_GSE38832_42_14,GSE38832,42,0.216057498943471,1.65789197096863,0.112817888603371,1.85323857499327
NULL_GSE38832_42_15,GSE38832,42,0.176125848908765,1.78365489287013,0.176125848908765,1.78365489287013
NULL_GSE38832_42_16,GSE38832,42,0.164884814643119,1.80544013580174,0.0431661439541801,3.01093081840313
NULL_GSE38832_42_17,GSE38832,42,0.614749694164134,0.817986200279218,0.245839716452531,0.559191929217678
NULL_GSE38832_42_18,GSE38832,42,0.257564695368874,1.56548631245052,0.083063325051013,2.897345386343
NULL_GSE38832_42_19,GSE38832,42,0.300108388813157,1.54081971763717,0.124073032185595,1.90079149942284
NULL_GSE38832_42_20,GSE38832,42,0.634283972430885,1.2147083958248,0.0735385183301768,3.74267749119033
NULL_GSE38832_16_1,GSE38832,16,0.291662014999699,1.54490440415886,0.17171928432661,1.8956745518603
NULL_GSE38832_16_2,GSE38832,16,0.254118200211032,0.645862273320841,0.138728362958023,0.555917187254949
NULL_GSE38832_16_3,GSE38832,16,0.213958844758422,1.70488599790612,0.156596796314164,1.76177559710607
NULL_GSE38832_16_4,GSE38832,16,0.813669006490926,1.09495162179375,0.199121475855272,0.567502815106444
NULL_GSE38832_16_5,GSE38832,16,0.74565680024721,1.13321496239106,0.103485513815223,1.88389081697029
NULL_GSE38832_16_6,GSE38832,16,0.587094997649003,1.2465237576861,0.0584473793854058,0.386877418108612
NULL_GSE38832_16_7,GSE38832,16,0.451636160088384,1.35408711247782,0.0640736774674354,3.11655553097008
NULL_GSE38832_16_8,GSE38832,16,0.634573791123624,1.21298867926398,0.0376101100735954,3.59618323687184
NULL_GSE38832_16_9,GSE38832,16,0.258061841038989,1.59664955165263,0.0706060900613545,2.05628245304524
NULL_GSE38832_16_10,GSE38832,16,0.0250378477003191,0.402858559726786,0.00944525015110458,0.369653695319815
NULL_GSE38832_16_11,GSE38832,16,0.321998165415453,1.50754945695798,0.0123751852333159,2.72095254594857
NULL_GSE38832_16_12,GSE38832,16,0.0408034746511196,2.46191210927945,0.0113658289706063,2.7385628693616
NULL_GSE38832_16_13,GSE38832,16,0.34853034568176,0.698992965110161,0.34853034568176,0.698992965110161
NULL_GSE38832_16_14,GSE38832,16,0.426281251569631,1.37549502776147,0.301320387978541,1.61341734561271
NULL_GSE38832_16_15,GSE38832,16,0.241939092204285,1.6180184594142,0.198833784546109,1.67401294054353
NULL_GSE38832_16_16,GSE38832,16,0.963420360582148,0.981707367770616,0.249510946305018,1.55614890444898
NULL_GSE38832_16_17,GSE38832,16,0.299276402062979,1.53814982835185,0.175179428182221,1.71133270699183
NULL_GSE38832_16_18,GSE38832,16,0.151107047547502,1.8456240533991,0.151107047547502,1.8456240533991
NULL_GSE38832_16_19,GSE38832,16,0.199111885052052,1.73720617430594,0.0927704233485115,2.19915316824545
NULL_GSE38832_16_20,GSE38832,16,0.324235617422438,1.50827004974418,0.0830272528154767,5.86867267489267
NULL_GSE38832_18_1,GSE38832,18,0.425986837690422,0.732574495807303,0.236484569960235,1.60658386154863
NULL_GSE38832_18_2,GSE38832,18,0.619063801663275,0.828221280991353,0.121096784200307,0.525164962524532
NULL_GSE38832_18_3,GSE38832,18,0.747335753605103,1.13661555928295,0.106919839961527,0.445791583084383
NULL_GSE38832_18_4,GSE38832,18,0.762637502596178,1.12147239781211,0.263911066676021,1.56139010457715
NULL_GSE38832_18_5,GSE38832,18,0.599906941544123,1.22935770722996,0.200365196576266,0.498543957765693
NULL_GSE38832_18_6,GSE38832,18,0.382567491801639,1.39341539102317,0.186078167266953,2.24389583828244
NULL_GSE38832_18_7,GSE38832,18,0.0916799216597768,1.98077508078042,0.0804869987893677,2.57892066964127
NULL_GSE38832_18_8,GSE38832,18,0.166971614811613,1.72650868328636,0.0672780361764791,2.01607677224383
NULL_GSE38832_18_9,GSE38832,18,0.851638354309836,1.0742888383231,0.0672535261988829,0.321932427816557
NULL_GSE38832_18_10,GSE38832,18,0.331315077854644,1.49027469683894,0.207391405926599,1.65518305255899
NULL_GSE38832_18_11,GSE38832,18,0.713731981297256,1.15571300956195,0.0477793248053049,2.67399683875076
NULL_GSE38832_18_12,GSE38832,18,0.925666871458294,1.03595754287398,0.453040737704699,1.38813480413609
NULL_GSE38832_18_13,GSE38832,18,0.622308037363509,0.829553380814534,0.49267658825562,0.769191447479356
NULL_GSE38832_18_14,GSE38832,18,0.684721596005865,0.854016021084577,0.202427096313687,0.58982157682914
NULL_GSE38832_18_15,GSE38832,18,0.879117217226085,0.943550114212058,0.164087544273087,0.576569018108102
NULL_GSE38832_18_16,GSE38832,18,0.251432622951201,0.641210759893717,0.0090545955747912,0.355254793929176
NULL_GSE38832_18_17,GSE38832,18,0.4272907452424,1.39221980292665,0.105511594137335,2.1331605817217
NULL_GSE38832_18_18,GSE38832,18,0.330770008224105,1.4753811118503,0.238665401822977,1.64793232085741
NULL_GSE38832_18_19,GSE38832,18,0.473228327318774,1.33420145760763,0.214995563876569,1.8571072509027
NULL_GSE38832_18_20,GSE38832,18,0.876161740871632,0.942493487908211,0.289443784804505,1.50910811083591
NULL_GSE39582_4_1,GSE39582,4,0.900666427231514,1.01830879834973,0.0296836031889567,1.40717000636946
NULL_GSE39582_4_2,GSE39582,4,0.92134906649579,1.01443872185097,0.181629057289561,0.803489453543218
NULL_GSE39582_4_3,GSE39582,4,0.117800687153828,0.795957827244935,0.0564867517364204,0.676582898924465
NULL_GSE39582_4_4,GSE39582,4,0.923405629595003,0.986108232157959,0.111231225407406,0.77465409017747
NULL_GSE39582_4_5,GSE39582,4,0.984463586183422,1.0028342160658,0.31089062351384,0.847103258947155
NULL_GSE39582_4_6,GSE39582,4,0.341198411821548,0.870402623787162,0.0397567136889815,0.737953530134019
NULL_GSE39582_4_7,GSE39582,4,0.535946418359854,0.914008571809519,0.0406102919653504,0.731681423818659
NULL_GSE39582_4_8,GSE39582,4,0.0141813291086134,0.698386785576532,0.00564961827633651,0.659296634486466
NULL_GSE39582_4_9,GSE39582,4,0.182149546619299,0.823407501158167,0.0249727290334427,0.681397781421592
NULL_GSE39582_4_10,GSE39582,4,0.747503133121648,0.954225436086438,0.166319862278403,0.813558798519073
NULL_GSE39582_4_11,GSE39582,4,0.104359605780994,1.26719172255194,0.104359605780994,1.26719172255194
NULL_GSE39582_4_12,GSE39582,4,0.115286774796442,1.25869092455507,0.0404430882191931,1.35659219489935
NULL_GSE39582_4_13,GSE39582,4,0.596252990908617,1.08005257485247,0.231779880164213,1.26138847564348
NULL_GSE39582_4_14,GSE39582,4,0.373677904038658,1.13854487801713,0.0679269562649933,1.35710929093878
NULL_GSE39582_4_15,GSE39582,4,0.537385328764605,1.0938271161302,0.20933427530556,1.24824075451921
NULL_GSE39582_4_16,GSE39582,4,0.581594204360124,0.922993461807073,0.284301245601122,0.852393040707555
NULL_GSE39582_4_17,GSE39582,4,0.293938860857881,0.858147406132412,0.128262863920239,0.801635777634775
NULL_GSE39582_4_18,GSE39582,4,0.597865496270154,1.07975932440225,0.0855811574662126,0.709965939744046
NULL_GSE39582_4_19,GSE39582,4,0.102661069353034,1.26939950928495,0.0630985500603655,1.31011549300994
NULL_GSE39582_4_20,GSE39582,4,0.97917326931876,0.996215281285321,0.203482785552525,0.804706451874372
NULL_GSE39582_11_1,GSE39582,11,0.765444267319186,0.957472892041409,0.207227566410753,0.820305929177105
NULL_GSE39582_11_2,GSE39582,11,0.195463847458507,0.82805352501599,0.0892223219780187,1.3465515271019
NULL_GSE39582_11_3,GSE39582,11,0.0112798209653831,0.688596986927731,0.00203712711070686,0.637516304573045
NULL_GSE39582_11_4,GSE39582,11,0.107685785315467,0.790641181808321,0.0322247673437531,0.719684523365732
NULL_GSE39582_11_5,GSE39582,11,0.808269622367621,1.03585234990873,0.0378953181981621,0.722060832413868
NULL_GSE39582_11_6,GSE39582,11,0.108766562146375,1.26440861711393,0.0422106706475838,1.34954323154976
NULL_GSE39582_11_7,GSE39582,11,0.436175590680978,0.893026428459072,0.0782339301115763,0.760065163542055
NULL_GSE39582_11_8,GSE39582,11,0.0181368754909597,0.707116160186758,0.000996802941165187,0.599115047917587
NULL_GSE39582_11_9,GSE39582,11,0.786297582835901,1.0401860300369,0.177789404780716,1.25005316399415
NULL_GSE39582_11_10,GSE39582,11,0.145485746785171,0.808620983248547,0.0513305352962604,0.716985937573119
NULL_GSE39582_11_11,GSE39582,11,0.579399115661272,1.08418831211366,0.051989355990042,1.35707790095541
NULL_GSE39582_11_12,GSE39582,11,0.929107663032321,0.987145715490435,0.0624757678074769,0.686644489317685
NULL_GSE39582_11_13,GSE39582,11,0.50052477428422,0.906653293929743,0.0836221730697089,0.701291526887958
NULL_GSE39582_11_14,GSE39582,11,0.964069521081728,0.993479667564167,0.258796478979578,1.18256356479558
NULL_GSE39582_11_15,GSE39582,11,0.10596005729177,1.26677756101019,0.0151267919352862,1.4252836462297
NULL_GSE39582_11_16,GSE39582,11,0.0480868501814766,0.749408097989317,0.0145130153255676,0.688387788666356
NULL_GSE39582_11_17,GSE39582,11,0.685463652452061,0.942864868623175,0.0849786558061044,1.34272477284302
NULL_GSE39582_11_18,GSE39582,11,0.287117421322535,0.856401193979018,0.0464687174889582,0.739320944544293
NULL_GSE39582_11_19,GSE39582,11,0.880394486658865,1.02210261625097,0.0892446439855175,1.33080511185922
NULL_GSE39582_11_20,GSE39582,11,0.147719819561403,0.809697578078709,0.0783862795117738,0.773335749026502
NULL_GSE39582_8_1,GSE39582,8,0.7218528535424,1.05326255126471,0.0994298935337988,0.755994526002943
NULL_GSE39582_8_2,GSE39582,8,0.905500314577,1.01743389831442,0.0372327630207051,1.42883979594689
NULL_GSE39582_8_3,GSE39582,8,0.549096406929711,0.91656750451045,0.192730616556759,0.808920701206419
NULL_GSE39582_8_4,GSE39582,8,0.951357819071224,0.991164396583638,0.517631266973348,0.908532926746622
NULL_GSE39582_8_5,GSE39582,8,0.202350956777764,0.83065075791703,0.0308471355792302,0.710047653700423
NULL_GSE39582_8_6,GSE39582,8,0.597152283955787,0.92610542208537,0.24615497499446,0.841117662581088
NULL_GSE39582_8_7,GSE39582,8,0.468057078112574,1.1113184693821,0.146073551737962,1.27932917238948
NULL_GSE39582_8_8,GSE39582,8,0.250431794584723,0.845422950372642,0.125762833695073,0.796756945983424
NULL_GSE39582_8_9,GSE39582,8,0.642098819054566,0.934715763115594,0.366343239212875,0.851324833296956
NULL_GSE39582_8_10,GSE39582,8,0.514948813401975,0.909583803566084,0.109153701935174,0.726984994281198
NULL_GSE39582_8_11,GSE39582,8,0.114118996578026,0.793515366295703,0.0297687753030655,0.720436663133288
NULL_GSE39582_8_12,GSE39582,8,0.0867010045373312,1.28520476137152,0.0290307650751959,1.3847940101404
NULL_GSE39582_8_13,GSE39582,8,0.501132284310732,0.906718278491914,0.124563084696672,0.796357575995456
NULL_GSE39582_8_14,GSE39582,8,0.536108918825245,0.913777181050954,0.384938688991407,0.873594950616198
NULL_GSE39582_8_15,GSE39582,8,0.317886766685873,0.864466955591123,0.0481269887773214,0.728827870624409
NULL_GSE39582_8_16,GSE39582,8,0.589825865359041,1.08151097885773,0.162198590801632,1.27713671757641
NULL_GSE39582_8_17,GSE39582,8,0.897488417189273,0.981472682092315,0.170593363017587,0.791267487622884
NULL_GSE39582_8_18,GSE39582,8,0.425936455171825,0.890737444480798,0.0531198182767345,0.676792218078151
NULL_GSE39582_8_19,GSE39582,8,0.852785966497917,1.02734448924781,0.129079159396758,0.766605015542028
NULL_GSE39582_8_20,GSE39582,8,0.939067252084953,1.0111658894474,0.178313975007898,0.789581389940579
NULL_GSE39582_6_1,GSE39582,6,0.424477902102421,0.890203987146845,0.0886620180288427,0.750921731395612
NULL_GSE39582_6_2,GSE39582,6,0.257758590650023,0.848030551377283,0.0119339277362904,0.656825268166034
NULL_GSE39582_6_3,GSE39582,6,0.910727596079698,0.983812354878913,0.266112951722279,0.845861355147922
NULL_GSE39582_6_4,GSE39582,6,0.573399810587878,0.921477881162403,0.175170313988366,0.821390198953627
NULL_GSE39582_6_5,GSE39582,6,0.162834980999437,1.22534853030591,0.071746798352709,1.30320273794108
NULL_GSE39582_6_6,GSE39582,6,0.903594808701951,1.01775719701001,0.307852248897443,1.19398668215557
NULL_GSE39582_6_7,GSE39582,6,0.324020212640593,0.866156096326123,0.119088159838892,0.770509732680132
NULL_GSE39582_6_8,GSE39582,6,0.282805054821618,0.855434133462054,0.0334503268802265,0.724773766653568
NULL_GSE39582_6_9,GSE39582,6,0.083205823506216,0.775884752772361,0.0348200875854827,0.72273591687408
NULL_GSE39582_6_10,GSE39582,6,0.918825450318274,1.01494323061979,0.617450372080938,1.08587006150144
NULL_GSE39582_6_11,GSE39582,6,0.318030011633333,1.15615536106094,0.240837194414079,0.79418497415288
NULL_GSE39582_6_12,GSE39582,6,0.760456817928813,1.04528204302159,0.0176522720107747,1.479120125932
NULL_GSE39582_6_13,GSE39582,6,0.184713573915742,1.21438622642527,0.086408692950821,1.28429043706098
NULL_GSE39582_6_14,GSE39582,6,0.273306034280912,1.17311403245576,0.0331668602548992,1.43980657110377
NULL_GSE39582_6_15,GSE39582,6,0.493515817055818,0.905278729171654,0.0272816065073323,0.716634057604282
NULL_GSE39582_6_16,GSE39582,6,0.0503588377840702,1.3321697140794,0.0503588377840702,1.3321697140794
NULL_GSE39582_6_17,GSE39582,6,0.00839296837412632,0.679095287342322,0.000546605739851608,0.605168592430345
NULL_GSE39582_6_18,GSE39582,6,0.0860161261963873,0.778741619254518,0.000186440764184589,0.571735725472943
NULL_GSE39582_6_19,GSE39582,6,0.0103560378542561,0.686180373439144,1.26739070785872e-05,0.516190158762497
NULL_GSE39582_6_20,GSE39582,6,0.416728440383124,0.888468249720213,0.0188342304099682,0.704487140304822
NULL_GSE39582_15_1,GSE39582,15,0.730981654605768,1.05136963833269,0.0761952463399871,1.41766385915568
NULL_GSE39582_15_2,GSE39582,15,0.825520429875141,0.968467435122859,0.148630619408174,0.809379880558272
NULL_GSE39582_15_3,GSE39582,15,0.161930636186198,0.815173039247002,0.0721623769280233,0.769130848063837
NULL_GSE39582_15_4,GSE39582,15,0.787256391449495,1.04005784698037,0.329028498743973,0.852085156057187
NULL_GSE39582_15_5,GSE39582,15,0.479314962314451,0.902301419796437,0.404640231658531,0.88148041112475
NULL_GSE39582_15_6,GSE39582,15,0.811419276683452,0.965885708903355,0.0545819616861407,0.737962523475881
NULL_GSE39582_15_7,GSE39582,15,0.187923581919369,0.825454064140499,0.187923581919369,0.825454064140499
NULL_GSE39582_15_8,GSE39582,15,0.109154499528444,0.791422399377324,0.000750593537169374,0.580810988326666
NULL_GSE39582_15_9,GSE39582,15,0.160742978465403,0.815161876224641,0.0671786746820541,0.766582271795458
NULL_GSE39582_15_10,GSE39582,15,0.632793965045439,0.932946487371273,0.219885401635364,1.23715154926791
NULL_GSE39582_15_11,GSE39582,15,0.0027094734299196,0.643035099739072,0.00125231020903921,0.623903001985537
NULL_GSE39582_15_12,GSE39582,15,0.504275335110622,0.907363265290392,0.0781845916431087,0.736230596204714
NULL_GSE39582_15_13,GSE39582,15,0.780448712308516,0.960343461200237,0.171002106103846,0.802278171974763
NULL_GSE39582_15_14,GSE39582,15,0.147466563635626,0.809316888281495,0.147466563635626,0.809316888281495
NULL_GSE39582_15_15,GSE39582,15,0.192282039981437,0.826790750480879,0.192282039981437,0.826790750480879
NULL_GSE39582_15_16,GSE39582,15,0.367529383798455,0.877230592992563,0.226027365163677,1.23406344871508
NULL_GSE39582_15_17,GSE39582,15,0.882307497080777,1.02173911118857,0.17688139465698,1.25960050395562
NULL_GSE39582_15_18,GSE39582,15,0.516069468703422,1.09900279137134,0.283824146583722,1.17044128136286
NULL_GSE39582_15_19,GSE39582,15,0.26364488867962,1.1767783558253,0.137933884140696,1.26819998095745
NULL_GSE39582_15_20,GSE39582,15,0.877371733791354,0.977834893790125,0.0426344121977125,0.732158684424201
NULL_GSE39582_3_1,GSE39582,3,0.66555017758015,1.06499895733921,0.346842448912211,1.1468531608549
NULL_GSE39582_3_2,GSE39582,3,0.155468296500052,1.22957366281556,0.0303665534259464,0.641842840166719
NULL_GSE39582_3_3,GSE39582,3,0.969249074051993,1.00562603897686,0.397869900803971,0.877061922191445
NULL_GSE39582_3_4,GSE39582,3,0.893530109892114,1.01962911791839,0.113465051468202,1.3135687179511
NULL_GSE39582_3_5,GSE39582,3,0.271883242993343,0.852131473887641,0.122615969020848,0.78109258078236
NULL_GSE39582_3_6,GSE39582,3,0.162435112757376,0.815843329105092,0.0612139582192864,0.760733026635742
NULL_GSE39582_3_7,GSE39582,3,0.705807924534736,1.05634493720302,0.43306564969491,1.14986807849288
NULL_GSE39582_3_8,GSE39582,3,0.642490005267452,1.06976357477081,0.0390184065637361,1.44633079750066
NULL_GSE39582_3_9,GSE39582,3,0.820979031294024,0.967654885297374,0.130767864214806,1.26937888676875
NULL_GSE39582_3_10,GSE39582,3,0.0474866687647346,0.747769259313442,0.0474866687647346,0.747769259313442
NULL_GSE39582_3_11,GSE39582,3,0.957642057981004,1.00774979517273,0.0886480481016433,1.30518495721115
NULL_GSE39582_3_12,GSE39582,3,0.545475642327073,0.915877038308009,0.261445812136017,0.831860597036588
NULL_GSE39582_3_13,GSE39582,3,0.767367644589517,0.957855310489186,0.470116405561026,0.898926186879972
NULL_GSE39582_3_14,GSE39582,3,0.554778182777243,1.08953386784539,0.078598348790527,1.35117919165494
NULL_GSE39582_3_15,GSE39582,3,0.395284511569389,1.13160928472001,0.0106221756278892,1.48844051260761
NULL_GSE39582_3_16,GSE39582,3,0.0444158660875035,1.34393930942438,0.0123460211672352,1.44008458423449
NULL_GSE39582_3_17,GSE39582,3,0.170285094948284,0.819038777173656,0.0323813974613094,0.711955487181317
NULL_GSE39582_3_18,GSE39582,3,0.365728998880823,0.876914552591001,0.149350413582879,0.800552249807322
NULL_GSE39582_3_19,GSE39582,3,0.890461052531794,1.02019846834351,0.452433298171815,1.11832300506991
NULL_GSE39582_3_20,GSE39582,3,0.738730069365317,0.952670772866781,0.147555628817138,0.800942461084142
NULL_GSE39582_9_1,GSE39582,9,0.445320544651163,1.1172910901448,0.0466101641516412,1.33690546773713
NULL_GSE39582_9_2,GSE39582,9,0.800414715983274,0.963930940054414,0.114989165786007,0.753204360727361
NULL_GSE39582_9_3,GSE39582,9,0.0621036032248414,0.760605933544982,0.0242134035271831,0.707107215605655
NULL_GSE39582_9_4,GSE39582,9,0.252004816214637,0.846417993164321,0.0652465720284592,0.764424885881701
NULL_GSE39582_9_5,GSE39582,9,0.466962207185799,0.899691689914657,0.0856902869231501,1.31707482296981
NULL_GSE39582_9_6,GSE39582,9,0.104000134343252,0.7890774391972,0.00352317099862128,0.650544604561225
NULL_GSE39582_9_7,GSE39582,9,0.0479937868736026,1.33701315609929,0.0216203863802587,1.42464855924749
NULL_GSE39582_9_8,GSE39582,9,0.544084557300949,1.09224712967556,0.230275320071941,0.792443358137616
NULL_GSE39582_9_9,GSE39582,9,0.614980287022759,0.929575571485357,0.0459528156090171,0.747441090187442
NULL_GSE39582_9_10,GSE39582,9,0.0897440112042709,0.78089955195952,0.0632885038914026,0.763403727644746
NULL_GSE39582_9_11,GSE39582,9,0.89092392575696,1.02016325049265,0.0628324239861063,1.45673545227072
NULL_GSE39582_9_12,GSE39582,9,0.0790865067045697,0.773393596865677,0.000968386900710085,0.601815617170928
NULL_GSE39582_9_13,GSE39582,9,0.798818766856008,0.963646374593063,0.131400809527439,0.790049580377819
NULL_GSE39582_9_14,GSE39582,9,0.0206798095690114,1.4040450070559,0.0024669643620857,1.60571206749237
NULL_GSE39582_9_15,GSE39582,9,0.763968738992999,0.957276627453255,0.151381350820177,1.24446938688808
NULL_GSE39582_9_16,GSE39582,9,0.334893215354917,0.869122125419837,0.0524433909169533,0.750185557853208
NULL_GSE39582_9_17,GSE39582,9,0.766452234791215,1.04427382536284,0.342355568902067,0.837050829299759
NULL_GSE39582_9_18,GSE39582,9,0.123323550109302,0.798272177131,0.0454352661853444,0.692947378188639
NULL_GSE39582_9_19,GSE39582,9,0.139128115306075,1.24095036563433,0.0160598368774713,1.43898086609955
NULL_GSE39582_9_20,GSE39582,9,0.651836656857038,1.06779777581773,0.122687450834104,0.797753420452753
NULL_GSE39582_50_1,GSE39582,50,0.112033571518906,0.792862272408112,0.0654335465644387,0.765221046901096
NULL_GSE39582_50_2,GSE39582,50,0.65970178138775,1.06614858270199,0.250176088547482,1.22524394074164
NULL_GSE39582_50_3,GSE39582,50,0.24189702972404,1.18574395050617,0.105638081312249,1.30632099794813
NULL_GSE39582_50_4,GSE39582,50,0.994052142961293,1.00108339838342,0.395783176431664,0.879859863392564
NULL_GSE39582_50_5,GSE39582,50,0.0567719397199774,0.757125629549342,0.0251233216620899,0.68210260360738
NULL_GSE39582_50_6,GSE39582,50,0.517179543981133,0.910126493010662,0.333555654433086,1.16857735441037
NULL_GSE39582_50_7,GSE39582,50,0.836912404129044,1.03046179922297,0.249756613805148,1.2518322908017
NULL_GSE39582_50_8,GSE39582,50,0.448662459836074,0.895669249142886,0.395859771909603,0.871287394970695
NULL_GSE39582_50_9,GSE39582,50,0.990374205163852,1.00175526255596,0.36258364599743,1.15131697636849
NULL_GSE39582_50_10,GSE39582,50,0.663694996771137,1.06521187097558,0.523339874140136,0.891647337407095
NULL_GSE39582_50_11,GSE39582,50,0.575189100317072,0.921532536579873,0.0167940042008444,0.673936767908477
NULL_GSE39582_50_12,GSE39582,50,0.0855092649832165,0.77789508726325,0.0285041583218932,0.727208810303743
NULL_GSE39582_50_13,GSE39582,50,0.609941706710194,0.928356605241845,0.401772133068077,0.884277422652806
NULL_GSE39582_50_14,GSE39582,50,0.891489069657385,1.02005812432847,0.249915325998312,0.830787694977897
NULL_GSE39582_50_15,GSE39582,50,0.860347812777304,1.02588241724326,0.127054327187405,0.737922134246037
NULL_GSE39582_50_16,GSE39582,50,0.247691159395996,0.845159343697349,0.0085623818273357,0.646180974487797
NULL_GSE39582_50_17,GSE39582,50,0.0520937007964691,0.753088968146438,0.000580449632690149,0.595603894590509
NULL_GSE39582_50_18,GSE39582,50,0.294952045467662,1.16510628197887,0.127936178011128,1.36618310545724
NULL_GSE39582_50_19,GSE39582,50,0.0995214702017415,0.78632802184446,0.0105123991864296,0.668069386139392
NULL_GSE39582_50_20,GSE39582,50,0.899320704406402,0.981741198290787,0.0431607263629806,0.668518353324781
NULL_GSE39582_12_1,GSE39582,12,0.156169958992173,0.813124328961544,0.0138955619175844,0.6868339879492
NULL_GSE39582_12_2,GSE39582,12,0.102713317130767,1.26875038470982,0.0836043162305144,1.29136503078815
NULL_GSE39582_12_3,GSE39582,12,0.130134811040929,0.80118485524762,0.114096374784949,0.790747709229882
NULL_GSE39582_12_4,GSE39582,12,0.109380101341271,0.791512466531104,0.0385327010795042,0.728600969771589
NULL_GSE39582_12_5,GSE39582,12,0.16254963512701,1.22576869781896,0.128110993894898,1.25372364641032
NULL_GSE39582_12_6,GSE39582,12,0.707181412778676,1.05606581773043,0.108468864493614,1.27879350733021
NULL_GSE39582_12_7,GSE39582,12,0.806026566718911,0.964951468074896,0.438611115769405,0.886546153443879
NULL_GSE39582_12_8,GSE39582,12,0.508989827074822,1.10076001101233,0.0757550873894564,1.30136961367586
NULL_GSE39582_12_9,GSE39582,12,0.922469727409315,1.014246276642,0.0880480353576104,0.745439288330497
NULL_GSE39582_12_10,GSE39582,12,0.644081063260904,1.06955925539124,0.157083203625417,0.792982157013206
NULL_GSE39582_12_11,GSE39582,12,0.061869536080549,0.761362332293662,0.0262561196557981,0.711764464229917
NULL_GSE39582_12_12,GSE39582,12,0.287444933363419,0.856496454943452,0.287444933363419,0.856496454943452
NULL_GSE39582_12_13,GSE39582,12,0.371226288938823,1.13945456343659,0.360667067286066,1.1440869811564
NULL_GSE39582_12_14,GSE39582,12,0.722682349347678,1.05288835523719,0.102777318056354,0.772993485308289
NULL_GSE39582_12_15,GSE39582,12,0.0191008730055662,0.70976550213056,0.00654392646370505,0.673332333812376
NULL_GSE39582_12_16,GSE39582,12,0.621316085375116,1.07471390960192,0.157547120291409,1.22983360767244
NULL_GSE39582_12_17,GSE39582,12,0.220910127472305,0.836520009725471,0.165915649104259,0.816073608137639
NULL_GSE39582_12_18,GSE39582,12,0.64072940589202,0.934478745554026,0.552907474457464,0.903662361822581
NULL_GSE39582_12_19,GSE39582,12,0.419811196058336,1.1245914850535,0.296707085555496,1.16573189856072
NULL_GSE39582_12_20,GSE39582,12,0.883293755751422,0.978893143058576,0.125757532086644,1.26309605369087
NULL_GSE39582_29_1,GSE39582,29,0.208309526915486,0.832871318741426,0.0701568847869101,0.764155076576296
NULL_GSE39582_29_2,GSE39582,29,0.738354816010052,0.952669263221234,0.413176588637725,0.859351470558298
NULL_GSE39582_29_3,GSE39582,29,0.00465087458635576,0.659007455119974,0.00315693377797017,0.650559661619087
NULL_GSE39582_29_4,GSE39582,29,0.0333675920660165,0.732616399376603,0.000487448316316923,0.582448701858281
NULL_GSE39582_29_5,GSE39582,29,0.0148826073637633,0.699766889373014,0.0148826073637633,0.699766889373014
NULL_GSE39582_29_6,GSE39582,29,0.413017784743464,0.88784510434744,0.00981195674746717,0.681867099170362
NULL_GSE39582_29_7,GSE39582,29,0.373293232280497,0.878553222496593,0.157236560607398,0.79207803071612
NULL_GSE39582_29_8,GSE39582,29,0.612414609099876,0.929075000562575,0.158811078134345,0.792723510502305
NULL_GSE39582_29_9,GSE39582,29,0.886444106819518,1.02096597792015,0.464156063663829,1.13550706678767
NULL_GSE39582_29_10,GSE39582,29,0.0481347049199315,0.748079903688181,0.00192398661729359,0.602986638936915
NULL_GSE39582_29_11,GSE39582,29,0.130449072315907,1.24684194875228,0.0861122190254292,1.2851201175314
NULL_GSE39582_29_12,GSE39582,29,0.00957947106372993,0.683746940943116,0.00138719186443414,0.627789282222739
NULL_GSE39582_29_13,GSE39582,29,0.662163795823732,0.938483707900994,0.236185898240013,0.812544991254182
NULL_GSE39582_29_14,GSE39582,29,0.851562027752755,1.02752823153088,0.416928355301336,0.876916652956106
NULL_GSE39582_29_15,GSE39582,29,0.0193097523232595,0.710054715003448,0.00023084292469292,0.583744056225916
NULL_GSE39582_29_16,GSE39582,29,0.599001774782617,1.07929914849535,0.319332309022838,1.15709714041973
NULL_GSE39582_29_17,GSE39582,29,0.769266097116681,0.958288890214135,0.148289852852398,0.755550844971071
NULL_GSE39582_29_18,GSE39582,29,0.552153401253276,0.917129528348944,0.237448985196517,0.819664088568348
NULL_GSE39582_29_19,GSE39582,29,0.0452325763207416,0.744095524983234,0.00988808914680449,0.674952646367521
NULL_GSE39582_29_20,GSE39582,29,0.0729730318497756,0.769063385781076,0.0255070477429684,0.686598543373288
NULL_GSE39582_7_1,GSE39582,7,0.543145975707483,1.09238079814538,0.39961323065828,0.86374767572539
NULL_GSE39582_7_2,GSE39582,7,0.185611257161224,0.824442392220423,0.0013339210165001,0.594610783132964
NULL_GSE39582_7_3,GSE39582,7,0.653708696300352,0.936903591549956,0.137589720974543,0.786093445250286
NULL_GSE39582_7_4,GSE39582,7,0.03386130538647,1.36518437018349,0.0228567916402394,1.39777277570673
NULL_GSE39582_7_5,GSE39582,7,0.355994144147812,0.874391756374786,0.253453975126396,0.845651237920469
NULL_GSE39582_7_6,GSE39582,7,0.25159600020222,0.84629875800681,0.0459304604779254,0.728848511457296
NULL_GSE39582_7_7,GSE39582,7,0.786116704838586,0.961319529721734,0.148014163645105,0.788859357613094
NULL_GSE39582_7_8,GSE39582,7,0.668046765023552,0.939545329512771,0.471513417718179,0.889349814828186
NULL_GSE39582_7_9,GSE39582,7,0.545405451313516,1.09192259348875,0.0805964789988906,1.3251221201905
NULL_GSE39582_7_10,GSE39582,7,0.471980095165073,0.900831935766278,0.0690469783494004,0.732976682857883
NULL_GSE39582_7_11,GSE39582,7,0.801918906215396,1.03713237865332,0.103679605225724,1.32645959829064
NULL_GSE39582_7_12,GSE39582,7,0.828399147489644,0.968938030486341,0.0290967672442863,0.635149730845431
NULL_GSE39582_7_13,GSE39582,7,0.0250787087184761,1.38754362021867,0.0250787087184761,1.38754362021867
NULL_GSE39582_7_14,GSE39582,7,0.143537614228791,0.807873185479406,0.0547310857350106,0.75280369729246
NULL_GSE39582_7_15,GSE39582,7,0.31763669545313,0.864777550257681,0.0227776644161316,0.713893230808939
NULL_GSE39582_7_16,GSE39582,7,0.601968591110213,0.926918351429444,0.314137269662363,0.853282034128302
NULL_GSE39582_7_17,GSE39582,7,0.220759951451625,1.19525487131084,0.220759951451625,1.19525487131084
NULL_GSE39582_7_18,GSE39582,7,0.212132638266062,0.83411834797459,0.212132638266062,0.83411834797459
NULL_GSE39582_7_19,GSE39582,7,0.0963916983277772,0.784350138143108,0.018252617471253,0.688882662615582
NULL_GSE39582_7_20,GSE39582,7,0.0823974015070792,1.28926200231124,0.00867013921731752,1.48487399145674
NULL_GSE39582_10_1,GSE39582,10,0.0332692101603598,1.36722566827355,0.00534914457507975,1.57473354991535
NULL_GSE39582_10_2,GSE39582,10,0.927365879364509,1.01332554471934,0.213209004004154,0.789913233181925
NULL_GSE39582_10_3,GSE39582,10,0.185582597652501,1.21252754123317,0.0455013719425291,1.4279338643113
NULL_GSE39582_10_4,GSE39582,10,0.0307342195878397,0.729102203408516,0.0192659494140966,0.711494454243176
NULL_GSE39582_10_5,GSE39582,10,0.423050936302642,1.12379940714614,0.0351633488536732,1.43681297874092
NULL_GSE39582_10_6,GSE39582,10,0.600579169570313,1.07910245952509,0.289592482838532,1.17982536101531
NULL_GSE39582_10_7,GSE39582,10,0.897887270158744,1.01882070951603,0.147128093526456,1.28104748770655
NULL_GSE39582_10_8,GSE39582,10,0.792825058670674,0.962566757250443,0.158676016364813,0.783079741258376
NULL_GSE39582_10_9,GSE39582,10,0.189374268875065,1.21067573740732,0.0470502247901358,1.37231493887721
NULL_GSE39582_10_10,GSE39582,10,0.0114321384506995,0.689107304190775,0.00288959986905835,0.64780969870181
NULL_GSE39582_10_11,GSE39582,10,0.194877459164295,0.828173249143709,0.0398646993316602,0.705716134596054
NULL_GSE39582_10_12,GSE39582,10,0.842755823730561,1.02926357845023,0.327532363766937,0.866276540237009
NULL_GSE39582_10_13,GSE39582,10,0.0370232495848882,0.736316636371322,0.0135463713082291,0.651680745526477
NULL_GSE39582_10_14,GSE39582,10,0.800600255545531,0.963888763160814,0.276235333698067,1.19515511847022
NULL_GSE39582_10_15,GSE39582,10,0.118360463263891,0.796385884956759,0.0436286159561211,0.742068647092436
NULL_GSE39582_10_16,GSE39582,10,0.0673260341222,0.765548980525689,0.0125170897096255,0.675595656747588
NULL_GSE39582_10_17,GSE39582,10,0.707078775123723,0.946698357063578,0.0311228514709806,0.695557817342011
NULL_GSE39582_10_18,GSE39582,10,0.848304295073861,0.972582132163137,0.268159141028928,0.844531542152277
NULL_GSE39582_10_19,GSE39582,10,0.310811430710579,1.15918930181574,0.0603361961440147,1.33397000435019
NULL_GSE39582_10_20,GSE39582,10,0.247289409734728,0.844771404211614,0.0396692721510341,1.448476252683
NULL_GSE39582_14_1,GSE39582,14,0.015487032284017,0.700383043857022,0.00249181866198879,0.643932373544505
NULL_GSE39582_14_2,GSE39582,14,0.685804739228279,0.942890759479497,0.0102237035830556,0.671746921416863
NULL_GSE39582_14_3,GSE39582,14,0.137618547514287,1.24163235467593,0.0480693203277343,1.33262097588731
NULL_GSE39582_14_4,GSE39582,14,0.30594799010852,0.861585177256098,0.185872497336691,0.822618897313657
NULL_GSE39582_14_5,GSE39582,14,0.00936604233527832,0.683018753325387,4.50915329333205e-05,0.536764350438873
NULL_GSE39582_14_6,GSE39582,14,0.671525693450045,1.0635916162576,0.215873782318991,1.2270604250344
NULL_GSE39582_14_7,GSE39582,14,0.835574364852013,1.03061873294466,0.352539993083117,1.17666483222444
NULL_GSE39582_14_8,GSE39582,14,0.704007666639063,1.05670805167631,0.0985201197640342,1.33268746669577
NULL_GSE39582_14_9,GSE39582,14,0.644756118639927,0.935076589401116,0.382720225009931,1.17793949310852
NULL_GSE39582_14_10,GSE39582,14,0.0457614983461428,0.746220020842247,0.0457614983461428,0.746220020842247
NULL_GSE39582_14_11,GSE39582,14,0.542828397936667,0.915430043969502,0.260247609712135,1.20120699827981
NULL_GSE39582_14_12,GSE39582,14,0.809437338146167,1.03564790454672,0.158651379318259,0.781376468349868
NULL_GSE39582_14_13,GSE39582,14,0.759937008706475,0.956525590268153,0.274804724186376,1.17765848810915
NULL_GSE39582_14_14,GSE39582,14,0.350936490715933,0.873215996370905,0.0142131262890758,0.677778327385173
NULL_GSE39582_14_15,GSE39582,14,0.249602133767902,0.845806472654003,0.202695895939285,0.828894179324445
NULL_GSE39582_14_16,GSE39582,14,0.05088307310067,0.751181062109311,0.00615548219389474,0.671139352811881
NULL_GSE39582_14_17,GSE39582,14,0.359747926785719,0.875202486853766,0.127853833662298,0.794683368629741
NULL_GSE39582_14_18,GSE39582,14,0.372288432585715,0.878392081923635,0.252654072252786,1.23709161639611
NULL_GSE39582_14_19,GSE39582,14,0.787219593066924,1.03999187959342,0.272182971715873,1.19463382026891
NULL_GSE39582_14_20,GSE39582,14,0.754906417142563,0.955700187994611,0.461159483727221,0.885484224019429
NULL_GSE39582_2_1,GSE39582,2,0.747609924638276,1.04786997131384,0.501534714991289,1.10314656303595
NULL_GSE39582_2_2,GSE39582,2,0.924723347173618,1.01381761373219,0.404591433003843,1.16187228959615
NULL_GSE39582_2_3,GSE39582,2,0.96666113746913,0.99393668264917,0.388138569856281,1.16471252971862
NULL_GSE39582_2_4,GSE39582,2,0.495783432472032,0.905479799035653,0.290223048789931,0.853758569398479
NULL_GSE39582_2_5,GSE39582,2,0.0211720057878163,1.40153537074755,3.90837913310182e-05,1.92633745521347
NULL_GSE39582_2_6,GSE39582,2,0.982900158634246,1.00312766778324,0.263146205734399,1.21050003453072
NULL_GSE39582_2_7,GSE39582,2,0.802902238040112,1.03693631331651,0.0696711759517232,0.757396240022429
NULL_GSE39582_2_8,GSE39582,2,0.012539385644814,0.693091494418758,0.00256696864506276,0.644780293025086
NULL_GSE39582_2_9,GSE39582,2,0.455418080222661,1.11445367063492,0.0821670328815377,0.744626376968495
NULL_GSE39582_2_10,GSE39582,2,0.0527995961222709,1.32812926194267,0.051671832902434,1.32761847511471
NULL_GSE39582_2_11,GSE39582,2,0.269906858833372,0.851523890572977,0.0735440202827706,0.759404311143092
NULL_GSE39582_2_12,GSE39582,2,0.836303907425187,0.970416920239082,0.433088790785274,1.15473747072833
NULL_GSE39582_2_13,GSE39582,2,0.43256183544143,1.12083585070538,0.128294749561124,1.30519920098099
NULL_GSE39582_2_14,GSE39582,2,0.293393339760584,1.16523161157517,0.107974874483969,1.27762675451836
NULL_GSE39582_2_15,GSE39582,2,0.726098365732538,0.950406907033596,0.412398472811213,1.13679402194685
NULL_GSE39582_2_16,GSE39582,2,0.141710304303873,1.23996013897574,0.034269233512211,1.36680842377859
NULL_GSE39582_2_17,GSE39582,2,0.452742495753014,1.1152653084036,0.0449286825340848,1.39823118741913
NULL_GSE39582_2_18,GSE39582,2,0.00761046607555158,0.675922558054188,0.00761046607555158,0.675922558054188
NULL_GSE39582_2_19,GSE39582,2,0.440323745583871,0.893960558286456,0.175483225069877,0.768987860769153
NULL_GSE39582_2_20,GSE39582,2,0.12471113994114,1.25034181141068,0.0123546224809792,1.53318247880477
NULL_GSE39582_13_1,GSE39582,13,0.641829221662864,1.0699391712041,0.309272893094928,1.19302183533952
NULL_GSE39582_13_2,GSE39582,13,0.959641612768666,0.992676674246439,0.236251501853995,0.82559711640756
NULL_GSE39582_13_3,GSE39582,13,0.806452112067055,0.965022343024105,0.0860861602049959,1.42130175083219
NULL_GSE39582_13_4,GSE39582,13,0.847085758916046,0.972375346691733,0.0347777280340764,0.644527905435743
NULL_GSE39582_13_5,GSE39582,13,0.834424218397916,0.970102628739036,0.256986643466115,0.818403560684487
NULL_GSE39582_13_6,GSE39582,13,0.0901490675631882,0.780722180923079,0.00700993078366539,0.658269166028311
NULL_GSE39582_13_7,GSE39582,13,0.637000642932578,1.07100487152966,0.0553568542571559,1.38356277622587
NULL_GSE39582_13_8,GSE39582,13,0.207248777914861,0.831374491025754,0.0325273746443321,0.730466735884221
NULL_GSE39582_13_9,GSE39582,13,0.358291379077697,0.874720785990677,0.358291379077697,0.874720785990677
NULL_GSE39582_13_10,GSE39582,13,0.741062985722336,1.0491796657911,0.260572561653265,0.822749165916541
NULL_GSE39582_13_11,GSE39582,13,0.75441209110916,1.04661717970983,0.268590731679007,1.17988348939691
NULL_GSE39582_13_12,GSE39582,13,0.638846127839115,1.07057112124195,0.42937852619496,0.887729304773062
NULL_GSE39582_13_13,GSE39582,13,0.937544522214253,0.988674781375738,0.137512243519041,0.771154417381598
NULL_GSE39582_13_14,GSE39582,13,0.952688803771982,1.00867423440096,0.184323145072885,1.26172129798599
NULL_GSE39582_13_15,GSE39582,13,0.0392878519231115,0.739867037911203,0.00447080333464496,0.652748977820636
NULL_GSE39582_13_16,GSE39582,13,0.5378754029653,0.914316894543225,0.304846382943906,0.859983849756777
NULL_GSE39582_13_17,GSE39582,13,0.467993835475954,1.11123098450941,0.0929049699587461,1.32447880136824
NULL_GSE39582_13_18,GSE39582,13,0.911868533965945,0.984015553517385,0.0346976146175356,0.697156229917969
NULL_GSE39582_13_19,GSE39582,13,0.440795874578939,0.893978287646359,0.0720385530809732,0.740528898257788
NULL_GSE39582_13_20,GSE39582,13,0.921624417919704,1.01445409934355,0.102865062280764,0.756622127379563
NULL_GSE39582_5_1,GSE39582,5,0.0182718195369944,1.41333533961635,0.0182718195369944,1.41333533961635
NULL_GSE39582_5_2,GSE39582,5,0.246903024986001,0.84466558684936,0.187195530134822,0.795378325465368
NULL_GSE39582_5_3,GSE39582,5,0.660673766840065,1.06601258770925,0.212562545497871,0.805235937146664
NULL_GSE39582_5_4,GSE39582,5,0.296507761205567,1.16386620332656,0.083893676187898,1.34020765527987
NULL_GSE39582_5_5,GSE39582,5,0.219302241978405,1.19576396363654,0.0657936981088022,1.31331991116371
NULL_GSE39582_5_6,GSE39582,5,0.214627436998486,1.19853641183268,0.0363606585302224,1.36449770384929
NULL_GSE39582_5_7,GSE39582,5,0.512824347424643,0.908828653789312,0.289462394482817,0.851446603174372
NULL_GSE39582_5_8,GSE39582,5,0.399024431039438,0.884508317836476,0.00346257051785597,0.635977463093262
NULL_GSE39582_5_9,GSE39582,5,0.34942721741634,1.14562210378217,0.113203672645081,1.25915375125861
NULL_GSE39582_5_10,GSE39582,5,0.934981638854046,1.01194933375508,0.110046530087029,1.37486999786703
NULL_GSE39582_5_11,GSE39582,5,0.682232839951962,0.942266504487702,0.255843254949729,1.21410209617841
NULL_GSE39582_5_12,GSE39582,5,0.555164470537789,0.917488406435781,0.0324974223756438,0.722602931057549
NULL_GSE39582_5_13,GSE39582,5,0.0171240809596542,0.705269775617383,0.0148230153833893,0.701876523974062
NULL_GSE39582_5_14,GSE39582,5,0.502454257202445,0.907153992262691,0.0710329222317483,0.767920423575018
NULL_GSE39582_5_15,GSE39582,5,0.557959299604906,0.918413099459587,0.0320837689595927,0.731553477120195
NULL_GSE39582_5_16,GSE39582,5,0.547254202977249,0.9162726640933,0.451261106358702,0.874312502188649
NULL_GSE39582_5_17,GSE39582,5,0.692010659547352,1.05926609864136,0.317328162880085,0.849763316546123
NULL_GSE39582_5_18,GSE39582,5,0.570565185871825,0.920550663720232,0.0758572562152665,0.754901857556142
NULL_GSE39582_5_19,GSE39582,5,0.952331914696608,0.991350638759521,0.0546989149925367,0.748285010765645
NULL_GSE39582_5_20,GSE39582,5,0.223506317515754,1.19440704880055,0.119509231310797,1.25432624963148
NULL_GSE39582_19_1,GSE39582,19,0.185703891847108,0.824398104258808,0.0691460757080531,0.720386522112259
NULL_GSE39582_19_2,GSE39582,19,0.275415259910714,0.853393352764351,0.0493681121588503,0.742380053418155
NULL_GSE39582_19_3,GSE39582,19,0.279990988662092,1.17038545138311,0.167705798830841,1.23606358347735
NULL_GSE39582_19_4,GSE39582,19,0.362127300331538,1.14195464372154,0.362127300331538,1.14195464372154
NULL_GSE39582_19_5,GSE39582,19,0.292657374014008,0.85811757204363,0.126400342953232,0.783835518507603
NULL_GSE39582_19_6,GSE39582,19,0.0912288291256941,0.781925091981964,0.0097653427930225,0.646839635983033
NULL_GSE39582_19_7,GSE39582,19,0.334848518984371,0.869059147612029,0.258919887101663,0.846794553492047
NULL_GSE39582_19_8,GSE39582,19,0.470825082920126,0.900373021912084,0.296508870869008,0.816647257103636
NULL_GSE39582_19_9,GSE39582,19,0.0322162374780228,0.730539680789893,0.00914596820389013,0.684346345240186
NULL_GSE39582_19_10,GSE39582,19,0.0545206611860576,0.753659022714488,0.0171114972893397,0.704475124405159
NULL_GSE39582_19_11,GSE39582,19,0.702021047669654,0.945845073792675,0.587227730417379,1.09307421888572
NULL_GSE39582_19_12,GSE39582,19,0.951967532432594,1.0087822040822,0.488333107219303,0.895019863747848
NULL_GSE39582_19_13,GSE39582,19,0.807471807892484,1.03605419105243,0.00347716431908837,1.63167437097762
NULL_GSE39582_19_14,GSE39582,19,0.122470317627071,0.798522958628936,0.0315593427339165,0.727678303977355
NULL_GSE39582_19_15,GSE39582,19,0.156775941668143,0.813467565547436,0.070335631627364,0.737384350217211
NULL_GSE39582_19_16,GSE39582,19,0.966876131348302,1.00606838609184,0.245888939383046,0.843093204477384
NULL_GSE39582_19_17,GSE39582,19,0.273792770591418,0.852268727762774,0.0135400074249026,0.659459060075678
NULL_GSE39582_19_18,GSE39582,19,0.0207012794577903,0.712522863868119,0.0121659852175419,0.685646436370678
NULL_GSE39582_19_19,GSE39582,19,0.0894836462679551,0.780292256325251,0.0279025180969002,0.720729540102865
NULL_GSE39582_19_20,GSE39582,19,0.134698743652357,0.803910970495859,0.0150300508850774,0.701946290596346
NULL_GSE39582_45_1,GSE39582,45,0.21777690920315,0.835967793146431,0.0445017333161185,0.723261798694558
NULL_GSE39582_45_2,GSE39582,45,0.0403494986255427,0.741576812369605,0.00177663917809111,0.617381230189947
NULL_GSE39582_45_3,GSE39582,45,0.893172234927986,0.980650166599944,0.528063669513449,0.904771562704957
NULL_GSE39582_45_4,GSE39582,45,0.00558239124219046,1.50690203258126,0.00558239124219046,1.50690203258126
NULL_GSE39582_45_5,GSE39582,45,0.946571050815016,1.0098022532206,0.249569575558051,0.803878292103415
NULL_GSE39582_45_6,GSE39582,45,0.952104627298077,0.991319852424893,0.015190347376381,1.49615687381693
NULL_GSE39582_45_7,GSE39582,45,0.225455981644222,0.837970886151112,0.0321481956805791,0.712088904992318
NULL_GSE39582_45_8,GSE39582,45,0.462764363166112,0.898844576772605,0.108042864460295,0.728938220570718
NULL_GSE39582_45_9,GSE39582,45,0.524045024842403,0.911313555002152,0.328664984065082,0.867102583541483
NULL_GSE39582_45_10,GSE39582,45,0.663461995632263,0.938745695962138,0.154422755491277,0.782718336640323
NULL_GSE39582_45_11,GSE39582,45,0.172217508653204,1.22063391249155,0.151764894086995,1.23671570004405
NULL_GSE39582_45_12,GSE39582,45,0.378457601427838,0.879807332922822,0.0154097764358395,0.693350548209874
NULL_GSE39582_45_13,GSE39582,45,0.135586136741317,1.2429547731949,0.0364033160215166,1.42246728290077
NULL_GSE39582_45_14,GSE39582,45,0.83256204400923,1.03122271316151,0.0662251973070585,0.734050871985279
NULL_GSE39582_45_15,GSE39582,45,0.135958618969034,0.804228507549225,0.135958618969034,0.804228507549225
NULL_GSE39582_45_16,GSE39582,45,0.158299905804202,0.814211058040719,0.00312649832764418,0.641155711624291
NULL_GSE39582_45_17,GSE39582,45,0.963725347506751,1.00662601642011,0.212106967400902,1.27047231313219
NULL_GSE39582_45_18,GSE39582,45,0.823619840692562,1.03288392604964,0.232445078465648,1.20472796858703
NULL_GSE39582_45_19,GSE39582,45,0.435769474027155,0.892927059639294,0.177492833122557,0.817295755526762
NULL_GSE39582_45_20,GSE39582,45,0.171491614273971,1.2211473561015,0.0441742394060952,1.34140774292717
NULL_GSE39582_20_1,GSE39582,20,0.172637373408562,0.81961622759119,0.0819219773050453,0.776832734823925
NULL_GSE39582_20_2,GSE39582,20,0.88872769427045,1.02051927885231,0.144413604632516,1.25426391617781
NULL_GSE39582_20_3,GSE39582,20,0.627989007853086,0.93195716407559,0.10866814055957,0.787483293584102
NULL_GSE39582_20_4,GSE39582,20,0.340034418264027,0.870458046374391,0.0488661411409267,0.748238977589691
NULL_GSE39582_20_5,GSE39582,20,0.230516423612251,0.839649072754493,0.000486351614179919,0.563977393201366
NULL_GSE39582_20_6,GSE39582,20,0.292773070112921,1.16583954609507,0.0558214074485905,1.41117392863557
NULL_GSE39582_20_7,GSE39582,20,0.0253223450510705,0.721018619734334,0.0253223450510705,0.721018619734334
NULL_GSE39582_20_8,GSE39582,20,0.0664480914118347,0.765394656086541,0.0119596779340812,0.675411222056484
NULL_GSE39582_20_9,GSE39582,20,0.73603534250753,0.952213362326082,0.408648129953601,1.13772590975939
NULL_GSE39582_20_10,GSE39582,20,0.0203502011308161,0.711816840125168,0.00329440356947907,0.615680291443668
NULL_GSE39582_20_11,GSE39582,20,0.353271928482547,0.873701820660219,0.0146465710443604,0.66808370487137
NULL_GSE39582_20_12,GSE39582,20,0.634688052710416,0.933273641945774,0.315219969679096,0.86430644442251
NULL_GSE39582_20_13,GSE39582,20,0.440756987273555,0.893733903608261,0.0844879347136167,0.766395712599489
NULL_GSE39582_20_14,GSE39582,20,0.349014258721918,0.872584074138651,0.219048826293805,0.834050197501205
NULL_GSE39582_20_15,GSE39582,20,0.283185630825595,0.855449060776893,0.00661584877408452,0.640480378363667
NULL_GSE39582_20_16,GSE39582,20,0.3127156968297,0.863161861473779,0.0263383219098589,0.662620203725537
NULL_GSE39582_20_17,GSE39582,20,0.720658972522957,1.05331278120868,0.159325739636477,1.26125964974314
NULL_GSE39582_20_18,GSE39582,20,0.384680662419873,1.13489198354646,0.235082801369095,1.23336629488469
NULL_GSE39582_20_19,GSE39582,20,0.238105449897625,1.18744549908663,0.238105449897625,1.18744549908663
NULL_GSE39582_20_20,GSE39582,20,0.573419185042151,1.08521197287137,0.4034352244449,1.13316617332291
NULL_GSE39582_22_1,GSE39582,22,0.10934024345804,0.79142545321417,0.0522871300427799,0.754233251815253
NULL_GSE39582_22_2,GSE39582,22,0.158026034969586,1.22822178552005,0.00730820684611826,1.50338350336286
NULL_GSE39582_22_3,GSE39582,22,0.169175646595765,0.818393252589938,0.0588968823076054,0.760042537659418
NULL_GSE39582_22_4,GSE39582,22,0.110356691812068,0.791989909031252,0.0614979139681236,0.757524068012661
NULL_GSE39582_22_5,GSE39582,22,0.418464312720729,0.889035884149119,0.173905449656368,0.813715942319496
NULL_GSE39582_22_6,GSE39582,22,0.752219618860597,1.04703149477201,0.404036420972237,1.14593685415075
NULL_GSE39582_22_7,GSE39582,22,0.418612097712158,0.889128277240269,0.0823545568536608,0.771452478809237
NULL_GSE39582_22_8,GSE39582,22,0.809217352210447,0.965536513194491,0.197771062521779,0.811863128100286
NULL_GSE39582_22_9,GSE39582,22,0.636383560906933,0.933197045124063,0.364278620951906,0.865861998510767
NULL_GSE39582_22_10,GSE39582,22,0.0232104088904308,0.717371913618825,0.00727303890218022,0.635974717318638
NULL_GSE39582_22_11,GSE39582,22,0.0816011463220968,0.775448296344099,0.00863670953555865,0.661925138603374
NULL_GSE39582_22_12,GSE39582,22,0.411955527412963,1.12707079025805,0.0190333235944114,1.48454352728041
NULL_GSE39582_22_13,GSE39582,22,0.630475059916445,1.07243368689719,0.126957622554612,0.770229853190929
NULL_GSE39582_22_14,GSE39582,22,0.857092742947234,1.02657201073966,0.215189200717558,0.813992059726754
NULL_GSE39582_22_15,GSE39582,22,0.0772570378264749,0.772060461225634,0.0772570378264749,0.772060461225634
NULL_GSE39582_22_16,GSE39582,22,0.357842891882279,0.87491174384921,0.0705259078056348,0.735834056128578
NULL_GSE39582_22_17,GSE39582,22,0.86579313481105,0.975753566056673,0.166339863454437,1.24979364463067
NULL_GSE39582_22_18,GSE39582,22,0.982201622351259,0.996757812398723,0.0776451251666623,1.31557062650788
NULL_GSE39582_22_19,GSE39582,22,0.0129922505382638,1.4411828838995,0.0129922505382638,1.4411828838995
NULL_GSE39582_22_20,GSE39582,22,0.402156947819931,1.12968324517337,0.24251693883633,1.25119664815927
NULL_GSE39582_42_1,GSE39582,42,0.0265521557065343,0.723614431316042,0.0179841041481809,0.703594961004638
NULL_GSE39582_42_2,GSE39582,42,0.542178401735801,0.915226774399075,0.038839061971789,0.718060742164311
NULL_GSE39582_42_3,GSE39582,42,0.543013944083501,0.915347201032455,0.000497283196818021,0.566763564024026
NULL_GSE39582_42_4,GSE39582,42,0.313256873410138,0.863637489113857,0.0378460889609855,0.706601844850853
NULL_GSE39582_42_5,GSE39582,42,0.929939727905876,1.01285122336707,0.329147687150187,0.8429841512733
NULL_GSE39582_42_6,GSE39582,42,0.339655149941503,0.870277629766966,0.203742449900425,0.822974432318431
NULL_GSE39582_42_7,GSE39582,42,0.437688227606858,1.11941833723072,0.173956922812013,1.24645008083957
NULL_GSE39582_42_8,GSE39582,42,0.0474984254847089,0.748667770590136,0.0161240820466181,0.704877317694797
NULL_GSE39582_42_9,GSE39582,42,0.871725233341621,0.976808589712687,0.221640270526556,0.816079680899534
NULL_GSE39582_42_10,GSE39582,42,0.612950952716842,0.92912471365625,0.128673316795727,1.30840261300128
NULL_GSE39582_42_11,GSE39582,42,0.0299772283262539,0.727649081086918,0.028308402669288,0.718762737029397
NULL_GSE39582_42_12,GSE39582,42,0.864974069322587,1.02503721268936,0.0831590317437086,1.31602654135924
NULL_GSE39582_42_13,GSE39582,42,0.492369038164883,1.1050054447529,0.167538783295359,1.22660695307792
NULL_GSE39582_42_14,GSE39582,42,0.799637048617044,0.963760251818518,0.367958135351073,0.846338890531203
NULL_GSE39582_42_15,GSE39582,42,0.0156742669571725,0.702371261863656,0.00153274368703401,0.610517509652457
NULL_GSE39582_42_16,GSE39582,42,0.744053632776649,0.953690130724681,0.272132471631822,1.20474364654927
NULL_GSE39582_42_17,GSE39582,42,0.950880935000276,0.991066252002425,0.111657275212022,0.784372704410905
NULL_GSE39582_42_18,GSE39582,42,0.795061149664684,1.03850175489618,0.108053598719622,0.729160827579798
NULL_GSE39582_42_19,GSE39582,42,0.843126378318534,1.02916626852339,0.078789228597204,1.36897073183087
NULL_GSE39582_42_20,GSE39582,42,0.702082625345217,0.945998059497696,0.057092922603211,0.722468371058032
NULL_GSE39582_16_1,GSE39582,16,0.254902622303944,1.1798303532596,0.231700864798972,1.1932919671961
NULL_GSE39582_16_2,GSE39582,16,0.0311711780474427,0.72960775428358,0.028452361628732,0.727506502920769
NULL_GSE39582_16_3,GSE39582,16,0.0542489798734066,0.753507822156732,0.0542489798734066,0.753507822156732
NULL_GSE39582_16_4,GSE39582,16,0.331490765750788,0.867971660495154,0.0736312235513528,0.692986651139688
NULL_GSE39582_16_5,GSE39582,16,0.646558979379144,1.06910742078614,0.393826924603045,1.13244275330279
NULL_GSE39582_16_6,GSE39582,16,0.71303470613109,1.05492448799978,0.29994127283637,1.17444581203257
NULL_GSE39582_16_7,GSE39582,16,0.689351949673007,0.943485474841419,0.473236035451208,1.13376471616769
NULL_GSE39582_16_8,GSE39582,16,0.919368402743333,1.01482300657646,0.344316620282965,1.15267657683318
NULL_GSE39582_16_9,GSE39582,16,0.424499694267588,0.890444037060914,0.316916154867624,0.861541098092636
NULL_GSE39582_16_10,GSE39582,16,0.962692731308407,1.00681467186408,0.29573525787659,0.834144787996047
NULL_GSE39582_16_11,GSE39582,16,0.197851851923071,0.8291800970349,0.10248973825026,0.775702010787583
NULL_GSE39582_16_12,GSE39582,16,0.48363256595943,0.903089635518489,0.144716751801422,0.788182888089225
NULL_GSE39582_16_13,GSE39582,16,0.275002824532455,0.853146279016919,0.0567108837941913,0.725758166394367
NULL_GSE39582_16_14,GSE39582,16,0.546545014918139,0.916005000004063,0.323083581044336,0.84446936631007
NULL_GSE39582_16_15,GSE39582,16,0.319803193544396,0.865119353348532,0.0528985458363507,0.743428248258049
NULL_GSE39582_16_16,GSE39582,16,0.650535494277536,1.068068602956,0.156144817953038,1.26235098703254
NULL_GSE39582_16_17,GSE39582,16,0.536059074550591,1.09431243442849,0.1421190362424,1.24015080923284
NULL_GSE39582_16_18,GSE39582,16,0.271645452949853,0.852305738479938,0.0424959891390779,0.723954182594095
NULL_GSE39582_16_19,GSE39582,16,0.401565140679888,1.13001910109793,0.0647342474023852,1.31029738563998
NULL_GSE39582_16_20,GSE39582,16,0.605468684346555,1.07798047345302,0.354313784362864,1.19207530585489
NULL_GSE39582_18_1,GSE39582,18,0.152790438567677,0.812038176442331,0.0797903912487728,0.769659046569682
NULL_GSE39582_18_2,GSE39582,18,0.540235714737542,1.09305508533725,0.27522890207792,0.838987257930414
NULL_GSE39582_18_3,GSE39582,18,0.73747706340283,0.952384345149991,0.298123057640667,0.844082312863463
NULL_GSE39582_18_4,GSE39582,18,0.00400208091491022,0.654203901682781,0.000643606830856128,0.569097461793641
NULL_GSE39582_18_5,GSE39582,18,0.854499708488585,1.02706482667038,0.317453053908659,1.16780191816377
NULL_GSE39582_18_6,GSE39582,18,0.734825671280794,1.05047464919848,0.235661351478844,1.25530488530352
NULL_GSE39582_18_7,GSE39582,18,0.850742747889921,1.02769747810242,0.0367631172139495,1.41763459657107
NULL_GSE39582_18_8,GSE39582,18,0.00549028514955071,0.661814116167034,0.00101694817102164,0.619767564165871
NULL_GSE39582_18_9,GSE39582,18,0.108995708228089,0.79160974428715,0.108995708228089,0.79160974428715
NULL_GSE39582_18_10,GSE39582,18,0.566350472471804,0.920063275432204,0.193588116790032,0.808151107824997
NULL_GSE39582_18_11,GSE39582,18,0.923415311955257,1.01405630461766,0.443900494109693,1.12175420643881
NULL_GSE39582_18_12,GSE39582,18,0.680792922582508,0.942031918052205,0.144897937111237,0.788711323979641
NULL_GSE39582_18_13,GSE39582,18,0.214034891148378,0.834167665225371,0.0709177261645452,0.768804482005566
NULL_GSE39582_18_14,GSE39582,18,0.0258599455741078,0.72124221041952,0.0146324911985849,0.694372075625625
NULL_GSE39582_18_15,GSE39582,18,0.232534661863358,0.840428426032424,0.0531207655928244,0.683534263183941
NULL_GSE39582_18_16,GSE39582,18,0.476258823835849,0.901591782643523,0.306355739032633,0.838388685365233
NULL_GSE39582_18_17,GSE39582,18,0.247608512878025,0.844915702632675,0.0442662589094124,0.745319733559246
NULL_GSE39582_18_18,GSE39582,18,0.0860103714358006,0.778465685778013,0.00929411440852832,0.681051670226079
NULL_GSE39582_18_19,GSE39582,18,0.147443030449391,0.809771835314195,0.0601534635693756,0.761136049246917
NULL_GSE39582_18_20,GSE39582,18,0.120270275155684,0.796881590874473,0.0205199017397022,0.695675082397633
NULL_GSE72970_4_1,GSE72970,4,0.0502396893354783,0.481957969591379,0.000486233416887135,0.211737216368493
NULL_GSE72970_4_2,GSE72970,4,0.461208630535697,0.761601505785801,0.0335781512412621,0.388459139900607
NULL_GSE72970_4_3,GSE72970,4,0.321551697821669,0.69327855212479,0.0660548697699424,0.457205665671809
NULL_GSE72970_4_4,GSE72970,4,0.568457132316503,0.810648076441636,0.501408605457916,0.779895340950961
NULL_GSE72970_4_5,GSE72970,4,0.0667891528741903,2.08748354992156,0.0667891528741903,2.08748354992156
NULL_GSE72970_4_6,GSE72970,4,0.896420274498344,1.0496611706286,0.182711716532473,0.567126781889022
NULL_GSE72970_4_7,GSE72970,4,0.382083080065582,1.38090944787171,0.0678129356997688,2.19253187532751
NULL_GSE72970_4_8,GSE72970,4,0.0638267156361963,1.97340919820426,0.0638267156361963,1.97340919820426
NULL_GSE72970_4_9,GSE72970,4,0.624856902211216,1.19617967334954,0.100785470653909,2.4255465591073
NULL_GSE72970_4_10,GSE72970,4,0.00993904683308011,0.366274178631986,0.0030262011984855,0.327801964673757
NULL_GSE72970_4_11,GSE72970,4,0.92979820197708,1.03243203201058,0.00323794123808383,4.16690723636252
NULL_GSE72970_4_12,GSE72970,4,0.831185249274574,1.08079700501197,0.247309759014089,1.56381881090024
NULL_GSE72970_4_13,GSE72970,4,0.0938263541189757,0.518549556943009,0.00982522591009679,0.370341827201078
NULL_GSE72970_4_14,GSE72970,4,0.705261280105824,1.1532933356927,0.144884934140823,2.1065099276462
NULL_GSE72970_4_15,GSE72970,4,0.600899894801783,0.826725332240044,0.0205826723972301,0.363493580869751
NULL_GSE72970_4_16,GSE72970,4,0.3316792958129,1.43954199765997,0.054582230765895,2.4453808476288
NULL_GSE72970_4_17,GSE72970,4,0.529725950783996,1.26057287710714,0.145481731161299,1.77420147916821
NULL_GSE72970_4_18,GSE72970,4,0.351479087861027,0.709468370363683,0.0604053465651785,0.40365065774829
NULL_GSE72970_4_19,GSE72970,4,0.771781700704188,1.11413838499527,0.00549003674484301,0.292204558851633
NULL_GSE72970_4_20,GSE72970,4,0.480636299100968,1.30399831838836,0.157146233417098,1.80273201240663
NULL_GSE72970_11_1,GSE72970,11,0.806893335770162,0.91531153541707,0.329341505543119,0.689880861264479
NULL_GSE72970_11_2,GSE72970,11,0.768469339787378,0.896717995916772,0.383609936504034,0.681012095342063
NULL_GSE72970_11_3,GSE72970,11,0.8272735626673,1.08596612623648,0.015456279237554,3.17896646905567
NULL_GSE72970_11_4,GSE72970,11,0.86953932445873,0.940331316985065,0.556257345241299,0.803258704848564
NULL_GSE72970_11_5,GSE72970,11,0.0370140968704785,0.461239258471662,0.000215606783353545,0.177484159327265
NULL_GSE72970_11_6,GSE72970,11,0.698578532550366,0.865931318070296,0.251187960609849,0.63190361847664
NULL_GSE72970_11_7,GSE72970,11,0.827771030658656,0.923197703100691,0.0382020648326768,0.363054763441098
NULL_GSE72970_11_8,GSE72970,11,0.63372610932718,0.837556387273833,0.198476712389727,0.620202245176085
NULL_GSE72970_11_9,GSE72970,11,0.183502479073996,0.613777567474661,0.127072928171798,0.568949345751263
NULL_GSE72970_11_10,GSE72970,11,0.738373549616242,0.883639305138929,0.280358045507921,1.64092325102213
NULL_GSE72970_11_11,GSE72970,11,0.141139950337264,1.70890691438029,0.137949122786472,1.7578974407144
NULL_GSE72970_11_12,GSE72970,11,0.925107481684724,0.965848657406047,0.050583357028778,2.57561628346003
NULL_GSE72970_11_13,GSE72970,11,0.5169526877586,1.26662603485496,0.427066371122116,0.74458226856256
NULL_GSE72970_11_14,GSE72970,11,0.802530160664673,1.0970368606955,0.312320659948555,1.4942683665963
NULL_GSE72970_11_15,GSE72970,11,0.926890851789294,0.964311243023367,0.202646222511299,0.620850839591976
NULL_GSE72970_11_16,GSE72970,11,0.457873903391329,0.763427922740428,0.021176146659684,0.4081091946624
NULL_GSE72970_11_17,GSE72970,11,0.832697639177949,1.08085314939268,0.0300179230956461,2.59842999519364
NULL_GSE72970_11_18,GSE72970,11,0.285537283328573,0.663145925145402,0.122354300316859,0.555353627877251
NULL_GSE72970_11_19,GSE72970,11,0.282237676328734,1.51127774810088,0.0400880530378361,2.44232503008444
NULL_GSE72970_11_20,GSE72970,11,0.995135742885875,0.997760237480605,0.185815782306412,0.544120550412151
NULL_GSE72970_8_1,GSE72970,8,0.27295794080909,0.666519160538842,0.0624083828508854,0.441648718865264
NULL_GSE72970_8_2,GSE72970,8,0.0813245814610402,1.97625846849044,0.0070615049179306,3.60782294411474
NULL_GSE72970_8_3,GSE72970,8,0.754337726812403,0.89245542632916,0.10728650709258,0.529703977279929
NULL_GSE72970_8_4,GSE72970,8,0.144266401663113,1.71800718199309,0.0893021140610399,1.93309209836723
NULL_GSE72970_8_5,GSE72970,8,0.298217619894128,0.68334484828734,0.0311140483953626,0.395142472665234
NULL_GSE72970_8_6,GSE72970,8,0.785045573768972,1.10837773245603,0.221102287156357,0.55619088762297
NULL_GSE72970_8_7,GSE72970,8,0.675686360970645,1.18735146361246,0.122176541693436,0.566231243469895
NULL_GSE72970_8_8,GSE72970,8,0.162125512355488,0.586982028684787,0.117052235244931,0.560428069779895
NULL_GSE72970_8_9,GSE72970,8,0.958624002679271,1.01935597803834,0.15010413405378,0.511916098631585
NULL_GSE72970_8_10,GSE72970,8,0.523449647928888,0.790174089488346,0.0500737564601768,0.407404948643248
NULL_GSE72970_8_11,GSE72970,8,0.0341651525352747,0.430812073292473,0.0340835064089924,0.432682414113236
NULL_GSE72970_8_12,GSE72970,8,0.168701072395802,0.597036189086906,0.0545154793376321,0.404129755884603
NULL_GSE72970_8_13,GSE72970,8,0.595326646668945,0.820169173631893,0.0740874920070369,2.09574483738367
NULL_GSE72970_8_14,GSE72970,8,0.736268517793028,1.13312703332689,0.0456201409163542,0.413587711550623
NULL_GSE72970_8_15,GSE72970,8,0.0114629810876362,0.349597847802386,0.00647410732568744,0.326058189522602
NULL_GSE72970_8_16,GSE72970,8,0.00215768134718177,0.261611593409861,0.00215768134718177,0.261611593409861
NULL_GSE72970_8_17,GSE72970,8,0.238674600306013,0.651791228433285,0.0757205460780484,0.516022095670241
NULL_GSE72970_8_18,GSE72970,8,0.271994387891104,1.52031049267403,0.127776248898933,1.91624739272832
NULL_GSE72970_8_19,GSE72970,8,0.0290458335964283,0.440579427873817,0.00954579455839287,0.309365378144356
NULL_GSE72970_8_20,GSE72970,8,0.318329614231202,1.47755218196901,0.246494232383554,1.57627033860982
NULL_GSE72970_6_1,GSE72970,6,0.339122462663864,1.44999545155636,0.0720619504104091,2.00520881424413
NULL_GSE72970_6_2,GSE72970,6,0.606109111137603,0.82263417056983,0.202901945916566,0.527626681538704
NULL_GSE72970_6_3,GSE72970,6,0.0573182197798942,2.10410891183596,0.00996310341299007,2.81777688858632
NULL_GSE72970_6_4,GSE72970,6,0.864664453858438,1.06345069048421,0.500664331410075,1.29188334873353
NULL_GSE72970_6_5,GSE72970,6,0.188525874909528,1.61554549261727,0.115677367523129,1.86438637332136
NULL_GSE72970_6_6,GSE72970,6,0.933682597212575,0.969205425057916,0.110304694784611,0.445861220722334
NULL_GSE72970_6_7,GSE72970,6,0.0263970630717448,0.426553037282789,0.00621491550141651,0.307015892759941
NULL_GSE72970_6_8,GSE72970,6,0.123132813138223,1.76335940427828,0.0667258758678714,1.97754480674038
NULL_GSE72970_6_9,GSE72970,6,0.76510538997582,0.897403835654828,0.114882006999528,0.460338740674578
NULL_GSE72970_6_10,GSE72970,6,0.0225631871563383,0.384702962747815,0.0202109761287696,0.314841086700833
NULL_GSE72970_6_11,GSE72970,6,0.853570599484889,1.06943183435514,0.282647502978916,1.49129446172366
NULL_GSE72970_6_12,GSE72970,6,0.622057482891988,1.1991480105697,0.368912387830182,1.74799076677149
NULL_GSE72970_6_13,GSE72970,6,0.284499023065704,0.671923808306448,0.0434669804079845,0.418747586514314
NULL_GSE72970_6_14,GSE72970,6,0.395382051001738,0.733080720122105,0.283310691224309,0.676820823530536
NULL_GSE72970_6_15,GSE72970,6,0.839056578124655,0.92839083999835,0.0546377592516251,0.446367365216377
NULL_GSE72970_6_16,GSE72970,6,0.0594188576617616,0.474584247301171,0.00378548699444311,0.303695123525336
NULL_GSE72970_6_17,GSE72970,6,0.795770349789994,1.10193128932602,0.247139303120869,0.565517232842297
NULL_GSE72970_6_18,GSE72970,6,0.400422910171852,0.731684462337166,0.114433479389196,0.544449258209576
NULL_GSE72970_6_19,GSE72970,6,0.278156635632406,1.50464932487481,0.040308357502631,2.77501615558532
NULL_GSE72970_6_20,GSE72970,6,0.148092409003956,0.581162110049243,0.00802700688358586,0.238779377365072
NULL_GSE72970_15_1,GSE72970,15,0.291234798752664,0.680462984670627,0.00651942634341838,0.262184708639573
NULL_GSE72970_15_2,GSE72970,15,0.321121293410287,0.685693350447756,0.222647913154774,0.624146556656282
NULL_GSE72970_15_3,GSE72970,15,0.549446931967864,0.799314588773982,0.164525261751841,0.593065716156915
NULL_GSE72970_15_4,GSE72970,15,0.689986629859629,1.1606725121483,0.0507614729686302,2.44070849936579
NULL_GSE72970_15_5,GSE72970,15,0.102658717459977,1.89771617589654,0.0948127571243282,1.89405804426438
NULL_GSE72970_15_6,GSE72970,15,0.84848383886037,1.07265845170053,0.0143794789973619,2.77449356785944
NULL_GSE72970_15_7,GSE72970,15,0.871028126603184,1.06511003477871,0.0150138418241322,0.367916787214397
NULL_GSE72970_15_8,GSE72970,15,0.653886230593121,0.850476348762203,0.42550753365244,1.39361389644137
NULL_GSE72970_15_9,GSE72970,15,0.0628901283451045,0.454702164783096,0.0327131103308314,0.416966303516704
NULL_GSE72970_15_10,GSE72970,15,0.020732344005168,0.422944660489767,0.0158658708686275,0.383749963666791
NULL_GSE72970_15_11,GSE72970,15,0.0400555379652532,0.442296644475103,0.0104205404420331,0.294860115524549
NULL_GSE72970_15_12,GSE72970,15,0.486779791790057,0.772500800657295,0.431147221720025,0.746949074478862
NULL_GSE72970_15_13,GSE72970,15,0.244799315456116,1.53029156087889,0.162809930557424,1.69014607582632
NULL_GSE72970_15_14,GSE72970,15,0.637064690576619,0.839835035578542,0.153380452948247,0.563907618650813
NULL_GSE72970_15_15,GSE72970,15,0.816371346504459,0.919079017648219,0.211058530149004,0.625408101867466
NULL_GSE72970_15_16,GSE72970,15,0.610340762964748,1.21500139948997,0.0979537680855312,1.89888192854197
NULL_GSE72970_15_17,GSE72970,15,0.338291422341265,1.4131727830864,0.338291422341265,1.4131727830864
NULL_GSE72970_15_18,GSE72970,15,0.640488587412748,1.18683638011225,0.317205717851002,1.51569271498373
NULL_GSE72970_15_19,GSE72970,15,0.789014103983134,0.907571524020485,0.492848197778513,0.69673022504417
NULL_GSE72970_15_20,GSE72970,15,0.992355201573908,0.996483423331328,0.221520294207479,0.470282456866419
NULL_GSE72970_3_1,GSE72970,3,0.739395865388435,0.882401934661847,0.230597503388367,0.57089669131746
NULL_GSE72970_3_2,GSE72970,3,0.021365341512747,0.377013969089329,0.00854419915795006,0.301316998645974
NULL_GSE72970_3_3,GSE72970,3,0.916212087578001,0.960861581307853,0.0440464566827007,2.39843154318378
NULL_GSE72970_3_4,GSE72970,3,0.330313718185397,0.697611937678706,0.0751933598297546,0.442281772169759
NULL_GSE72970_3_5,GSE72970,3,0.358345705639563,1.39528506679428,0.180806162321413,1.64569950466784
NULL_GSE72970_3_6,GSE72970,3,0.0290095648451124,0.445168972798336,0.000177919133354697,0.16047654180165
NULL_GSE72970_3_7,GSE72970,3,0.913416831100237,0.961455633317836,0.13431226288821,1.85160937007011
NULL_GSE72970_3_8,GSE72970,3,0.308662330387954,1.47800152410263,0.146035289828047,1.75214577773197
NULL_GSE72970_3_9,GSE72970,3,0.775662736408083,0.897127794212933,0.316275297709262,0.657004636779129
NULL_GSE72970_3_10,GSE72970,3,0.420427969737911,0.745209536897849,0.0375184200176577,0.434163021327632
NULL_GSE72970_3_11,GSE72970,3,0.497902474142638,0.77512591325023,0.0879881954695979,0.389599599494818
NULL_GSE72970_3_12,GSE72970,3,0.598946180780408,1.21278586639337,0.378237031492195,1.4346492722344
NULL_GSE72970_3_13,GSE72970,3,0.24068828176952,0.632857120513072,0.122678442973837,0.533745844291346
NULL_GSE72970_3_14,GSE72970,3,0.349894640096612,0.710467663861653,0.0131893300102018,0.349614326919506
NULL_GSE72970_3_15,GSE72970,3,0.591442932744355,0.820639747191203,0.0363497916838527,0.425573777315579
NULL_GSE72970_3_16,GSE72970,3,0.74145423824357,1.12989738352885,0.0706622511929474,2.07560330571683
NULL_GSE72970_3_17,GSE72970,3,0.0117757473949912,2.66030302243315,0.00366821973152424,4.08167373565869
NULL_GSE72970_3_18,GSE72970,3,0.288207376618051,0.671479154330656,0.0268884931005533,0.196462327082654
NULL_GSE72970_3_19,GSE72970,3,0.981220125030221,0.991434028133498,0.0676635704223062,2.31277179316066
NULL_GSE72970_3_20,GSE72970,3,0.757524426037619,0.892128552755824,0.312890525858287,0.685115845939918
NULL_GSE72970_9_1,GSE72970,9,0.23517449515917,1.58255603582215,0.232314655425645,1.66543421307339
NULL_GSE72970_9_2,GSE72970,9,0.109134517688585,0.559779634978911,0.0529784683505697,0.486906038668061
NULL_GSE72970_9_3,GSE72970,9,0.259898203535503,0.660938983144752,0.129178715610224,0.534584028904347
NULL_GSE72970_9_4,GSE72970,9,0.127299426342893,0.553886984526613,0.00492877108289151,0.342562716980057
NULL_GSE72970_9_5,GSE72970,9,0.909219475423299,0.959364761858524,0.0142296766811957,0.327816268195977
NULL_GSE72970_9_6,GSE72970,9,0.866103985464718,1.0633343151345,0.315542179806279,1.46226667730843
NULL_GSE72970_9_7,GSE72970,9,0.0912155978022822,1.85259268265791,0.0912155978022822,1.85259268265791
NULL_GSE72970_9_8,GSE72970,9,0.0365121552235037,0.447407920452888,0.0202561822949998,0.400132602173188
NULL_GSE72970_9_9,GSE72970,9,0.0985310308979095,1.82969739643611,0.0985310308979095,1.82969739643611
NULL_GSE72970_9_10,GSE72970,9,0.626433818779678,1.19329624233614,0.143829147355384,2.06403797983777
NULL_GSE72970_9_11,GSE72970,9,0.568231037682224,0.801016942139924,0.36568513825516,1.48452583324097
NULL_GSE72970_9_12,GSE72970,9,0.15892559234568,0.587497150015243,0.0620185000269606,0.491032923635143
NULL_GSE72970_9_13,GSE72970,9,0.210186882964894,0.628674992419508,0.00338942683764085,0.268290604288653
NULL_GSE72970_9_14,GSE72970,9,0.136512811115796,1.75683215206715,0.0324149191084666,2.3417391325664
NULL_GSE72970_9_15,GSE72970,9,0.0890429511618322,0.532759310131761,0.00901934319552797,0.278541311617156
NULL_GSE72970_9_16,GSE72970,9,0.202382992581759,0.605134212070467,0.0238698167729164,0.303993787038345
NULL_GSE72970_9_17,GSE72970,9,0.883450981936474,0.947683316402585,0.128715899477113,1.83322210102249
NULL_GSE72970_9_18,GSE72970,9,0.713837097066067,1.14685175855259,0.432067058676152,1.34380283604265
NULL_GSE72970_9_19,GSE72970,9,0.669326770116207,1.17414944296941,0.0272723070239955,0.31555556272931
NULL_GSE72970_9_20,GSE72970,9,0.455168428109652,0.750963771465337,0.440716962456597,0.742469598258899
NULL_GSE72970_50_1,GSE72970,50,0.253857460916262,0.652049231009453,7.75030547369605e-05,0.175723274500703
NULL_GSE72970_50_2,GSE72970,50,0.026757150502601,0.431726590266094,0.00647806339904418,0.345736600037246
NULL_GSE72970_50_3,GSE72970,50,0.153651824372194,0.583233081754456,0.150843495094559,0.577913129366437
NULL_GSE72970_50_4,GSE72970,50,0.154604826861055,0.582787538130943,0.00547321055522972,0.312630139036783
NULL_GSE72970_50_5,GSE72970,50,0.149377522651924,0.588424218095966,0.0635374839858991,0.366968667992993
NULL_GSE72970_50_6,GSE72970,50,0.173493527492415,0.589925340847112,0.000379208447842839,0.19484654175619
NULL_GSE72970_50_7,GSE72970,50,0.316772236142153,1.46663448792693,0.0757458164806163,0.468662843976148
NULL_GSE72970_50_8,GSE72970,50,0.603237237850401,1.20676003549956,0.210349250876972,0.55754519818097
NULL_GSE72970_50_9,GSE72970,50,0.983199312091147,1.00794895936647,0.0973221993366936,0.440087854299833
NULL_GSE72970_50_10,GSE72970,50,0.501982944538148,0.779041036899227,0.314810530403878,0.675819444172022
NULL_GSE72970_50_11,GSE72970,50,0.975776593358423,0.988918010747056,0.281237907187943,1.53916688789536
NULL_GSE72970_50_12,GSE72970,50,0.460811707643256,1.31853328363304,0.136943341041325,1.80463852590676
NULL_GSE72970_50_13,GSE72970,50,0.899946945536542,0.955026558006782,0.182904067802775,1.70570682412626
NULL_GSE72970_50_14,GSE72970,50,0.0591403801641042,0.495289933270033,0.0461029982216512,0.476228001592693
NULL_GSE72970_50_15,GSE72970,50,0.936523004619332,0.971627981448832,0.0184225966491059,0.344785127285075
NULL_GSE72970_50_16,GSE72970,50,0.0777253863306524,0.520947283326326,0.0777253863306524,0.520947283326326
NULL_GSE72970_50_17,GSE72970,50,0.50513817062529,0.784509681939586,0.000787659803415192,0.204024114826061
NULL_GSE72970_50_18,GSE72970,50,0.116194851228982,0.559574913722514,0.0598443973083455,0.486390329053925
NULL_GSE72970_50_19,GSE72970,50,0.0351293796380996,0.443285853676009,0.000363914531231572,0.200634568811146
NULL_GSE72970_50_20,GSE72970,50,0.99223376625374,1.00367411911011,0.00640093585741035,0.314282040977264
NULL_GSE72970_12_1,GSE72970,12,0.0550318669504787,2.01494542867908,0.0207513585588739,2.62284431469837
NULL_GSE72970_12_2,GSE72970,12,0.0400068842990309,2.36817332341698,0.0400068842990309,2.36817332341698
NULL_GSE72970_12_3,GSE72970,12,0.0162124606140131,0.390169588017789,0.00356823525287493,0.276065748390564
NULL_GSE72970_12_4,GSE72970,12,0.837024707922412,1.07865993386816,0.178703383090523,1.86103808518141
NULL_GSE72970_12_5,GSE72970,12,0.476835246196327,0.766041954524237,0.0545841191330281,0.384648523322283
NULL_GSE72970_12_6,GSE72970,12,0.752528575110677,0.887397330648359,0.504089463094831,1.32365480774536
NULL_GSE72970_12_7,GSE72970,12,0.917975301958323,0.962863580943913,0.224179846743075,0.627985853698809
NULL_GSE72970_12_8,GSE72970,12,0.693105690273167,0.864762835021755,0.162470958644292,1.87529156130003
NULL_GSE72970_12_9,GSE72970,12,0.0958387935434282,0.533864120717048,0.0302693253485751,0.402095664854322
NULL_GSE72970_12_10,GSE72970,12,0.715146458422412,1.14785532761606,0.266913137054936,0.59101892538224
NULL_GSE72970_12_11,GSE72970,12,0.270758673076283,1.51302032197613,0.0248847752628261,3.05654902706761
NULL_GSE72970_12_12,GSE72970,12,0.0168361828485928,0.380458651286195,0.0120467278497398,0.346714513610525
NULL_GSE72970_12_13,GSE72970,12,0.954740107342444,0.979706593040895,0.324138801237055,1.57962528284867
NULL_GSE72970_12_14,GSE72970,12,0.765675046013915,1.11467545234097,0.0317832962097418,0.402359597709219
NULL_GSE72970_12_15,GSE72970,12,0.612429316250107,1.21021045160646,0.189285723953653,1.65875057047762
NULL_GSE72970_12_16,GSE72970,12,0.109934911473912,0.52862229846257,0.0778088279348054,0.491331356704998
NULL_GSE72970_12_17,GSE72970,12,0.774700974082321,1.11327188629054,0.0552095515774343,0.243659281738192
NULL_GSE72970_12_18,GSE72970,12,0.00936007467651082,0.345189382399526,0.00936007467651082,0.345189382399526
NULL_GSE72970_12_19,GSE72970,12,0.443504306694004,1.34849103128236,0.0228425769544961,2.70549385900875
NULL_GSE72970_12_20,GSE72970,12,0.0844106574310401,0.517090544586121,0.0501404838000905,0.478123556833212
NULL_GSE72970_29_1,GSE72970,29,0.230028455983336,0.636590083973848,0.0669092686430689,0.484693445905449
NULL_GSE72970_29_2,GSE72970,29,0.508678663756688,1.28610349675248,0.399187130601924,1.35852936598278
NULL_GSE72970_29_3,GSE72970,29,0.274029736845444,1.53526964975709,0.211494165253391,1.64811756022708
NULL_GSE72970_29_4,GSE72970,29,0.276732703378758,0.672907216921464,0.0852711332771439,0.474014327758057
NULL_GSE72970_29_5,GSE72970,29,0.0514638423573919,0.480990607458585,0.0119366852978064,0.391101425527236
NULL_GSE72970_29_6,GSE72970,29,0.0359709723095479,0.454352160625369,0.0020563818566876,0.231421370188901
NULL_GSE72970_29_7,GSE72970,29,0.825455067744338,0.923388631017789,0.127153926637042,0.531968328015745
NULL_GSE72970_29_8,GSE72970,29,0.429618968188341,1.33440788452225,0.0847278661660795,1.94732427994495
NULL_GSE72970_29_9,GSE72970,29,0.477393815728191,1.29278382567496,0.14863626689342,1.93347181030643
NULL_GSE72970_29_10,GSE72970,29,0.344111190998252,0.704768476971603,0.314120920045004,0.666778504398108
NULL_GSE72970_29_11,GSE72970,29,0.641248578479406,0.833763057278875,0.282530724777663,0.635991401668326
NULL_GSE72970_29_12,GSE72970,29,0.121426784896156,0.560667026075897,0.0434345835898412,0.438673131021756
NULL_GSE72970_29_13,GSE72970,29,0.250963004642594,0.653498353179861,0.124164503642201,0.468201523865593
NULL_GSE72970_29_14,GSE72970,29,0.327724197857008,0.699889026495583,0.181198931309744,0.610675882536147
NULL_GSE72970_29_15,GSE72970,29,0.00748163771200288,0.355840316156119,0.00383910347398887,0.31129930699934
NULL_GSE72970_29_16,GSE72970,29,0.299910603424424,1.47592580981444,0.299910603424424,1.47592580981444
NULL_GSE72970_29_17,GSE72970,29,0.0298928106493503,0.417453988839005,0.00426131981598343,0.293712479587686
NULL_GSE72970_29_18,GSE72970,29,0.95468201892058,0.979562758076984,0.00150213264815422,0.216893773419161
NULL_GSE72970_29_19,GSE72970,29,0.62978464042706,0.833446290352469,0.298850878350204,1.48808643986038
NULL_GSE72970_29_20,GSE72970,29,0.447596528486291,0.757054310939877,0.163408912674927,0.574357038647054
NULL_GSE72970_7_1,GSE72970,7,0.3144130230716,1.46144143111937,0.133496539091362,1.80241943976438
NULL_GSE72970_7_2,GSE72970,7,0.941579567983308,1.02842508754401,0.0888691061757331,0.514392137003467
NULL_GSE72970_7_3,GSE72970,7,0.714626023251285,0.874780987383049,0.546592380297921,1.38978692931069
NULL_GSE72970_7_4,GSE72970,7,0.500374094027762,1.27637672869116,0.12741518942015,1.80698417060961
NULL_GSE72970_7_5,GSE72970,7,0.710972969264734,1.15029216854173,0.267425338675204,1.58961763374005
NULL_GSE72970_7_6,GSE72970,7,0.650237073477489,1.17912033446746,0.180031296825893,1.66971295903228
NULL_GSE72970_7_7,GSE72970,7,0.0267382962242368,0.410926340476621,0.00214329792802483,0.240372265754285
NULL_GSE72970_7_8,GSE72970,7,0.692201465678632,1.1595644758874,0.27819259431429,1.60002251728
NULL_GSE72970_7_9,GSE72970,7,0.530863062514863,0.79626263036139,0.313423869910038,0.689239273480498
NULL_GSE72970_7_10,GSE72970,7,0.506631465759948,1.29806990897545,0.154525435749799,1.6961267639897
NULL_GSE72970_7_11,GSE72970,7,0.623132309333488,1.2004172800814,0.0192444542895911,3.0605514947457
NULL_GSE72970_7_12,GSE72970,7,0.81143121163646,1.09004531677154,0.0400353947609367,0.359578748913778
NULL_GSE72970_7_13,GSE72970,7,0.0278264845401866,0.440585902444942,0.020277384993724,0.310525558779246
NULL_GSE72970_7_14,GSE72970,7,0.941672563479221,1.02726056739417,0.128547515891577,0.494628072210985
NULL_GSE72970_7_15,GSE72970,7,0.369953220242936,1.385933396314,0.00846399465778109,2.88024832212465
NULL_GSE72970_7_16,GSE72970,7,0.931475906281084,1.03217519861527,0.0499894726830182,2.42451197341388
NULL_GSE72970_7_17,GSE72970,7,0.731239447550034,1.14131207200953,0.0738843322055857,0.503756754372474
NULL_GSE72970_7_18,GSE72970,7,0.436437549771823,0.752676183703674,0.0515965869424417,0.45909026473207
NULL_GSE72970_7_19,GSE72970,7,0.898269073886115,0.953989947385331,0.199490129318689,0.571420055294556
NULL_GSE72970_7_20,GSE72970,7,0.860172989653685,1.07665927233326,0.316096499980236,0.642372095239613
NULL_GSE72970_10_1,GSE72970,10,0.140482147959767,0.575887521747201,0.0308326720270116,0.439748217408935
NULL_GSE72970_10_2,GSE72970,10,0.738843994850205,0.884854637800813,0.232812334301961,0.540445160168826
NULL_GSE72970_10_3,GSE72970,10,0.0248673970516604,0.429475897649864,0.00505383224612004,0.264937834853565
NULL_GSE72970_10_4,GSE72970,10,0.742663935407838,0.88546518340538,0.197266805655363,0.600398254641741
NULL_GSE72970_10_5,GSE72970,10,0.115086494445251,0.559791573884929,0.100472998309338,0.541140336207094
NULL_GSE72970_10_6,GSE72970,10,0.316801491522105,0.683671613487411,0.0411599904994933,0.446415187783509
NULL_GSE72970_10_7,GSE72970,10,0.138686128566194,0.579422373331779,0.138686128566194,0.579422373331779
NULL_GSE72970_10_8,GSE72970,10,0.73616237127404,0.882291729239083,0.29716211436766,0.672238653122675
NULL_GSE72970_10_9,GSE72970,10,0.104628628634597,0.547224709132943,0.0359457804920127,0.452171617645012
NULL_GSE72970_10_10,GSE72970,10,0.120404070596478,0.56657766122783,0.0334773420371783,0.442234166386376
NULL_GSE72970_10_11,GSE72970,10,0.247497632830672,0.654097708306129,0.160356756095025,0.591553626661808
NULL_GSE72970_10_12,GSE72970,10,0.605251954715576,1.2073109056603,0.143319266044423,1.86036578818147
NULL_GSE72970_10_13,GSE72970,10,0.0755111052318866,0.513079284666209,0.0755111052318866,0.513079284666209
NULL_GSE72970_10_14,GSE72970,10,0.20864961360258,0.614420151151759,0.139897412166194,0.554363541502771
NULL_GSE72970_10_15,GSE72970,10,0.170016630282609,0.603550833034849,0.00966677419827882,0.324323597008779
NULL_GSE72970_10_16,GSE72970,10,0.187310758505956,0.613658369409581,0.00793307308117191,0.3269169994639
NULL_GSE72970_10_17,GSE72970,10,0.187401194228499,1.6159082201501,0.000931969581908179,4.37051892826764
NULL_GSE72970_10_18,GSE72970,10,0.827669223454491,1.08288950923463,0.183475133121467,1.8690632815054
NULL_GSE72970_10_19,GSE72970,10,0.164975264219444,1.67142313575321,0.0340060475228048,2.40592197095173
NULL_GSE72970_10_20,GSE72970,10,0.81687553659142,1.08812063085877,0.411554027651896,0.718534848689202
NULL_GSE72970_14_1,GSE72970,14,0.146118020349656,1.72602360001809,0.03097728018345,2.22644280978455
NULL_GSE72970_14_2,GSE72970,14,0.333814949582364,0.70050456987506,0.00440229878805415,0.245181275701972
NULL_GSE72970_14_3,GSE72970,14,0.378924452331823,0.712382410621128,0.0571514350128135,0.472149732871577
NULL_GSE72970_14_4,GSE72970,14,0.468487039087015,0.766325167543815,0.0415877944400911,0.40435022041376
NULL_GSE72970_14_5,GSE72970,14,0.54538284923414,0.799088042398547,0.255350644599504,0.656620856381642
NULL_GSE72970_14_6,GSE72970,14,0.656574375070382,0.84206264602353,0.452291798482514,0.756409146179165
NULL_GSE72970_14_7,GSE72970,14,0.757911490955315,0.894480909618919,0.03731128521826,0.387677766199524
NULL_GSE72970_14_8,GSE72970,14,0.649132889247043,0.847459853916838,0.133617293396753,0.49913423905958
NULL_GSE72970_14_9,GSE72970,14,0.403762955495205,1.36848710997456,0.0388483329256337,2.84533393213766
NULL_GSE72970_14_10,GSE72970,14,0.54870118262068,1.2467199539088,0.0804141613880849,2.06297291798293
NULL_GSE72970_14_11,GSE72970,14,0.494542576981666,0.778209735676547,0.0812604817071341,0.390350184394502
NULL_GSE72970_14_12,GSE72970,14,0.512369045353662,1.2720673591429,0.101861609565758,2.42745192714645
NULL_GSE72970_14_13,GSE72970,14,0.061712013695953,1.97394579783684,0.0252224176611421,2.28029004493716
NULL_GSE72970_14_14,GSE72970,14,0.495514769996719,0.771973100393961,0.204302718745999,0.614196703979177
NULL_GSE72970_14_15,GSE72970,14,0.840602243046819,1.07620283758776,0.162252727934279,2.07155660584518
NULL_GSE72970_14_16,GSE72970,14,0.170321998156581,1.6595687358393,0.170321998156581,1.6595687358393
NULL_GSE72970_14_17,GSE72970,14,0.386993855743276,0.731509279851329,0.134060597646255,0.580999807191697
NULL_GSE72970_14_18,GSE72970,14,0.696638864320468,1.16053929971549,0.056679214965166,0.473338696395974
NULL_GSE72970_14_19,GSE72970,14,0.764385316888322,0.895781031041799,0.520085441720866,0.790640492274652
NULL_GSE72970_14_20,GSE72970,14,0.654534606676509,0.84990893109896,0.293252913222763,1.64724544760071
NULL_GSE72970_2_1,GSE72970,2,0.230539551312796,1.55004699556524,0.124527196369966,1.78065967873312
NULL_GSE72970_2_2,GSE72970,2,0.990334501557326,0.995620585727504,0.0450307069241156,0.415283339767351
NULL_GSE72970_2_3,GSE72970,2,0.285575570923018,1.52920812574017,0.0273655190891512,2.31700776945622
NULL_GSE72970_2_4,GSE72970,2,0.258685421180597,0.663331188366898,0.0432381418152515,0.429627877998538
NULL_GSE72970_2_5,GSE72970,2,0.0844869467999046,1.93800472979383,0.0639496335806444,2.00317126458341
NULL_GSE72970_2_6,GSE72970,2,0.608080607006126,0.828736646952915,0.0970246854982314,0.542756263401957
NULL_GSE72970_2_7,GSE72970,2,0.0813655407332672,0.509495168661744,0.0230827609460423,0.317932154938499
NULL_GSE72970_2_8,GSE72970,2,0.288064647451766,0.67349927241033,0.208267147141696,0.622616764051084
NULL_GSE72970_2_9,GSE72970,2,0.593562595099614,1.22030323259358,0.116478178041903,1.86763029720226
NULL_GSE72970_2_10,GSE72970,2,0.799777988302239,0.91209137741191,0.340322028425933,1.5725329740184
NULL_GSE72970_2_11,GSE72970,2,0.0755373626423833,0.515100144493726,0.0136896782453633,0.36129164565464
NULL_GSE72970_2_12,GSE72970,2,0.51959798395126,1.27161535206448,0.293200082164789,1.48772767383283
NULL_GSE72970_2_13,GSE72970,2,0.520976834983005,0.783706146506392,0.0225357478614631,0.366633573036042
NULL_GSE72970_2_14,GSE72970,2,0.299607779087868,1.47088177992823,0.103429434386314,1.85942185626278
NULL_GSE72970_2_15,GSE72970,2,0.0579715750607287,0.49074104056658,0.0118256242592989,0.322472205209766
NULL_GSE72970_2_16,GSE72970,2,0.441924729339385,0.756709385818317,0.0775628299073698,1.98552535833085
NULL_GSE72970_2_17,GSE72970,2,0.251474987237901,1.52269937845528,0.122597807390562,1.82702948953142
NULL_GSE72970_2_18,GSE72970,2,0.66116321169152,1.17818922257033,0.04109578295809,2.14432077595817
NULL_GSE72970_2_19,GSE72970,2,0.146584245240046,1.70797242694122,0.0397892777617667,2.77335294678927
NULL_GSE72970_2_20,GSE72970,2,0.61814930497293,1.20607052090572,0.0455007143623997,2.27041930053056
NULL_GSE72970_13_1,GSE72970,13,0.870253817024991,1.06178476480517,0.324834374196374,1.48260469190578
NULL_GSE72970_13_2,GSE72970,13,0.879799605357477,0.945946868650594,0.064528192312653,0.429767691418686
NULL_GSE72970_13_3,GSE72970,13,0.674457510889425,1.16710096816946,0.15777231070965,1.76910442926732
NULL_GSE72970_13_4,GSE72970,13,0.41666772546169,1.34508745004895,0.0755731752706791,1.94949451921109
NULL_GSE72970_13_5,GSE72970,13,0.810116423712273,1.095684141503,0.0396571446887202,2.14432950596758
NULL_GSE72970_13_6,GSE72970,13,0.246408765511748,0.65748266151073,0.0018384128099369,0.225184434843287
NULL_GSE72970_13_7,GSE72970,13,0.538720304837426,0.800200379795906,0.0214291970027552,0.349869756189496
NULL_GSE72970_13_8,GSE72970,13,0.270477089719246,1.54102820808034,0.270477089719246,1.54102820808034
NULL_GSE72970_13_9,GSE72970,13,0.100093280210876,1.92709318743799,0.0290401541578899,3.23370143176465
NULL_GSE72970_13_10,GSE72970,13,0.419171086563658,1.34586357661215,0.358531936633801,1.43552210840436
NULL_GSE72970_13_11,GSE72970,13,0.632167141118768,0.839074710051534,0.567820153792124,1.24025164683469
NULL_GSE72970_13_12,GSE72970,13,0.0581945613705043,0.485233740442226,0.00252516455261993,0.251492851305374
NULL_GSE72970_13_13,GSE72970,13,0.0492594983364849,0.456138972430269,0.0060495182265127,0.278398014501449
NULL_GSE72970_13_14,GSE72970,13,0.828867483080165,0.924626130604221,0.266514416346623,1.52441945341739
NULL_GSE72970_13_15,GSE72970,13,0.401835732933183,1.36000281399097,0.131098636267402,1.82112985541347
NULL_GSE72970_13_16,GSE72970,13,0.021033779937663,0.42983267348967,0.00529875004974328,0.354995417879637
NULL_GSE72970_13_17,GSE72970,13,0.669199262438239,0.856573816620912,0.12334490041834,0.542487595056179
NULL_GSE72970_13_18,GSE72970,13,0.245601310052196,0.635300264104193,0.156845939038137,0.569555559036416
NULL_GSE72970_13_19,GSE72970,13,0.632556452329738,1.20222751420767,0.149936461788238,1.68894811550708
NULL_GSE72970_13_20,GSE72970,13,0.286443427403257,0.67780574196805,0.0306690960317675,0.423045988924345
NULL_GSE72970_5_1,GSE72970,5,0.161413096430188,0.570085086636191,0.111403888344878,0.486034931208913
NULL_GSE72970_5_2,GSE72970,5,0.525684884500372,0.788112086877619,0.309075899933807,1.73183330595149
NULL_GSE72970_5_3,GSE72970,5,0.636561785900345,1.19049361679925,0.291255022908472,1.51902011747944
NULL_GSE72970_5_4,GSE72970,5,0.186918729448355,0.617533653398785,0.030279767950348,0.393955766089421
NULL_GSE72970_5_5,GSE72970,5,0.181123811749528,0.598381996878675,0.0686115068417296,0.5125584867997
NULL_GSE72970_5_6,GSE72970,5,0.551247047542059,1.247404345552,0.343889956706672,1.70034288097829
NULL_GSE72970_5_7,GSE72970,5,0.988697743259504,0.994722614711696,0.254891325432472,0.658028167159196
NULL_GSE72970_5_8,GSE72970,5,0.337745239203043,1.4150208325871,0.0392173617373613,2.41076299291755
NULL_GSE72970_5_9,GSE72970,5,0.88369966889382,1.05461884296188,0.173177562444636,1.71032241696809
NULL_GSE72970_5_10,GSE72970,5,0.0698893173766855,0.511764666001377,0.0393890671318707,0.466739054094626
NULL_GSE72970_5_11,GSE72970,5,0.477056438443826,1.2954576263387,0.162302193326323,1.7393042717366
NULL_GSE72970_5_12,GSE72970,5,0.33705677815143,0.697874305834349,0.070524344939502,0.509837215401803
NULL_GSE72970_5_13,GSE72970,5,0.760430512532052,1.11826769510085,0.3080968315907,0.575688015912631
NULL_GSE72970_5_14,GSE72970,5,0.181412516787063,1.63489816251748,0.181412516787063,1.63489816251748
NULL_GSE72970_5_15,GSE72970,5,0.613232587208839,0.831108993439972,0.482420353544899,0.732350192845074
NULL_GSE72970_5_16,GSE72970,5,0.99281145649963,1.00332802699881,0.173233057021605,1.81135443081483
NULL_GSE72970_5_17,GSE72970,5,0.134988788107919,1.72042531818516,0.125001776444923,1.74409726427563
NULL_GSE72970_5_18,GSE72970,5,0.29014165157362,0.671326571954776,0.140047029511764,0.55059978368566
NULL_GSE72970_5_19,GSE72970,5,0.104981054295757,0.525248597763486,0.0194745752700309,0.27269192262267
NULL_GSE72970_5_20,GSE72970,5,0.423412788502414,0.747927503375104,0.180968351266459,0.612883688760575
NULL_GSE72970_19_1,GSE72970,19,0.303420696498937,1.46461657990908,0.119141108228512,1.88222593655941
NULL_GSE72970_19_2,GSE72970,19,0.125529003396406,1.74738936100951,0.0648436989586996,1.96685968892789
NULL_GSE72970_19_3,GSE72970,19,0.900892913703459,0.955765908593091,0.190113914738655,0.516519220343305
NULL_GSE72970_19_4,GSE72970,19,0.0380693297281408,0.460812495913866,0.00104333543436677,0.250011753208654
NULL_GSE72970_19_5,GSE72970,19,0.141013778718036,1.74862856644557,0.0916156973205107,1.88630179831723
NULL_GSE72970_19_6,GSE72970,19,0.419952901298807,0.746375778230685,0.0745788581116262,0.436802925606602
NULL_GSE72970_19_7,GSE72970,19,0.788872131268116,0.907222894832555,0.269535794363305,0.628765574073386
NULL_GSE72970_19_8,GSE72970,19,0.0510087345856664,0.44065915603569,0.0194580538435241,0.378510053884251
NULL_GSE72970_19_9,GSE72970,19,0.443716893307882,1.32671205600428,0.134390068824666,1.75113245034126
NULL_GSE72970_19_10,GSE72970,19,0.851133072877326,0.933655523843213,0.294754138164071,0.630499659508294
NULL_GSE72970_19_11,GSE72970,19,0.11323507822692,1.8704592105028,0.0330754027917636,2.35239519775555
NULL_GSE72970_19_12,GSE72970,19,0.994580215808624,1.00258188515235,0.0733420596380109,0.516924868622388
NULL_GSE72970_19_13,GSE72970,19,0.302708323148698,1.45396196771263,0.125616120770767,1.8805141314918
NULL_GSE72970_19_14,GSE72970,19,0.645948463997239,1.18227656699797,0.161042180617971,1.67401710229455
NULL_GSE72970_19_15,GSE72970,19,0.812608404826208,1.09128312759971,0.4458192454271,0.742653242294769
NULL_GSE72970_19_16,GSE72970,19,0.452599076211008,0.76165955003766,0.0760632302463333,0.454228872199835
NULL_GSE72970_19_17,GSE72970,19,0.630859411968983,1.19395955421039,0.112190904863353,1.83438160554739
NULL_GSE72970_19_18,GSE72970,19,0.72446353338799,0.878990372769382,0.0267901179449958,0.37009391359627
NULL_GSE72970_19_19,GSE72970,19,0.516087574973569,1.2761969737071,0.401060252408547,1.45277413713863
NULL_GSE72970_19_20,GSE72970,19,0.200987415627885,0.62491968446829,0.10488322076254,0.549477752493886
NULL_GSE72970_45_1,GSE72970,45,0.955719493754967,0.978982606893816,0.510574013719586,0.739003376572658
NULL_GSE72970_45_2,GSE72970,45,0.184050639724672,0.61401505383723,0.168669350355185,0.606641875262
NULL_GSE72970_45_3,GSE72970,45,0.194270897896587,0.620374128453234,0.0212659742118087,0.285846110626145
NULL_GSE72970_45_4,GSE72970,45,0.449986598088637,0.756498340517896,0.000706828416669353,0.148796278930402
NULL_GSE72970_45_5,GSE72970,45,0.017615492794898,0.39812825916165,0.0174054862215623,0.273919867916246
NULL_GSE72970_45_6,GSE72970,45,0.0272229139962936,0.432107940888154,0.000897291459587319,0.216143192385146
NULL_GSE72970_45_7,GSE72970,45,0.639923622876565,1.19516890530605,0.105105518089517,0.489231738372808
NULL_GSE72970_45_8,GSE72970,45,0.93177465463478,1.03175659177504,0.464147626388123,0.712846371441353
NULL_GSE72970_45_9,GSE72970,45,0.0836657221948481,0.529861862846413,0.061357870822169,0.426510595494961
NULL_GSE72970_45_10,GSE72970,45,0.976152986619794,1.0109060476975,0.219660482018703,1.79660330436721
NULL_GSE72970_45_11,GSE72970,45,0.24364269957188,0.652348851247745,0.0242338080468418,0.323073745425039
NULL_GSE72970_45_12,GSE72970,45,0.610150020860316,1.20228909073119,0.160958000763364,2.132064485109
NULL_GSE72970_45_13,GSE72970,45,0.986394358032138,1.00622395618766,0.0216341575162423,0.35405992663164
NULL_GSE72970_45_14,GSE72970,45,0.705038204642023,0.87048623142193,0.37791161966931,0.680243618486766
NULL_GSE72970_45_15,GSE72970,45,0.674336607763538,1.1673158629782,0.150211560952231,1.91349741537184
NULL_GSE72970_45_16,GSE72970,45,0.431269564983117,1.33160887108984,0.431269564983117,1.33160887108984
NULL_GSE72970_45_17,GSE72970,45,0.884397841742611,0.948768786804619,0.228601065670642,1.7666168839887
NULL_GSE72970_45_18,GSE72970,45,0.777177335451358,0.897513786204916,0.0373098126522214,0.426770929217822
NULL_GSE72970_45_19,GSE72970,45,0.219537282624421,0.63340232685521,0.162154096589058,0.593430184122458
NULL_GSE72970_45_20,GSE72970,45,0.269824281326615,0.652457451303377,0.0185766881860379,0.361909176985786
NULL_GSE72970_20_1,GSE72970,20,0.0402297349181147,2.20643097792097,0.00569116812978617,3.05196988916283
NULL_GSE72970_20_2,GSE72970,20,0.897381059272177,1.0508852343368,0.12093871204038,2.06124387613426
NULL_GSE72970_20_3,GSE72970,20,0.240024715651365,0.635145752021861,0.0261960474573888,0.41122273518731
NULL_GSE72970_20_4,GSE72970,20,0.985937438631159,0.993580245654604,0.026340627529146,0.349285882220419
NULL_GSE72970_20_5,GSE72970,20,0.982005976790824,1.00831633450397,0.465658670962404,1.3107069553154
NULL_GSE72970_20_6,GSE72970,20,0.425232431414255,1.36499689763781,0.0576311951175557,2.82422336348672
NULL_GSE72970_20_7,GSE72970,20,0.782806610462528,0.900576747123781,0.335067319417463,0.592988059495967
NULL_GSE72970_20_8,GSE72970,20,0.45901568433562,0.752982554544785,0.178622162030195,0.568410171169976
NULL_GSE72970_20_9,GSE72970,20,0.647182471482361,1.18911141107817,0.288219755927624,1.77939285832694
NULL_GSE72970_20_10,GSE72970,20,0.344394735055308,0.70596470531503,0.144507944579037,0.406402401284288
NULL_GSE72970_20_11,GSE72970,20,0.281403061047273,0.650705538631452,0.265408306618436,0.438784651574889
NULL_GSE72970_20_12,GSE72970,20,0.744584487806638,0.88723688026493,0.0313611267205368,0.4368729488752
NULL_GSE72970_20_13,GSE72970,20,0.637473742358592,0.83573139821018,0.300793773976051,1.63188999806286
NULL_GSE72970_20_14,GSE72970,20,0.919963323044133,0.964033648002645,0.143543775495175,2.4638894621015
NULL_GSE72970_20_15,GSE72970,20,0.669828773619945,0.85128738915413,0.3156450724681,0.644022687932262
NULL_GSE72970_20_16,GSE72970,20,0.194249644518749,0.609282074332835,0.194249644518749,0.609282074332835
NULL_GSE72970_20_17,GSE72970,20,0.682720281061363,1.15959935818669,0.359542831722343,0.608014422894877
NULL_GSE72970_20_18,GSE72970,20,0.0522314613510099,0.473620843477597,0.0384502737228909,0.453759572263931
NULL_GSE72970_20_19,GSE72970,20,0.856348013976685,1.06811002058464,0.408217306222919,1.3723351614833
NULL_GSE72970_20_20,GSE72970,20,0.41442319731817,0.740266276181101,0.115733911257713,0.484140059002302
NULL_GSE72970_22_1,GSE72970,22,0.159550772688477,0.593396381299939,0.116563813733361,0.419420490927433
NULL_GSE72970_22_2,GSE72970,22,0.691095718806675,1.15495638186819,0.308215517717715,1.67656515004431
NULL_GSE72970_22_3,GSE72970,22,0.544619937720486,0.78235725521469,0.210457183714981,3.60116141081644
NULL_GSE72970_22_4,GSE72970,22,0.782885528662083,1.10686559451722,0.042075793121843,0.368178542508636
NULL_GSE72970_22_5,GSE72970,22,0.334257814741233,1.45215130290266,0.13042016547007,1.76234475072006
NULL_GSE72970_22_6,GSE72970,22,0.602491411823919,0.827391748225638,0.236698848749426,0.599500536077226
NULL_GSE72970_22_7,GSE72970,22,0.748813573546562,0.889249552578828,0.245088202405851,1.57384624129109
NULL_GSE72970_22_8,GSE72970,22,0.762301262052698,0.893592682524579,0.529608676363175,1.31933120059306
NULL_GSE72970_22_9,GSE72970,22,0.910162635429795,1.04219000007245,0.248887633381799,2.0381345684378
NULL_GSE72970_22_10,GSE72970,22,0.58383868327126,0.816828342581701,0.481657792839113,0.77263858357132
NULL_GSE72970_22_11,GSE72970,22,0.621358198626395,1.20798544614255,0.187574766384845,1.79027269323912
NULL_GSE72970_22_12,GSE72970,22,0.833856888988769,1.08115345204148,0.00202747571957987,0.244477660839913
NULL_GSE72970_22_13,GSE72970,22,0.385811660118648,0.704794673908705,0.0112609673324429,0.284334585674497
NULL_GSE72970_22_14,GSE72970,22,0.451258745820578,1.32099136563606,0.0363526626488465,0.356043747254799
NULL_GSE72970_22_15,GSE72970,22,0.0497874023973856,0.475412985034316,0.000617091696084547,0.22238072640714
NULL_GSE72970_22_16,GSE72970,22,0.362805486403514,0.710615916894068,0.320645266227619,0.686493361523625
NULL_GSE72970_22_17,GSE72970,22,0.223507054696014,0.636274792874576,0.0911409944003804,0.523224385309953
NULL_GSE72970_22_18,GSE72970,22,0.555009568942467,0.798785034095863,0.213715275408053,0.631536609214277
NULL_GSE72970_22_19,GSE72970,22,0.262655981122037,1.50164670463287,0.193031882236499,1.90635874110913
NULL_GSE72970_22_20,GSE72970,22,0.417377383741865,1.34636034434045,0.144832070491077,0.51377259559459
NULL_GSE72970_42_1,GSE72970,42,0.294051052731717,0.680906458759277,0.278531349782543,0.673744744910341
NULL_GSE72970_42_2,GSE72970,42,0.540512327455215,0.795599536027664,0.257704512234458,0.590159703590098
NULL_GSE72970_42_3,GSE72970,42,0.927458446366928,0.966613362655633,0.172933899001607,0.58630071526822
NULL_GSE72970_42_4,GSE72970,42,0.187742708168646,0.607497738280629,0.112274209229635,0.541448353406974
NULL_GSE72970_42_5,GSE72970,42,0.496848324141077,1.27924684076169,0.230677936855966,1.59075544193083
NULL_GSE72970_42_6,GSE72970,42,0.86088020836473,0.937951196828788,0.216067383726506,0.564861106426623
NULL_GSE72970_42_7,GSE72970,42,0.137534829054089,1.76712966195211,0.136858703518733,0.460489102199647
NULL_GSE72970_42_8,GSE72970,42,0.214952587659599,0.634455251164082,0.0984563541764023,0.542830641639641
NULL_GSE72970_42_9,GSE72970,42,0.769384802943594,1.11259056831783,0.00660095934206031,5.84064721479591
NULL_GSE72970_42_10,GSE72970,42,0.128474839940714,0.5679273834018,0.0314043271642927,0.450719186622616
NULL_GSE72970_42_11,GSE72970,42,0.82044116166765,0.916359991127048,0.442744839252229,0.713532863154831
NULL_GSE72970_42_12,GSE72970,42,0.793482783143836,0.908994049223258,0.00617712948152802,0.302225194822081
NULL_GSE72970_42_13,GSE72970,42,0.217762694936358,0.628878063677409,0.128290144282935,0.569554434089887
NULL_GSE72970_42_14,GSE72970,42,0.492513934353033,0.775899330569974,0.134682851090536,0.537139841885829
NULL_GSE72970_42_15,GSE72970,42,0.916623887655898,1.03916364183005,0.342273410787993,0.674467198061112
NULL_GSE72970_42_16,GSE72970,42,0.240165798361555,0.647221388962268,0.0148541973760766,0.39826705479373
NULL_GSE72970_42_17,GSE72970,42,0.12699057903802,0.562013769060432,0.000483812501544037,0.18893750268986
NULL_GSE72970_42_18,GSE72970,42,0.404605161006031,0.738745415289323,0.0213019845906975,0.355754909033969
NULL_GSE72970_42_19,GSE72970,42,0.184318172015288,0.604940767382235,0.0619733766185138,0.49482915993632
NULL_GSE72970_42_20,GSE72970,42,0.546837100221089,0.801558392374613,0.019120912976146,0.36207237121036
NULL_GSE72970_16_1,GSE72970,16,0.440926451529685,1.34355182856129,0.032340103200405,2.65619804090692
NULL_GSE72970_16_2,GSE72970,16,0.775581399809044,1.10914268126562,0.140187426385078,0.507336049604929
NULL_GSE72970_16_3,GSE72970,16,0.186744189630562,0.597892634648606,0.0475904232182674,0.429039927043768
NULL_GSE72970_16_4,GSE72970,16,0.507944646276048,1.27143112960539,0.314576436747923,0.623853948497069
NULL_GSE72970_16_5,GSE72970,16,0.858024688047892,0.937241124512018,0.128661089672018,0.560220394653349
NULL_GSE72970_16_6,GSE72970,16,0.71240270076982,1.14651335941309,0.204432336927722,1.70104395796993
NULL_GSE72970_16_7,GSE72970,16,0.0647553586443578,0.492082943557892,0.00293579995909509,0.267129000287343
NULL_GSE72970_16_8,GSE72970,16,0.313516279290085,0.691125782527036,0.156228216033903,0.528537929745339
NULL_GSE72970_16_9,GSE72970,16,0.110099615063362,0.555655252891505,0.000122802743517396,0.164868067091221
NULL_GSE72970_16_10,GSE72970,16,0.914171396203402,0.961772774440715,0.210232615445933,0.590379073902299
NULL_GSE72970_16_11,GSE72970,16,0.715718325394608,1.14398197761562,0.129765510427902,0.499652865071342
NULL_GSE72970_16_12,GSE72970,16,0.0619076820601788,0.492959493948835,0.00367584862263921,0.260917193660915
NULL_GSE72970_16_13,GSE72970,16,0.687787848766398,0.862062842765943,0.396887573223822,0.729322974069065
NULL_GSE72970_16_14,GSE72970,16,0.00560584088279011,0.291878987518813,0.00343660158675844,0.279999222186095
NULL_GSE72970_16_15,GSE72970,16,0.319827963635585,0.696237970407573,0.191802886713217,0.620807030417841
NULL_GSE72970_16_16,GSE72970,16,0.327088954054419,0.689807890347579,0.154838428874598,2.07901040541728
NULL_GSE72970_16_17,GSE72970,16,0.264571529507453,0.658678854240756,0.00744808721758698,0.33338485747775
NULL_GSE72970_16_18,GSE72970,16,0.363163654581262,1.39486466111669,0.024675880537339,2.688132841512
NULL_GSE72970_16_19,GSE72970,16,0.417670380245993,0.736790009655255,0.404127044132916,1.57786112311223
NULL_GSE72970_16_20,GSE72970,16,0.591945309426761,0.823436028048347,0.0753708091869357,0.441450259878186
NULL_GSE72970_18_1,GSE72970,18,0.151922006258174,0.58875616081534,0.00452673403979114,0.314595092131819
NULL_GSE72970_18_2,GSE72970,18,0.959448344579908,0.981720738756664,0.436948038914106,1.33134820786503
NULL_GSE72970_18_3,GSE72970,18,0.66474505494646,0.852663787359875,0.236429413196866,0.588339027570462
NULL_GSE72970_18_4,GSE72970,18,0.0640514118354591,0.497775102330565,0.000139551283236382,0.169793696809344
NULL_GSE72970_18_5,GSE72970,18,0.977988310660514,1.01102369754327,0.286611396166681,0.678885026303672
NULL_GSE72970_18_6,GSE72970,18,0.46977144969743,1.30138306355982,0.0784555092860381,2.01764842993339
NULL_GSE72970_18_7,GSE72970,18,0.205403323843946,0.62625473446327,0.0443040050694497,0.463608786298342
NULL_GSE72970_18_8,GSE72970,18,0.796383924597776,0.909124152041161,0.0158784607059861,0.359287848030469
NULL_GSE72970_18_9,GSE72970,18,0.727249691611347,0.878378104918223,0.128757656002131,0.473848598502103
NULL_GSE72970_18_10,GSE72970,18,0.725006874726012,0.878757062625834,0.0744210830585906,0.465266884029364
NULL_GSE72970_18_11,GSE72970,18,0.210727309592337,0.609044777890447,0.0266302841702039,0.384710015556099
NULL_GSE72970_18_12,GSE72970,18,0.674763585690824,1.16825901123716,0.0144691614167428,0.339962818899885
NULL_GSE72970_18_13,GSE72970,18,0.0222308543882786,0.394990365023879,0.00092585441485819,0.231487247896056
NULL_GSE72970_18_14,GSE72970,18,0.801075154518161,1.0988552613011,0.183849937701626,1.92238500451042
NULL_GSE72970_18_15,GSE72970,18,0.538268005541285,1.25659460504257,0.177898872971794,0.482522337704093
NULL_GSE72970_18_16,GSE72970,18,0.031004314683713,0.41713784008653,0.0148340266397421,0.392371163071126
NULL_GSE72970_18_17,GSE72970,18,0.299137835836347,0.686191227873956,0.0551740754070514,0.434158387356044
NULL_GSE72970_18_18,GSE72970,18,0.992811657199699,0.996755119288624,0.604993593340197,1.22994478674644
NULL_GSE72970_18_19,GSE72970,18,0.0156892758968163,0.349172103636502,0.00374938108676699,0.210058579065686
NULL_GSE72970_18_20,GSE72970,18,0.945939112250375,0.975222381109099,0.14412277469803,1.93982038640771
NULL_GSE87211_4_1,GSE87211,4,0.179960070334313,0.67456308844635,0.0371036581763791,0.523625519143106
NULL_GSE87211_4_2,GSE87211,4,0.152341764590596,0.659478403013085,0.152341764590596,0.659478403013085
NULL_GSE87211_4_3,GSE87211,4,0.939841330267141,0.978564828310239,0.147076906532954,0.649088245368651
NULL_GSE87211_4_4,GSE87211,4,0.00757202716843587,2.22989453507103,0.00028018751907477,2.90442471342611
NULL_GSE87211_4_5,GSE87211,4,0.777290409249343,1.08462351461212,0.1538242551613,0.611071329397671
NULL_GSE87211_4_6,GSE87211,4,0.880024876229149,0.957729063617242,0.316150970911811,1.41018797074076
NULL_GSE87211_4_7,GSE87211,4,0.722803508634039,0.903402640330581,0.430129264936152,1.28415663178293
NULL_GSE87211_4_8,GSE87211,4,0.407957199881422,1.26893491679561,0.143261564198079,1.52145153439997
NULL_GSE87211_4_9,GSE87211,4,0.759029669159011,1.09185011387729,0.22490675235094,0.684992830485175
NULL_GSE87211_4_10,GSE87211,4,0.100210263186926,0.619422473013386,0.0142932303202545,0.314204358281414
NULL_GSE87211_4_11,GSE87211,4,0.677352181713836,1.1269007093093,0.223563068367835,0.606876886335815
NULL_GSE87211_4_12,GSE87211,4,0.498864246859768,0.822373385309307,0.150201167803146,0.619014677714186
NULL_GSE87211_4_13,GSE87211,4,0.258248049792036,0.722305950663758,0.0144801717847647,0.466896419829223
NULL_GSE87211_4_14,GSE87211,4,0.395697626907165,1.27681511191802,0.395697626907165,1.27681511191802
NULL_GSE87211_4_15,GSE87211,4,0.112424795913207,0.628370465441217,0.107396314215835,0.618747538159063
NULL_GSE87211_4_16,GSE87211,4,0.249171099346542,0.715521908302888,0.10093140921297,0.577647276777636
NULL_GSE87211_4_17,GSE87211,4,0.930563090610477,0.97535877431637,0.0889896038517858,1.8280683712495
NULL_GSE87211_4_18,GSE87211,4,0.4437299780022,1.25302290050856,0.20601467460616,1.81895196012684
NULL_GSE87211_4_19,GSE87211,4,0.10048447226923,0.620058346409881,0.0114397602708596,0.45627398694749
NULL_GSE87211_4_20,GSE87211,4,0.342001064198019,0.761019212753859,0.0232593680469313,0.494644820561801
NULL_GSE87211_12_1,GSE87211,12,0.960956124665507,0.986092675639939,0.593667949627869,1.22943376394304
NULL_GSE87211_12_2,GSE87211,12,0.668142607876655,0.884071802526659,0.296970415906846,0.738190771897972
NULL_GSE87211_12_3,GSE87211,12,0.733859384818481,0.906937873078167,0.0282582500475875,0.515339975246667
NULL_GSE87211_12_4,GSE87211,12,0.564306494805469,1.18184254130948,0.240387929651977,1.41120932741531
NULL_GSE87211_12_5,GSE87211,12,0.0800557985707538,0.600194806290175,0.0800557985707538,0.600194806290175
NULL_GSE87211_12_6,GSE87211,12,0.715592993263124,1.11285053821848,0.402556158460477,1.27536939152533
NULL_GSE87211_12_7,GSE87211,12,0.0530815094665348,0.563635853355206,0.0349781284542678,0.541734891324929
NULL_GSE87211_12_8,GSE87211,12,0.46087549081302,0.809147174264738,0.0634143399289238,0.565532332218583
NULL_GSE87211_12_9,GSE87211,12,0.356007197027136,0.766891044181099,0.230654715051766,0.704570216679742
NULL_GSE87211_12_10,GSE87211,12,0.574911190661685,0.850301169279375,0.574911190661685,0.850301169279375
NULL_GSE87211_12_11,GSE87211,12,0.468809940623819,0.811784316029436,0.233099537804853,0.671143724754344
NULL_GSE87211_12_12,GSE87211,12,0.0857027009290731,0.600308524845105,0.0857027009290731,0.600308524845105
NULL_GSE87211_12_13,GSE87211,12,0.943026705687008,0.979514995273844,0.140200219276535,0.546884166799405
NULL_GSE87211_12_14,GSE87211,12,0.874359790180005,0.955531856837139,0.0868950586791939,1.88463090310401
NULL_GSE87211_12_15,GSE87211,12,0.0183528938774901,0.492390722597503,0.0141543757530426,0.366603863123233
NULL_GSE87211_12_16,GSE87211,12,0.0027110068159156,0.393869878102602,0.0027110068159156,0.393869878102602
NULL_GSE87211_12_17,GSE87211,12,0.867433914608258,1.04898070368785,0.00587285086331357,0.237345434938518
NULL_GSE87211_12_18,GSE87211,12,0.88589646645624,0.959731068585097,0.282820133104314,0.699618848927924
NULL_GSE87211_12_19,GSE87211,12,0.0978407611084092,0.617695187396348,0.0236719066054055,0.514741571706466
NULL_GSE87211_12_20,GSE87211,12,0.647384943860824,0.876789466201028,0.0309177454002847,0.413992148670509
NULL_GSE87211_9_1,GSE87211,9,0.232103056270836,0.707911972221218,0.232103056270836,0.707911972221218
NULL_GSE87211_9_2,GSE87211,9,0.0583460857548227,0.571814267388497,0.054094773046941,0.540870759545872
NULL_GSE87211_9_3,GSE87211,9,0.26390645166583,0.723717972531235,0.101604715780343,0.558652751129352
NULL_GSE87211_9_4,GSE87211,9,0.794331850753618,0.928181175444828,0.0945342716402881,0.482201514607696
NULL_GSE87211_9_5,GSE87211,9,0.740418137861649,1.09983921017907,0.201583684466341,1.74711807964506
NULL_GSE87211_9_6,GSE87211,9,0.089371619030067,0.609030725144277,0.00461395109899055,0.12881667410779
NULL_GSE87211_9_7,GSE87211,9,0.550367124647502,0.842070483142334,0.214921760543,1.46957905205562
NULL_GSE87211_9_8,GSE87211,9,0.222660319848595,0.703193905743063,0.0124931267644158,0.483546563100536
NULL_GSE87211_9_9,GSE87211,9,0.61642073368982,0.866323755939505,0.150743481099256,0.604259502735691
NULL_GSE87211_9_10,GSE87211,9,0.597822378035289,0.859819665479955,0.337098273229477,0.758918429312789
NULL_GSE87211_9_11,GSE87211,9,0.439505457025456,0.800087063921873,0.439505457025456,0.800087063921873
NULL_GSE87211_9_12,GSE87211,9,0.445570261444751,0.802105854445347,0.347897974481446,0.707025942405917
NULL_GSE87211_9_13,GSE87211,9,0.524444139361037,0.833564760015176,0.127042917275577,0.601505854187452
NULL_GSE87211_9_14,GSE87211,9,0.837233684929536,0.942912698219907,0.185664675384303,0.657498090092247
NULL_GSE87211_9_15,GSE87211,9,0.685248435101457,0.889948533820125,0.10750018672152,1.81363036755072
NULL_GSE87211_9_16,GSE87211,9,0.047343384061145,0.558432098646633,0.00258038264201134,0.340645122698878
NULL_GSE87211_9_17,GSE87211,9,0.672416211731784,1.12860868215784,0.0912472088707895,1.70860666311106
NULL_GSE87211_9_18,GSE87211,9,0.434655719382977,0.799246758140229,0.212834345055089,0.699906206238731
NULL_GSE87211_9_19,GSE87211,9,0.418158360658504,1.26101122979178,0.0634869170407878,1.85906468625168
NULL_GSE87211_9_20,GSE87211,9,0.209751801104877,1.43751740247257,0.0175858735480909,1.97511450341632
NULL_GSE87211_6_1,GSE87211,6,0.89722770762327,0.963690611942956,0.272503345544418,0.693960950065596
NULL_GSE87211_6_2,GSE87211,6,0.405036360528275,0.787051695906192,0.036359710278448,0.547915772704958
NULL_GSE87211_6_3,GSE87211,6,0.614768328495897,1.15546789495527,0.303646319464521,0.708338295490827
NULL_GSE87211_6_4,GSE87211,6,0.628790965427692,0.870614590533419,0.233427939310607,0.654942167457213
NULL_GSE87211_6_5,GSE87211,6,0.330883947016449,0.755982549385149,0.171904267151559,0.625817115311549
NULL_GSE87211_6_6,GSE87211,6,0.291839065635204,0.738489110819759,0.0736713875850817,0.481645603405462
NULL_GSE87211_6_7,GSE87211,6,0.300034837353592,1.35604474920635,0.222649738202321,1.41914359253369
NULL_GSE87211_6_8,GSE87211,6,0.424590245482694,0.795267138613509,0.300827869395233,0.732492884605563
NULL_GSE87211_6_9,GSE87211,6,0.915942546499515,0.970227312120004,0.189605453480226,0.584022237568508
NULL_GSE87211_6_10,GSE87211,6,0.281341540575505,0.731641736087124,0.120824830905143,0.530271321816444
NULL_GSE87211_6_11,GSE87211,6,0.292702875840224,0.737550779739321,0.0889827241201894,0.573595251603513
NULL_GSE87211_6_12,GSE87211,6,0.515259182036396,0.829659735862164,0.242783627423549,0.709054324494606
NULL_GSE87211_6_13,GSE87211,6,0.583022437028882,0.85405996683176,0.0231140334508975,0.342289210418676
NULL_GSE87211_6_14,GSE87211,6,0.166039108693868,1.49204828228809,0.0733988176825967,1.67866344773625
NULL_GSE87211_6_15,GSE87211,6,0.0190724721615301,2.0228885681265,0.0190724721615301,2.0228885681265
NULL_GSE87211_6_16,GSE87211,6,0.316362380405113,0.748671056992398,0.17671499686007,0.618978313144218
NULL_GSE87211_6_17,GSE87211,6,0.601445993559833,0.86106420803679,0.0290337009640586,0.517876219533352
NULL_GSE87211_6_18,GSE87211,6,0.854096624097944,0.948742290717292,0.15053092585356,0.534037921790283
NULL_GSE87211_6_19,GSE87211,6,0.265452365478073,1.38986304935194,0.254022885372262,1.41095159363674
NULL_GSE87211_6_20,GSE87211,6,0.236512371937442,0.711208195269362,0.0537028796628857,0.545527306104954
NULL_GSE87211_8_1,GSE87211,8,0.905793307731867,0.966718127328492,0.376584459635658,1.2922984270399
NULL_GSE87211_8_2,GSE87211,8,0.747248721063647,0.911827844905262,0.196792014001965,0.691422010332138
NULL_GSE87211_8_3,GSE87211,8,0.0681489648305786,0.585457453397917,0.0302780583844539,0.532542179425341
NULL_GSE87211_8_4,GSE87211,8,0.877181503631285,1.04519488859306,0.195754471279453,1.45386272071037
NULL_GSE87211_8_5,GSE87211,8,0.316002270914741,0.748244320785252,0.0134251399814368,0.229112908473105
NULL_GSE87211_8_6,GSE87211,8,0.94571506796307,1.01967011150342,0.304526384723926,1.36856756080824
NULL_GSE87211_8_7,GSE87211,8,0.305930877778536,0.744947382786674,0.0950214632005541,0.505550312781609
NULL_GSE87211_8_8,GSE87211,8,0.858519854049975,1.05230934835247,0.0574245193068487,1.78088777052729
NULL_GSE87211_8_9,GSE87211,8,0.00955856796979551,2.20329685358975,0.00818394042935029,2.13423969429722
NULL_GSE87211_8_10,GSE87211,8,0.908918512975754,1.0336102217887,0.387437104455012,0.768607475473099
NULL_GSE87211_8_11,GSE87211,8,0.370897728332034,1.29377722385916,0.0928758015600013,1.61853446128294
NULL_GSE87211_8_12,GSE87211,8,0.0744909563600139,0.594029979816995,0.0529174667800619,0.571291241701799
NULL_GSE87211_8_13,GSE87211,8,0.404224187484362,0.785785064925922,0.0924286064422664,0.451788457642229
NULL_GSE87211_8_14,GSE87211,8,0.991835029706982,0.997074087580799,0.400276778084049,1.30536188573173
NULL_GSE87211_8_15,GSE87211,8,0.0710632766192734,0.592243710479493,0.0398771783959104,0.542507052444968
NULL_GSE87211_8_16,GSE87211,8,0.292882961600001,0.737848477111459,0.0543279571225464,0.543548885610375
NULL_GSE87211_8_17,GSE87211,8,0.542434967806922,0.839396257031523,0.263041868718632,0.701556620749758
NULL_GSE87211_8_18,GSE87211,8,0.798108581714296,0.928905190765299,0.235437689186512,0.645152236189833
NULL_GSE87211_8_19,GSE87211,8,0.18204516396448,0.679890844263261,0.0412009613450436,0.530618636276594
NULL_GSE87211_8_20,GSE87211,8,0.148356568898696,1.52262888338449,0.0479573600005482,1.87080545037823
NULL_GSE87211_15_1,GSE87211,15,0.706138560259942,0.897473248624687,0.283604468563754,1.46338103385887
NULL_GSE87211_15_2,GSE87211,15,0.364065769552112,0.769882108280212,0.156677209281489,0.592367344436686
NULL_GSE87211_15_3,GSE87211,15,0.0586790853164891,0.576904577360937,0.0586790853164891,0.576904577360937
NULL_GSE87211_15_4,GSE87211,15,0.0586936659245207,0.570992979472558,0.00130525364690722,0.305262885657541
NULL_GSE87211_15_5,GSE87211,15,0.231819473374407,1.41688103001259,0.0329858901161427,0.364588516183766
NULL_GSE87211_15_6,GSE87211,15,0.230547375226255,0.707757795191164,0.105338475771313,0.573605946074385
NULL_GSE87211_15_7,GSE87211,15,0.0489572093594472,0.562256373550125,0.0489572093594472,0.562256373550125
NULL_GSE87211_15_8,GSE87211,15,0.114431033512761,0.632523984976324,0.00854942742969807,0.439347830392314
NULL_GSE87211_15_9,GSE87211,15,0.350016506366934,1.31079261217593,0.350016506366934,1.31079261217593
NULL_GSE87211_15_10,GSE87211,15,0.548315845454817,1.19096354180967,0.201618453077296,1.44507746572726
NULL_GSE87211_15_11,GSE87211,15,0.656853176231686,0.880490681758469,0.0246576178561914,0.436043584650106
NULL_GSE87211_15_12,GSE87211,15,0.544369079285235,0.840360572714299,0.0417960072814299,0.453544837701975
NULL_GSE87211_15_13,GSE87211,15,0.0759914592774425,0.594307227714932,0.0372865044808102,0.530136512940076
NULL_GSE87211_15_14,GSE87211,15,0.441922576661571,0.801337860112439,0.0627593936048385,0.584495254389179
NULL_GSE87211_15_15,GSE87211,15,0.0952591250367729,0.612134339035705,0.0337643911469367,0.502095942303262
NULL_GSE87211_15_16,GSE87211,15,0.0466913726795945,0.558346252502408,0.0466913726795945,0.558346252502408
NULL_GSE87211_15_17,GSE87211,15,0.0366339356744128,0.538152909980018,0.00613061432838222,0.443559580510845
NULL_GSE87211_15_18,GSE87211,15,0.468645951374386,0.811981034120552,0.0146794657987213,0.482157936754685
NULL_GSE87211_15_19,GSE87211,15,0.427099564001313,0.796468560024818,0.105473149636666,0.574092038642953
NULL_GSE87211_15_20,GSE87211,15,0.353460466107384,0.765127095362977,0.120426415800167,0.507325370923462
NULL_GSE87211_3_1,GSE87211,3,0.0946408342510544,0.613843667558392,0.0486420689244492,0.534349475191214
NULL_GSE87211_3_2,GSE87211,3,0.793497730572768,1.07910968324742,0.386461809469352,0.778220609787256
NULL_GSE87211_3_3,GSE87211,3,0.547589180462975,0.838364286006251,0.262527439099124,0.647849864738229
NULL_GSE87211_3_4,GSE87211,3,0.513763086837001,0.829358632557283,0.163381666627072,0.582503241297343
NULL_GSE87211_3_5,GSE87211,3,0.641462191270533,0.874749664886289,0.152528195936984,1.73938051431076
NULL_GSE87211_3_6,GSE87211,3,0.541839037267417,1.19162899668735,0.28136785098372,1.38249116514448
NULL_GSE87211_3_7,GSE87211,3,0.197666494640349,1.46046298731455,0.0971036499679835,1.60829939161046
NULL_GSE87211_3_8,GSE87211,3,0.0282119077369161,0.522662890033287,0.0282119077369161,0.522662890033287
NULL_GSE87211_3_9,GSE87211,3,0.780534275237987,0.923405448780728,0.0656581684023321,0.558056728133713
NULL_GSE87211_3_10,GSE87211,3,0.455745705925466,0.807247387931857,0.243761108415327,1.41336630823133
NULL_GSE87211_3_11,GSE87211,3,0.491744876858842,0.820673219602667,0.094311920844912,0.580787283870777
NULL_GSE87211_3_12,GSE87211,3,0.165486304248923,0.669694594477182,0.0302890244320461,0.537399818630112
NULL_GSE87211_3_13,GSE87211,3,0.675188602977508,1.12937956421001,0.0368646365793619,0.519108407346771
NULL_GSE87211_3_14,GSE87211,3,0.561822235007278,0.847027320360396,0.185300913503505,0.671633622019025
NULL_GSE87211_3_15,GSE87211,3,0.00968902733689686,0.458389316026233,0.00968902733689686,0.458389316026233
NULL_GSE87211_3_16,GSE87211,3,0.930196736659616,1.02541200244014,0.248574350515313,1.44238965298732
NULL_GSE87211_3_17,GSE87211,3,0.774143237928544,1.08596505803325,0.361409788739193,1.29814996556964
NULL_GSE87211_3_18,GSE87211,3,0.44035459097228,0.80018485076277,0.209652722379184,0.682224732095667
NULL_GSE87211_3_19,GSE87211,3,0.937604995884106,1.02266855099286,0.302584823962992,0.736411704616363
NULL_GSE87211_3_20,GSE87211,3,0.430967095954548,1.25384561354784,0.285910710281927,1.37241685397596
NULL_GSE87211_56_1,GSE87211,56,0.207069482196515,0.695494908911114,0.0100129959249521,0.476987670389193
NULL_GSE87211_56_2,GSE87211,56,0.196434489283087,0.688064013896414,0.142291172519353,0.638490911566627
NULL_GSE87211_56_3,GSE87211,56,0.192117026490992,0.685401988219115,0.065002673570348,0.587641374674606
NULL_GSE87211_56_4,GSE87211,56,0.427339815008069,0.796014556601502,0.0550552795003314,0.54121830764148
NULL_GSE87211_56_5,GSE87211,56,0.268238091004199,0.727011672859879,0.268238091004199,0.727011672859879
NULL_GSE87211_56_6,GSE87211,56,0.378494234222233,0.776415354566207,0.0244663434133409,0.308945502593979
NULL_GSE87211_56_7,GSE87211,56,0.0136352859654868,0.4713424906082,0.0136352859654868,0.4713424906082
NULL_GSE87211_56_8,GSE87211,56,0.275176258439189,0.730217933753397,0.182087763042451,0.579407004816452
NULL_GSE87211_56_9,GSE87211,56,0.300381816224844,0.742255146998103,0.0721584953728726,0.515056851169384
NULL_GSE87211_56_10,GSE87211,56,0.517324619523133,0.830033453904315,0.105692733837042,0.628634185973805
NULL_GSE87211_56_11,GSE87211,56,0.413190149417799,0.790134856114447,0.0617684278775401,0.575472209209755
NULL_GSE87211_56_12,GSE87211,56,0.14327290555937,0.652261983528363,0.00667989850035763,0.458129887084503
NULL_GSE87211_56_13,GSE87211,56,0.0191102149066154,0.497861676822474,0.0191102149066154,0.497861676822474
NULL_GSE87211_56_14,GSE87211,56,0.0519110059897067,0.565183066007259,0.0201585475925322,0.470729834733191
NULL_GSE87211_56_15,GSE87211,56,0.267830028750192,0.726361879538253,0.0866263418260316,0.573462647348998
NULL_GSE87211_56_16,GSE87211,56,0.375523505238534,0.774759766275633,0.0996274168394318,0.528394900715044
NULL_GSE87211_56_17,GSE87211,56,0.054528845859256,0.567570299251868,0.0133339637098576,0.414784399362338
NULL_GSE87211_56_18,GSE87211,56,0.872359581227,1.04718425838958,0.332777839055307,0.740203267560646
NULL_GSE87211_56_19,GSE87211,56,0.109567738468108,0.629574025883132,0.0103810439246123,0.156997148140266
NULL_GSE87211_56_20,GSE87211,56,0.185423603462654,0.682420914354262,0.156602464070353,0.649287014678538
NULL_GSE87211_7_1,GSE87211,7,0.302658385951458,0.743005002831098,0.0521970170684105,0.557657614342099
NULL_GSE87211_7_2,GSE87211,7,0.0100353267086488,0.460580081869049,0.00549463034278635,0.396530891425631
NULL_GSE87211_7_3,GSE87211,7,0.541609314288941,0.838238764377497,0.0258199073432781,0.512035223325145
NULL_GSE87211_7_4,GSE87211,7,0.0276798380982519,0.516026893406227,0.0276798380982519,0.516026893406227
NULL_GSE87211_7_5,GSE87211,7,0.487595371766551,0.818216391176742,0.1705474471036,0.674276838077264
NULL_GSE87211_7_6,GSE87211,7,0.92620292933418,1.02687701791711,0.389551293164957,0.736879219518293
NULL_GSE87211_7_7,GSE87211,7,0.97828453782849,1.0078197895694,0.252225944962098,0.68103355270771
NULL_GSE87211_7_8,GSE87211,7,0.697943632662771,0.894464107467044,0.146443738110745,0.503796578780274
NULL_GSE87211_7_9,GSE87211,7,0.384090189088567,0.778624770737618,0.101660797989629,0.530790159824167
NULL_GSE87211_7_10,GSE87211,7,0.875443883427682,0.956000934146547,0.23571959053796,1.45529903436017
NULL_GSE87211_7_11,GSE87211,7,0.303457933594036,0.743009664255918,0.247423933721096,0.717403231335063
NULL_GSE87211_7_12,GSE87211,7,0.698124189702248,0.894902530208899,0.382416536451202,0.762271204614593
NULL_GSE87211_7_13,GSE87211,7,0.078885140122097,0.597118174335065,0.00562355611515107,0.342827123610114
NULL_GSE87211_7_14,GSE87211,7,0.185853922407245,0.680523995384759,0.0912224354196587,0.615938122469679
NULL_GSE87211_7_15,GSE87211,7,0.954010674002171,0.983644994376938,0.189264752924315,1.53075826052532
NULL_GSE87211_7_16,GSE87211,7,0.423687823669293,1.26170169579659,0.279106911909226,0.670727284406137
NULL_GSE87211_7_17,GSE87211,7,0.503919755608236,0.825493901231204,0.0863956504015098,0.579077120242715
NULL_GSE87211_7_18,GSE87211,7,0.591651107593604,1.16708654469295,0.0711158967273315,0.426135354988139
NULL_GSE87211_7_19,GSE87211,7,0.979962598774549,0.992828980698454,0.201561428189707,1.74653448514244
NULL_GSE87211_7_20,GSE87211,7,0.472673874133741,1.22946804027422,0.15909405924749,0.593346407646503
NULL_GSE87211_11_1,GSE87211,11,0.896960055445448,1.03781351167769,0.420825499447626,1.30172380824385
NULL_GSE87211_11_2,GSE87211,11,0.180558835379973,0.678457805425167,0.124531925197097,0.620593105180606
NULL_GSE87211_11_3,GSE87211,11,0.4256724616148,1.2602976946098,0.364760184613019,1.2983303797694
NULL_GSE87211_11_4,GSE87211,11,0.800409135758368,0.930283736175758,0.0286445534457299,0.533806681533511
NULL_GSE87211_11_5,GSE87211,11,0.846119461177124,1.05746265938357,0.401498885925171,0.761022752620405
NULL_GSE87211_11_6,GSE87211,11,0.106201485194837,0.624763821920598,0.0167261574820171,0.451428784554227
NULL_GSE87211_11_7,GSE87211,11,0.0571801935673298,0.573624117310031,0.0449098679464612,0.458039809225393
NULL_GSE87211_11_8,GSE87211,11,0.305875276206815,0.742310983797028,0.046323387913268,0.462791350960693
NULL_GSE87211_11_9,GSE87211,11,0.329502264021232,0.754343260544597,0.0280563376823973,0.383801533387694
NULL_GSE87211_11_10,GSE87211,11,0.918094307090334,0.970932834283378,0.652806691911249,1.14129746670619
NULL_GSE87211_11_11,GSE87211,11,0.96033932832339,0.985842319792344,0.205872990376795,1.43930608393897
NULL_GSE87211_11_12,GSE87211,11,0.0978317897061719,0.617720101534321,0.0101901899224505,0.450068490582065
NULL_GSE87211_11_13,GSE87211,11,0.459768551760056,1.2366795197337,0.396286704112997,1.33776525974891
NULL_GSE87211_11_14,GSE87211,11,0.127977778680767,0.643681974202862,0.11805946603088,0.631211316116102
NULL_GSE87211_11_15,GSE87211,11,0.184577095455536,0.681336596444915,0.035848968446363,0.51919902900383
NULL_GSE87211_11_16,GSE87211,11,0.828483392785241,1.06392444293232,0.0846820179964894,0.442908379507589
NULL_GSE87211_11_17,GSE87211,11,0.348362346603555,0.762559972354296,0.325906135420885,1.35620541833218
NULL_GSE87211_11_18,GSE87211,11,0.0969788334132992,1.62100826146448,0.0235145619032822,2.30716887449946
NULL_GSE87211_11_19,GSE87211,11,0.39891679260303,0.784659054537097,0.221377660635487,0.704757139845339
NULL_GSE87211_11_20,GSE87211,11,0.528140378207265,0.834007543617245,0.0643360379882138,0.544233852414679
NULL_GSE87211_30_1,GSE87211,30,0.0920208401360061,0.611581394986846,0.0379478589446899,0.464318859256592
NULL_GSE87211_30_2,GSE87211,30,0.985918434851653,1.00507204136778,0.165726655290925,1.71191378169238
NULL_GSE87211_30_3,GSE87211,30,0.331891157072067,0.756454222381964,0.142535548386871,0.5815664122703
NULL_GSE87211_30_4,GSE87211,30,0.70787489991654,0.898030621883432,0.208938960949407,0.675070477670273
NULL_GSE87211_30_5,GSE87211,30,0.0265586109447988,0.519721215295976,0.00952855690180664,0.381162228871021
NULL_GSE87211_30_6,GSE87211,30,0.162454600255361,0.666127891822862,0.035957400759542,0.548084648994449
NULL_GSE87211_30_7,GSE87211,30,0.0311782827965543,0.531304754532403,0.00760575557558776,0.438918678203178
NULL_GSE87211_30_8,GSE87211,30,0.316378526508197,0.749590475866689,0.0137003281685912,0.471136309322968
NULL_GSE87211_30_9,GSE87211,30,0.39896271272356,0.784361442385543,0.39896271272356,0.784361442385543
NULL_GSE87211_30_10,GSE87211,30,0.261737674116163,0.721532114454832,0.0874895750011233,0.474599190186326
NULL_GSE87211_30_11,GSE87211,30,0.383358878141571,0.775994156415595,0.0078966355438513,0.31357656065771
NULL_GSE87211_30_12,GSE87211,30,0.160737713109407,0.666778414997428,0.00541284632837821,0.444869301588806
NULL_GSE87211_30_13,GSE87211,30,0.45908912943088,0.808236202179066,0.336279540868933,0.745795172292592
NULL_GSE87211_30_14,GSE87211,30,0.143989637801137,0.653568802417777,0.033334221644331,0.5083481120346
NULL_GSE87211_30_15,GSE87211,30,0.110108096849437,0.626862515339908,0.0995330399253235,0.609141534936368
NULL_GSE87211_30_16,GSE87211,30,0.394417435363156,0.783308260357821,0.0638237547436177,0.445110714924172
NULL_GSE87211_30_17,GSE87211,30,0.549149436208327,0.841643794154621,0.0777669731127606,0.580594357131063
NULL_GSE87211_30_18,GSE87211,30,0.844323197727649,1.05781402181358,0.415848112808516,1.27330443921505
NULL_GSE87211_30_19,GSE87211,30,0.188434972215848,0.683655208156083,0.146738518037398,0.656745199989334
NULL_GSE87211_30_20,GSE87211,30,0.301599408054846,0.741373733548469,0.0633113433313903,0.555038518505363
NULL_GSE87211_10_1,GSE87211,10,0.432581717654817,1.25313258718008,0.429819095465651,0.755024544286015
NULL_GSE87211_10_2,GSE87211,10,0.264772776900611,0.725391516426473,0.0577437221289236,0.436601399509523
NULL_GSE87211_10_3,GSE87211,10,0.813502164194592,1.0700872807579,0.15055089925265,0.534176460410333
NULL_GSE87211_10_4,GSE87211,10,0.574290325733696,0.851261270495289,0.240011157083886,0.694593682804528
NULL_GSE87211_10_5,GSE87211,10,0.42327303186059,0.794487749690235,0.0936283253903186,0.609834045556498
NULL_GSE87211_10_6,GSE87211,10,0.271837446972261,0.727943897710876,0.101705227284774,0.461519184876783
NULL_GSE87211_10_7,GSE87211,10,0.706877035236151,1.1141598424077,0.250847412192582,1.55950771434411
NULL_GSE87211_10_8,GSE87211,10,0.954834948243933,1.01632650733312,0.273488112988591,0.715952521872708
NULL_GSE87211_10_9,GSE87211,10,0.424620307630973,0.793985554073468,0.0533285171499346,0.525993910524581
NULL_GSE87211_10_10,GSE87211,10,0.68047021109178,0.888719848100665,0.0476128892486732,0.464716337789239
NULL_GSE87211_10_11,GSE87211,10,0.962106806247736,1.01371750683866,0.324946452116607,1.32930985227365
NULL_GSE87211_10_12,GSE87211,10,0.414775726261345,0.791126336738272,0.00898744812005937,0.404753450753848
NULL_GSE87211_10_13,GSE87211,10,0.746961029399447,0.91173101611162,0.245775947103766,0.716789621027315
NULL_GSE87211_10_14,GSE87211,10,0.0459794538245891,0.552566986943703,0.0207443866766313,0.513469263722574
NULL_GSE87211_10_15,GSE87211,10,0.999555326177038,0.999840120700061,0.290072818117859,0.6491195513587
NULL_GSE87211_10_16,GSE87211,10,0.229251417537048,0.706819136677694,0.179335358315215,0.675465572394116
NULL_GSE87211_10_17,GSE87211,10,0.774606471827273,0.920760574182569,0.196141562505828,0.619377141928546
NULL_GSE87211_10_18,GSE87211,10,0.320046999565973,0.749193645697408,0.239099364687041,0.693694862459946
NULL_GSE87211_10_19,GSE87211,10,0.991038894539392,0.996779471410493,0.0301929281450061,0.388356799650425
NULL_GSE87211_10_20,GSE87211,10,0.125038709079515,0.634052716902512,0.0256850508658455,0.519736313687959
NULL_GSE87211_13_1,GSE87211,13,0.139356258932886,0.652008588653343,0.013397048549803,0.339576816213601
NULL_GSE87211_13_2,GSE87211,13,0.238777542449383,1.40549929204776,0.0286171959707746,1.97396798734588
NULL_GSE87211_13_3,GSE87211,13,0.281492811620122,0.732458356236489,0.281492811620122,0.732458356236489
NULL_GSE87211_13_4,GSE87211,13,0.702114220604612,0.896165687412351,0.12565907352726,0.600003926398487
NULL_GSE87211_13_5,GSE87211,13,0.0515247386258775,0.564520604130884,0.014665234230077,0.315820334817805
NULL_GSE87211_13_6,GSE87211,13,0.0419458331270638,0.546948243999981,0.00397904351221878,0.432228182371348
NULL_GSE87211_13_7,GSE87211,13,0.537105524037535,1.19577290839208,0.114711421722001,0.52366152304721
NULL_GSE87211_13_8,GSE87211,13,0.711838011633566,0.899487852689806,0.033845583345991,0.418623997307171
NULL_GSE87211_13_9,GSE87211,13,0.102135373726634,0.621393105496643,0.0269496252214402,0.503394146887975
NULL_GSE87211_13_10,GSE87211,13,0.109074795997182,0.627717623044601,0.0237683882771524,0.508215200393962
NULL_GSE87211_13_11,GSE87211,13,0.512714405118484,0.828481752778861,0.200303121588685,0.67684483265965
NULL_GSE87211_13_12,GSE87211,13,0.304900516763409,0.744960252386156,0.220253843231336,1.52396266285471
NULL_GSE87211_13_13,GSE87211,13,0.0706738297495008,0.589928683738453,0.0551491489136062,0.547082835159833
NULL_GSE87211_13_14,GSE87211,13,0.336928575723631,0.758796486595989,0.173768945069345,0.573620949045275
NULL_GSE87211_13_15,GSE87211,13,0.712028107688336,0.899233116835948,0.276937293532812,0.708549648507244
NULL_GSE87211_13_16,GSE87211,13,0.0376401551934518,0.542652027163835,0.0376401551934518,0.542652027163835
NULL_GSE87211_13_17,GSE87211,13,0.00983940489399921,0.454674378336496,0.00918678221908008,0.381976225367038
NULL_GSE87211_13_18,GSE87211,13,0.459654427753248,0.80747327655674,0.305236391918029,0.737597346304581
NULL_GSE87211_13_19,GSE87211,13,0.0781292180059872,0.597516481105064,0.0353640723474986,0.524819176989863
NULL_GSE87211_13_20,GSE87211,13,0.194390243350653,0.687965307185591,0.194390243350653,0.687965307185591
NULL_GSE87211_2_1,GSE87211,2,0.911479076438277,1.0324827865183,0.259819100462395,1.44203336636805
NULL_GSE87211_2_2,GSE87211,2,0.0850022223022251,0.607492898517665,0.0408079367330066,0.554650546825709
NULL_GSE87211_2_3,GSE87211,2,0.666378827056982,0.883812200872605,0.3069629783212,1.37338297646276
NULL_GSE87211_2_4,GSE87211,2,0.0939136052049744,1.63079573092001,0.0174708303762883,2.05337849068549
NULL_GSE87211_2_5,GSE87211,2,0.735418235337033,0.906688230186295,0.348712124136607,0.754572213170062
NULL_GSE87211_2_6,GSE87211,2,0.722277936425467,1.10791672917789,0.0439461519090107,2.86330946340118
NULL_GSE87211_2_7,GSE87211,2,0.883040387796545,1.04305611600502,0.376241794411696,0.755424457799985
NULL_GSE87211_2_8,GSE87211,2,0.370575271338354,0.773608508971472,0.370575271338354,0.773608508971472
NULL_GSE87211_2_9,GSE87211,2,0.374997528716121,1.29149429611935,0.169366879344759,1.52422586253339
NULL_GSE87211_2_10,GSE87211,2,0.496864557625297,1.21582235526575,0.481463887974794,1.22482646645012
NULL_GSE87211_2_11,GSE87211,2,0.639005345062722,1.14384714176081,0.105761548437738,1.72464801674403
NULL_GSE87211_2_12,GSE87211,2,0.272961570101101,0.727979617374273,0.0161292950463241,0.499676758692102
NULL_GSE87211_2_13,GSE87211,2,0.296575252612332,0.737708592926536,0.138506349163616,0.64972353694174
NULL_GSE87211_2_14,GSE87211,2,0.943003048884244,0.979771622378044,0.0567217201069139,0.546544993354426
NULL_GSE87211_2_15,GSE87211,2,0.290694770498022,0.737775053993697,0.00174159987098274,0.254184494851834
NULL_GSE87211_2_16,GSE87211,2,0.29022912323281,0.736281792366989,0.29022912323281,0.736281792366989
NULL_GSE87211_2_17,GSE87211,2,0.579025600799686,1.17240916214563,0.268531002521671,1.5716118881091
NULL_GSE87211_2_18,GSE87211,2,0.433531227618924,0.798880704425709,0.269348657653679,1.41882634982002
NULL_GSE87211_2_19,GSE87211,2,0.452299008952765,1.24085239082286,0.0912775367626983,1.70719099160576
NULL_GSE87211_2_20,GSE87211,2,0.191451989452646,1.46191999390928,0.0262625598215528,2.06098622452412
NULL_GSE87211_14_1,GSE87211,14,0.784288976331347,1.08155195145661,0.178727831590058,0.67119807868613
NULL_GSE87211_14_2,GSE87211,14,0.777986906312885,0.922499244127538,0.0535774508841556,0.430222088121507
NULL_GSE87211_14_3,GSE87211,14,0.0256680488342951,0.519084761041656,0.00437465817219286,0.386252399365461
NULL_GSE87211_14_4,GSE87211,14,0.205758589473985,1.43916011670561,0.118249712291072,1.56575171871795
NULL_GSE87211_14_5,GSE87211,14,0.095713479929218,0.617354972188922,0.028867246575619,0.385433910276792
NULL_GSE87211_14_6,GSE87211,14,0.602633032728896,0.861061518382502,0.142128775697104,0.634822269547892
NULL_GSE87211_14_7,GSE87211,14,0.272571572915995,0.728393751713695,0.00136503852934772,0.375843455365156
NULL_GSE87211_14_8,GSE87211,14,0.395067844318833,0.783144094272768,0.0452810240822352,0.537017382244405
NULL_GSE87211_14_9,GSE87211,14,0.0765118125364741,0.590373289461269,0.0765118125364741,0.590373289461269
NULL_GSE87211_14_10,GSE87211,14,0.133039075156909,0.645664260121484,0.105065130830203,0.614280181100515
NULL_GSE87211_14_11,GSE87211,14,0.734481122458201,1.10185759525345,0.392033505286324,1.35478450279575
NULL_GSE87211_14_12,GSE87211,14,0.0132498467383501,0.475221869412764,0.00422799215885996,0.287373330827152
NULL_GSE87211_14_13,GSE87211,14,0.412841964243678,0.789344551150375,0.334703612987636,0.751253376867323
NULL_GSE87211_14_14,GSE87211,14,0.181826598098783,0.679875981718403,0.00244167262469026,0.411909375298494
NULL_GSE87211_14_15,GSE87211,14,0.493131228467631,0.821360428054247,0.151996120084013,0.652874311606449
NULL_GSE87211_14_16,GSE87211,14,0.528199682825929,0.833431429160449,0.217341973313337,0.701560499493875
NULL_GSE87211_14_17,GSE87211,14,0.150615156699911,0.658299435047276,0.091317838381181,0.602312873215046
NULL_GSE87211_14_18,GSE87211,14,0.53240516410565,0.835769989084292,0.144616012600342,0.549918249020937
NULL_GSE87211_14_19,GSE87211,14,0.581141195252153,0.85375731086258,0.130806562301951,0.557519547990591
NULL_GSE87211_14_20,GSE87211,14,0.544679560031672,0.840738030685019,0.257517227850805,0.668324471539927
NULL_GSE87211_5_1,GSE87211,5,0.494218713531072,0.821287745443588,0.167756917539463,0.673446478785217
NULL_GSE87211_5_2,GSE87211,5,0.237168393866117,0.711077809739571,0.0172975305665448,0.467650973537134
NULL_GSE87211_5_3,GSE87211,5,0.855628060604603,0.949222147494851,0.136623417829886,1.78014936718205
NULL_GSE87211_5_4,GSE87211,5,0.981242512177293,1.00676108898329,0.0717214493685371,0.479241620903705
NULL_GSE87211_5_5,GSE87211,5,0.81194731960422,0.934116094901163,0.39770220626873,0.784787800996223
NULL_GSE87211_5_6,GSE87211,5,0.763790127799651,1.09020318698111,0.106393909985244,1.64994368018748
NULL_GSE87211_5_7,GSE87211,5,0.173317174534074,0.672942194819604,0.161189534628576,0.669759171429293
NULL_GSE87211_5_8,GSE87211,5,0.253500482014854,1.39107576263525,0.122184794245821,0.604257266012712
NULL_GSE87211_5_9,GSE87211,5,0.407259886247396,1.27105817563149,0.0914111497606009,1.65995428235463
NULL_GSE87211_5_10,GSE87211,5,0.485305254113673,0.818160833242361,0.0837513645100368,0.570267812598141
NULL_GSE87211_5_11,GSE87211,5,0.439677445673587,1.25161926774259,0.200164979614958,1.44755855661526
NULL_GSE87211_5_12,GSE87211,5,0.657989852926056,0.880834470163799,0.0625628046518574,0.575258328967517
NULL_GSE87211_5_13,GSE87211,5,0.598403030075631,0.85994965504159,0.0145068835241318,0.483088246388777
NULL_GSE87211_5_14,GSE87211,5,0.288890767334364,0.736096437143976,0.079567584654974,0.605662557109113
NULL_GSE87211_5_15,GSE87211,5,0.518431818835505,0.831004730553525,0.0673079782235202,0.509030215368717
NULL_GSE87211_5_16,GSE87211,5,0.519564633884127,0.830668857076567,0.109363348577793,0.607297272423169
NULL_GSE87211_5_17,GSE87211,5,0.274508366383368,0.727437989137991,0.182559510216881,0.665357676187842
NULL_GSE87211_5_18,GSE87211,5,0.566879782848531,0.847444566721874,0.239157439433315,1.47913697969099
NULL_GSE87211_5_19,GSE87211,5,0.24963104237325,0.713004220607689,0.00202079280461234,0.412832915521672
NULL_GSE87211_5_20,GSE87211,5,0.183791519892403,0.680138211488716,0.0201154267470325,0.484291613741929
NULL_GSE87211_19_1,GSE87211,19,0.545077554163478,0.840456870178939,0.231833734751135,0.705139315948013
NULL_GSE87211_19_2,GSE87211,19,0.0065222467551284,0.43992702002665,0.0065222467551284,0.43992702002665
NULL_GSE87211_19_3,GSE87211,19,0.00951740069784592,0.453485562970323,0.00951740069784592,0.453485562970323
NULL_GSE87211_19_4,GSE87211,19,0.0311919611718544,0.529688672944694,0.000581012070010337,0.371224579662214
NULL_GSE87211_19_5,GSE87211,19,0.765391507230174,0.917787337598561,0.14009045972164,0.636210576140314
NULL_GSE87211_19_6,GSE87211,19,0.928195038898781,0.974542388509823,0.0433274270173841,0.437860603585404
NULL_GSE87211_19_7,GSE87211,19,0.98435791279863,0.994360846899628,0.148634282209753,0.617471850643675
NULL_GSE87211_19_8,GSE87211,19,0.0827739413720848,0.602254939273247,0.0741765570456441,0.594079512764322
NULL_GSE87211_19_9,GSE87211,19,0.118181298219809,0.636337386423563,0.00741046997845529,0.460671241366852
NULL_GSE87211_19_10,GSE87211,19,0.159732157538885,0.662045658891313,0.0414013152638522,0.410813370039822
NULL_GSE87211_19_11,GSE87211,19,0.197324774067069,0.688990728937305,0.0332060730922706,0.543534331915808
NULL_GSE87211_19_12,GSE87211,19,0.717407817146582,0.901559134327683,0.212010901554011,0.695325786040404
NULL_GSE87211_19_13,GSE87211,19,0.168296457681118,0.669792634889493,0.0603267687701374,0.581106479764886
NULL_GSE87211_19_14,GSE87211,19,0.630227688384424,0.871076487379121,0.0186421771270303,0.402098822412236
NULL_GSE87211_19_15,GSE87211,19,0.637036187450788,0.873415113712207,0.499168446385621,0.824008005984129
NULL_GSE87211_19_16,GSE87211,19,0.874162933990251,0.9556750041444,0.133805574857021,0.560083140080193
NULL_GSE87211_19_17,GSE87211,19,0.590511827760119,1.16684968626988,0.0882319870506228,1.63006582973226
NULL_GSE87211_19_18,GSE87211,19,0.0379465317520435,0.544744484763965,0.0219055004043415,0.481907977732598
NULL_GSE87211_19_19,GSE87211,19,0.206936499108727,0.692109402475415,0.087883035099338,0.567079324547488
NULL_GSE87211_19_20,GSE87211,19,0.836027083008291,0.942415460463793,0.18479608871883,1.6752497944099
NULL_GSE87211_44_1,GSE87211,44,0.0750834273043765,0.595563439606777,0.0385188625138936,0.549657154309895
NULL_GSE87211_44_2,GSE87211,44,0.0496765509466931,0.5576555947809,0.0341543393678579,0.471506417834358
NULL_GSE87211_44_3,GSE87211,44,0.252195552066993,0.717771216933338,0.00588869680050262,0.446910797363539
NULL_GSE87211_44_4,GSE87211,44,0.0989642355952794,0.618535415753977,0.00998075693959006,0.399652369582925
NULL_GSE87211_44_5,GSE87211,44,0.833734669978523,0.941482979175916,0.00364337534267996,0.403957340955707
NULL_GSE87211_44_6,GSE87211,44,0.474785023040624,0.814821081903499,0.474785023040624,0.814821081903499
NULL_GSE87211_44_7,GSE87211,44,0.494710131313065,0.821822100433719,0.111859559843245,0.634333013992157
NULL_GSE87211_44_8,GSE87211,44,0.450186767465527,1.24262970632859,0.136979612766116,0.600337745608831
NULL_GSE87211_44_9,GSE87211,44,0.318091638266632,0.750590022339994,0.00169474484925936,0.402972723947481
NULL_GSE87211_44_10,GSE87211,44,0.558447986264661,0.845146757078254,0.21119679945624,0.689122290958058
NULL_GSE87211_44_11,GSE87211,44,0.243423885984053,0.713628625110424,0.0752140810937365,0.597514119548111
NULL_GSE87211_44_12,GSE87211,44,0.399395996907043,1.27930314734349,0.382421324475043,1.28527539154803
NULL_GSE87211_44_13,GSE87211,44,0.111889261547827,0.631295748211026,0.00382027108277809,0.411290966147443
NULL_GSE87211_44_14,GSE87211,44,0.170996806023211,0.673155265241064,0.0545883884179045,0.5761440920731
NULL_GSE87211_44_15,GSE87211,44,0.268184787772519,0.726246298054399,0.130230381223471,0.647927784789789
NULL_GSE87211_44_16,GSE87211,44,0.176119951158653,0.675740023112175,0.0423122820221386,0.524838204060018
NULL_GSE87211_44_17,GSE87211,44,0.960426857789719,0.985910739389811,0.13774902386932,0.646627096447514
NULL_GSE87211_44_18,GSE87211,44,0.138836142650659,0.650737213724537,0.0430276451075144,0.526681286186123
NULL_GSE87211_44_19,GSE87211,44,0.49176615674352,1.21867354082984,0.167425369521656,0.599856165883529
NULL_GSE87211_44_20,GSE87211,44,0.382798488977074,0.777700626443677,0.140987518000264,0.652794059425772
NULL_GSE87211_20_1,GSE87211,20,0.00489874462374319,0.427778692472739,0.00489874462374319,0.427778692472739
NULL_GSE87211_20_2,GSE87211,20,0.18811649148025,0.683136202709881,0.0127774346649616,0.411990867068008
NULL_GSE87211_20_3,GSE87211,20,0.0308684709638162,0.529128555384558,0.0286074653151033,0.530732763525596
NULL_GSE87211_20_4,GSE87211,20,0.499194183383923,0.82351620145325,0.0466467904443009,0.559297782142737
NULL_GSE87211_20_5,GSE87211,20,0.660685809135451,0.88161810577863,0.245971884191157,0.69724662300679
NULL_GSE87211_20_6,GSE87211,20,0.39149228130395,0.782193759286635,0.190513602152348,0.680799999417281
NULL_GSE87211_20_7,GSE87211,20,0.11775989842067,0.634145635773348,0.0594254979133234,0.481012607377981
NULL_GSE87211_20_8,GSE87211,20,0.220747987832802,0.701680656319205,0.0889633215771071,0.546384500004363
NULL_GSE87211_20_9,GSE87211,20,0.0180579634569824,0.493858155359572,0.0180579634569824,0.493858155359572
NULL_GSE87211_20_10,GSE87211,20,0.23730068420061,0.710546472791491,0.0860839493194573,0.611335243606905
NULL_GSE87211_20_11,GSE87211,20,0.741139924335527,0.909046550931167,0.15649845452825,0.623100641515625
NULL_GSE87211_20_12,GSE87211,20,0.136047492488706,1.5436518455754,0.0948715337892568,1.61690472262724
NULL_GSE87211_20_13,GSE87211,20,0.749946323701429,0.912678430332098,0.0602848302150069,0.375084912252243
NULL_GSE87211_20_14,GSE87211,20,0.391738687222061,0.781946343079155,0.0115919662675683,0.483662854389812
NULL_GSE87211_20_15,GSE87211,20,0.322435541105902,0.751191371355947,0.029901901946751,0.513655732484125
NULL_GSE87211_20_16,GSE87211,20,0.424548071403004,0.795195959062174,0.111869567023133,0.59527763079794
NULL_GSE87211_20_17,GSE87211,20,0.985269522535745,1.00529661165523,0.0392519762904852,0.430349757736489
NULL_GSE87211_20_18,GSE87211,20,0.243138094886435,0.714103209868956,0.0536732395174658,0.542887281966075
NULL_GSE87211_20_19,GSE87211,20,0.532494239484839,1.20040103357817,0.0328848382965498,2.39451913425501
NULL_GSE87211_20_20,GSE87211,20,0.948943925966683,1.01869398471463,0.12071798780557,1.77713960921841
NULL_GSE87211_22_1,GSE87211,22,0.104681891911872,0.623187840364153,0.0239536162841072,0.522611209347702
NULL_GSE87211_22_2,GSE87211,22,0.16320218289869,0.668104119518523,0.151241105849647,0.6625757541482
NULL_GSE87211_22_3,GSE87211,22,0.184890866986439,0.680786846325125,0.00819008893730445,0.444642001876741
NULL_GSE87211_22_4,GSE87211,22,0.104726998544793,0.623402869603629,0.00756945593378233,0.458944954979728
NULL_GSE87211_22_5,GSE87211,22,0.584294120209171,0.854906908155107,0.271660310942067,0.729835513787299
NULL_GSE87211_22_6,GSE87211,22,0.735127199246277,0.907653017156468,0.265813765358761,1.4848142744244
NULL_GSE87211_22_7,GSE87211,22,0.908348467915407,0.967625119570945,0.0892682319994202,0.615151691494583
NULL_GSE87211_22_8,GSE87211,22,0.686656523223628,1.12366401035885,0.0952802844362031,0.600533255278254
NULL_GSE87211_22_9,GSE87211,22,0.412919354080366,0.78940627937663,0.0313386119008338,0.531534052430949
NULL_GSE87211_22_10,GSE87211,22,0.222249265796984,0.703386861082597,0.0522575460462957,0.39950920380305
NULL_GSE87211_22_11,GSE87211,22,0.123438177530784,0.636137583311,0.062995171029095,0.547763989646518
NULL_GSE87211_22_12,GSE87211,22,0.78164623849097,0.92350004872345,0.435198086116795,1.25532555327736
NULL_GSE87211_22_13,GSE87211,22,0.53293942049187,1.19631543261241,0.0373284006397953,0.427112600099252
NULL_GSE87211_22_14,GSE87211,22,0.0636726415061254,0.581517786338299,0.00616033848276533,0.427004318753017
NULL_GSE87211_22_15,GSE87211,22,0.353589382608355,1.30582151638837,0.272977745639844,1.45694697829103
NULL_GSE87211_22_16,GSE87211,22,0.0908061781892349,0.608557550046042,0.0322908171684312,0.45308967666096
NULL_GSE87211_22_17,GSE87211,22,0.466185442653751,0.811610481667759,0.314503975129248,0.744538952407115
NULL_GSE87211_22_18,GSE87211,22,0.355600699712947,0.766428612456733,0.0810512037125753,0.465975277159264
NULL_GSE87211_22_19,GSE87211,22,0.0382004928285426,0.54268058862814,0.0281118820368337,0.3176974855654
NULL_GSE87211_22_20,GSE87211,22,0.469374306089244,0.812847035702148,0.0436272176161764,0.527346102156223
NULL_GSE87211_41_1,GSE87211,41,0.125944729049597,0.638805326163479,0.125944729049597,0.638805326163479
NULL_GSE87211_41_2,GSE87211,41,0.472205427892385,0.813794011364588,0.260203300823611,0.704734697668947
NULL_GSE87211_41_3,GSE87211,41,0.0560584378895644,0.570043673451718,0.0376385107731607,0.540773932114488
NULL_GSE87211_41_4,GSE87211,41,0.781039866036626,0.923332619424541,0.0645145454247842,0.503003550328199
NULL_GSE87211_41_5,GSE87211,41,0.0568278927393613,0.568074523378957,0.00897945197928802,0.290663978543142
NULL_GSE87211_41_6,GSE87211,41,0.102552404971362,0.619752518857988,0.000720896447832551,0.374662290034571
NULL_GSE87211_41_7,GSE87211,41,0.596853195321176,0.859047951685141,0.255951801898217,0.69785152306195
NULL_GSE87211_41_8,GSE87211,41,0.634305245939091,0.872454335971211,0.232302602934873,0.697483541868659
NULL_GSE87211_41_9,GSE87211,41,0.0148903941339232,0.485182196285594,0.0148903941339232,0.485182196285594
NULL_GSE87211_41_10,GSE87211,41,0.0990854860661479,0.620052970470839,0.0393123715179127,0.551184286323751
NULL_GSE87211_41_11,GSE87211,41,0.0630202382165362,0.580772844882636,0.0129971926961299,0.461502891661116
NULL_GSE87211_41_12,GSE87211,41,0.0589834208693088,0.571230570078612,0.0235187640656535,0.495193401100057
NULL_GSE87211_41_13,GSE87211,41,0.234704773846932,0.708980844231447,0.234704773846932,0.708980844231447
NULL_GSE87211_41_14,GSE87211,41,0.283295060889672,0.733721071867964,0.0408322250803763,0.548897969375876
NULL_GSE87211_41_15,GSE87211,41,0.201910299123804,0.691907592543019,0.0144846137138522,0.278698486635338
NULL_GSE87211_41_16,GSE87211,41,0.135121896428447,0.647061499303083,0.00909329396212124,0.473277521063967
NULL_GSE87211_41_17,GSE87211,41,0.0618428492834337,0.574489222767092,0.0618428492834337,0.574489222767092
NULL_GSE87211_41_18,GSE87211,41,0.34109195403183,0.760038476572703,0.111636391238247,0.499444801081742
NULL_GSE87211_41_19,GSE87211,41,0.0599613908025128,0.574267709264556,0.00990877574426733,0.474201096245991
NULL_GSE87211_41_20,GSE87211,41,0.713657292296243,0.900263659266983,0.0470105226218033,0.443667497014425
NULL_GSE87211_18_1,GSE87211,18,0.970254679129419,1.01072053903235,0.189199786834259,0.584060905676333
NULL_GSE87211_18_2,GSE87211,18,0.295120529714931,1.36156804798361,0.209549435023663,1.43908574428214
NULL_GSE87211_18_3,GSE87211,18,0.141963764752237,0.649951930351678,0.0365130985565564,0.54821885936336
NULL_GSE87211_18_4,GSE87211,18,0.853498543908022,0.948499936936729,0.155775893880035,0.577329803292359
NULL_GSE87211_18_5,GSE87211,18,0.982039035949822,0.993566967925298,0.267828978451289,0.723180673964431
NULL_GSE87211_18_6,GSE87211,18,0.210279439242078,0.695427333291379,0.111041510252659,0.63055010244594
NULL_GSE87211_18_7,GSE87211,18,0.267715568897601,0.726682049873294,0.00644545808900136,0.434194038554485
NULL_GSE87211_18_8,GSE87211,18,0.0900598614509817,0.610035964236301,0.0624423942165397,0.581407919421334
NULL_GSE87211_18_9,GSE87211,18,0.623717349158021,0.868343283273338,0.0520598932970331,0.517554821061823
NULL_GSE87211_18_10,GSE87211,18,0.729555332324948,0.905828285778016,0.436863656635652,0.788616276743032
NULL_GSE87211_18_11,GSE87211,18,0.0431322887439851,0.548320618320899,0.0338014544485558,0.538547058016272
NULL_GSE87211_18_12,GSE87211,18,0.257054668149581,0.718956930488812,0.145506091106265,0.659292780015058
NULL_GSE87211_18_13,GSE87211,18,0.178347901635745,1.48012510695815,0.178347901635745,1.48012510695815
NULL_GSE87211_18_14,GSE87211,18,0.327634741654369,0.755177075246852,0.00719553063594929,0.440403398740986
NULL_GSE87211_18_15,GSE87211,18,0.152043075287807,0.659267680240465,0.0520450316880019,0.573689624886324
NULL_GSE87211_18_16,GSE87211,18,0.0191062741777791,0.494503521753462,0.0191062741777791,0.494503521753462
NULL_GSE87211_18_17,GSE87211,18,0.0563340767894467,0.573515370634136,0.0328776715457634,0.513909275882156
NULL_GSE87211_18_18,GSE87211,18,0.181424072365156,0.678033928848632,0.00567805065725441,0.429701727385964
NULL_GSE87211_18_19,GSE87211,18,0.650495662400302,0.878245631627672,0.0721302058250798,0.596044108555402
NULL_GSE87211_18_20,GSE87211,18,0.0412528314811215,0.549159921258345,0.00145704875075687,0.383452229764081
NULL_GSE87211_16_1,GSE87211,16,0.147168779893111,0.653437485334278,0.129715850697889,0.634433938420146
NULL_GSE87211_16_2,GSE87211,16,0.144301723015123,0.650529292362765,0.00769437161106189,0.456756043045333
NULL_GSE87211_16_3,GSE87211,16,0.963450126754874,1.01320736159568,0.303659614017292,1.39602091543743
NULL_GSE87211_16_4,GSE87211,16,0.453111043899793,0.806044087389141,0.0234860143185414,0.492671571579936
NULL_GSE87211_16_5,GSE87211,16,0.0361377182608443,0.539799964334325,0.0361377182608443,0.539799964334325
NULL_GSE87211_16_6,GSE87211,16,0.700163112593857,0.895495623572391,0.0588792624109788,0.461796257882481
NULL_GSE87211_16_7,GSE87211,16,0.496593257981087,0.822281581150921,0.27447377249894,1.37421036261033
NULL_GSE87211_16_8,GSE87211,16,0.412888334452586,0.789972862217394,0.199897524330449,0.671046560876511
NULL_GSE87211_16_9,GSE87211,16,0.754663529417457,0.914436415362856,0.56754133861564,0.841718165760674
NULL_GSE87211_16_10,GSE87211,16,0.453087172532864,0.805758530716156,0.022698606372719,0.490304154617282
NULL_GSE87211_16_11,GSE87211,16,0.205611479250751,0.691806964564602,0.0321005268150628,0.541381476600863
NULL_GSE87211_16_12,GSE87211,16,0.00148555912725442,0.3724739110559,0.000156661983925929,0.332423890669853
NULL_GSE87211_16_13,GSE87211,16,0.751211660426192,0.91315178618049,0.0445571836837085,0.536136145931703
NULL_GSE87211_16_14,GSE87211,16,0.569385931325442,0.84895041019026,0.201436275889648,0.593442893217019
NULL_GSE87211_16_15,GSE87211,16,0.0449878173679854,0.556170034937099,0.0277168625586119,0.494832983661483
NULL_GSE87211_16_16,GSE87211,16,0.583144280792115,1.17253992600436,0.256633237179152,0.710134961762733
NULL_GSE87211_16_17,GSE87211,16,0.902476892742721,0.965494389025972,0.0561490469054742,0.477709362955194
NULL_GSE87211_16_18,GSE87211,16,0.389655419676427,0.780142089230417,0.0265442723739313,0.379741698998192
NULL_GSE87211_16_19,GSE87211,16,0.385673792565161,0.778211803628621,0.0300855915253601,0.358786812731885
NULL_GSE87211_16_20,GSE87211,16,0.815295484068492,0.935265648349086,0.16648225494249,0.62224965325156
NULL_GSE87211_21_1,GSE87211,21,0.0288667556009904,0.525311954013678,0.0288667556009904,0.525311954013678
NULL_GSE87211_21_2,GSE87211,21,0.265986741059576,0.724869542201216,0.0329089685986278,0.537149240335787
NULL_GSE87211_21_3,GSE87211,21,0.96337676643351,0.986920435490427,0.206086519250766,0.662529457734914
NULL_GSE87211_21_4,GSE87211,21,0.248409082116746,0.715978284450273,0.0574379170802572,0.530315426956619
NULL_GSE87211_21_5,GSE87211,21,0.108130016886728,0.625333088775801,0.0781751200858591,0.571839684171126
NULL_GSE87211_21_6,GSE87211,21,0.432863718581581,0.795805934532743,0.214027030446571,0.600369093385488
NULL_GSE87211_21_7,GSE87211,21,0.613193971181099,0.865044991135561,0.0550503993918585,0.403765170146454
NULL_GSE87211_21_8,GSE87211,21,0.246819165827996,0.715411352869234,0.101338701596011,0.488488777118432
NULL_GSE87211_21_9,GSE87211,21,0.0529595831444858,0.563441341175425,0.0494139363230523,0.467051047037787
NULL_GSE87211_21_10,GSE87211,21,0.440720607026898,0.800807328246256,0.120273296569521,0.628884196558109
NULL_GSE87211_21_11,GSE87211,21,0.185456682671142,0.681183542343312,0.0154936543844047,0.281586830707548
NULL_GSE87211_21_12,GSE87211,21,0.0100169827060646,0.464647630832201,0.00172336703814069,0.340097292567057
NULL_GSE87211_21_13,GSE87211,21,0.184595305749901,0.680623394532296,0.00729614715755506,0.462809317651668
NULL_GSE87211_21_14,GSE87211,21,0.739597673843473,1.10008661309515,0.0830893621042632,1.65620984454151
NULL_GSE87211_21_15,GSE87211,21,0.0590374253405756,0.574533502312298,0.0590374253405756,0.574533502312298
NULL_GSE87211_21_16,GSE87211,21,0.0765964503399521,0.595901274803947,0.0472770023304199,0.504257339607959
NULL_GSE87211_21_17,GSE87211,21,0.49998034134894,0.823846701796825,0.119793881582739,0.626478330309979
NULL_GSE87211_21_18,GSE87211,21,0.803847996214296,0.931034754353396,0.128430352663738,0.623889202180792
NULL_GSE87211_21_19,GSE87211,21,0.847717002711296,1.05652907777067,0.243055262770979,0.70049563706706
NULL_GSE87211_21_20,GSE87211,21,0.656706914995401,0.880455001004663,0.185393520763249,0.65104024268144
NULL_GSE87211_29_1,GSE87211,29,0.32208930748442,0.751861037586416,0.317035325533143,0.751029255248961
NULL_GSE87211_29_2,GSE87211,29,0.533081730122533,0.836103151776898,0.10631840496226,0.627627523293561
NULL_GSE87211_29_3,GSE87211,29,0.544990354992737,1.19019024949151,0.0746750310764456,0.459240994518087
NULL_GSE87211_29_4,GSE87211,29,0.601341741612957,1.16179609697076,0.232962568876426,0.629324802913916
NULL_GSE87211_29_5,GSE87211,29,0.0694573981105003,0.589021362503407,0.0128230547493958,0.487291786542743
NULL_GSE87211_29_6,GSE87211,29,0.082475335437524,0.603244569928729,0.0410384124633233,0.556825210060865
NULL_GSE87211_29_7,GSE87211,29,0.468125141450373,0.812303123543808,0.0505307859690599,0.544046838331644
NULL_GSE87211_29_8,GSE87211,29,0.807744909729109,1.07229939004475,0.13576381192321,1.60415946774866
NULL_GSE87211_29_9,GSE87211,29,0.128892477041077,0.642672035329709,0.0172160474565337,0.492400389777305
NULL_GSE87211_29_10,GSE87211,29,0.814461998541374,1.06951833899959,0.0993043070945831,0.609336187039852
NULL_GSE87211_29_11,GSE87211,29,0.819052380272626,1.06774494205741,0.0790297965958979,1.65630895833694
NULL_GSE87211_29_12,GSE87211,29,0.580294974239552,0.853441052676105,0.281360212030148,0.671850756120862
NULL_GSE87211_29_13,GSE87211,29,0.825838324257476,0.938612464780302,0.673425898102415,0.882295780843445
NULL_GSE87211_29_14,GSE87211,29,0.163720518715767,0.668796277374416,0.021900577698279,0.476427960738223
NULL_GSE87211_29_15,GSE87211,29,0.29085162081307,0.73777010884083,0.034962996565448,0.332681737381157
NULL_GSE87211_29_16,GSE87211,29,0.482654226524993,0.817624602336969,0.0548126462603305,0.432724796447987
NULL_GSE87211_29_17,GSE87211,29,0.952444978993243,0.98304045748319,0.302942690788593,0.699905113536938
NULL_GSE87211_29_18,GSE87211,29,0.156694062790483,0.664870858887054,0.0178449349723506,0.493697156738095
NULL_GSE87211_29_19,GSE87211,29,0.0711221339032263,0.591675174715084,0.000182789166634075,0.335001643732024
NULL_GSE87211_29_20,GSE87211,29,0.0173022372559581,0.493223537056801,0.0173022372559581,0.493223537056801
NULL_GSE87211_17_1,GSE87211,17,0.722174441649457,0.903100230211999,0.263103899410873,0.686845418412057
NULL_GSE87211_17_2,GSE87211,17,0.466744370192549,0.811589799170936,0.0546956578254374,0.366865245482754
NULL_GSE87211_17_3,GSE87211,17,0.197496151918106,0.689163906051583,0.0472803589895841,0.566483388718454
NULL_GSE87211_17_4,GSE87211,17,0.408734660868706,0.788612085782824,0.256097541303119,0.684235843289662
NULL_GSE87211_17_5,GSE87211,17,0.224990735701803,0.702287450540077,0.136127430607858,0.639021244893266
NULL_GSE87211_17_6,GSE87211,17,0.543346783135552,0.839736563813917,0.0637812784629588,0.416828753112551
NULL_GSE87211_17_7,GSE87211,17,0.217791161020269,0.700370145497639,0.0328099973978352,0.327635348866913
NULL_GSE87211_17_8,GSE87211,17,0.582749926856594,1.17121725683252,0.406041602885094,0.744712261641698
NULL_GSE87211_17_9,GSE87211,17,0.0264082454681384,0.515668601220869,0.00236041171352046,0.417451972396266
NULL_GSE87211_17_10,GSE87211,17,0.427199112617137,1.25706239932366,0.369646835497315,1.29851520614316
NULL_GSE87211_17_11,GSE87211,17,0.0530636920417037,0.566411594834098,0.0530636920417037,0.566411594834098
NULL_GSE87211_17_12,GSE87211,17,0.841294940302896,0.944311778428741,0.181308080562601,0.557994670927754
NULL_GSE87211_17_13,GSE87211,17,0.0474412202755422,0.556812972985018,0.0158661244014828,0.495480560203961
NULL_GSE87211_17_14,GSE87211,17,0.314006954761272,0.747372254302376,0.0505234716644333,0.566184224055649
NULL_GSE87211_17_15,GSE87211,17,0.915725250915034,0.970191609376138,0.0521733417775712,0.428844253599792
NULL_GSE87211_17_16,GSE87211,17,0.696539793997454,1.11872463745917,0.127334334306179,1.80433013476438
NULL_GSE87211_17_17,GSE87211,17,0.675386993461506,1.12953173344544,0.252480408881688,0.653564324782251
NULL_GSE87211_17_18,GSE87211,17,0.0186363685336367,0.495859756004567,0.00643452749853598,0.447010285759214
NULL_GSE87211_17_19,GSE87211,17,0.129835938018717,0.642458026721109,0.0399323351077061,0.554475540183505
NULL_GSE87211_17_20,GSE87211,17,0.785982973925281,0.924751820584805,0.138736850577911,0.618542320445346
