sig_id,cohort,n_gene,p_median,HR_median,p_best,HR_best
SIG001,GSE17536,4,0.101957149352905,1.47458150387305,0.0237189563121319,1.81173770229475
SIG002,GSE17536,4,0.0112750112967197,0.54285822670882,0.00244222694364067,0.489484246144327
SIG003,GSE17536,11,0.316970676036334,1.26561072113514,0.0552241101388775,1.80012111022469
SIG004,GSE17536,8,0.734402543947984,0.922850810252782,0.158022419405121,1.47153381636718
SIG005,GSE17536,6,0.0485129022649042,1.60384647734325,0.0186354344374249,2.10603450513698
SIG006,GSE17536,8,0.308350375057842,0.785635588845795,0.134869402148123,0.690465227111899
SIG007,GSE17536,15,0.743077422750739,0.926042025515347,0.184045029422182,1.54543510282855
SIG009,GSE17536,6,0.251702770712884,1.31152919238681,0.0924755657960611,1.57107523055159
SIG010,GSE17536,6,0.54363070845478,1.15416980834935,0.15333550641923,1.59725723251141
SIG011,GSE17536,3,0.946236993825772,1.01603119644475,0.200537639404378,0.706067660514482
SIG012,GSE17536,3,0.0629182480184563,0.642953214400032,0.00271547209296011,0.45914005681838
SIG013,GSE17536,9,0.461747277012288,1.18872862081083,0.304795200799889,1.31621233415001
SIG014,GSE17536,15,0.732330169922299,1.08412651096759,0.132518217618754,1.51853330592356
SIG015,GSE17536,3,0.772597059766784,0.934269576311721,0.112890302122869,1.7170857777205
SIG016,GSE17536,50,0.383916252942974,1.2297862375382,0.0936983578223509,1.50447705618235
SIG018,GSE17536,9,0.127271837818735,1.43338915441227,0.00540845501071672,1.95502213195468
SIG019,GSE17536,12,0.370798495589694,1.23592492550744,0.0164734216328687,2.19601225635888
SIG020,GSE17536,3,0.380621764290431,1.22916228019205,0.0484992296786308,2.09782470550788
SIG021,GSE17536,8,0.123870479586559,1.43977575443734,0.0230885654091471,1.75180815764904
SIG022,GSE17536,4,0.0673477261403918,1.54557212463753,0.0111811471888531,2.74684690652999
SIG023,GSE17536,9,0.429488056266152,0.82951470768013,0.102179107219638,0.639287188017272
SIG024,GSE17536,6,0.021320337459216,1.74071071653023,0.00284445206518446,2.02553590068164
SIG025,GSE17536,11,0.454259627233053,0.838585292553957,0.00941697995780698,0.376560873820263
SIG026,GSE17536,29,0.602580386977654,0.884125805280466,0.338805962100485,0.794475225556447
SIG027,GSE17536,4,0.00286568082719569,0.478890287826497,0.000471396893592962,0.34225732077223
SIG028,GSE17536,4,0.000908316360328561,2.28617847228852,0.000908316360328561,2.28617847228852
SIG029,GSE17536,4,0.0442009686046276,1.61160443547479,0.00758193289441784,1.88172828493911
SIG030,GSE17536,7,0.774498067808807,0.935115230502856,0.0620481674074276,0.600175545872074
SIG031,GSE17536,4,0.721520919651596,1.08776570766447,0.218634936481135,1.35672023953792
SIG032,GSE17536,10,0.761875310126738,1.07377623806722,0.026033749712263,0.548180889986746
SIG033,GSE17536,9,0.106672774774312,1.47072366376462,0.035951901739925,1.64494885770186
SIG034,GSE17536,14,0.327608946068367,1.26066562443113,0.182939556530024,1.39666041490629
SIG035,GSE17536,2,0.000669332476033228,2.3119172188318,0.000669332476033228,2.3119172188318
SIG036,GSE17536,12,0.49440813133012,1.17402089767604,0.0128718186755841,1.89195448940492
SIG037,GSE17536,13,0.0380247253536196,1.63914804159437,0.00460573333670868,2.19388915973231
SIG038,GSE17536,3,0.269794642895222,1.29844242040424,0.163190700776977,1.45275824010695
SIG039,GSE17536,14,0.935872073942638,1.01906625307424,0.44096683002661,1.23400351340414
SIG040,GSE17536,13,0.0198909200647715,0.573960702749716,0.0137035409362925,0.538184369420791
SIG041,GSE17536,10,0.846780925311295,1.04633033606068,0.536806993026312,0.84235164355763
SIG042,GSE17536,7,0.913452298574265,1.02599314230235,0.205272920982252,1.49385555646486
SIG043,GSE17536,14,0.686004761144076,1.09941344814905,0.260520686719744,0.763586479433908
SIG044,GSE17536,3,0.11280069281209,1.45396256457496,0.0634813434257598,1.5684837843585
SIG045,GSE17536,6,0.534189565009125,1.15815083785669,0.297669040586688,1.28035547428315
SIG046,GSE17536,4,0.110876211900201,0.682415808808256,0.0784821948040465,0.643309600401792
SIG047,GSE17536,4,0.662092389754909,0.901815493425501,0.00173416295398265,0.357992340266318
SIG048,GSE17536,11,0.778329368182424,1.06833458629034,0.297036574239622,1.34399397867225
SIG049,GSE17536,14,0.680929009381368,1.10215572178999,0.0130145945008309,1.89024980360661
SIG050,GSE17536,5,0.26139291738058,1.30533166930595,0.0667593819377217,1.7037074165156
SIG051,GSE17536,7,0.0987895325560063,1.47633930951327,0.0210293198010221,1.72416852825933
SIG052,GSE17536,19,0.863581835225699,1.0410580642013,0.106212252121696,1.56599218586593
SIG053,GSE17536,9,0.263787845940953,1.30168528257619,0.121115590236442,1.49359938354214
SIG054,GSE17536,45,0.0352784413799101,1.65486420901888,0.00403231183715839,2.56553572521753
SIG055,GSE17536,20,0.077019278632024,0.657576169270539,0.00709940533610647,0.520852138886755
SIG056,GSE17536,6,0.605103410330381,1.1293719574814,0.280614547529712,0.736174131896697
SIG057,GSE17536,8,0.270005673121021,1.29749578983167,0.0319808979328704,2.01954383686211
SIG058,GSE17536,22,0.496757369734059,1.1726494025737,0.233776538480885,1.32757910499952
SIG059,GSE17536,13,0.151646407147403,1.40543851101956,0.0194751592171345,2.40337254686266
SIG060,GSE17536,6,0.438155508014138,0.832707178765213,0.0698652509687263,0.642624379797694
SIG062,GSE17536,42,0.418180161967698,1.20936511217727,0.345891852340665,1.2483844934524
SIG063,GSE17536,19,0.60125072250998,0.883729231350616,0.148357567497623,1.48365752179765
SIG064,GSE17536,3,0.342339627148103,1.24985528651965,0.0169261790443517,2.00171213325812
SIG065,GSE17536,5,0.928829915604419,1.02117853464022,0.108560444187773,1.5167421921201
SIG066,GSE17536,11,0.340265690474212,1.25154389322698,0.0428191266958385,1.79951397498975
SIG067,GSE17536,5,0.393593435041154,1.22224257343015,0.035967642193984,1.71134863043602
SIG068,GSE17536,5,0.252685604245754,1.31190136178799,0.252685604245754,1.31190136178799
SIG069,GSE17536,7,0.0362104134560392,0.603776598224123,0.0189244886180678,0.537984013764874
SIG070,GSE17536,3,0.330578770950421,0.793857743066714,0.0401130484346664,0.598539100725371
SIG071,GSE17536,13,0.170019324639443,0.723307678965259,0.0219991898216601,0.401881307295272
SIG072,GSE17536,14,0.624927063234815,1.12250102354054,0.308678463249673,1.29081759307459
SIG073,GSE17536,16,0.386941558338092,1.2252346877083,0.0211797448176103,1.82239178251937
SIG074,GSE17536,11,0.786226903093618,1.06559415071055,0.0301038153759326,1.67437749122723
SIG075,GSE17536,13,0.140667563170697,1.41571014414171,0.000245572288282065,2.42902296421972
SIG076,GSE17536,8,0.0026344842848625,2.08107563897593,0.0026344842848625,2.08107563897593
SIG077,GSE17536,7,0.85462965390512,0.957973448782214,0.0698001100175748,0.552057099759512
SIG078,GSE17536,5,0.752621235701751,0.928294999200021,0.186034896769577,0.729606345521982
SIG079,GSE17536,5,0.70805416353502,1.09255099215325,0.269931302529726,1.41793194752454
SIG080,GSE17536,8,0.591789941556318,1.13504186750711,0.256465818857843,1.34813841170762
SIG081,GSE17536,5,0.779366674856173,1.06788846935188,0.12900971009434,1.43836528764966
SIG082,GSE17536,6,0.0404487741360855,1.6378567101625,0.00734025136410735,1.88514660009896
SIG083,GSE17536,16,0.238818468809047,1.32324884264014,0.0820048020705311,1.68040129777563
SIG084,GSE17536,15,0.0378396986812694,1.63645462098123,0.00731846350622576,2.4955682592038
SIG085,GSE17536,7,0.0250022810602156,0.584004554495742,0.024880157553599,0.570373088187417
SIG086,GSE17536,5,0.356419217593583,0.804264019356745,0.0502021524593459,0.53815159304281
SIG087,GSE17536,5,0.07131244854605,1.53334359231884,0.0291699729523119,1.7153272375871
SIG088,GSE17536,6,0.0679676042263976,1.53892789548297,0.00175580483603262,2.27751313758168
SIG089,GSE17536,5,0.00427114938687642,2.01190182278998,0.00427114938687642,2.01190182278998
SIG090,GSE17536,4,0.157452018969782,1.39830482101266,0.00381869547543905,2.02140936342987
SIG091,GSE17536,7,0.486826835013769,1.17702608347419,0.301436301978241,1.27930090196522
SIG093,GSE17536,9,0.156970595689229,1.3972499670993,0.0439804745414606,1.72126074881577
SIG094,GSE17536,3,0.181748101188037,1.36974705369132,0.159866917998425,1.43202447538461
SIG095,GSE17536,16,0.00224604305440351,2.11135706942854,0.001125589924501,2.17471335449112
SIG096,GSE17536,11,0.788860281260885,0.938710629229191,0.20930256655991,1.35233778343059
SIG097,GSE17536,14,0.291967731176104,1.28092449173534,0.0809682972662293,1.51258404461061
SIG098,GSE17536,5,0.910810179946404,1.02677325272108,0.210114948170161,1.45273353682952
SIG099,GSE17536,11,0.656539011537113,1.11021076015777,0.348203172344211,0.755701469774584
SIG101,GSE17536,8,0.571747837010753,1.14345367105668,0.319249378861496,1.2906810934614
SIG102,GSE17536,4,0.435949286505452,1.20069765823253,0.179248318912516,1.42456460823528
SIG107,GSE17536,13,0.935004945390597,0.981061318996116,0.312142214500657,1.37694728785655
SIG108,GSE17536,13,0.22830713747062,1.33130290027425,0.175684182687755,1.43715051299113
SIG109,GSE17536,7,0.63363009999402,0.894202859575018,0.161325455511375,0.709336284197862
SIG110,GSE17536,9,0.757525225920078,0.929402383153717,0.0336943529470718,0.571241129365372
SIG111,GSE17536,12,0.215954359430198,1.34005517291044,0.0161736410741432,1.92398738505302
SIG112,GSE17536,4,0.000830664231535033,2.28315211243237,0.000830664231535033,2.28315211243237
SIG113,GSE17536,10,0.0452449696758393,1.61034466467182,0.00246908372143314,4.07059733928478
SIG114,GSE17536,18,0.236806241621164,1.32484033633258,0.0289418670027281,1.76246215363744
SIG115,GSE17536,4,0.568428325902673,0.873954157943612,0.246921341165326,0.760156964892299
SIG116,GSE17536,5,0.385825272479405,1.22548772734085,0.0940560069119416,1.48284928159194
SIG117,GSE17536,4,0.514911913845137,0.858449169773429,0.109907630456461,0.591651594214315
SIG118,GSE17536,14,0.0756432120149569,0.654649462654778,0.0106300061673916,0.513716987428505
SIG119,GSE17536,10,0.000878844946116752,2.27334147287715,0.000878844946116752,2.27334147287715
SIG120,GSE17536,3,0.542176133823368,0.865725588749825,0.234902259680138,1.39100393083529
SIG121,GSE17536,6,0.806566925574109,0.94419343399481,0.181535778306172,0.678546426255548
SIG122,GSE17536,8,0.88033776715717,1.03587934226153,0.15878300912758,0.685990142275561
SIG124,GSE17536,4,0.0118650207077584,1.84556442086877,7.3899605464045e-05,2.60507312865459
SIG125,GSE17536,4,0.474934092224854,1.18429292237859,0.433471771499039,1.20285304684249
SIG126,GSE17536,4,0.44149522723462,0.834373720758717,0.0237226969235066,0.445883898157358
SIG127,GSE17536,6,0.00578146070211321,1.95370908255633,0.00434188143181211,2.05953268854411
SIG128,GSE17536,11,0.935339593330346,1.01938273960401,0.29529782164504,0.758846127926319
SIG129,GSE17536,9,0.561832348329437,1.14722741048673,0.261381602754124,0.691628900282279
SIG130,GSE17536,9,0.0292910355666431,1.69012064064299,0.00021258375517257,2.85351563320194
SIG132,GSE17536,5,0.756986019621178,0.929275416927037,0.431878441343114,1.27303827275073
SIG133,GSE17536,5,0.540339198773498,1.15636771110518,0.262177240884617,1.30392460444329
SIG134,GSE17536,8,0.61675702939888,1.12432685651288,0.40901037327209,1.22173483524629
SIG135,GSE17536,3,0.288875120015173,1.28350202045485,0.0947801761060709,1.48413126982877
SIG136,GSE17536,9,0.0285944125067378,1.68079553857812,0.0285944125067378,1.68079553857812
SIG138,GSE17536,5,0.275523699583684,1.29350013410058,0.0497223441904631,1.58377460090814
SIG139,GSE17536,4,0.88044441466342,0.965311482694158,0.0347788652118365,0.601435221843996
SIG140,GSE17536,6,0.0166303988758121,1.77398535893494,0.0098308748444822,1.90342737450057
SIG141,GSE17536,7,0.683064623308006,0.908197918847536,0.0688810006822962,0.631207223828325
SIG142,GSE17536,12,0.582432187131555,0.878908417164714,0.582432187131555,0.878908417164714
SIG143,GSE17536,6,0.383561444964966,1.2289283266563,0.383561444964966,1.2289283266563
SIG144,GSE17536,3,0.896526120208206,1.03095449789071,0.339954974479584,0.762737456069536
SIG145,GSE17536,12,0.270315314631426,1.2991570441828,0.234697069770571,1.40080318337021
SIG146,GSE17536,3,0.243306545218153,0.759026972883337,0.0694210788264785,0.582006042130793
SIG147,GSE17536,3,0.0250427979403008,0.584289637775115,0.0218881192903808,0.582269654569963
SIG148,GSE17536,6,0.106821738348053,1.46329796351838,0.0719883586259332,1.56600844035959
SIG149,GSE17536,8,0.968299483875247,0.990730031676195,0.264110181122317,1.33796229811499
SIG150,GSE17536,10,0.674701931581137,1.1032894245917,0.303642549692607,1.29617268803204
SIG151,GSE17536,8,0.829749340083052,1.05201282797563,0.595393892405485,0.86292276851547
SIG152,GSE17536,8,0.881491015073236,1.03601796811733,0.142482865281669,0.674916526957844
SIG153,GSE17536,8,0.0167947667163361,1.76488304166284,0.00946043790064828,1.84279838353774
SIG154,GSE17536,3,0.00453394284330885,1.99066210159425,0.00182495405140503,2.08027023409713
SIG155,GSE17536,9,0.153186057782355,1.40093367290874,0.0250519779802776,1.81989258746929
SIG156,GSE17536,5,0.234381642958094,0.754498630990644,0.173847121943255,0.726711860036772
SIG157,GSE17536,5,0.20060253683737,1.35143729097029,0.0940788754819182,1.51213695532767
SIG159,GSE17536,6,0.65377699919172,1.11157472918169,0.360260688094339,1.26052052178199
SIG161,GSE17536,4,0.0811136259204386,1.51530650567842,0.00353220464646782,2.04682319432204
SIG163,GSE17536,4,0.209931188583685,1.34536544743824,0.000418292367285931,2.35105407822229
SIG164,GSE17536,4,0.0404794822837898,1.62870268730225,0.012993815258373,2.09445147907295
SIG165,GSE17536,5,0.0896767753820477,1.50452078613513,0.0073129574337705,2.18088747290278
SIG166,GSE17536,3,0.0247552540128212,0.58276074139352,0.00530056071674023,0.513241862251429
SIG167,GSE17536,3,0.537107509610563,1.15630935192133,0.0540138675451191,2.06092881259689
SIG168,GSE17536,9,0.00696948420311708,1.92417584133684,0.00524353502409374,2.11028672432708
SIG169,GSE17536,8,0.401613296131391,1.21812830541028,0.0964107693053109,1.64223533193765
SIG170,GSE17536,6,0.324720756858099,1.26225781752392,0.187974441369751,1.36196202903161
SIG171,GSE17536,4,0.146009109556202,0.706359372392742,0.0124028608719257,0.426365270460514
SIG172,GSE17536,6,0.812243291814152,0.945490995354924,0.168899020698075,1.43633379348999
SIG173,GSE17536,5,0.302259130032685,1.27711016877844,0.0597603950385354,0.525779985950291
SIG175,GSE17536,5,0.349544740137985,1.24797942609551,0.120046657141274,1.47076753206498
SIG176,GSE17536,8,0.239728836556254,0.758276398834789,0.122651612699818,0.630969660596656
SIG177,GSE17536,14,0.723937574047432,1.08691985184704,0.130504088281254,1.44990139177173
SIG178,GSE17536,3,0.0412626078537432,0.611750580894343,0.0191838068781074,0.521972857031914
SIG179,GSE17536,12,0.151903772529393,1.40126886443446,0.0480977158019755,2.02421489523393
SIG180,GSE17536,5,0.0117566372144325,0.541146714944767,0.00470703945737261,0.508205935266138
SIG181,GSE17536,5,0.000421220140297044,0.414511498818733,7.1780471322509e-05,0.37793421279124
SIG182,GSE17536,3,0.169900671375797,0.722938366132876,0.0136629913898011,0.526002975711962
SIG183,GSE17536,4,0.954740381016908,0.986792615213528,0.385368248199775,1.2394747646458
SIG184,GSE17536,3,0.715941232299911,1.09041777415418,0.329652179841567,1.2583848430467
SIG185,GSE17536,22,0.765603362089986,1.07306263955937,0.134388788548924,0.669904546001277
SIG186,GSE17536,18,0.0017448122941623,2.18785170154362,0.0017448122941623,2.18785170154362
SIG187,GSE17536,4,0.977260225723436,0.993340989201201,0.0549844258945416,0.503724251658909
SIG188,GSE17536,6,0.0557472892223942,1.5766908785872,0.0264128430638539,1.85187165601494
SIG189,GSE17536,6,0.111737512493852,1.45587750307627,0.0548170617560456,1.61582828705516
SIG190,GSE17536,7,0.739843242714205,1.08146122260701,0.311104300232568,1.39439297556379
SIG191,GSE17536,3,0.842899855138566,1.04791354595413,0.367774994907346,1.25940532827068
SIG192,GSE17536,3,0.924474694351709,0.978030365293782,0.188323957973076,1.42103843646311
SIG193,GSE17536,7,0.719739551328119,1.08875439976614,0.281396136311928,0.741396791378497
SIG194,GSE17536,6,0.470133884208555,0.843777823237501,0.456133846478249,1.21665637862473
SIG195,GSE17536,12,0.340479691142014,1.25328905208018,0.0635126745577879,0.566173793417799
SIG196,GSE17536,4,0.294208973947385,1.28163014034848,0.00535844780793527,2.06111931551508
SIG197,GSE17536,4,0.0470311684563011,0.620081731864923,0.046567622480273,0.623950805681146
SIG198,GSE17536,3,0.344243395512682,0.800482507149672,0.167260334541587,0.681718176241102
SIG199,GSE17536,5,0.621129342096939,1.12372427685754,0.017553768204051,1.87335842143531
SIG200,GSE17536,3,0.0951486592717579,1.49071269836006,0.00267780292228731,2.02167650828376
SIG201,GSE17536,3,0.1464519879408,1.41306336262568,0.00381727846935574,2.26954816415747
SIG202,GSE17536,29,0.214092641739841,1.3412784129325,0.0157168849136791,1.87384762161858
SIG203,GSE17536,5,0.181283791200806,0.729221989805554,0.0523530857124871,0.625721034573776
SIG204,GSE17536,3,0.903570137088223,1.02880335126044,0.29231678857358,1.27983606182978
SIG205,GSE17536,7,0.00464207035392991,1.98825011541222,0.000404449181752016,2.86565449542
SIG206,GSE17536,11,0.935708050549004,1.01921791880728,0.218080987138641,1.47684280440232
SIG207,GSE17536,13,0.0634591762384994,1.55666822739186,0.0607510813748371,1.59674145751172
SIG208,GSE17536,6,0.110031925002862,0.68454977443764,0.0390663352733581,0.576328868323391
SIG209,GSE17536,5,0.602337882082662,1.12985483322931,0.260484988259059,1.38662746669783
SIG210,GSE17536,13,0.0153956026085601,1.79259751172968,0.00309045948469951,2.00544869728135
SIG211,GSE17536,4,0.89573118266751,1.03117685548939,0.200568850151041,1.46439315238793
SIG212,GSE17536,3,0.461026696031329,1.18915903687391,0.289873370096509,1.35025564923664
SIG213,GSE17536,5,0.0468864022834755,1.61274356479118,0.000423093542601798,2.94762312383012
SIG214,GSE17536,5,0.0604749528684208,0.639204532879252,0.0095043672574313,0.493276944344875
SIG215,GSE17536,4,0.551211887842767,0.869291251471146,0.244535576582589,1.42950802009793
SIG216,GSE17536,4,0.247575727211227,0.759843625102429,0.0104794536564667,0.400143783533503
SIG217,GSE17536,8,0.74093141956315,1.08051452938505,0.0835113415346385,1.76559227098545
SIG218,GSE17536,4,0.0098154004578781,1.86315146033831,0.00110037760344492,3.40503567717521
SIG219,GSE17536,7,0.599783192300288,0.883521145320421,0.178306516325949,0.643258470438077
SIG220,GSE17536,7,0.312061788184653,1.26976153907911,0.0302192334409217,1.87589432985793
SIG221,GSE17536,4,0.219460984234583,0.747167479452871,0.21329302958919,0.745501579799633
SIG222,GSE17536,3,0.727141654478387,1.08579574603268,0.0528273429108529,0.516240420107356
SIG223,GSE17536,4,0.972681694503796,0.991952665819246,0.102683231339276,0.633607053883246
SIG224,GSE17536,3,0.092660765207361,1.4881269635983,0.0173449623063451,1.88934338693782
SIG225,GSE17536,5,0.189707671443882,1.36425024111996,0.00206296747379663,2.2343815750659
SIG226,GSE17536,5,0.456767518973721,0.83972607432938,0.187609374521968,0.729302044642655
SIG227,GSE17536,8,0.0612116386618346,1.56163069797583,0.015503786091481,1.93076781036158
SIG228,GSE17536,6,0.411615732934011,0.823923426107708,0.135066751514561,0.65985502106604
SIG229,GSE17536,4,0.0348548731917471,0.604422737287302,0.0348548731917471,0.604422737287302
SIG230,GSE17536,16,0.0557534955561651,1.58367708157408,0.0248639301189081,1.75365125328341
SIG231,GSE17536,3,0.0732215461380233,0.649912682706272,0.023059142943543,0.40467790471606
SIG232,GSE17536,7,0.761958477832176,1.07414530114008,0.181627040835795,1.54926020672055
SIG233,GSE17536,10,0.931040561940154,1.02061519452605,0.020619291441985,1.84276652663243
SIG234,GSE17536,12,0.214123500008966,1.34283760607227,0.0669312121810172,1.68138544391468
SIG235,GSE17536,6,0.0147080946518526,0.555614434227056,5.72973478900034e-05,0.383055357981045
SIG236,GSE17536,5,0.201562141157512,1.35124754699984,0.0857730550618704,1.57392809630703
SIG237,GSE17536,6,0.282704867068533,1.29038324261815,0.181297372569398,1.36868434100425
SIG238,GSE17536,6,0.235831082965272,1.32296903633685,0.208226817019164,1.35395623154489
SIG239,GSE17536,7,0.496709660665483,1.17423923360692,0.295927244405558,1.36531194748917
SIG240,GSE17536,6,0.293327161649602,1.282547774,0.144569495423722,1.48808586034889
SIG241,GSE17536,4,0.161231873980491,1.39054399714763,0.151010181918926,1.43210730238962
SIG242,GSE17536,6,0.847888636689649,1.04595047846794,0.200445637436676,1.45013388309027
SIG243,GSE17536,8,0.280551112594939,0.775795026973835,0.220358636238723,0.746951361902412
SIG244,GSE17536,13,0.0245780911833408,1.71361905388622,0.0245780911833408,1.71361905388622
SIG245,GSE17536,3,0.412807870589335,1.21324824565842,0.409800041804418,1.21822576325026
SIG246,GSE17536,5,0.314260777015601,0.78932644289806,0.0120731378819162,0.545335243438933
SIG247,GSE17536,3,0.61935731696637,1.12345499850179,0.0664024336779438,1.59064595899632
SIG248,GSE17536,5,0.441426416548824,0.834189297473455,0.0484761296722639,0.621300137102873
SIG249,GSE17536,4,0.683440961068681,1.10026867592873,0.463404462087592,1.1932023200377
SIG250,GSE17536,4,0.0245736236076954,1.71268052222935,0.0245736236076954,1.71268052222935
SIG251,GSE17536,13,0.010821149732536,0.538682929701111,0.010821149732536,0.538682929701111
SIG252,GSE17536,3,0.0537130642457708,0.629806698484076,0.00890749094010657,0.51148668927629
SIG253,GSE17536,3,0.02024321027713,1.7586896387605,0.000300453464280137,2.47617559961886
SIG254,GSE17536,3,0.583772535531198,1.13743506737144,0.0506018166222893,2.00986208742938
SIG255,GSE17536,2,0.451901708918148,0.838092852369995,0.155146738497037,0.615842917540869
SIG256,GSE17536,5,0.17936637314246,1.37682270650986,0.0253682238918219,1.94685945183021
SIG257,GSE17536,3,0.334248117212823,1.25453334736363,0.11234631751273,1.48592121729021
SIG258,GSE17536,4,0.553612063082596,0.869863653045321,0.278226895192128,0.729900941048641
SIG259,GSE17536,5,0.419750672223099,0.826939419863639,0.187904361543497,0.697851822774039
SIG260,GSE17536,5,0.140730827187486,1.41815966776176,0.017856216218661,2.56732525429231
SIG261,GSE17536,14,0.299762442770933,1.27562580653324,0.0953991979491695,1.56419481404846
SIG262,GSE17536,6,0.353861014835277,1.24373232308194,0.217089649587687,1.33797337524403
SIG263,GSE17536,4,0.528611946531951,0.861599204638549,0.28325409076271,0.77761629750702
SIG264,GSE17536,6,0.0167777614870195,1.77272550264427,0.000235218624481859,2.43594528439677
SIG265,GSE17536,7,0.0166945702284307,0.559583206229224,0.0013923885358413,0.470659119718646
SIG266,GSE17536,5,0.177963542015076,1.38145170205502,0.00141289490450345,2.59061602665179
SIG267,GSE17536,11,0.386288480788623,1.22554474369832,0.0389703078554223,1.62327142713019
SIG268,GSE17536,6,0.265259346733763,1.30249859171745,0.0213746969274026,2.12742236197256
SIG269,GSE17536,3,0.095581255733207,1.48411746451347,0.00891641870399358,1.85362472449001
SIG270,GSE17536,4,0.0400561335111358,0.606307856532085,0.0400561335111358,0.606307856532085
SIG271,GSE17536,5,0.025523972384733,1.71608695525181,0.025523972384733,1.71608695525181
SIG272,GSE17536,4,0.0122557235027805,1.84531084166835,0.00334653455762704,2.02088024546649
SIG273,GSE17536,4,0.0900382574062255,0.667550197914121,0.00267472605676125,0.451764318849356
SIG274,GSE17536,8,0.327830803423797,0.792663686485744,0.223647897601535,0.744654013021864
SIG275,GSE17536,4,0.376378114250637,1.23362989328808,0.283324064502543,1.32724319914401
SIG276,GSE17536,12,0.13572371861609,1.4220619613757,0.0765293544705058,1.51573285790005
SIG277,GSE17536,6,0.746472603573442,1.07929857533065,0.30480846712513,0.714282121747324
SIG278,GSE17536,5,0.281762224736299,1.28820255593625,0.123738078755591,1.43460705734536
SIG279,GSE17536,7,0.469514883563595,1.18629717946282,0.126128883326711,1.57737334545473
SIG280,GSE17536,4,0.686213309918105,1.09922203573135,0.238150136652277,1.37869070314652
SIG281,GSE17536,4,0.00868433328707106,1.88724329097166,0.00868433328707106,1.88724329097166
SIG282,GSE17536,16,0.129351845944266,1.43522834690387,0.0304050214288553,2.16416342615114
SIG283,GSE17536,10,0.26860436412251,1.29670854805594,0.059374581444228,1.95845343529108
SIG284,GSE17536,3,0.0104973062308429,1.85732745702635,0.00250272529072232,2.08810410948924
SIG285,GSE17536,9,0.57484800921526,1.14049171290495,0.0530066571727528,1.60175197414134
SIG286,GSE17536,5,0.847045145450436,1.04629663883771,0.183725556809588,1.48598074388939
SIG287,GSE17536,3,0.228435277213409,1.32876373291751,0.0769681731667436,1.8785034400642
SIG288,GSE17536,5,0.19171795072197,0.732847340270468,0.119462326940739,0.659249280511779
SIG289,GSE17536,16,0.880370584543437,0.965089295134116,0.140228264018876,0.651418811578008
SIG290,GSE17536,3,0.0192964730056848,1.75207653567243,0.001974512318858,2.12366569990491
SIG291,GSE17536,3,0.0926139522836984,1.48724375150564,0.00490145990601998,1.99706548029495
SIG292,GSE17536,14,0.877485427472124,0.964306690046839,0.168536307469724,1.43676641037425
SIG293,GSE17536,6,0.398014171719895,0.818114882224557,0.044767900707589,0.529767678375117
SIG294,GSE17536,4,0.395375648443055,0.819072743940504,0.300561110914304,0.774248876103092
SIG295,GSE17536,7,0.697464246900147,0.912971947332536,0.206680075828199,0.6706265490586
SIG296,GSE17536,11,0.128202176927382,0.697341651087745,0.0444540682061334,0.597388619568005
SIG297,GSE17536,11,0.501781127384068,1.17224427575827,0.0620419254887598,1.59429646253579
SIG298,GSE17536,9,0.545481808677984,0.867078844087094,0.0264498407893679,0.561642704993326
SIG300,GSE17536,5,0.42036771979479,0.827607208973708,0.238774930727617,1.33466059249803
SIG301,GSE17536,7,0.0498279151444693,0.625140927741581,0.00877911058491685,0.540258692167199
SIG302,GSE17536,6,0.533545764748688,0.864006382839824,0.0565853445254282,0.52157322380346
SIG303,GSE17536,3,0.689666718945219,0.910605337550132,0.147056486234588,0.631462523397424
SIG304,GSE17536,4,0.156995842858763,0.715069397960976,0.0805186183112629,0.654276794393745
SIG305,GSE17536,7,0.0536171422924524,1.58299327806107,0.0195404533301244,1.75301266559727
SIG306,GSE17536,11,0.174103313513329,1.38119168102919,0.101566046567487,1.74771508021267
SIG307,GSE17536,13,0.252181480439829,1.30936070777466,0.0490714088750341,1.74790007862493
SIG308,GSE17536,5,0.0174933695893739,1.77207433118306,0.0174933695893739,1.77207433118306
SIG309,GSE17536,3,0.0439546036543974,1.61521301091697,0.00361026934781311,2.43944144758047
SIG310,GSE17536,4,0.716196120866085,1.08904884108858,0.162111691794945,1.43163326126635
SIG311,GSE17536,4,0.160240295906987,1.39156817946888,0.020462016459636,1.72853478053478
SIG312,GSE17536,9,0.23490535987354,1.32349398829451,0.23490535987354,1.32349398829451
SIG313,GSE17536,3,0.123963657226234,0.693197202800691,0.0110920685732518,0.511221217231551
SIG314,GSE17536,7,0.0721086695272885,1.53484618197761,0.00698530739159473,1.96441519318013
SIG315,GSE17536,8,0.242489978721654,0.758929533409973,0.0540394433463932,0.615131040915066
SIG316,GSE17536,10,0.0294897694652235,1.68430481473315,0.00341270131109653,2.45428198330464
SIG317,GSE17536,7,0.216476475638931,1.33741579117083,0.136507253583699,1.42813866263918
SIG318,GSE17536,4,0.610800111425169,1.12674751750581,0.223032415287842,0.679671383856891
SIG319,GSE17536,8,0.0683328283266073,1.53835908564806,0.00456116349547725,1.96320074989057
SIG320,GSE17536,8,0.976859726709151,0.993211522948457,0.0310150306290331,1.71515282990544
SIG321,GSE17536,3,0.680983887941985,1.10193451430971,0.174873424487216,1.39741180525278
SIG322,GSE17536,7,0.543678873765451,1.15406145326218,0.126298494526798,1.49552643515972
SIG323,GSE17536,5,0.0332575799856485,1.66031325587691,0.0126581632814568,1.7974754057879
SIG324,GSE17536,3,0.293204640983516,0.779761790902496,0.0197402997648496,0.565498257057631
SIG325,GSE17536,3,0.200531948431793,1.35419713687234,0.0581021963291054,1.78805752830508
SIG326,GSE17536,9,0.307084166108938,1.2718653740719,0.117965163422299,1.59404256067549
SIG327,GSE17536,2,0.0216307632032581,1.75028864253879,0.0026273855991674,2.05434264698156
SIG328,GSE17536,9,0.193361079837644,0.735418961011631,0.00298306229379987,0.467188097886431
SIG329,GSE17536,4,0.508859820261571,1.16866117619173,0.357906505383752,1.24336352913004
SIG330,GSE17536,16,0.879710418608841,1.03634869958541,0.170661348276232,0.719299373528631
SIG331,GSE17536,4,0.372583791697995,1.23337811644404,0.00514024113082181,2.42184946829134
SIG332,GSE17536,3,0.153844958748286,1.40034880898571,0.00596478969672524,2.00915854783808
SIG334,GSE17536,4,0.654701051423455,1.11146685385793,0.0366424175554686,1.63690580719588
SIG335,GSE17536,7,0.0740454273100768,1.52463024766977,0.0307580075281848,1.76511345341819
SIG336,GSE17536,3,0.707728689649642,1.09307377215163,0.379430911675771,1.23588946232562
SIG337,GSE17536,4,0.125275657602427,0.695918502109605,0.00567598091777759,0.516801111532331
SIG338,GSE17536,3,0.268227906227879,0.769590132055964,0.121917069640606,1.66056037924007
SIG001,GSE17537,4,0.569889155346761,1.29119741215178,0.163579290067137,1.97892733984979
SIG002,GSE17537,4,0.433230574553584,1.42261000869996,0.0651602348329248,2.2966894610503
SIG003,GSE17537,11,0.420627592413455,1.43634846643622,0.0505613140143876,2.40337438392348
SIG004,GSE17537,8,0.474847936051509,1.37954721498149,0.108996399944593,2.13640609489734
SIG005,GSE17537,6,0.491946128287915,1.36212316657005,0.134237242353627,2.08203265043506
SIG006,GSE17537,8,0.776766249262971,0.8802322468974,0.0570322500087732,0.409090071288282
SIG007,GSE17537,15,0.901278035093039,1.05707502269862,0.506404062417571,1.35454810289831
SIG009,GSE17537,6,0.66623740839894,1.2129659012545,0.06994252267264,3.86510419060456
SIG010,GSE17537,6,0.0925945499908293,2.20628152126655,0.0779626982878561,2.24465621617965
SIG011,GSE17537,3,0.0479831200943611,0.380761213372106,0.0466422061506061,0.402667214142501
SIG012,GSE17537,3,0.626480049947692,0.803436983028956,0.260573278317025,0.589959401333083
SIG013,GSE17537,9,0.472719006883719,1.38137597674208,0.186139746897794,2.09480073986127
SIG014,GSE17537,15,0.0746105224087843,2.31458205944729,0.0229323150427712,2.94783154019294
SIG015,GSE17537,3,0.106659428856427,2.13133094707566,0.0328350870458509,3.01270126884298
SIG016,GSE17537,50,0.985433971884831,0.991852938837043,0.429504524994038,0.6093938705786
SIG018,GSE17537,9,0.429121229788615,1.42728076386928,0.0392772189975626,2.52213024426837
SIG019,GSE17537,12,0.095292016622526,2.18743707394987,0.0387848934641534,2.57385818552785
SIG020,GSE17537,3,0.77360669953466,0.878686641984197,0.115696871420208,2.15737680230898
SIG021,GSE17537,8,0.0854606952562365,2.24222140942197,0.0854606952562365,2.24222140942197
SIG022,GSE17537,4,0.25777401025705,1.67733525591002,0.110978500080024,2.04833241611392
SIG023,GSE17537,9,0.707061127099835,0.84447014692875,0.183525972813419,0.47528075286461
SIG024,GSE17537,6,0.0990564393520961,2.16848794304478,0.00865689070640822,3.43383193202997
SIG025,GSE17537,11,0.423854979896004,1.43316782654849,0.0809017869660438,2.35905423357483
SIG026,GSE17537,29,0.374903899792732,1.49044074265643,0.374903899792732,1.49044074265643
SIG027,GSE17537,4,0.628480203884734,0.804504426713181,0.090025137588227,0.460514837289414
SIG028,GSE17537,4,0.0175735569057247,3.19490066245639,0.00535213680478898,3.71122855852618
SIG029,GSE17537,4,0.599432537963056,0.789648021799268,0.231205971022531,0.409612156893665
SIG030,GSE17537,7,0.157702574726513,1.9076238560351,0.0407837334955289,2.51837478990099
SIG031,GSE17537,4,0.317561972442299,0.633001764583182,0.235585551725502,0.586209087033796
SIG032,GSE17537,10,0.450401593672043,1.40486978017822,0.0763423392112052,2.22682991701141
SIG033,GSE17537,9,0.440670503221501,1.41511325446294,0.0444844874288856,2.46999064719833
SIG034,GSE17537,14,0.351153496176629,0.653181885475469,0.0674478017749274,0.440961607598364
SIG035,GSE17537,2,0.835890835342088,1.09712329915639,0.412231458091255,1.67207037114984
SIG036,GSE17537,12,0.0651277620616135,2.37902353490074,0.0569320727839157,2.35826225910975
SIG037,GSE17537,13,0.0695402752557192,2.34496421975275,0.0318185852951355,2.62174666028147
SIG038,GSE17537,3,0.817982251732407,0.902146477672251,0.278359159815353,0.609070664185493
SIG039,GSE17537,14,0.45886195127236,0.713063155714514,0.35572328632246,1.6129316863349
SIG040,GSE17537,13,0.764035075937897,1.14377860591975,0.0839428419213701,2.44687791762897
SIG041,GSE17537,10,0.0638399850480866,2.38793349816678,0.0638399850480866,2.38793349816678
SIG042,GSE17537,7,0.0221000856694884,0.326323555330265,0.0221000856694884,0.326323555330265
SIG043,GSE17537,14,0.711599368982698,1.17997925991216,0.347069478674896,1.69276491402988
SIG044,GSE17537,3,0.508793263490699,1.34598567443379,0.179806105517043,2.31800581669584
SIG045,GSE17537,6,0.065186801449915,2.37884947434096,2.20603727941094e-05,7.21536312573943
SIG046,GSE17537,4,0.30997572745082,0.628707637325208,0.188164279126921,0.43845390284362
SIG047,GSE17537,4,0.748448850854735,0.865725776293121,0.103053450706514,2.23207631531208
SIG048,GSE17537,11,0.499401617955271,1.3553428647995,0.356519380669182,1.61145738622873
SIG049,GSE17537,14,0.0199889650250295,3.12138858882008,0.0199889650250295,3.12138858882008
SIG050,GSE17537,5,0.258451856675297,1.67546402272717,0.03761489047074,3.20042652839055
SIG051,GSE17537,7,0.528613885851798,1.32777239132633,0.207200839012912,1.85245996530224
SIG052,GSE17537,19,0.46051713724796,1.39373082983233,0.0229255716380717,2.93327756688866
SIG053,GSE17537,9,0.0823916875930609,2.26332646358572,0.000848487004171953,4.65339345505575
SIG054,GSE17537,45,0.160086112087749,1.90218154113064,0.061326410163342,2.32837092310288
SIG055,GSE17537,20,0.0707183483094796,2.33895685882726,0.00238661569558243,3.96031019201287
SIG056,GSE17537,6,0.666077349204265,0.823647665599753,0.341654929416108,0.647823312023648
SIG057,GSE17537,8,0.542391181198208,1.31534734973823,0.185552438779359,1.91108873242818
SIG058,GSE17537,22,0.657986154410486,0.819515420262397,0.205115992018994,0.565508076372224
SIG059,GSE17537,13,0.0722429002781413,2.32760181755094,0.00448609858603933,3.82566069023848
SIG060,GSE17537,6,0.378365048549633,0.668735225929119,0.0541136900313982,0.404454520597013
SIG062,GSE17537,42,0.528856958396196,1.32785548696863,0.201233300096261,1.823973306126
SIG063,GSE17537,19,0.70602483750731,1.18390609252684,0.299459910298822,1.71020590848524
SIG064,GSE17537,3,0.00510566746514915,4.26729611940556,0.000965170730743266,5.06611947067053
SIG065,GSE17537,5,0.403867779414756,1.45617664399313,0.0492737391358937,2.42352576953425
SIG066,GSE17537,11,0.00736691231432779,4.0065774622242,0.00736691231432779,4.0065774622242
SIG067,GSE17537,5,0.220557804282628,1.75253907798458,0.0783195462623574,2.21446601070403
SIG068,GSE17537,5,0.479451962895232,1.37464207740347,0.0133145891299377,3.03636987815736
SIG069,GSE17537,7,0.829692208523339,0.907773316389466,0.464778900799796,1.38944682009925
SIG070,GSE17537,3,0.853967835802475,1.08581286968239,0.577273024900294,1.31265231309802
SIG071,GSE17537,13,0.176534915766777,1.85556691912839,0.176534915766777,1.85556691912839
SIG072,GSE17537,14,0.887211851874768,1.06551018546685,0.169700977306861,1.85728181437743
SIG073,GSE17537,16,0.417468068136574,1.44041249315886,0.023242789619586,5.44088149665323
SIG074,GSE17537,11,0.891295167470863,1.06306047105782,0.254418384445179,1.6658645518416
SIG075,GSE17537,13,0.102594722333034,2.15220293217421,0.0399903479855131,2.5603978854319
SIG076,GSE17537,8,0.394484477277672,1.46659264774559,0.136325691952611,2.07165837223666
SIG077,GSE17537,7,0.617250190047767,0.798761826127947,0.212727377187164,1.7947738780557
SIG078,GSE17537,5,0.685526268884014,0.833478234299084,0.230616648111614,0.58317950976268
SIG079,GSE17537,5,0.303075241675582,1.58977699077602,0.130012316334919,2.33453349577681
SIG080,GSE17537,8,0.23471760657994,1.72145990073578,0.052354206738789,2.49470962249758
SIG081,GSE17537,5,0.410603544355919,1.44817987142275,0.171225223413584,2.77468937390995
SIG082,GSE17537,6,0.00499014866201559,4.28763190172827,0.00207448971010416,4.04313383642481
SIG083,GSE17537,16,0.0887254324426293,2.22559628969117,0.0499387322747173,2.4610274460432
SIG084,GSE17537,15,0.0214251171759404,3.07999646104533,0.0207997807098511,2.96649657742364
SIG085,GSE17537,7,0.294112182167638,1.61487541011299,0.107341630520999,2.29917330169141
SIG086,GSE17537,5,0.112967796632193,0.475348551007551,0.0162891156726451,0.339973280762379
SIG087,GSE17537,5,0.371362001957807,1.49572544420049,0.145487216277223,1.92250050097175
SIG088,GSE17537,6,0.701922527246704,0.841882844492074,0.156388089639846,2.00046640641154
SIG089,GSE17537,5,0.1125997024655,2.10473524848274,0.0476249648710611,2.53276207876771
SIG090,GSE17537,4,0.549783445658063,1.30863538205086,0.086434891726439,2.92843955406517
SIG091,GSE17537,7,0.489636194582702,1.36426892513947,0.127501756888282,1.98651590460893
SIG093,GSE17537,9,0.548144458491916,1.31023990974444,0.0342650265229941,2.648886887763
SIG094,GSE17537,3,0.213766631388077,1.76465541563596,0.0601064722537197,2.4204645721899
SIG095,GSE17537,16,0.159020587887293,1.90538137302997,0.0119525489522036,3.10055820771833
SIG096,GSE17537,11,0.0113546075099745,3.70829943921818,0.0006692237894639,4.99044337426497
SIG097,GSE17537,14,0.208625308120145,1.77623735582279,0.00294463388838327,3.92086077365923
SIG098,GSE17537,5,0.557892654151674,1.301569901688,0.0997440009066952,2.34109879488677
SIG099,GSE17537,11,0.201580931046377,1.79317730206671,0.049096071784488,2.41936940701103
SIG101,GSE17537,8,0.182524727888006,1.83947104559776,0.0625310527354928,2.30785142878774
SIG102,GSE17537,4,0.548227421135161,0.763267300670952,0.222074894078359,2.14900963006205
SIG107,GSE17537,13,0.45632501172193,1.39796655974791,0.0493953530715951,0.39731412583701
SIG108,GSE17537,13,0.780199479835236,1.13300889224949,0.4985091401809,1.35381917713927
SIG109,GSE17537,7,0.939225463065456,1.03471036518551,0.0894800818157783,2.15415650511956
SIG110,GSE17537,9,0.506772206497227,1.34857590884435,0.406609639017052,1.5371753122659
SIG111,GSE17537,12,0.433292123037563,1.42284136618364,0.094012523162369,2.5524456299608
SIG112,GSE17537,4,0.253433001704905,1.68459207239983,0.114921472050821,2.41635346466196
SIG113,GSE17537,10,0.737836099364079,0.86016960075557,0.227741117375194,1.86494872371584
SIG114,GSE17537,18,0.817746637211697,1.10883522874572,0.151063163840192,2.91947267196451
SIG115,GSE17537,4,0.276392614934002,1.64395524694777,0.184975320312453,1.91125446503238
SIG116,GSE17537,5,0.0300376768994693,2.8934658292418,0.0224163922470846,2.94300807179084
SIG117,GSE17537,4,0.189519353710922,1.82184542223761,0.165247034466363,1.97474278143313
SIG118,GSE17537,14,0.212727254302841,1.76697887279967,0.0172569463445311,3.11073981678504
SIG119,GSE17537,10,0.799643539661505,1.12027708361818,0.173972038785062,1.84387396608455
SIG120,GSE17537,3,0.892521621384358,1.06242474464322,0.0786012769061927,0.373427459331693
SIG121,GSE17537,6,0.334308720153379,0.643298236640081,0.172923110352288,0.513428749530523
SIG122,GSE17537,8,0.151509133336198,1.92616419435113,0.0136246981063429,3.20045565350684
SIG124,GSE17537,4,0.00452404191277763,4.35733331036602,0.00452404191277763,4.35733331036602
SIG125,GSE17537,4,0.881160945192187,1.06922607808076,0.255039255930496,1.66503533794941
SIG126,GSE17537,4,0.338510147750237,0.645656195380097,0.0176727911160034,0.324272801690621
SIG127,GSE17537,6,0.282348439355733,1.63384999136742,0.0284906569407435,2.81314805107346
SIG128,GSE17537,11,0.417105099440161,1.44033931464564,0.0169675434414003,3.06972517806626
SIG129,GSE17537,9,0.20454001283366,1.78648276971007,0.0934328050301052,2.15546010707686
SIG130,GSE17537,9,0.241354343709302,1.70775820873254,0.0269033258211199,2.71071580189674
SIG132,GSE17537,5,0.235684237439226,1.71969597990639,0.203086907146528,1.79174898542009
SIG133,GSE17537,5,0.775086848449023,1.13642863314211,0.0132791940042443,3.23497837193038
SIG134,GSE17537,8,0.820026743179716,1.1072890516855,0.144355806651575,2.26397679162925
SIG135,GSE17537,3,0.530840240314017,1.32553042725546,0.160126193730446,1.93346847301558
SIG136,GSE17537,9,0.0335205224340953,2.83280341557414,0.00898132529871258,5.16027623213861
SIG138,GSE17537,5,0.653129426889275,0.816849034491271,0.0875897171338548,0.413181488047802
SIG139,GSE17537,4,0.404763735216226,0.683535458739465,0.0840415866126016,0.461352173688874
SIG140,GSE17537,6,0.449788321648272,1.40519511370361,0.232695769396059,1.75306143086586
SIG141,GSE17537,7,0.123317333024145,0.484500699626267,0.123317333024145,0.484500699626267
SIG142,GSE17537,12,0.373844907947706,1.49209738558669,0.113432350850525,2.06607678134592
SIG143,GSE17537,6,0.545778253774899,0.762028317408583,0.193774359137889,0.379382713986111
SIG144,GSE17537,3,0.343817856652172,1.53125681852948,0.0224187517877715,2.86092282624933
SIG145,GSE17537,12,0.475136738284554,1.37907623528783,0.260371335821277,1.66024325804787
SIG146,GSE17537,3,0.150566804241826,1.9298043000472,0.13738012792746,1.94659787333856
SIG147,GSE17537,3,0.163875843108794,0.520194190125545,0.0673114355756787,0.317429343632889
SIG148,GSE17537,6,0.222947231892789,1.74470854937221,0.0641744246221132,2.3335805004964
SIG149,GSE17537,8,0.0720677925795659,2.3291158828179,0.0720677925795659,2.3291158828179
SIG150,GSE17537,10,0.74325233334634,0.863054716197815,0.459560643669526,0.71315455391101
SIG151,GSE17537,8,0.379478845069647,0.669488667327149,0.171426492371149,1.95099295749213
SIG152,GSE17537,8,0.817839233558333,0.90159025509273,0.382352135656608,1.57093914299508
SIG153,GSE17537,8,0.930624803581492,1.03971247111043,0.0480711551387443,2.47306011796265
SIG154,GSE17537,3,0.0623094564485329,2.4014975945453,0.0128097606943291,3.08099022729667
SIG155,GSE17537,9,0.282772883872404,1.63589376987663,0.0710322184631911,3.84972751810526
SIG156,GSE17537,5,0.338197944740617,0.645559657712242,0.235405628168292,0.572964024187154
SIG157,GSE17537,5,0.158826837481366,1.90485737656391,0.0178817784707328,3.05743961232533
SIG159,GSE17537,6,0.16491426835893,1.88852756849215,0.135812626014808,2.01771593867052
SIG161,GSE17537,4,0.719703331598741,0.85100651124326,0.525435122766668,1.33036891591761
SIG163,GSE17537,4,0.0783973240461352,2.28909141544161,0.0269839620411232,2.84438177243383
SIG164,GSE17537,4,0.223186398260416,1.74471963199389,0.00518545538558615,3.5419975573857
SIG165,GSE17537,5,0.301583213909923,0.622752294318874,0.199152567931576,0.447204931824207
SIG166,GSE17537,3,0.939734703959395,0.966576321258026,0.358593026927702,1.56597703191937
SIG167,GSE17537,3,0.0277082871500302,0.339783629426337,0.0205949445615363,0.300734457152545
SIG168,GSE17537,9,0.00641842417260425,4.10299495874807,0.00641842417260425,4.10299495874807
SIG169,GSE17537,8,0.469424350547546,1.38514149374149,0.198842984672631,2.60756336609133
SIG170,GSE17537,6,0.049161557996777,0.38255535685285,0.0104491846157644,0.23826264183322
SIG171,GSE17537,4,0.418588595164826,1.43871779745331,0.400435373264967,1.46827298529913
SIG172,GSE17537,6,0.483898495070497,0.72635258581039,0.13622089945501,0.511569673583364
SIG173,GSE17537,5,0.0930604330701495,2.20163568782094,0.0768273753385633,2.24574225310981
SIG175,GSE17537,5,0.1246547351264,0.48554964622775,0.0637236652870096,0.417510713245474
SIG176,GSE17537,8,0.57973140254208,0.779544216507184,0.191094231399065,1.89432949916807
SIG177,GSE17537,14,0.791639050416513,0.887997656593032,0.37920614738813,0.674793072202065
SIG178,GSE17537,3,0.976752546385126,1.01312743072677,0.0356747822432834,0.3804953176322
SIG179,GSE17537,12,0.155904929159429,1.91466587467786,0.0384687619117438,2.58166971338143
SIG180,GSE17537,5,0.370253728852603,0.664248678461333,0.101210405197844,0.39967082579863
SIG181,GSE17537,5,0.514584772088797,0.745811909939339,0.0078920399196667,0.297748316087873
SIG182,GSE17537,3,0.197701821002043,1.80100317612578,0.148315131564586,0.403948606706175
SIG183,GSE17537,4,0.0581039590595953,2.43532247918865,0.00908156399219198,3.25478796742286
SIG184,GSE17537,3,0.869775240220584,1.07608446574305,0.225609003616844,1.72045658620353
SIG185,GSE17537,22,0.0895939122001641,2.21886493853361,0.0895939122001641,2.21886493853361
SIG186,GSE17537,18,0.0788971192523414,2.28351878719529,0.0392409868695584,3.17142556607947
SIG187,GSE17537,4,0.229415626947548,1.73282030325621,0.10987446144742,2.44617738884459
SIG188,GSE17537,6,0.467047472755735,1.38684900254111,0.196279384863249,1.87989779476155
SIG189,GSE17537,6,0.369241189416109,1.4984400236071,0.0146815061124254,3.18383778337755
SIG190,GSE17537,7,0.462435849790335,0.714641481672535,0.00806853060327263,0.303020108036368
SIG191,GSE17537,3,0.679168117235351,0.830308709205391,0.541702218995907,1.37123958022168
SIG192,GSE17537,3,0.184033312757812,1.83505135536819,0.0120565990840058,3.10868546230097
SIG193,GSE17537,7,0.375025581006637,0.666900498069509,0.136002091492099,0.50589225356271
SIG194,GSE17537,6,0.134175720534502,0.49516149452677,0.0276489864272415,0.372701547183578
SIG195,GSE17537,12,0.0764312343688049,2.29838864403992,0.0764312343688049,2.29838864403992
SIG196,GSE17537,4,0.0667886814911156,2.36675913895838,0.0183150795733741,3.05386580827857
SIG197,GSE17537,4,0.463036081474054,1.39108483405811,0.0372848553358579,2.67831818374189
SIG198,GSE17537,3,0.70175991199869,0.841847337663815,0.0749711226005703,0.160706092760339
SIG199,GSE17537,5,0.206788526659691,1.78014988790913,0.0612026641157169,2.35257362399749
SIG200,GSE17537,3,0.0261468707796474,2.97027357720242,0.00244446503285041,3.96283378758671
SIG201,GSE17537,3,0.106427740970227,0.468783422808114,0.069397711224406,0.425854162731665
SIG202,GSE17537,29,0.055058186073834,2.46854264258674,0.00743948785254977,5.36974868774847
SIG203,GSE17537,5,0.591075975167999,1.27331418840031,0.46679237988311,0.686517901480759
SIG204,GSE17537,3,0.277667613048142,0.609009342218811,0.205348004191202,0.388900295847317
SIG205,GSE17537,7,0.904349125286175,1.05522603088164,0.0687003360348233,3.88775597067118
SIG206,GSE17537,11,0.628968055708868,1.24290811200011,0.0169613247199424,2.94528974955171
SIG207,GSE17537,13,0.141710659983773,1.95986527336531,0.141710659983773,1.95986527336531
SIG208,GSE17537,6,0.0199944691707994,3.1264317527797,0.0199944691707994,3.1264317527797
SIG209,GSE17537,5,0.676342982182902,0.828771528937768,0.172622924077023,1.94726826127101
SIG210,GSE17537,13,0.0809615783905829,2.27202593828236,0.0109032102488494,3.16904006875218
SIG211,GSE17537,4,0.280833613784905,1.63652189776309,0.0660999815635548,3.16540741441866
SIG212,GSE17537,3,0.606729602981423,1.26052428902284,0.296831386798855,1.59558482914419
SIG213,GSE17537,5,0.0179404434879149,3.18609887227603,0.0179404434879149,3.18609887227603
SIG214,GSE17537,5,0.249901760885808,1.69164840485179,0.219901176460887,2.49600940751609
SIG215,GSE17537,4,0.807095057186392,1.11544245937335,0.0471268643263903,2.4402061840143
SIG216,GSE17537,4,0.941671541653545,1.03328072905586,0.303507882502256,1.60011752357851
SIG217,GSE17537,8,0.019756991265728,3.13142861717111,0.0148562738327059,3.00365307477943
SIG218,GSE17537,4,0.798817560112844,1.12083195260619,0.195596960797515,1.78524228643704
SIG219,GSE17537,7,0.369732784809209,1.49706074184749,0.196454508849373,0.381718421899237
SIG220,GSE17537,7,0.634639536357341,1.23733593206218,0.201109829434076,1.93719932074318
SIG221,GSE17537,4,0.710090209630959,1.1811602011374,0.431083784717999,1.42335441234984
SIG222,GSE17537,3,0.821780465419903,0.903665633222205,0.370580833363764,0.629742304548297
SIG223,GSE17537,4,0.725062937895755,0.853754958840976,0.371175361415135,1.50543858652871
SIG224,GSE17537,3,0.146206062676609,1.94583487841521,0.0522283735980827,2.40249865604036
SIG225,GSE17537,5,0.417279063309946,1.44027033325065,0.0387669099825447,2.52784328235161
SIG226,GSE17537,5,0.384187137447244,0.671827342270792,0.114496070820595,0.413317714398472
SIG227,GSE17537,8,0.463737136607957,1.3902209620057,0.223199688275595,1.72931504696955
SIG228,GSE17537,6,0.197654687557111,1.80324993228726,0.0602154975112334,2.33849602009327
SIG229,GSE17537,4,0.112542092250803,0.474173503834737,0.0319734849905167,0.201676204965856
SIG230,GSE17537,16,0.590059027095537,0.784528719494969,0.162542189856173,2.40016245140866
SIG231,GSE17537,3,0.798078694750231,1.12126090335123,0.173202298126086,2.0226392693988
SIG232,GSE17537,7,0.0717338741377389,2.33075888298826,0.0690655538960648,2.26910902529409
SIG233,GSE17537,10,0.520590890978676,1.33546372873785,0.0173874724619474,3.13799791346217
SIG234,GSE17537,12,0.515222010593366,1.34139580258135,0.0679458012272275,2.31627637619122
SIG235,GSE17537,6,0.541148692837866,0.759620306764681,0.164442093012266,0.354431022382943
SIG236,GSE17537,5,0.180706958552979,1.84421433066627,0.0315687606575476,2.76385741890506
SIG237,GSE17537,6,0.339866606545522,1.53654085971177,0.00644761348385309,3.43371211252101
SIG238,GSE17537,6,0.204817761994357,1.78632693395185,0.0633599604984344,2.30764661435966
SIG239,GSE17537,7,0.367934989190416,1.5000682203552,0.116593107415385,2.15697274590986
SIG240,GSE17537,6,0.531681657263579,1.32485739947645,0.224645081617045,1.72351887082182
SIG241,GSE17537,4,0.828539376899435,1.10173339286557,0.0584338507981555,0.420526158534303
SIG242,GSE17537,6,0.699071663663827,0.840452443598086,0.222868916565269,1.97982581484345
SIG243,GSE17537,8,0.2352902943962,1.72158081170835,0.0609612768565967,2.36249134824143
SIG244,GSE17537,13,0.472189595410414,1.38195958236367,0.180592911194283,1.999083870623
SIG245,GSE17537,3,0.100459254017074,2.16181863380514,0.022565055346875,2.93519490755131
SIG246,GSE17537,5,0.807164539335238,0.896033053068134,0.0359355709624346,2.62627747176782
SIG247,GSE17537,3,0.0334241058823764,2.82851408614742,0.0120343992492933,3.41618405646839
SIG248,GSE17537,5,0.607938752675987,1.2600010558288,0.288035031262529,1.64794854319651
SIG249,GSE17537,4,0.832626541745271,1.09923248093381,0.360607446966661,1.60437676112756
SIG250,GSE17537,4,0.587261913865928,1.27639193359896,0.095685708136349,3.46464685726085
SIG251,GSE17537,13,0.769396027995982,0.876488316242658,0.077471002022939,0.436281113036482
SIG252,GSE17537,3,0.673444583110791,0.827404859944737,0.178575263163512,0.518424967475485
SIG253,GSE17537,3,0.793947137465873,1.12399280503103,0.465777323384601,1.39543620428416
SIG254,GSE17537,3,0.94286038422621,1.03262352231552,0.228105765134416,1.96204275543316
SIG255,GSE17537,2,0.668649521913356,0.824895054901442,0.178398266753699,0.430117582520457
SIG256,GSE17537,5,0.0735566877766284,2.31894552642039,0.0362306451952731,3.71885284907266
SIG257,GSE17537,3,0.603635594131866,0.791621270104168,0.233623979486215,1.78996026274781
SIG258,GSE17537,4,0.89246947947119,0.941204276034491,0.223599364375704,2.14460106911866
SIG259,GSE17537,5,0.77919602853141,1.13363063496444,0.382003038276066,1.72949602654134
SIG260,GSE17537,5,0.0755364891141513,2.30382787875166,0.0670975116196449,2.2817933555803
SIG261,GSE17537,14,0.563155924932422,1.297006268484,0.0708124919932475,3.10262291845617
SIG262,GSE17537,6,0.982524311790709,0.990249012725874,0.245866565084585,0.483321099909347
SIG263,GSE17537,4,0.0184817438508637,3.16897310141325,0.0184761036994808,3.03262091071413
SIG264,GSE17537,6,0.00128901644229875,6.08173386887904,5.93599994658182e-05,7.24182066083482
SIG265,GSE17537,7,0.243378281721802,0.586821927141526,0.0160196587879136,0.33687596090829
SIG266,GSE17537,5,0.452154978050365,1.40226804234561,0.138466845513176,2.06281043992933
SIG267,GSE17537,11,0.195221174304491,1.80796050579959,0.0309359054966193,3.34703900883192
SIG268,GSE17537,6,0.0895976070057498,2.21756124513247,0.0385521013629984,3.183331317816
SIG269,GSE17537,3,0.489430133910453,1.36484786224443,0.08934930113173,2.15008809072841
SIG270,GSE17537,4,0.12526479573125,0.486804453594549,0.07162056461281,0.323133213670093
SIG271,GSE17537,5,0.527055663027977,1.32893219273576,0.046140095469424,2.5515143986344
SIG272,GSE17537,4,0.0789372786960707,2.28005458053628,0.0189022777281327,2.92550105227505
SIG273,GSE17537,4,0.224501513898762,0.574138106306781,0.224501513898762,0.574138106306781
SIG274,GSE17537,8,0.985617898093704,1.00809694562509,0.207273526471251,2.20383947147282
SIG275,GSE17537,4,0.748247677246143,0.865565148497865,0.153334013018033,2.01275628275627
SIG276,GSE17537,12,0.0152289229893543,3.28243097402284,0.00322142141297189,3.90225933127691
SIG277,GSE17537,6,0.558069629298252,1.30137801731064,0.414433070293608,0.599596301278254
SIG278,GSE17537,5,0.255800912741257,1.68125346529619,0.00422293599717592,3.66733527543284
SIG279,GSE17537,7,0.157183686643267,1.90952996370167,0.0141748425306447,3.07855330222116
SIG280,GSE17537,4,0.814392631526373,1.11072110177308,0.436096423756778,1.41944713424744
SIG281,GSE17537,4,0.183469239712803,1.83711160143408,0.0818273247589775,2.21730874892312
SIG282,GSE17537,16,0.360016888497524,1.51053158418592,0.0787103122065263,2.67755892389406
SIG283,GSE17537,10,0.216065378906218,1.76071762545973,0.0209795232704926,2.96336982063524
SIG284,GSE17537,3,0.00473804843577362,4.32476384337813,0.00473804843577362,4.32476384337813
SIG285,GSE17537,9,0.0210960780878442,3.09039303344952,0.00166813746318,4.25996607792649
SIG286,GSE17537,5,0.170679595349882,1.87262452504363,0.00134594601953443,4.46847640046836
SIG287,GSE17537,3,0.0293870571463655,2.90087205662482,0.0177350023462229,2.89922202657368
SIG288,GSE17537,5,0.0356831590138431,2.68674484041715,0.0356831590138431,2.68674484041715
SIG289,GSE17537,16,0.334985983371922,1.54384522479004,0.130876106184353,1.97567972994088
SIG290,GSE17537,3,0.0286731648434785,2.91655459245788,0.0110099555957674,4.92344483874125
SIG291,GSE17537,3,0.0207255411101973,3.10175643046142,0.00446821835703878,3.81402109163575
SIG292,GSE17537,14,0.483930221225983,1.37029928165609,0.136690418671167,2.06913406941047
SIG293,GSE17537,6,0.177272295495993,1.8520228045519,0.0488377256616213,2.4306227283872
SIG294,GSE17537,4,0.585221738262348,0.782390198401027,0.14428891435155,0.504073933798192
SIG295,GSE17537,7,0.510472852313425,1.34455487460026,0.388415733436712,1.56243090682053
SIG296,GSE17537,11,0.0236345279202479,3.02516232145248,0.0236345279202479,3.02516232145248
SIG297,GSE17537,11,0.204945570486719,1.78593353883735,0.147823438843837,1.92095654109854
SIG298,GSE17537,9,0.721122093985064,1.17319366310702,0.289041949232231,0.552755559105199
SIG300,GSE17537,5,0.870024946143629,1.07596728313465,0.10562902532143,2.20695756203507
SIG301,GSE17537,7,0.664291202281486,0.82271469669566,0.409914819032672,0.653170804999581
SIG302,GSE17537,6,0.120675873651321,2.03395285096186,0.0262028471057918,2.8474607062759
SIG303,GSE17537,3,0.609645360767444,1.25835652647194,0.218391281221385,0.569286947938152
SIG304,GSE17537,4,0.783258859761797,0.883672358817367,0.329282286260333,0.604078061931045
SIG305,GSE17537,7,0.243192766963326,1.70454750486351,0.0952341255707476,2.1206425662932
SIG306,GSE17537,11,0.753608045436179,1.15078411392011,0.0676956760667566,3.14492436505187
SIG307,GSE17537,13,0.531681657263579,1.32485739947645,0.181341813681114,1.92128741518018
SIG308,GSE17537,5,0.0269870592649102,2.94557212325889,0.0268457866792854,3.14133198149721
SIG309,GSE17537,3,0.0835225736716231,2.2559842861456,0.0766163810275044,3.03399430937536
SIG310,GSE17537,4,0.0589066963296916,2.42909782940832,0.0589066963296916,2.42909782940832
SIG311,GSE17537,4,0.336495912319695,0.644829994478025,0.250759670310535,0.583552984272176
SIG312,GSE17537,9,0.405165698202452,1.45507833598161,0.00324641324211531,3.93848535491355
SIG313,GSE17537,3,0.506502096658564,1.34834529037512,0.0584642785686316,2.35233132924354
SIG314,GSE17537,7,0.785694122361942,1.12935420016694,0.0132850090131357,3.21898182402825
SIG315,GSE17537,8,0.0764310235777617,2.30016875344895,0.00410254672239656,3.6858171585931
SIG316,GSE17537,10,0.00382427881934151,4.48796394177508,0.00011733193607317,5.94501185206808
SIG317,GSE17537,7,0.536406051098732,1.32068982503754,0.0809581366021689,2.19737254097451
SIG318,GSE17537,4,0.067603564679445,2.35741643903705,0.0410713983949453,2.61289708420149
SIG319,GSE17537,8,0.9134316819026,1.04982643401753,0.0765050289325466,2.21010327108231
SIG320,GSE17537,8,0.419405748468323,1.43794804760237,0.177236229634458,2.01006301447188
SIG321,GSE17537,3,0.0781615436647237,2.29316251753422,0.0173170990754548,2.93693492641235
SIG322,GSE17537,7,0.419661413905306,1.43766823063282,0.051081275070743,2.3973644023418
SIG323,GSE17537,5,0.0706946922739192,2.33720657659775,0.00994416256502346,4.24232757980972
SIG324,GSE17537,3,0.698093648581966,1.18967145414719,0.119912446755144,2.14264879189102
SIG325,GSE17537,3,0.00539614307731551,4.22944788257169,0.00104669671309797,5.0041391086242
SIG326,GSE17537,9,0.234254170343802,1.72444053627063,0.0226715387947632,2.78626708758871
SIG327,GSE17537,2,0.0286597248549536,2.9191566117934,0.00341096654390907,3.76333933154037
SIG328,GSE17537,9,0.860634546957979,1.08171312341141,0.475930171814099,1.44557250068138
SIG329,GSE17537,4,0.0453205558657321,2.56125440980632,0.0168415368617839,3.44785885021095
SIG330,GSE17537,16,0.877799126503269,1.07129810550265,0.413104252690509,0.632651381934562
SIG331,GSE17537,4,0.0784310541883939,2.28365722869778,0.00867596783975246,5.18993955843512
SIG332,GSE17537,3,0.533350801282253,1.32376867948496,0.0583673809080895,2.43955912427188
SIG334,GSE17537,4,0.18206894949869,1.84245715933391,0.0565112690272622,2.54418506267046
SIG335,GSE17537,7,0.00515834861220596,4.25802569407334,0.00052176569712931,4.93691880336267
SIG336,GSE17537,3,0.603080136059662,1.26223471532492,0.0625636615271614,4.01725557804964
SIG337,GSE17537,4,0.442241338825021,1.41330899998009,0.0375947880422848,2.67461884755619
SIG338,GSE17537,3,0.995844730695105,1.0023321569214,0.027844401373109,0.364554844082023
SIG001,GSE29621,4,0.199049324350653,1.69075928412931,0.0476137134646929,2.22549475008803
SIG002,GSE29621,4,0.982600109117423,0.99110421082519,0.0741661167610965,0.472261129522446
SIG003,GSE29621,11,0.332544894846599,1.47975811345308,0.0851248195570031,2.24977984622405
SIG004,GSE29621,8,0.573986072957707,0.795093946227784,0.192737130560147,0.556733297236569
SIG005,GSE29621,6,0.0455024016904443,2.35976883518837,0.0110074596211547,2.86611010988492
SIG006,GSE29621,8,0.831833342563329,1.08906813439615,0.109648423108043,0.448606971161105
SIG007,GSE29621,15,0.853335198494911,0.928576764412186,0.411926549337517,1.47123382213326
SIG009,GSE29621,6,0.955124264086862,1.02287266104512,0.365271638372208,0.609213861739954
SIG010,GSE29621,6,0.805604068040368,0.906077803183177,0.309993457278189,0.665704507466818
SIG011,GSE29621,3,0.387761106539135,0.705606975605909,0.387761106539135,0.705606975605909
SIG012,GSE29621,3,0.0757098823181337,0.464660049358627,0.0259194406130075,0.295838851766596
SIG013,GSE29621,9,0.665190720776267,1.18997155415869,0.101987101542103,0.440444766180006
SIG014,GSE29621,15,0.268651374201069,0.639888042816946,0.164800878788415,0.49899540090693
SIG015,GSE29621,3,0.384503519508751,0.701706941407554,0.226470968171954,2.10722358349887
SIG016,GSE29621,50,0.553316313653548,1.27056956514617,0.0328005888291213,2.40439214526582
SIG018,GSE29621,9,0.128859315736901,1.86317932761056,0.0405664394138902,2.3137121008682
SIG019,GSE29621,12,0.169376282818361,1.77590124544237,0.0270729953579371,2.8191989605391
SIG020,GSE29621,3,0.411581615302422,1.39279003298183,0.0695522268400095,2.26737307650732
SIG021,GSE29621,8,0.821987672135164,1.0943511843779,0.0894024759804355,2.03606512759123
SIG022,GSE29621,4,0.127226556723789,1.89238282995806,0.0804531496575935,2.27691829612667
SIG023,GSE29621,9,0.849284849847602,0.926534208041651,0.344450299653735,1.79097704972335
SIG024,GSE29621,6,0.659311227022762,1.19491182296695,0.0462377123008982,3.41540385837137
SIG025,GSE29621,11,0.586961726885841,0.802651397078887,0.108770715175583,0.372038203648558
SIG026,GSE29621,29,0.472382552584713,0.747827842809398,0.366374465306481,0.571158400116696
SIG027,GSE29621,4,0.0265946524479351,0.38595928519508,0.0157269531823026,0.364833694263392
SIG028,GSE29621,4,0.165553904110351,1.78346842287843,0.0320824202225891,2.36321059634271
SIG029,GSE29621,4,0.0348279145688485,2.42163999583518,0.0171336866761937,2.66672181383109
SIG030,GSE29621,7,0.254760455269925,0.630549318319044,0.0533411948124752,0.456411912320407
SIG031,GSE29621,4,0.416965862127616,1.39060621325523,0.0405802627544015,8.10674040384974
SIG032,GSE29621,10,0.298283553421985,1.53227709412315,0.142720754272105,1.80738705322407
SIG033,GSE29621,9,0.752630790287787,1.13471791996407,0.0505809400598742,2.18935179139536
SIG034,GSE29621,14,0.0711777801877353,2.08800559791034,0.0149774329670168,2.67061235859815
SIG035,GSE29621,2,0.133096716874819,1.85447335276566,0.00341191472960498,3.49063323269269
SIG036,GSE29621,12,0.624213665156428,0.819704035709994,0.335963800277015,0.634126240896256
SIG037,GSE29621,13,0.929916944237474,1.03590745234934,0.134396534132028,1.82915383665177
SIG038,GSE29621,3,0.424459376861652,0.723907772634156,0.424459376861652,0.723907772634156
SIG039,GSE29621,14,0.313900392717445,1.51146650402195,0.0340938670235646,2.65777226965978
SIG040,GSE29621,13,0.416553402172886,0.720469737435452,0.0594377706614657,0.248812950824805
SIG041,GSE29621,10,0.470125352376952,0.746930926725129,0.125727416923022,0.322507692135077
SIG042,GSE29621,7,0.96473980058095,0.98240681686453,0.0999229573885799,2.76936467588993
SIG043,GSE29621,14,0.0425508400551861,2.33689854475327,0.0425508400551861,2.33689854475327
SIG044,GSE29621,3,0.288681062866991,1.54488333712651,0.288681062866991,1.54488333712651
SIG045,GSE29621,6,0.401877620397151,1.40306913647591,0.330787261314935,1.47849466782895
SIG046,GSE29621,4,0.529629053078331,0.775892523512716,0.0729322709526305,0.375215501117109
SIG047,GSE29621,4,0.49551748122613,0.75468481546201,0.111915398404691,0.309384032337828
SIG048,GSE29621,11,0.0360907372382542,0.406274967801169,0.0360907372382542,0.406274967801169
SIG049,GSE29621,14,0.739540851867696,1.14315641318611,0.269050367968427,1.63788061357823
SIG050,GSE29621,5,0.965319901521404,0.982687848095927,0.0497677459194106,7.43573649193534
SIG051,GSE29621,7,0.343646702025369,1.46562723999468,0.0845045915435728,2.16128943913541
SIG052,GSE29621,19,0.610419089168991,1.22666814520115,0.220021403277257,1.78086681747821
SIG053,GSE29621,9,0.463610800004847,1.34213677396786,0.19150807348161,1.6903739420125
SIG054,GSE29621,45,0.244015562979476,1.60979767364159,0.0190545408689639,2.56338429146924
SIG055,GSE29621,20,0.86045638324126,0.931980106140717,0.0742427406450836,0.473986004221932
SIG056,GSE29621,6,0.383457186520843,1.42826751838635,0.120835128110261,1.93190152473051
SIG057,GSE29621,8,0.325452804425724,1.49712090572104,0.0723386676418661,3.02369077762645
SIG058,GSE29621,22,0.14009982212392,1.83126614267849,0.14009982212392,1.83126614267849
SIG059,GSE29621,13,0.48767782323013,1.32328253778381,0.27497979122427,0.638073547275542
SIG060,GSE29621,6,0.74511615197017,1.14028523420874,0.318596712999845,1.49673222691271
SIG062,GSE29621,42,0.79454370189435,0.900879648085173,0.208895387475117,0.503527342977737
SIG063,GSE29621,19,0.94896946495452,1.02630005725055,0.137187465761946,2.25572203463781
SIG064,GSE29621,3,0.368162740972839,1.43797590043235,0.0842877310056332,2.25471186474096
SIG065,GSE29621,5,0.655860551034511,1.19585517956404,0.13922439645833,2.24586449025683
SIG066,GSE29621,11,0.510976676522654,1.30521481469666,0.246520106811388,1.72301405257888
SIG067,GSE29621,5,0.554756171471911,1.269241554044,0.161524015415737,1.79451248947777
SIG068,GSE29621,5,0.147438396105886,1.83440586395031,0.12259538147907,1.8822031220836
SIG069,GSE29621,7,0.5124088442832,0.767285966203511,0.0450546291839962,0.439340477584325
SIG070,GSE29621,3,0.328228136543363,0.669444876382929,0.019275072072626,0.388386854799598
SIG071,GSE29621,13,0.0150092202639521,0.345698136140554,0.00506935939985851,0.262023977706485
SIG072,GSE29621,14,0.383461666632166,0.69786176956446,0.130128460238867,0.393368332042244
SIG073,GSE29621,16,0.816877689456691,1.09756145659941,0.281499280970707,1.55347850310563
SIG074,GSE29621,11,0.340133804489826,0.677190055434289,0.256783424496913,0.628235761848808
SIG075,GSE29621,13,0.841469109369179,1.08368498707413,0.00124315876132824,4.33763350901457
SIG076,GSE29621,8,0.00612239804319755,3.27300978763025,0.00305708983364439,3.47971899913327
SIG077,GSE29621,7,0.810697780406557,1.10132583099576,0.168943680172416,2.33947717376823
SIG078,GSE29621,5,0.398416695926675,0.711329598479833,0.134583304587423,0.49588411760791
SIG079,GSE29621,5,0.332072780854513,1.48078956470524,0.332072780854513,1.48078956470524
SIG080,GSE29621,8,0.28196975266057,0.646325785263008,0.174364148394094,0.555216603746388
SIG081,GSE29621,5,0.859911800743349,1.07351139736714,0.345365347212308,1.60552694000578
SIG082,GSE29621,6,0.854554095317541,1.07622947542446,0.128203276279796,1.86817398525931
SIG083,GSE29621,16,0.656910358246327,0.836899019995074,0.180811539718131,0.511777720582578
SIG084,GSE29621,15,0.509929377950945,0.766203558629459,0.336362375466611,1.57099879503438
SIG085,GSE29621,7,0.2820390585413,0.646113393901017,0.0587000438150315,0.45957757565493
SIG086,GSE29621,5,0.947109535856975,1.02711403589091,0.225976622432331,0.474248401006843
SIG087,GSE29621,5,0.0291468802153841,2.49363688856483,0.0169009449907429,2.7277589947178
SIG088,GSE29621,6,0.209196718902722,1.66527299942701,0.0765202692110183,2.24479294539181
SIG089,GSE29621,5,0.46672328817522,1.34175439617922,0.0548607659747868,2.6156243702035
SIG090,GSE29621,4,0.701394796790472,0.85517923999005,0.147890044305646,1.91206577256629
SIG091,GSE29621,7,0.992328631459158,1.00387556290838,0.130140867065994,0.508980875914019
SIG093,GSE29621,9,0.775004456064672,1.12222392493838,0.455245750606743,0.736949635820199
SIG094,GSE29621,3,0.990236666759892,1.00493248558396,0.423077068787526,1.54896726434602
SIG095,GSE29621,16,0.0726773360998303,2.11503793841345,0.0519263072962306,2.21650645556078
SIG096,GSE29621,11,0.841739775839394,1.0835501809586,0.326578072870436,1.55077512485025
SIG097,GSE29621,14,0.529949687844969,0.776044948471172,0.226302785063706,0.614802108363902
SIG098,GSE29621,5,0.16489871445236,0.566097968825356,0.107320715889732,0.469293342113485
SIG099,GSE29621,11,0.22006503429481,0.604952530930123,0.130318552454544,0.509139540192387
SIG101,GSE29621,8,0.379818276725456,0.701577246720257,0.14051262311789,0.477712909717022
SIG102,GSE29621,4,0.455359193443014,1.35126848023497,0.356380018141918,1.44812323598099
SIG107,GSE29621,13,0.0786005562046748,0.478957036909012,0.0556878407005727,0.407498779189601
SIG108,GSE29621,13,0.525615496040869,1.29618599921944,0.0494382019166303,2.45004015877216
SIG109,GSE29621,7,0.266708041703398,0.637855656025237,0.076426768916013,0.451245104896678
SIG110,GSE29621,9,0.786779663592242,1.11677926158758,0.499079378427048,0.760470658206778
SIG111,GSE29621,12,0.63406527585524,1.21164839056847,0.580850584943916,0.758351225152724
SIG112,GSE29621,4,0.135237078816989,1.86614563458055,0.0444291408473342,2.25136666196126
SIG113,GSE29621,10,0.642655075670216,1.20421176878263,0.0644497933218419,3.1269380613772
SIG114,GSE29621,18,0.675590528712548,1.18583761854157,0.0791304042805892,2.61456134086541
SIG115,GSE29621,4,0.150538465375541,0.548506180641897,0.0422010293719606,0.385136008529032
SIG116,GSE29621,5,0.381033301773299,1.42194393103201,0.152705348294529,0.561589558689579
SIG117,GSE29621,4,0.499328448415146,0.756459362994093,0.101920853769903,0.512373156326597
SIG118,GSE29621,14,0.27813159604628,0.641631135006215,0.0306131232896701,0.418192377439745
SIG119,GSE29621,10,0.751149535934557,1.13587099015471,0.25926364831342,1.65620536765454
SIG120,GSE29621,3,0.162397721254791,1.77277948953579,0.0302215776715884,2.41273025577114
SIG121,GSE29621,6,0.484738015177203,1.32561515718943,0.136682211676872,2.00818236422314
SIG122,GSE29621,8,0.146354983897657,0.545171407667603,0.0189933165030593,0.332941272417428
SIG124,GSE29621,4,0.242722380640724,1.61234980029643,0.0252943293349626,2.61559653763749
SIG125,GSE29621,4,0.276396323235231,1.56033517645485,0.254337800048021,1.6317864868278
SIG126,GSE29621,4,0.605806801497731,0.811756810558121,0.445640327574769,0.73595746930877
SIG127,GSE29621,6,0.941135624345616,1.0300525572819,0.368333445589821,1.56867337725924
SIG128,GSE29621,11,0.847026183556858,0.925531758571489,0.278516809629873,0.512855863396253
SIG129,GSE29621,9,0.231201812294085,0.61290517344739,0.160849346212135,0.421456339733281
SIG130,GSE29621,9,0.11395250344563,1.93623369539591,0.037354834834884,2.38661247739485
SIG132,GSE29621,5,0.0783414458715986,2.07974844167478,0.0603839845696323,2.27696861060029
SIG133,GSE29621,5,0.3973475290214,0.709230214419986,0.194200427564196,2.03395432764809
SIG134,GSE29621,8,0.71302337146625,1.15936512192563,0.0807276339650306,2.28861015870025
SIG135,GSE29621,3,0.369134591316657,1.43872634063445,0.0506009022536174,4.27623878327961
SIG136,GSE29621,9,0.457747104357404,1.35061829057468,0.181942282460164,1.8292192084075
SIG138,GSE29621,5,0.115090332851567,1.93107541850413,0.115090332851567,1.93107541850413
SIG139,GSE29621,4,0.585567503539929,1.24619597284665,0.252506466484237,0.49411481131454
SIG140,GSE29621,6,0.219492317696741,1.65996952636366,0.0609897326176478,2.16312316101968
SIG141,GSE29621,7,0.285700955166099,0.64555503249738,0.285700955166099,0.64555503249738
SIG142,GSE29621,12,0.562998579752724,0.787739575825193,0.102012350807197,0.494503951572617
SIG143,GSE29621,6,0.557442362363552,1.26749805819703,0.0937422558229559,2.15104038030287
SIG144,GSE29621,3,0.993968096092392,0.996941792951302,0.126175475007314,2.3205653811488
SIG145,GSE29621,12,0.408181309454939,1.39635327169405,0.130156362028054,2.54927341889141
SIG146,GSE29621,3,0.987303777889514,0.993639068346444,0.314517513049444,0.638700052262817
SIG147,GSE29621,3,0.317281303574175,1.50926898965824,0.131553460841914,1.8567423646924
SIG148,GSE29621,6,0.40181594298447,1.401139597723,0.0619439161809683,2.23086934407701
SIG149,GSE29621,8,0.137706608637386,1.85069574783967,0.137706608637386,1.85069574783967
SIG150,GSE29621,10,0.376831812830113,1.4293882966658,0.0274422430168774,2.51494838123151
SIG151,GSE29621,8,0.200304638928722,1.68713760236899,0.101700703958362,1.93843439246943
SIG152,GSE29621,8,0.61965156461606,1.22114247210839,0.172821372399471,0.543244900410372
SIG153,GSE29621,8,0.159794387201973,1.7667477370786,0.0385264260689251,2.52975798727144
SIG154,GSE29621,3,0.042465513776903,2.33788614300787,0.0319876147724113,2.40946178942999
SIG155,GSE29621,9,0.371275960794315,1.43619179084364,0.123092067251419,1.87325214122421
SIG156,GSE29621,5,0.92158859250347,0.96129126405709,0.381868521014331,1.614299270117
SIG157,GSE29621,5,0.00753919779703211,3.29913920868766,0.00449428907591585,4.15315634049308
SIG159,GSE29621,6,0.949882638179549,1.02559189080448,0.479630517948407,1.3283670969028
SIG161,GSE29621,4,0.136227472607739,1.83984639768047,0.00210878617725443,3.55802284836093
SIG163,GSE29621,4,0.505873255571662,1.30656227340922,0.0268535323502475,3.94387348053607
SIG164,GSE29621,4,0.371528619209839,1.43651684100046,0.0522312573996209,2.65067891950247
SIG165,GSE29621,5,0.3506566802171,1.46796492007677,0.127336307623696,2.56541581832496
SIG166,GSE29621,3,0.828039001294362,0.916180342107912,0.239837783259954,0.483596394134082
SIG167,GSE29621,3,0.783638383799561,1.11657929908084,0.200390289158815,0.453416608648087
SIG168,GSE29621,9,0.189470313621019,1.71409649924731,0.0826481795173342,2.01682969158586
SIG169,GSE29621,8,0.146648926102025,1.8131703272426,0.034497340470213,2.58155201669512
SIG170,GSE29621,6,0.682855421468073,1.17966732412898,0.33143210542711,1.48170719410422
SIG171,GSE29621,4,0.762477229905243,1.12884059129377,0.411783507165838,0.693449352065844
SIG172,GSE29621,6,0.63841253366531,0.827671764269647,0.177865895129192,1.88999312161823
SIG173,GSE29621,5,0.912503411048985,1.04507779248953,0.0665192586181758,0.258095131158285
SIG175,GSE29621,5,0.281896603720351,1.54647265447624,0.0613332376355465,2.17761214847247
SIG176,GSE29621,8,0.471090025707237,0.747709074227671,0.261058639456648,0.637257704938891
SIG177,GSE29621,14,0.813622260312869,0.909166801569254,0.0406137546140989,2.43429188033673
SIG178,GSE29621,3,0.111660350907247,0.514895436664335,0.101573486818045,0.515086227069151
SIG179,GSE29621,12,0.600432363667108,0.809487654228801,0.137130212103447,0.528102800627234
SIG180,GSE29621,5,0.284796440192442,0.64580839759655,0.126752602822807,0.539506700903861
SIG181,GSE29621,5,0.0223953196110536,0.374894415358541,0.00107039711630332,0.266161633053344
SIG182,GSE29621,3,0.18888418305569,0.577834315537297,0.0034848285557676,0.282182454722852
SIG183,GSE29621,4,0.665046259243533,0.840428985849258,0.155714482906268,0.541651423548317
SIG184,GSE29621,3,0.0961067591131184,2.06522270089493,0.0918696017867357,2.82822859745509
SIG185,GSE29621,22,0.890001752646228,0.945972130169264,0.0693390950995554,0.32616074407986
SIG186,GSE29621,18,0.0989890557660171,1.99182251265677,0.0369267404721213,2.31866490847656
SIG187,GSE29621,4,0.202498199695666,0.593451921287232,0.0477929073145652,0.425546456426914
SIG188,GSE29621,6,0.759530451484717,1.13162479505085,0.0591592066968716,2.80974805868177
SIG189,GSE29621,6,0.378297802189788,1.42558185102162,0.0454386032792862,2.24252298221458
SIG190,GSE29621,7,0.437486218269901,1.36987838562446,0.00131837234601659,3.91754531543193
SIG191,GSE29621,3,0.478455676736865,1.33100753144873,0.15306612951796,2.04613326495435
SIG192,GSE29621,3,0.547793080529289,0.784530774777548,0.0858388765615675,0.281363595593472
SIG193,GSE29621,7,0.460220258178639,0.742105201900529,0.0771174165169536,0.489621057905649
SIG194,GSE29621,6,0.178611473154175,1.73232314544916,0.0437102733072206,3.47282230467563
SIG195,GSE29621,12,0.403221634690403,0.713454882818941,0.16511780959354,0.572780101349401
SIG196,GSE29621,4,0.59798984288101,1.23530209729097,0.0949172372064959,2.00839138747399
SIG197,GSE29621,4,0.186129387097555,0.582269465792442,0.0876774431763271,0.496547151697956
SIG198,GSE29621,3,0.709782415382329,1.16111464120209,0.394081536000551,1.46567843813124
SIG199,GSE29621,5,0.784003022689772,0.895917413129667,0.0239249521290756,0.377155309143519
SIG200,GSE29621,3,0.467009926332676,1.34103648041154,0.127655030335759,1.97279731395965
SIG201,GSE29621,3,0.130697913055047,1.859123786701,0.00777575574663513,2.92634494111333
SIG202,GSE29621,29,0.522712001572591,1.29487709049921,0.0640441483513122,2.22150388529101
SIG203,GSE29621,5,0.758285432427185,1.13140536843568,0.476008956627869,0.745511421522827
SIG204,GSE29621,3,0.592903123877909,0.806056944825482,0.556826381876572,1.28808791527119
SIG205,GSE29621,7,0.322609894354426,1.49865945599058,0.139879420750183,1.93257125145246
SIG206,GSE29621,11,0.651272514888538,0.83302380185174,0.38982330453417,0.681096613076582
SIG207,GSE29621,13,0.941662214041613,1.03005114346318,0.0440753705125498,2.38439883502475
SIG208,GSE29621,6,0.280947064421519,0.643556642041481,0.159125381029307,0.419810150545527
SIG209,GSE29621,5,0.57214334478659,1.25499933446208,0.027738766590925,3.02093510941608
SIG210,GSE29621,13,0.127806861834022,1.88868056967364,0.0560823232419106,2.15273142142085
SIG211,GSE29621,4,0.404553177317563,1.40087123705608,0.111008450310563,1.90744398317201
SIG212,GSE29621,3,0.305279070581281,1.51580952662681,0.161208878166282,0.420720361021201
SIG213,GSE29621,5,0.0245697635493204,2.6265649159461,0.0245697635493204,2.6265649159461
SIG214,GSE29621,5,0.154842450986439,0.55198548406979,0.064717207413886,0.396579383095659
SIG215,GSE29621,4,0.238222800258134,1.62019792878541,0.0560620057452315,3.24702739829559
SIG216,GSE29621,4,0.200169185729405,0.583585741286877,0.200169185729405,0.583585741286877
SIG217,GSE29621,8,0.327260111654798,1.49235948291136,0.085830322814506,2.01756406025182
SIG218,GSE29621,4,0.225282021002154,1.64329039811262,0.0244646252357766,2.52925179937987
SIG219,GSE29621,7,0.975539831304623,1.01236523995985,0.103069390430773,0.300153782044039
SIG220,GSE29621,7,0.34396288990576,1.46409447011022,0.0533623024501227,2.28547857749557
SIG221,GSE29621,4,0.0827209029631654,0.484619194747298,0.0325228398623167,0.384740745250184
SIG222,GSE29621,3,0.199899511667583,0.590837432671581,0.199899511667583,0.590837432671581
SIG223,GSE29621,4,0.773013762929674,1.12314053078694,0.377106376793522,1.51717847648518
SIG224,GSE29621,3,0.174272074723564,1.74680871598632,0.0404249292264377,2.35984529734167
SIG225,GSE29621,5,0.490690361825141,1.32057396107643,0.169328657060379,1.7694303705622
SIG226,GSE29621,5,0.375587819743847,0.698065904249221,0.239730511135999,0.623260892275686
SIG227,GSE29621,8,0.162393392513133,1.77577506297564,0.0862165278472973,2.1011256746486
SIG228,GSE29621,6,0.248908287920617,0.622625254519822,0.076704326656656,0.33607984970829
SIG229,GSE29621,4,0.326197101397062,0.672103442511821,0.161472779460789,0.547041436860191
SIG230,GSE29621,16,0.250884178526297,1.59372651421442,0.0568905907259148,2.82855690005989
SIG231,GSE29621,3,0.104617611044266,0.506119500677095,0.0513858581137438,0.236890676238743
SIG232,GSE29621,7,0.28461764382172,0.64638515505635,0.1551495912732,0.416427836264955
SIG233,GSE29621,10,0.660569977379201,1.19246865513441,0.116676927351276,2.01504383901245
SIG234,GSE29621,12,0.0855051761675147,2.05147466943704,0.0202447054171545,5.55642154181112
SIG235,GSE29621,6,0.0339346994343506,0.387623774475418,0.000662710793998802,0.252139655432879
SIG236,GSE29621,5,0.534488359245734,1.28301834621033,0.091234159257907,3.48871761500227
SIG237,GSE29621,6,0.972947067878451,0.986482000061697,0.581381150178107,0.79944825756584
SIG238,GSE29621,6,0.705771722689938,1.16404678577999,0.452854153128977,1.38264208631811
SIG239,GSE29621,7,0.4159023734385,1.38852934648116,0.344606950467067,1.46095323905043
SIG240,GSE29621,6,0.376931676926678,1.42846778081453,0.293481212091331,1.57035891668672
SIG241,GSE29621,4,0.0328963189395866,2.44275866493108,0.0211723042299894,2.80918951585465
SIG242,GSE29621,6,0.486264750228957,1.32471757005819,0.0602779061809857,3.18498018054819
SIG243,GSE29621,8,0.400011445347587,1.41146724399923,0.123145320226576,2.32736299667954
SIG244,GSE29621,13,0.408311692732836,1.39631775826431,0.11448423152668,2.02095919292048
SIG245,GSE29621,3,0.252276069457321,0.627063536654073,0.114926564791135,0.512819068949903
SIG246,GSE29621,5,0.487405863350545,1.32910659463581,0.240785529439242,1.65675674386248
SIG247,GSE29621,3,0.930090032392528,0.965129161840688,0.0800375843921684,2.12400975476724
SIG248,GSE29621,5,0.262277290499756,1.5760008035865,0.214844346990202,2.14919277348259
SIG249,GSE29621,4,0.768821833015044,1.12497030741979,0.137373572644786,0.532181438517466
SIG250,GSE29621,4,0.29979369831548,1.52812444731265,0.00840805370248727,2.92220875100354
SIG251,GSE29621,13,0.252714357355846,0.626388528226529,0.109739632197544,0.523888428318242
SIG252,GSE29621,3,0.0383220363626145,0.41095658243799,0.0174437421618075,0.380378636964316
SIG253,GSE29621,3,0.0116029781179525,3.08812663414134,0.00122311098934117,3.76950253148983
SIG254,GSE29621,3,0.939192265923959,1.03103902610212,0.0679720121806174,3.85267450291272
SIG255,GSE29621,2,0.10091660030682,0.503921789612761,0.00829026704930164,0.327900721866152
SIG256,GSE29621,5,0.266730701915055,1.57616199885741,0.00704841576920497,2.95933726559623
SIG257,GSE29621,3,0.0287468903880205,2.56048492503962,0.0140733387485227,3.42745548398775
SIG258,GSE29621,4,0.763404322630117,0.885126372844771,0.238223162025983,0.57429632244359
SIG259,GSE29621,5,0.624882607705449,0.820620083095181,0.352339310785723,0.66980737522098
SIG260,GSE29621,5,0.483105419391377,1.32882722665371,0.0133760445999657,2.81536169958734
SIG261,GSE29621,14,0.722218350727123,1.1532473757684,0.080764252513963,2.19560330062771
SIG262,GSE29621,6,0.783307183521144,0.895483241720333,0.143100007324164,0.519671341026533
SIG263,GSE29621,4,0.977620152330265,0.988779364470389,0.417205181705135,0.695377177238599
SIG264,GSE29621,6,0.359955312074941,1.44668103384762,0.0213835698222281,2.6219267541187
SIG265,GSE29621,7,0.0543817890006765,0.436960864670608,0.00217582776183093,0.291640906306031
SIG266,GSE29621,5,0.187552239470246,1.73987327772435,0.032659066846724,4.850699246135
SIG267,GSE29621,11,0.410802517525268,1.39352569204479,0.107787800872379,1.91052321010705
SIG268,GSE29621,6,0.562437295337034,1.26325541739584,0.220214578487675,1.64034338204243
SIG269,GSE29621,3,0.0576120286646517,2.26179631565664,0.0287183164053108,2.78694412408094
SIG270,GSE29621,4,0.077904251801866,0.4680913822277,0.0203673518404825,0.38633058995014
SIG271,GSE29621,5,0.0670944539842642,2.21142483643529,0.0349990878881239,2.63254776354415
SIG272,GSE29621,4,0.323806653455598,1.49755570804153,0.0861278049881696,1.99145028772878
SIG273,GSE29621,4,0.749566297442364,0.87992955918493,0.0640507012225032,0.460079184398996
SIG274,GSE29621,8,0.448547654624167,0.73636537351238,0.131805189810879,0.510274753062134
SIG275,GSE29621,4,0.194601522475273,0.587882738059259,0.194601522475273,0.587882738059259
SIG276,GSE29621,12,0.788882145948954,0.898218477349142,0.230672698959882,1.75406611131326
SIG277,GSE29621,6,0.451870512205445,0.737426474916266,0.175817283034648,2.7168585861047
SIG278,GSE29621,5,0.150945152714447,1.80285676740543,0.00169120543964453,3.62777264589854
SIG279,GSE29621,7,0.714549207221955,0.863579599677947,0.114980708374422,0.477159855188485
SIG280,GSE29621,4,0.65755667360223,1.19514199987362,0.317860786152379,0.625863392356563
SIG281,GSE29621,4,0.43981838339216,1.36611125718713,0.282745458086193,1.54266403114819
SIG282,GSE29621,16,0.125898488706722,1.87674574488193,0.064230956070801,3.93372911490219
SIG283,GSE29621,10,0.386516972757256,1.41756563752391,0.0220715255338078,5.42569173865568
SIG284,GSE29621,3,0.536408046009149,1.28362018658718,0.0721482702564047,2.06562921282891
SIG285,GSE29621,9,0.562835811427583,1.26918926880983,0.110265668343495,1.93141473283607
SIG286,GSE29621,5,0.823969291216147,0.913544964925876,0.216046807921666,1.68144032306356
SIG287,GSE29621,3,0.194528128366521,1.70243748122314,0.102484624210466,1.97902151806892
SIG288,GSE29621,5,0.341575442658703,0.677678423732284,0.0512459135841457,0.453264093669604
SIG289,GSE29621,16,0.809650809357988,0.907687120921585,0.257608297195413,0.586752340555142
SIG290,GSE29621,3,0.179972779916934,1.72739857325865,0.0347891914945382,2.35046382645394
SIG291,GSE29621,3,0.870750331680777,1.06744475688289,0.611082782616018,1.22684006320685
SIG292,GSE29621,14,0.828746280994231,0.916725290914918,0.302696907055023,0.649584280528815
SIG293,GSE29621,6,0.0453179274056844,0.421291694589141,0.0117801343482217,0.349150029751269
SIG294,GSE29621,4,0.62945803515742,0.823004376862145,0.207938167423757,0.460371080691642
SIG295,GSE29621,7,0.664269161784523,0.840174447951508,0.0862696842108415,0.282111306458108
SIG296,GSE29621,11,0.0189667205465097,0.349825337805276,0.00611643688916632,0.307375067657679
SIG297,GSE29621,11,0.823273441435673,1.09383302789363,0.507372849848224,0.764854522315325
SIG298,GSE29621,9,0.387275343361357,0.705294766516803,0.182877766764803,0.584685753577677
SIG300,GSE29621,5,0.87688892683199,0.939778424931326,0.0877375292724557,2.23556697962176
SIG301,GSE29621,7,0.143748581337788,0.548283350702867,0.0320492230722869,0.267093106447928
SIG302,GSE29621,6,0.763676054809831,1.1284123314474,0.615798870186777,0.790138175845845
SIG303,GSE29621,3,0.705962388869194,0.857840530645649,0.0554834326484885,0.241554714378828
SIG304,GSE29621,4,0.362970152049124,0.689090062127391,0.362970152049124,0.689090062127391
SIG305,GSE29621,7,0.693872730225133,1.17274330848084,0.331468644214056,1.54284987942552
SIG306,GSE29621,11,0.975513144710784,1.01238728814827,0.560029757111551,1.27560158318167
SIG307,GSE29621,13,0.572331978725963,1.25569645922883,0.177068348008277,1.71870295185519
SIG308,GSE29621,5,0.59783098672462,1.23736296542002,0.151208820771024,1.77797051093319
SIG309,GSE29621,3,0.0735786582281327,2.11626559326982,0.00419686035180778,3.20143309605599
SIG310,GSE29621,4,0.95205213059584,0.976177397660502,0.0816344915062827,0.341658025659965
SIG311,GSE29621,4,0.0465252034426606,2.2943593353871,0.0179871005605187,2.63724457184035
SIG312,GSE29621,9,0.490457914517084,0.757177605900709,0.133808166291349,0.512286549874819
SIG313,GSE29621,3,0.0929577268812284,0.494983384906236,0.0651400047198401,0.469966531277897
SIG314,GSE29621,7,0.0146720756446042,2.86275840421657,0.0116219365833364,2.77629123249489
SIG315,GSE29621,8,0.0665474501016257,0.459272480466213,0.013187941333117,0.323885816163994
SIG316,GSE29621,10,0.174649555656347,1.74162455325252,0.0469270215064523,2.23148502710998
SIG317,GSE29621,7,0.0694551710256356,2.13680879654764,0.0100715623430973,3.66275220328012
SIG318,GSE29621,4,0.746281784616555,0.876459978013328,0.118453822710706,0.534257752305113
SIG319,GSE29621,8,0.11553263650398,1.95362582309533,0.0286365482343966,2.5512027785718
SIG320,GSE29621,8,0.600172988093666,1.23413065383457,0.109909542515471,1.92643643751372
SIG321,GSE29621,3,0.26201364884064,1.59417122031132,0.0114528273878938,2.95960483196514
SIG322,GSE29621,7,0.987487731750191,1.0063085494821,0.119067214853297,0.316673598005171
SIG323,GSE29621,5,0.011311144839657,3.09648335654029,0.011311144839657,3.09648335654029
SIG324,GSE29621,3,0.0134511941661188,0.343819663854769,0.00495959221208166,0.291149692185504
SIG325,GSE29621,3,0.0973281432567868,1.99757564078901,0.021959960585226,3.14750876325411
SIG326,GSE29621,9,0.80286437506549,1.10610379095497,0.111852880015513,2.22563522150598
SIG327,GSE29621,2,0.0564503701834545,2.27011470185967,0.00251577380393336,3.36643744006611
SIG328,GSE29621,9,0.0990913140460223,0.508978085026954,0.0150712284351983,0.363742194591395
SIG329,GSE29621,4,0.0549513597452862,2.2512400409019,0.0549513597452862,2.2512400409019
SIG330,GSE29621,16,0.948049592796266,1.02657133203651,0.0629541131024476,0.474122217602213
SIG331,GSE29621,4,0.169778424138772,1.77358008011993,0.0757893179552515,2.98536029674272
SIG332,GSE29621,3,0.426439747511649,1.3784070025481,0.0818460847469146,2.07760461827676
SIG334,GSE29621,4,0.85470997177541,0.929178469224912,0.124836830023983,1.93640984954617
SIG335,GSE29621,7,0.536042012359311,1.28191319066351,0.106892793540605,1.93624928886126
SIG336,GSE29621,3,0.443800641478166,0.730538560058411,0.406008232704458,0.706288886257308
SIG337,GSE29621,4,0.074932139789968,0.471533380063627,0.010267683877246,0.34836632583565
SIG338,GSE29621,3,0.269427640569736,1.57652455593823,0.0666433968636133,2.27526138845256
SIG001,GSE38832,4,0.795503267532454,1.103315144844,0.0896228148073262,2.09886750143823
SIG002,GSE38832,4,0.794693130991808,1.10368382112787,0.0153260090969521,0.370844166735688
SIG003,GSE38832,11,0.506849205127724,0.775786084168122,0.147110591672825,0.34457782693615
SIG004,GSE38832,8,0.722656816802489,0.873787192875305,0.139757182823286,0.481903460868164
SIG005,GSE38832,6,0.568598169648294,0.804301184500751,0.0646740335785411,2.18234233601609
SIG006,GSE38832,8,0.303795698953943,0.674832040169505,0.111701485157352,0.544770684345412
SIG007,GSE38832,15,0.147460824975437,0.564699320471335,0.0665237151663129,0.49150522051401
SIG009,GSE38832,6,0.843125048442947,1.07937630030634,0.369344141289613,1.56085391577146
SIG010,GSE38832,6,0.702955351306621,0.859639048622729,0.0602654939814262,0.249982541448828
SIG011,GSE38832,3,0.576063387956899,0.80345325815161,0.0455482729763017,0.459345570119272
SIG012,GSE38832,3,0.692523310201991,1.16794758547657,0.442782206173096,1.43454118137388
SIG013,GSE38832,9,0.296054140003944,1.54195070663144,0.0737875668319191,2.0807158159092
SIG014,GSE38832,15,0.781640565313792,1.11088723581806,0.277316857997478,0.643865875776473
SIG015,GSE38832,3,0.180523437410169,0.562790672046265,0.180523437410169,0.562790672046265
SIG016,GSE38832,50,0.146087011271177,0.552596548876546,0.0381157941417408,0.45226885254433
SIG018,GSE38832,9,0.0254249581520744,2.47600191710051,0.00101620488619253,3.58647046373689
SIG019,GSE38832,12,0.876108906420752,0.939627847619833,0.129203298871604,0.549974011942238
SIG020,GSE38832,3,0.588721834048424,1.23152781438917,0.27354740762785,1.52357734439436
SIG021,GSE38832,8,0.170698274972638,1.69993814965317,0.0486066689265893,2.12435954666883
SIG022,GSE38832,4,0.834911514968461,1.08224957252444,0.403607148571941,1.44044570605475
SIG023,GSE38832,9,0.694274819921279,1.16762129033818,0.0547421398018007,2.59687838529238
SIG024,GSE38832,6,0.544665251867018,1.26060275133055,0.334330917881846,0.675283524264706
SIG025,GSE38832,11,0.282516129086432,1.53325501255967,0.016242806093571,2.53923246231665
SIG026,GSE38832,29,0.332217186582041,1.45723067708895,0.0660818620116972,6.50723554458828
SIG027,GSE38832,4,0.435950775139154,0.73510307421274,0.153287560783726,0.458137670643483
SIG028,GSE38832,4,0.327674005888749,1.45433513873163,0.0169329499655451,2.48324905993234
SIG029,GSE38832,4,0.655748719590559,1.18768662685759,0.18243277090829,2.67051057173188
SIG030,GSE38832,7,0.328604920251572,1.50072549603564,0.018930568079971,5.63367158327618
SIG031,GSE38832,4,0.592763477608546,1.22517583119775,0.114250899388425,1.84635327662524
SIG032,GSE38832,10,0.978690259773231,1.0103034274591,0.361045327609843,1.57615669991593
SIG033,GSE38832,9,0.0352912615281433,2.52989873541222,0.024647191422555,2.39561307277481
SIG034,GSE38832,14,0.533865423712294,1.27588764205394,0.246499022288771,1.77816011841757
SIG035,GSE38832,2,0.331273390309611,0.679392039187866,0.214881642221377,0.592706381029942
SIG036,GSE38832,12,0.958474642473543,1.02094781665153,0.233966898048117,1.91287885990711
SIG037,GSE38832,13,0.360601037881128,1.41616413119906,0.0203404593168458,2.50919313644802
SIG038,GSE38832,3,0.536408503808736,0.78931406782807,0.0745986302461769,0.269025763470842
SIG039,GSE38832,14,0.213989514390548,0.620284112014613,0.101782173041762,0.469037152560429
SIG040,GSE38832,13,0.164376867028881,0.583402626978242,0.0424048029879828,0.427214280370878
SIG041,GSE38832,10,0.0689739269223298,2.15378305149946,0.012915479892066,2.69988889088249
SIG042,GSE38832,7,0.127724528731469,0.548029608115437,0.0703733766254095,0.504313488963496
SIG043,GSE38832,14,0.504478349534973,0.775598020546682,0.442688067907111,1.46289736936463
SIG044,GSE38832,3,0.553911881944374,1.25937271349978,0.105604440706526,1.85658053813509
SIG045,GSE38832,6,0.285502913767018,1.51266041552924,0.00631156892888558,2.88251566261044
SIG046,GSE38832,4,0.196621081879666,0.600049915666242,0.0606465537021863,0.25223578775054
SIG047,GSE38832,4,0.65605037337781,1.19892527463172,0.126330530700186,2.29787420060745
SIG048,GSE38832,11,0.395659989337569,0.722874621586678,0.156994231213147,0.497142245114995
SIG049,GSE38832,14,0.670593428240119,1.17565021924606,0.2459920451918,1.56800758628386
SIG050,GSE38832,5,0.465548161498776,1.32187369282858,0.172666964620065,1.68556676889273
SIG051,GSE38832,7,0.622071316039493,0.829152014584957,0.0950921537293768,0.359434369939164
SIG052,GSE38832,19,0.592982127047578,1.22541841398672,0.0375575945006548,0.439945482451681
SIG053,GSE38832,9,0.449140124098086,0.748622314013904,0.183722067053601,0.601407854775456
SIG054,GSE38832,45,0.583518788081742,1.23858539119223,0.225528245286048,1.75274648808786
SIG055,GSE38832,20,0.387033866750751,0.718800012767468,0.118034223531054,0.546648816432542
SIG056,GSE38832,6,0.997723706946352,0.998919339062548,0.217277673060284,0.583088202707603
SIG057,GSE38832,8,0.845637924976604,1.07665136312712,0.32196520325056,1.51366843201598
SIG058,GSE38832,22,0.061118791380433,0.468505065131222,0.061118791380433,0.468505065131222
SIG059,GSE38832,13,0.477825504479082,1.31174848414003,0.405133097297883,1.38921505003837
SIG060,GSE38832,6,0.806248152453717,0.911151658422655,0.176335942614626,1.76288993544145
SIG062,GSE38832,42,0.400996505834971,1.38473808038582,0.0503801919195938,0.458039364369915
SIG063,GSE38832,19,0.253972642583746,1.57556633745421,0.100654878585856,2.25701161801443
SIG064,GSE38832,3,0.061287952964362,2.07999495588833,0.00991360939166023,2.72728850195716
SIG065,GSE38832,5,0.502593828124055,1.29194009576099,0.460320645050293,0.711380489213702
SIG066,GSE38832,11,0.443936325132771,1.33984217433672,0.0656393946354519,2.04036162104017
SIG067,GSE38832,5,0.833173335701673,0.92314340969315,0.229606949255748,0.603925233133958
SIG068,GSE38832,5,0.248345795874796,1.58092825475836,0.0498694360929925,2.11146697013398
SIG069,GSE38832,7,0.502863590870376,1.31121796942434,0.222544397927036,2.4627387217326
SIG070,GSE38832,3,0.956449442517181,1.02101681486386,0.33386900646644,1.50498668169967
SIG071,GSE38832,13,0.0767742702042666,0.487304768205087,0.00857510510398711,0.361090738163799
SIG072,GSE38832,14,0.205676239697939,1.7235732400823,0.0413135491960553,2.77927903460904
SIG073,GSE38832,16,0.0151472028683874,2.76477839316657,0.00554985494052772,2.89973459286972
SIG074,GSE38832,11,0.56518505000515,0.803183993301862,0.0652928853601396,0.47367623069191
SIG075,GSE38832,13,0.727225587871771,1.14136469334969,0.262460002964163,1.64225547227305
SIG076,GSE38832,8,0.664447120014129,0.848352887657519,0.585623337615536,0.806391903434865
SIG077,GSE38832,7,0.187844052543813,1.66543502808757,0.0615836713391782,2.745881071893
SIG078,GSE38832,5,0.0756102274382072,0.495483817142288,0.00258196637836547,0.31688265682961
SIG079,GSE38832,5,0.22355851174908,1.60214389602596,0.0644523366086288,2.49678754305056
SIG080,GSE38832,8,0.741473048782935,1.13343481131594,0.243465031994131,1.63123129131354
SIG081,GSE38832,5,0.0498153532403987,2.27771914757905,0.000257227363309566,4.00988769030616
SIG082,GSE38832,6,0.042212478151439,2.27642999370799,0.00529423798732164,3.00894331817739
SIG083,GSE38832,16,0.962727663448635,1.01784229104658,0.30315640487211,1.51888509932133
SIG084,GSE38832,15,0.136786683274669,1.78506909251514,0.0122161752165035,3.19170707787401
SIG085,GSE38832,7,0.61416663074779,1.2274659252106,0.02029988582167,2.47593888544799
SIG086,GSE38832,5,0.752575219599528,0.883580043394224,0.137647665052327,0.477128911693871
SIG087,GSE38832,5,0.973203692582283,0.98717845248854,0.404381885479353,1.4801505581382
SIG088,GSE38832,6,0.844312990946497,1.07734465131679,0.12235922477515,1.91182977499666
SIG089,GSE38832,5,0.00798154446844644,3.04669767796458,0.00798154446844644,3.04669767796458
SIG090,GSE38832,4,0.56297747877201,0.801312525681987,0.106695161007343,0.508772399614993
SIG091,GSE38832,7,0.548175261757717,0.792731496030723,0.548175261757717,0.792731496030723
SIG093,GSE38832,9,0.403788169236513,1.37610330592777,0.149439905501394,1.76753073671291
SIG094,GSE38832,3,0.551893491737221,0.795749206248931,0.375071933898082,0.644782003445665
SIG095,GSE38832,16,0.064259811133248,2.11674632247774,0.0375695148730022,4.60197504303571
SIG096,GSE38832,11,0.543367768989012,0.792253355164434,0.348561419923067,0.684019892574982
SIG097,GSE38832,14,0.79811423225751,0.907405374388443,0.100465326487577,0.513950802601344
SIG098,GSE38832,5,0.490800829622464,0.769637135700703,0.0924941638541104,0.493684837117597
SIG099,GSE38832,11,0.114351911789553,1.86562232231557,0.0901719720397614,1.90264970157531
SIG101,GSE38832,8,0.943179997602437,1.0273591402428,0.450622802611502,1.3911888279824
SIG102,GSE38832,4,0.640262442353579,1.19502740972723,0.304306406617416,1.48099239418603
SIG107,GSE38832,13,0.198405947911011,0.607680203737495,0.137040319970392,0.547728581972938
SIG108,GSE38832,13,0.826141614023873,0.917622951672001,0.356725851889382,0.699505981308727
SIG109,GSE38832,7,0.270631629194742,0.656093058420394,0.0144164441254936,0.383814751523534
SIG110,GSE38832,9,0.949356464036581,0.974714500916618,0.136690662117829,0.532652926663263
SIG111,GSE38832,12,0.374983197537173,1.42619492612524,0.123731949024561,3.10104356015819
SIG112,GSE38832,4,0.912441053100482,0.958461845154662,0.49820998617396,1.31258727285025
SIG113,GSE38832,10,0.0402459600789491,2.29564828080016,0.00289196291315856,3.18307896554825
SIG114,GSE38832,18,0.401980402049638,1.38520107512198,0.0360719732210722,2.21589915992068
SIG115,GSE38832,4,0.996308791714331,0.998241538698618,0.389763972154175,1.69641765766967
SIG116,GSE38832,5,0.647875222592577,1.19026372091063,0.255839907966826,1.85146778062234
SIG117,GSE38832,4,0.269802919813173,1.54820269937163,0.0870857027100871,1.92373568910171
SIG118,GSE38832,14,0.0297452507286464,0.414505806747888,0.0012156728081703,0.285337162887362
SIG119,GSE38832,10,0.520931708943752,1.28551169362833,0.026127730610995,2.32246068536944
SIG120,GSE38832,3,0.869470818295717,1.06555239220988,0.128024247213013,2.12595941769989
SIG121,GSE38832,6,0.184888884517161,0.592342565360849,0.0281600408138118,0.435081316060347
SIG122,GSE38832,8,0.532139693912824,1.27731295692693,0.0540483107549815,2.08261050921507
SIG124,GSE38832,4,0.0269536799597767,2.40133350958244,0.0269536799597767,2.40133350958244
SIG125,GSE38832,4,0.224155505880281,1.60009940887997,0.116411407175352,1.8603619573586
SIG126,GSE38832,4,0.396541199779175,0.723327771000709,0.273364238466933,0.649128865863916
SIG127,GSE38832,6,0.991083316957953,1.00431117125315,0.222100010070346,1.60466609656092
SIG128,GSE38832,11,0.692431033269008,0.859137137097314,0.0873598721783515,0.500041221335077
SIG129,GSE38832,9,0.579529768624597,1.24186309786688,0.20628550288696,0.604895028934105
SIG130,GSE38832,9,0.48612807948525,1.3067581270097,0.101804143686073,2.07900198673184
SIG132,GSE38832,5,0.982147899306634,1.00850392159199,0.163845892860464,1.796768380975
SIG133,GSE38832,5,0.236398797818198,1.58421415998854,0.0683926238395381,2.09296751390254
SIG134,GSE38832,8,0.118038541378822,0.516167322542276,0.118038541378822,0.516167322542276
SIG135,GSE38832,3,0.541144940880157,0.792944011632138,0.0458863993065942,0.465087412535234
SIG136,GSE38832,9,0.154644724655457,1.75436953530379,0.0705509005890826,2.13202587938923
SIG138,GSE38832,5,0.266802175483022,1.53856671060963,0.266802175483022,1.53856671060963
SIG139,GSE38832,4,0.114461661940537,1.89833607295281,0.0259283944599704,2.37382008178252
SIG140,GSE38832,6,0.892509650293364,1.05257511210073,0.207005593725408,1.70008120212014
SIG141,GSE38832,7,0.0392532521677102,2.48084946431037,0.0388623326062747,3.56423107424988
SIG142,GSE38832,12,0.338396478408228,0.693511225336185,0.0303738174241302,0.436498470080306
SIG143,GSE38832,6,0.0565766157121097,0.462039598373111,0.000520145425953577,0.267981290865898
SIG144,GSE38832,3,0.199594234955412,1.69181688031613,0.0236379409988889,2.36210663252514
SIG145,GSE38832,12,0.792452869147271,0.903734478131538,0.195977011814922,0.45138265050292
SIG146,GSE38832,3,0.137585582168772,1.82720920155757,0.110680379181399,2.0116503231443
SIG147,GSE38832,3,0.813667413034388,1.09494185735075,0.154659476644899,1.72271095524685
SIG148,GSE38832,6,0.0167546724574668,3.026478456855,0.00319994766297879,3.90500455594518
SIG149,GSE38832,8,0.173473109950193,1.7130392846896,0.0250905847850876,2.42261980771026
SIG150,GSE38832,10,0.492956221421682,0.769490979555862,0.176108259753692,0.596031314225467
SIG151,GSE38832,8,0.486824461337607,1.30433954141866,0.111078125333202,1.83843048121847
SIG152,GSE38832,8,0.233426555015427,1.60320639780223,0.169714992015874,1.78073466099355
SIG153,GSE38832,8,0.537741471413258,1.2666415870969,0.0102463411859075,2.76152075938602
SIG154,GSE38832,3,0.0117998154048859,2.78671508032547,3.60186964389769e-05,5.0249994703279
SIG155,GSE38832,9,0.0465248518639911,0.415349394237409,0.0220657686463033,0.319766945788031
SIG156,GSE38832,5,0.0740407768602283,0.484876855108311,0.0644784533325296,0.493367718724185
SIG157,GSE38832,5,0.0396802783843406,2.24258638997322,0.000846442915004539,3.73974209935789
SIG159,GSE38832,6,0.653344618310752,1.19165628387117,0.209117802304756,0.532007643464029
SIG161,GSE38832,4,0.473346167242553,1.31424204807833,0.198816979235528,1.7645689736712
SIG163,GSE38832,4,0.0582334122083045,2.09950196695155,0.00332508520888056,3.17237526923657
SIG164,GSE38832,4,0.447031982812497,1.33997265791989,0.211883407170113,1.74585114853349
SIG165,GSE38832,5,0.037542287930187,2.32214351522022,0.0268378543611221,2.39565419109525
SIG166,GSE38832,3,0.346253888800326,1.45312450172715,0.260512621921996,1.60687038619573
SIG167,GSE38832,3,0.532687489079533,0.78915595947736,0.24476041396351,0.642994828886788
SIG168,GSE38832,9,0.15147381395659,1.74312482493156,0.0238210282588982,2.69970984296601
SIG169,GSE38832,8,0.765601684167354,0.891797942358318,0.0726333263833459,0.505541046843011
SIG170,GSE38832,6,0.943546847729429,1.02880540700444,0.208181070063428,0.531185868837255
SIG171,GSE38832,4,0.252284277742712,0.635770359766598,0.0267022014060712,0.428521038763426
SIG172,GSE38832,6,0.935360238676054,1.03302824294141,0.139364212436889,2.96640204001398
SIG173,GSE38832,5,0.735885528796586,0.879829927310898,0.0558896339546287,2.57818486691503
SIG175,GSE38832,5,0.441599600058342,1.36378974520481,0.0503877387462721,2.11346050919904
SIG176,GSE38832,8,0.118488807187051,0.529681787526838,0.00338479662090568,0.304891797190127
SIG177,GSE38832,14,0.090865710600009,2.0521605604521,0.0793904871666304,2.06445849169833
SIG178,GSE38832,3,0.291092284563566,1.50037234676619,0.0393256302929573,0.220280035344865
SIG179,GSE38832,12,0.015501691066721,2.87827228583712,0.00521339425236245,2.88823698236089
SIG180,GSE38832,5,0.0316350965594457,2.46056158657208,0.0209673734734469,2.39717754000487
SIG181,GSE38832,5,0.187271336699757,0.591956751758654,0.100136817091978,0.480192753982096
SIG182,GSE38832,3,0.179875234303565,1.77733732566709,0.0690221340821819,2.05573452021612
SIG183,GSE38832,4,0.248537073258029,1.58504938619338,0.00683758441060115,2.79304589202159
SIG184,GSE38832,3,0.226381586977993,0.609975059536693,0.226381586977993,0.609975059536693
SIG185,GSE38832,22,0.0781552155374839,0.476625376691546,0.0283906622529922,0.2613470227645
SIG186,GSE38832,18,0.0283338784333841,2.61153481143608,0.00333428163429543,3.07090049188666
SIG187,GSE38832,4,0.78510677623476,1.10898585652433,0.0896813544561263,2.50632842601589
SIG188,GSE38832,6,0.910333652013235,0.957397727007422,0.0335613740211365,0.431274556547129
SIG189,GSE38832,6,0.182907994276105,1.67628498146348,0.0609249418061559,2.06335159262886
SIG190,GSE38832,7,0.602474982134519,1.21827683665099,0.00415894750418318,2.96924975166868
SIG191,GSE38832,3,0.161017244762136,0.572315697176659,0.161017244762136,0.572315697176659
SIG192,GSE38832,3,0.839637240172657,0.923030338696797,0.112972635897701,0.310397658839433
SIG193,GSE38832,7,0.698768308671821,1.16373609755688,0.189934272571449,1.66825298607878
SIG194,GSE38832,6,0.559957524853134,0.799761531977506,0.159834131576326,0.35542686049225
SIG195,GSE38832,12,0.593495201794764,1.22628472803414,0.433158023615504,0.654722082460292
SIG196,GSE38832,4,0.033241453503219,2.45019103161375,0.0027248236891983,3.14482592079538
SIG197,GSE38832,4,0.693871720432778,1.16092813401606,0.0742354837035539,0.496893092364973
SIG198,GSE38832,3,0.790766793492344,1.10563465552825,0.02774826520837,0.418437251513352
SIG199,GSE38832,5,0.159018529012048,1.74525727020965,0.159018529012048,1.74525727020965
SIG200,GSE38832,3,0.225926629839447,1.59908417027831,0.0634759479107481,2.11938195746005
SIG201,GSE38832,3,0.185114119337911,1.68911152982285,0.15519314087676,1.7357044482705
SIG202,GSE38832,29,0.246827088770671,1.56616560717091,0.19063665918112,1.64078841168731
SIG203,GSE38832,5,0.818325605674271,1.09120675336883,0.0776599435063742,0.49529219179663
SIG204,GSE38832,3,0.194748651600595,1.69909748633989,0.0168073067739323,2.53225007660432
SIG205,GSE38832,7,0.322285536410171,1.46074322034016,0.210693004234545,1.61710887084406
SIG206,GSE38832,11,0.283516904643259,1.53032296632627,0.0400503640313657,2.25278198802114
SIG207,GSE38832,13,0.0961504102250355,2.01950161971264,0.069812918165763,2.32116308135227
SIG208,GSE38832,6,0.126295046886525,1.82869303567548,0.00521324649357,2.88797551145036
SIG209,GSE38832,5,0.0765645004433812,0.457012651522864,0.044561923940527,0.334342302472465
SIG210,GSE38832,13,0.596698541527284,1.22489478610235,0.126231833155846,1.81417160592605
SIG211,GSE38832,4,0.310205396787318,1.48455578880618,0.0221680754133155,2.38304114918122
SIG212,GSE38832,3,0.247700871134699,0.638731725679402,0.247700871134699,0.638731725679402
SIG213,GSE38832,5,0.648883081687559,1.18852157597723,0.0585576357494867,2.05494144560256
SIG214,GSE38832,5,0.248282053001266,0.642354175703033,0.148816222998048,0.531698987339491
SIG215,GSE38832,4,0.72992063818477,1.1426187595598,0.494367873973327,0.755680078222246
SIG216,GSE38832,4,0.263630059836188,1.58559746827466,0.263630059836188,1.58559746827466
SIG217,GSE38832,8,0.285560408259009,1.50470304560472,0.285560408259009,1.50470304560472
SIG218,GSE38832,4,0.103402198393989,1.88609948241986,0.0204666569268216,2.41107974263735
SIG219,GSE38832,7,0.710932727318181,0.867696711609978,0.140590665474323,0.520921216577701
SIG220,GSE38832,7,0.852846158391479,0.932003439893267,0.364929069003486,1.5198245422995
SIG221,GSE38832,4,0.324176598296651,0.68510800777937,0.0636877564967464,0.475402829535767
SIG222,GSE38832,3,0.382031248211457,0.716946121847276,0.0692172795099641,2.00526333492773
SIG223,GSE38832,4,0.708037585041964,1.16537676089442,0.36658447653807,1.74089366318846
SIG224,GSE38832,3,0.286145765323584,1.51294681707043,0.0258589822545427,2.42904252100691
SIG225,GSE38832,5,0.190728265250388,1.70664067070513,0.0508289866136478,2.21298215585669
SIG226,GSE38832,5,0.0152610422331218,3.08588088407754,0.00234962785466608,3.20828535014286
SIG227,GSE38832,8,0.527259108953342,0.785453813292475,0.180031566421148,0.587169947250534
SIG228,GSE38832,6,0.741418114836827,0.880884869092698,0.339071871269781,0.690700483833185
SIG229,GSE38832,4,0.101352423407095,1.90945682875066,0.0639912619602254,2.49484851381393
SIG230,GSE38832,16,0.111350934090871,0.522375217548818,0.027639151689104,0.407673250361507
SIG231,GSE38832,3,0.305013565650819,1.50411652114511,0.0624488745585201,2.37588478385046
SIG232,GSE38832,7,0.449130114312795,1.34233853886932,0.184087528865954,1.65441892664636
SIG233,GSE38832,10,0.799195045783647,0.906624559124492,0.271411938782707,0.551353285334172
SIG234,GSE38832,12,0.572170124700373,1.25444965696787,0.373496095295522,1.73056097491913
SIG235,GSE38832,6,0.191760878954336,0.603040530991398,0.0906977425879268,0.527229684210195
SIG236,GSE38832,5,0.116415824332435,1.89714419999162,0.0128554403117005,2.62161991715163
SIG237,GSE38832,6,0.46985035958771,1.31593071191543,0.0928068946865616,2.02514821964776
SIG238,GSE38832,6,0.393772846284681,1.39320350943272,0.0631497211137079,0.478660726826726
SIG239,GSE38832,7,0.719509559050203,1.14581141882801,0.233558792345717,1.56949047355642
SIG240,GSE38832,6,0.740630184378414,0.881920722437567,0.298270360606089,0.634777273301379
SIG241,GSE38832,4,0.970693216023673,0.986128482811763,0.204480654627527,1.87899423990189
SIG242,GSE38832,6,0.660009929274466,0.846142376717541,0.0492869924333762,0.43278121350802
SIG243,GSE38832,8,0.052735156731515,2.19385178868726,0.052735156731515,2.19385178868726
SIG244,GSE38832,13,0.414562747409196,1.37412795201345,0.192552971060512,1.64003055610388
SIG245,GSE38832,3,0.313290025699444,1.47848451305062,0.0722229202065815,2.12258667087756
SIG246,GSE38832,5,0.815644621057684,0.913140242574893,0.0506171400274388,0.379605368933963
SIG247,GSE38832,3,0.0181039046304461,2.69467455013393,0.000222510879308805,4.07337206258464
SIG248,GSE38832,5,0.0140935952023477,0.357981792702249,0.00583123349244457,0.343262593003487
SIG249,GSE38832,4,0.140951478142725,1.78874640915706,0.0844382763558784,2.12566937346736
SIG250,GSE38832,4,0.933484853367673,0.968829046407009,0.116170838155038,0.381945985652758
SIG251,GSE38832,13,0.0247295353680622,2.85168786309631,0.0247295353680622,2.85168786309631
SIG252,GSE38832,3,0.120010773871035,0.550121257282965,0.0336865363262374,0.431031311810878
SIG253,GSE38832,3,0.0295891236027736,2.41781507107832,0.00196686621687477,3.24507612691019
SIG254,GSE38832,3,0.675833184140044,0.84879715265942,0.23281524205827,0.630261308210293
SIG255,GSE38832,2,0.696307123005,1.16621807983066,0.341582178284384,1.6776803810895
SIG256,GSE38832,5,0.390733108299625,1.38664075120536,0.175336308069828,1.95654739329328
SIG257,GSE38832,3,0.144318380557568,1.77125169722805,0.072763749853796,2.1996503615436
SIG258,GSE38832,4,0.528423686909515,1.27058482742747,0.189557954463996,1.67918838343868
SIG259,GSE38832,5,0.659305797134031,1.18463623158796,0.23896377016393,1.63852523779208
SIG260,GSE38832,5,0.0985028868295895,1.89921956899784,0.0693378231454637,2.03618945614435
SIG261,GSE38832,14,0.0438491477124232,2.2190369118691,0.0438491477124232,2.2190369118691
SIG262,GSE38832,6,0.962695284238864,0.982411621693176,0.0788026203077237,0.275275513657236
SIG263,GSE38832,4,0.88594158601598,1.05613601915156,0.144436846700493,0.509076120375623
SIG264,GSE38832,6,0.00277528651812214,3.9691438038377,0.00015604222164725,4.33179407921717
SIG265,GSE38832,7,0.903772935647974,1.04981314806848,0.0915944394732128,5.60090760696857
SIG266,GSE38832,5,0.27672390259462,1.51591572620425,0.249709678593068,1.5472454075001
SIG267,GSE38832,11,0.197504417788411,1.66620287225592,0.0844109614972116,1.95139707495626
SIG268,GSE38832,6,0.683891307742305,0.857090335918438,0.423802654724253,0.705039645084982
SIG269,GSE38832,3,0.908570586566294,0.957372888522706,0.439213268712278,1.4326074748288
SIG270,GSE38832,4,0.738428361601551,1.13785290265441,0.0789105517833359,6.01562031100884
SIG271,GSE38832,5,0.74672367977882,0.884110791625727,0.267823294498668,0.641045791525468
SIG272,GSE38832,4,0.532076083288739,1.2692283564148,0.295527432916656,1.53222244221809
SIG273,GSE38832,4,0.78161159560461,1.11093726149486,0.116204017400632,0.516583706411939
SIG274,GSE38832,8,0.122992316429823,0.543825567623952,0.0359264347283842,0.21444607142453
SIG275,GSE38832,4,0.469677205434693,0.759315698984154,0.0479034811625626,0.434432372708787
SIG276,GSE38832,12,0.141246913955977,1.81907285099286,0.00115284766647686,3.48554423579862
SIG277,GSE38832,6,0.597720936546766,1.22845308326018,0.0741473545965891,1.98079808615727
SIG278,GSE38832,5,0.37102680739589,1.4076934584177,0.00478709184194546,2.91892878646834
SIG279,GSE38832,7,0.0424719556813553,2.44239585005466,0.0107689790908322,3.06439781292736
SIG280,GSE38832,4,0.94683840577741,0.974800581080049,0.216368320581757,1.77732219192331
SIG281,GSE38832,4,0.622962213541807,1.20731222341329,0.0555835792541927,2.41792187219777
SIG282,GSE38832,16,0.56184627715169,1.25043334134005,0.192402812668766,1.9091281001958
SIG283,GSE38832,10,0.375457896001294,0.699553948194203,0.0617028012790592,0.252548913901116
SIG284,GSE38832,3,0.0562635907532771,2.12874753646245,0.00231862181755072,3.21586565667283
SIG285,GSE38832,9,0.326762938889589,1.45419564818443,0.247725239383202,1.55314832456389
SIG286,GSE38832,5,0.458008680150863,0.75398086125496,0.0011522407892941,0.282741533916784
SIG287,GSE38832,3,0.394758075332829,0.712093208874907,0.132786705584846,0.549809949963765
SIG288,GSE38832,5,0.153394708284379,1.83699067724021,0.0726503626770636,3.01353855292525
SIG289,GSE38832,16,0.0254583354799576,0.376624116282947,0.0104515294213035,0.342190414948298
SIG290,GSE38832,3,0.0661931118017601,2.16913955056393,0.00783267573767843,2.74191490828631
SIG291,GSE38832,3,0.232212195612587,1.6064926168664,0.0214674128899685,2.392582394577
SIG292,GSE38832,14,0.1965453740346,1.69406302528416,0.0882426116274366,1.96650588788095
SIG293,GSE38832,6,0.617394754678714,1.21739336578837,0.144062878926954,0.521116399921245
SIG294,GSE38832,4,0.457396544020716,1.32842228739929,0.372039372429268,1.40281921346937
SIG295,GSE38832,7,0.425020219944656,1.36353845006429,0.220007190238726,2.12592882986121
SIG296,GSE38832,11,0.0668797343843488,0.488351663611416,0.037990233876177,0.447075237163014
SIG297,GSE38832,11,0.68190364748431,1.16914043796659,0.362106417569358,1.41706052354816
SIG298,GSE38832,9,0.455962933654989,1.33667560892988,0.0538437771362182,2.83812084879784
SIG300,GSE38832,5,0.63159684327718,1.1996731893004,0.521120396038595,0.779556874237278
SIG301,GSE38832,7,0.13476647359049,0.560025380038494,0.13476647359049,0.560025380038494
SIG302,GSE38832,6,0.110514015928507,0.532360951634647,0.110514015928507,0.532360951634647
SIG303,GSE38832,3,0.035394501958279,0.434937083605304,0.0138991498493455,0.388821356083506
SIG304,GSE38832,4,0.0284208560229232,0.399678702835183,0.0284208560229232,0.399678702835183
SIG305,GSE38832,7,0.878285557953534,1.06085075388332,0.0984870533834111,1.92473821133898
SIG306,GSE38832,11,0.0671195174149243,0.476561829032363,0.0671195174149243,0.476561829032363
SIG307,GSE38832,13,0.896995493199701,0.952169486377722,0.339196956896647,0.623902496306238
SIG308,GSE38832,5,0.326188691965467,1.45691001749103,0.0872049950131743,1.92689299884107
SIG309,GSE38832,3,0.12321527012976,1.821973531199,0.0561112395582163,2.32991735607867
SIG310,GSE38832,4,0.813245194243921,0.91417800505319,0.276238734062396,1.55589019798096
SIG311,GSE38832,4,0.531128860973302,0.776390492385987,0.0940994986414496,0.522004870802929
SIG312,GSE38832,9,0.801580932400789,1.1040159833897,0.0109494153418874,2.65807754087953
SIG313,GSE38832,3,0.539075022328556,0.79215866947919,0.0360883899898683,0.118167868090228
SIG314,GSE38832,7,0.122668323452186,1.82241787081126,0.122668323452186,1.82241787081126
SIG315,GSE38832,8,0.458837790320728,0.752892621455684,0.126984062880369,0.392505999253174
SIG316,GSE38832,10,0.0767966027304891,1.99083082613247,0.0396168082400714,2.29155152787899
SIG317,GSE38832,7,0.0444015816486099,0.412650303753922,0.0444015816486099,0.412650303753922
SIG318,GSE38832,4,0.168585841416338,1.72795725762274,0.0370458683048619,2.28115750037985
SIG319,GSE38832,8,0.213274338803516,0.617667953921716,0.0460121911024946,0.466461666533544
SIG320,GSE38832,8,0.144971541782462,1.77818012579036,0.0557084072957418,2.07965728688523
SIG321,GSE38832,3,0.708254750864144,1.15431772450969,0.114866526788568,0.512406494196123
SIG322,GSE38832,7,0.585740919878799,0.811862541735668,0.126008788888252,0.556341216926325
SIG323,GSE38832,5,0.0692877911723373,2.08681682358311,0.0388925131315404,2.26067257871175
SIG324,GSE38832,3,0.50337044637688,1.29985976815295,0.00871291697692075,2.71949022871658
SIG325,GSE38832,3,0.00251915561381199,3.7549448561973,0.00251915561381199,3.7549448561973
SIG326,GSE38832,9,0.664368319061059,1.17951525940302,0.0882941849637176,0.500704761957256
SIG327,GSE38832,2,0.391010274675359,1.39045569547185,0.244644532468611,1.78624587745884
SIG328,GSE38832,9,0.791231860104596,0.903495111971978,0.000702772446791589,0.256878088662905
SIG329,GSE38832,4,0.189525754838388,1.66231244545449,0.0714790388921766,1.98297261013204
SIG330,GSE38832,16,0.446633734919656,1.34457681084844,0.0581774015284896,2.11179119072259
SIG331,GSE38832,4,0.691118187676575,1.16350089080307,0.217201916669287,1.67934132328395
SIG332,GSE38832,3,0.164589493555681,1.71379164567538,0.00605110072124395,2.91234130942914
SIG334,GSE38832,4,0.5056659380553,1.28720543386932,0.285688050675428,1.5248844322738
SIG335,GSE38832,7,0.293611800624701,1.54025022657367,0.101768155513396,1.95241861667704
SIG336,GSE38832,3,0.104333597813688,1.98876343231457,0.033461676447082,4.78453772143182
SIG337,GSE38832,4,0.4864460663557,0.761011101298867,0.302123907281899,0.66203164985505
SIG338,GSE38832,3,0.538652451111461,1.27241281993448,0.404522919341081,1.51060184577751
SIG001,GSE39582,4,0.848732996927114,1.02810952998688,0.574591580394907,0.900249012181555
SIG002,GSE39582,4,0.275265461109102,0.852928341441029,0.0731535342152929,0.696460735161734
SIG003,GSE39582,11,0.153291617359364,0.812129507906023,0.0322730874000311,0.731917106551957
SIG004,GSE39582,8,0.240535996160989,0.842750287091255,0.0201513715043729,0.713234571345832
SIG005,GSE39582,6,0.945919762724428,1.00989977416392,0.0359077569458034,1.43475108401786
SIG006,GSE39582,8,0.0108107521725626,0.688483728061805,8.21450751549292e-05,0.562925140987266
SIG007,GSE39582,15,0.681538310741699,0.941965439632158,0.0194354237904817,0.695444617724867
SIG009,GSE39582,6,0.819661361421287,0.967411811807,0.507438012209744,0.902058582368687
SIG010,GSE39582,6,0.711621855293439,0.947664313919849,0.0187142346691366,0.690561330445943
SIG011,GSE39582,3,0.963433907031124,1.00668280452668,0.208880262424769,0.802643134771564
SIG012,GSE39582,3,0.0450636565891214,0.745899502517402,0.00998088189744594,0.6872545148832
SIG013,GSE39582,9,0.00832971722471675,1.47535346897623,1.86571157747939e-05,1.97903786605283
SIG014,GSE39582,15,0.19084041676571,0.826342427679912,0.113993990208854,0.761379327163538
SIG015,GSE39582,3,0.481191112994968,1.10825422319291,0.0680730097709518,1.31165574326345
SIG016,GSE39582,50,0.986832059416551,1.00240073705864,0.0904011419740526,0.773783471275779
SIG018,GSE39582,9,0.308191766323972,1.15991481831054,0.060578696252861,1.38177660586156
SIG019,GSE39582,12,0.735194267245447,1.05032303987105,0.0956047170038843,1.32922465249932
SIG020,GSE39582,3,0.0903962342297905,0.78086988196496,0.0185170168257294,0.683994516153223
SIG021,GSE39582,8,0.379417113002193,1.13695322701607,0.0330809591645173,1.42452474369222
SIG022,GSE39582,4,0.200877177023622,0.830171648992457,0.136734355731926,0.803070698756117
SIG023,GSE39582,9,0.671092969956694,1.06359775283157,0.125522484083976,1.25505993633874
SIG024,GSE39582,6,0.296190731360809,1.16448100938596,0.00302432800576666,1.63105514504346
SIG025,GSE39582,11,0.654381358644055,0.936863693877124,0.0924269385068491,0.779901491249449
SIG026,GSE39582,29,0.0279816861902986,0.723693534783596,3.01547167805715e-05,0.517632636038868
SIG027,GSE39582,4,0.11904927713767,1.25630081094202,0.11904927713767,1.25630081094202
SIG028,GSE39582,4,0.0662619412958521,1.30898706608761,0.0134407339960907,1.46895139039354
SIG029,GSE39582,4,0.55236452783528,0.917033903969882,0.333687086072174,0.845482807915895
SIG030,GSE39582,7,0.646285266831791,1.06898596242842,0.00592857757436937,1.53785599217404
SIG031,GSE39582,4,0.282255387248807,0.855375286870455,0.100969013644235,0.773603376640485
SIG032,GSE39582,10,0.664135752497542,1.0650677635503,0.123677306636863,0.770419407632224
SIG033,GSE39582,9,0.371988981240148,1.13874857913993,0.1320542979251,1.24980588518754
SIG034,GSE39582,14,0.0129601599601753,0.693651089942086,0.00342842149515941,0.650664007101777
SIG035,GSE39582,2,0.57256972820165,0.921279716118784,0.188599690275692,0.819808352471412
SIG036,GSE39582,12,0.112693397856087,1.26010354065908,0.112693397856087,1.26010354065908
SIG037,GSE39582,13,0.15553795285603,1.23056147914498,0.00064496052869416,1.68906143482714
SIG038,GSE39582,3,0.631059396129472,1.07225267559537,0.0057369573396891,1.60095069840256
SIG039,GSE39582,14,0.0257135663261573,0.721313676708802,0.0257135663261573,0.721313676708802
SIG040,GSE39582,13,0.00088069579985918,0.610318906101552,2.64065564091956e-05,0.510224059833749
SIG041,GSE39582,10,0.00395148777390438,1.53171337587984,0.000380955878476598,1.69130234917442
SIG042,GSE39582,7,0.0914875086499137,0.781934751259546,0.00104686763095473,0.586000270462607
SIG043,GSE39582,14,0.0744434140298467,0.77069107225144,0.0325871712102567,0.71103084968185
SIG044,GSE39582,3,0.269992019029909,1.17494851567926,0.102716509458735,1.26810227475248
SIG045,GSE39582,6,0.0808846591792355,1.29116353507506,0.0130043644513113,1.48622867835897
SIG046,GSE39582,4,0.209165333934612,0.832689823299502,0.00408057819663271,0.656392271361799
SIG047,GSE39582,4,0.448939447539059,0.895886951674773,0.0614414310700642,0.68911618890146
SIG048,GSE39582,11,0.76136582905396,1.04507359005,0.156906661982988,0.757031453720419
SIG049,GSE39582,14,0.397088128197904,1.13115434703321,0.0604057545336045,1.35291221577187
SIG050,GSE39582,5,0.843382910492695,0.971716465477719,0.214958427344264,0.814625593281084
SIG051,GSE39582,7,0.420461381535654,0.889134626022659,0.197688108915722,0.825081342676238
SIG052,GSE39582,19,0.117628033804825,0.795589964247437,0.015390092535806,0.702061387924263
SIG053,GSE39582,9,0.382050295378355,0.880659147905204,0.0350087222967306,0.679112698154124
SIG054,GSE39582,45,0.874790043961384,0.977351289471896,0.175308690885626,0.771191291624714
SIG055,GSE39582,20,0.140491270187111,0.806846130797137,0.00156732487835085,0.60818843280975
SIG056,GSE39582,6,0.856051414077993,0.973956803042124,0.425191886515271,0.884221946710196
SIG057,GSE39582,8,0.427711461291119,0.890805684652741,0.00656611189219396,0.604072395987815
SIG058,GSE39582,22,0.190023929545252,0.825942271721678,0.00564974157193032,0.647370489240948
SIG059,GSE39582,13,0.567162292477629,1.08700931972522,0.281140544403598,1.18945654978097
SIG060,GSE39582,6,0.020980088183089,0.713322265074872,0.020980088183089,0.713322265074872
SIG062,GSE39582,42,0.354984433178823,1.14429632688184,0.00973051563897022,1.52783231676561
SIG063,GSE39582,19,0.379654769888883,1.13638108341799,0.271789573034001,1.17963889780541
SIG064,GSE39582,3,0.0197822733098821,1.41031884346785,0.00731053132458701,1.60661825868654
SIG065,GSE39582,5,0.00730462547466904,0.672487950096814,0.000464106405974506,0.601181147192876
SIG066,GSE39582,11,0.786024020358013,1.04026657191916,0.0712593609016328,1.33463822404636
SIG067,GSE39582,5,0.794422902784632,1.03858870126896,0.211688097898636,0.817872019885418
SIG068,GSE39582,5,0.282992185536212,1.16945688390132,0.100287250386507,1.30106602133506
SIG069,GSE39582,7,0.547192456973834,1.09161617641883,0.405326702533026,1.1461961091609
SIG070,GSE39582,3,0.475448105427384,0.901139373065848,0.0477851880748993,0.749615201040635
SIG071,GSE39582,13,0.0377775736501963,0.738442203956254,0.0377775736501963,0.738442203956254
SIG072,GSE39582,14,0.670332161133494,1.06380524498807,0.0732440858525706,1.31575893756149
SIG073,GSE39582,16,0.883267364159745,1.02155685753337,0.157108978656703,1.27851428606181
SIG074,GSE39582,11,0.691838178417845,0.944025880313887,0.0653844961363353,0.754229908283844
SIG075,GSE39582,13,0.764091422772486,1.04458635555788,0.0215840986242712,1.48564445520757
SIG076,GSE39582,8,0.234262020745662,0.840686604854107,0.106719307863811,0.786469839060207
SIG077,GSE39582,7,0.0248421232159661,0.720710062858149,0.0128847069020363,0.690952004561009
SIG078,GSE39582,5,0.00357704485413694,0.650034728562337,0.000646935282437948,0.606819708860493
SIG079,GSE39582,5,0.892511937268577,0.980527052172107,0.161946149790394,1.26546492952681
SIG080,GSE39582,8,0.867477505264115,0.976052822757833,0.229997956551401,0.831460658831476
SIG081,GSE39582,5,0.526104063810049,1.09650112696454,0.00781850288680414,1.63743892352113
SIG082,GSE39582,6,0.433773364210575,1.12088721031666,0.0117373302795553,1.51947354751644
SIG083,GSE39582,16,0.79466617788415,0.962746293688457,0.260858392138674,1.18213620182718
SIG084,GSE39582,15,0.177790921686817,1.21719922954087,0.0445956070087906,1.35587621915211
SIG085,GSE39582,7,0.661396813052059,1.06567161407817,0.0632265353584304,1.34447608238794
SIG086,GSE39582,5,0.125934450701565,0.800055431965037,0.0379610067905318,0.738277751890946
SIG087,GSE39582,5,0.398646345360526,1.13080308181915,0.170546931557281,1.2380072354698
SIG088,GSE39582,6,0.423828013126886,1.12319951280942,0.0867289636670975,1.28524227552474
SIG089,GSE39582,5,0.0505968536027648,1.33061988975179,0.00130705518889812,1.70638603055732
SIG090,GSE39582,4,0.119496035401218,1.25506492392633,0.0424659215313544,1.34987388571699
SIG091,GSE39582,7,0.964369779255036,0.993532433705732,0.393890950185762,1.16096013102532
SIG093,GSE39582,9,0.1370355916343,1.2419779675636,0.1370355916343,1.2419779675636
SIG094,GSE39582,3,0.919817439850036,1.01476498913493,0.239781184375042,0.837912638975703
SIG095,GSE39582,16,0.0599714147224877,1.31798285856201,0.0599714147224877,1.31798285856201
SIG096,GSE39582,11,0.689701114327187,1.05977547129258,0.379010155859332,0.864707995429429
SIG097,GSE39582,14,0.796307529064978,0.963191098175119,0.187146490220154,1.23820171353086
SIG098,GSE39582,5,0.181760996523602,0.82288811125414,0.125988060021352,0.796165892059233
SIG099,GSE39582,11,0.223688899707673,1.19381093848991,0.21146099061006,1.19891705662799
SIG101,GSE39582,8,0.821939746868229,0.967808135031285,0.131654408931278,1.27336572528126
SIG102,GSE39582,4,0.35433473127796,1.14416133241511,0.0657752786831065,1.33095450683406
SIG107,GSE39582,13,0.0194003628639548,0.709028392025933,0.00148173475699329,0.6109209338533
SIG108,GSE39582,13,0.944026797111307,0.9898377198852,0.0368280319500462,0.708870846363339
SIG109,GSE39582,7,0.00163636106761985,0.628219489005022,0.000120381959193512,0.493859866560381
SIG110,GSE39582,9,0.205676802656752,0.831533281251737,0.0464871225504107,0.748178317449232
SIG111,GSE39582,12,0.00851983168284038,1.47326174071367,0.00490915731836576,1.52884515303787
SIG112,GSE39582,4,0.171927131534834,1.22036939667784,0.00846749732531167,1.48718491829151
SIG113,GSE39582,10,0.518096607009604,1.09852030116377,0.0769198530197842,1.32530371522429
SIG114,GSE39582,18,0.719599973738866,1.05356847118951,0.434485501872984,0.874693976439482
SIG115,GSE39582,4,0.682349577835004,0.942314752328977,0.0904158832583938,0.776504898528716
SIG116,GSE39582,5,0.29443171686869,1.16472296357661,0.18826646437999,1.24055796290306
SIG117,GSE39582,4,0.510370488377305,1.10057539451515,0.125032026687989,1.29461633635572
SIG118,GSE39582,14,0.197192413411439,0.828619484845427,0.0192742534046865,0.623105019450078
SIG119,GSE39582,10,0.194231454747576,1.20830569157542,0.0141349167300243,1.49498444840051
SIG120,GSE39582,3,0.106469851239569,0.789817932806877,0.0250149515361685,0.719281482972278
SIG121,GSE39582,6,0.120305875671611,0.79687978999365,0.000552562451257394,0.570996957099036
SIG122,GSE39582,8,0.713878295046395,1.05472281997151,0.144823810136393,0.75368136024899
SIG124,GSE39582,4,0.60924731930678,1.0771251992246,0.00401054020042677,1.61268024720841
SIG125,GSE39582,4,0.512419576182799,0.909235000939647,0.0422165428825809,0.723703494111522
SIG126,GSE39582,4,0.498061932394823,1.10345481354486,0.210599026321409,0.806118931949824
SIG127,GSE39582,6,0.430869202211032,1.12176986715785,0.0309841395297755,1.43758060232037
SIG128,GSE39582,11,0.0900989672269316,0.779532157631208,0.0576374109267398,0.758373273697704
SIG129,GSE39582,9,0.969111029240853,0.994385403051062,0.158431642790887,0.78713638719873
SIG130,GSE39582,9,0.21274887650332,1.19907193466989,0.036035131376422,1.35756183300497
SIG132,GSE39582,5,0.582258396698438,0.923136854607343,0.282453031584137,0.850231210712614
SIG133,GSE39582,5,0.28512582135512,1.16818291189393,0.160883704054927,1.25651995675096
SIG134,GSE39582,8,0.110837976025477,0.792717509433256,0.00960090747991604,0.670780716530322
SIG135,GSE39582,3,0.603471033566069,0.927198202077596,0.125013674360277,0.793418310377161
SIG136,GSE39582,9,0.689613559311182,1.05969522814932,0.0890413024141753,1.28178398840457
SIG138,GSE39582,5,0.96298577210467,0.993280856026038,0.104600973043645,1.32269695835369
SIG139,GSE39582,4,0.723994613446384,1.05268019218088,0.246182687934957,1.18838960875823
SIG140,GSE39582,6,0.312574790423662,1.15835629362034,0.0257396038863053,1.60138271010768
SIG141,GSE39582,7,0.542382339866446,0.915329459066772,0.0961475485827425,0.765849283515336
SIG142,GSE39582,12,0.243622595951983,0.843749206891875,0.130917166016623,0.802877078104848
SIG143,GSE39582,6,2.90221913115868e-08,0.426255889198925,4.32546676653245e-13,0.348045071763739
SIG144,GSE39582,3,0.775161596301714,1.04233857448733,0.0314211827494139,1.4403987105472
SIG145,GSE39582,12,0.487771067891748,0.904089515963736,0.114765669998448,0.792185961083139
SIG146,GSE39582,3,0.00380047506477115,1.53196362441801,0.000131342908865421,1.75072213270653
SIG147,GSE39582,3,0.341530164834953,0.870940751842089,0.0100109331885366,0.68388415755337
SIG148,GSE39582,6,0.0328978917630958,1.36557584540216,0.00625181547008104,1.53275104044574
SIG149,GSE39582,8,0.970895183791025,0.994709862719073,0.0383143394589087,1.36585185746734
SIG150,GSE39582,10,0.206692273800415,0.831977814650806,0.00503091423409393,0.643510543514031
SIG151,GSE39582,8,0.253344813375149,0.846462340591141,0.0225339737529707,0.710815217354929
SIG152,GSE39582,8,0.526745504271789,1.09634118650258,0.450048147720871,0.884267455099853
SIG153,GSE39582,8,0.227928509632971,0.838491872668651,0.10516559384014,0.789776301195278
SIG154,GSE39582,3,0.145631336226952,1.23624967612047,0.0583439939936621,1.45785206677362
SIG155,GSE39582,9,0.710875790375463,1.05535307968849,0.0968322681933612,0.781437351873788
SIG156,GSE39582,5,8.88380025274829e-05,0.557142237142787,1.11708829393258e-11,0.352738249715348
SIG157,GSE39582,5,0.00138935928590477,1.6036760305367,0.00138935928590477,1.6036760305367
SIG159,GSE39582,6,0.434362065533249,1.12042353125835,0.136370866376877,1.26643797126561
SIG161,GSE39582,4,0.068639259899104,1.30472018984656,0.068639259899104,1.30472018984656
SIG163,GSE39582,4,0.129822735574755,1.24700520480181,0.0281264486409423,1.44732071751833
SIG164,GSE39582,4,0.300882321798786,1.16295125659787,0.261472735958836,1.21360091379615
SIG165,GSE39582,5,0.0502456956056656,1.33083357523103,0.0312617368468932,1.3767929770155
SIG166,GSE39582,3,0.504664655038813,0.907449864238124,0.504664655038813,0.907449864238124
SIG167,GSE39582,3,0.900600697471025,0.982016756174715,0.0912990118647877,0.755634498695606
SIG168,GSE39582,9,0.256192932548334,1.17995231781845,0.0567522942447438,1.46171770931427
SIG169,GSE39582,8,0.162231873452655,0.815322890555227,0.00259654038345367,0.625244800192087
SIG170,GSE39582,6,0.0683992571885766,0.76531522217408,0.0136931417112804,0.66901355814249
SIG171,GSE39582,4,0.020961926981124,0.712110735679301,0.00641775163283837,0.673210342712165
SIG172,GSE39582,6,0.517374570133952,1.09867934648649,0.346236320279805,1.1577820702074
SIG173,GSE39582,5,0.425603871744227,1.1230743118145,0.104834659813418,1.3169192181991
SIG175,GSE39582,5,0.633169534190162,1.07178002965814,0.386751879666356,1.14344897576011
SIG176,GSE39582,8,0.258892211593337,0.84845441573742,0.000731540713136326,0.580187802312406
SIG177,GSE39582,14,0.294508578862958,0.858567775094354,0.0517705836848094,0.749962506133954
SIG178,GSE39582,3,0.0165655159839315,0.704218585210512,0.0149994842182139,0.683671732874253
SIG179,GSE39582,12,0.968327311560036,0.994251795514215,0.0435154423453826,0.688108073469759
SIG180,GSE39582,5,0.0200522090389148,0.711030513766829,0.00125335958500012,0.625707000842067
SIG181,GSE39582,5,0.644046928872939,0.935121012402898,0.0835267826624317,0.740385622641138
SIG182,GSE39582,3,0.0814626534116984,1.29048584885069,0.0207067092633946,1.43993754772006
SIG183,GSE39582,4,0.835692926499858,0.970297020418484,0.0473487835796809,1.33992208727983
SIG184,GSE39582,3,0.247135639190915,0.845073882958636,0.20248309224711,0.826354370479745
SIG185,GSE39582,22,0.0732801265632163,0.769640866458002,0.0193810286493948,0.619403085228344
SIG186,GSE39582,18,0.00160908795182527,1.59451487643092,4.60513718206766e-06,1.96293092845346
SIG187,GSE39582,4,0.991749176623723,0.998498177018324,0.317488039034776,1.17790297090982
SIG188,GSE39582,6,0.854545300723812,0.973728519328085,0.0312413795037272,1.44549455698439
SIG189,GSE39582,6,0.076687037290913,1.2948699726159,0.0384599934896991,1.46168228455243
SIG190,GSE39582,7,0.348560297996002,0.87250011599882,0.00549367530657039,0.65286949580651
SIG191,GSE39582,3,0.246521004359977,1.18366652804423,0.193224117930526,1.21173879759879
SIG192,GSE39582,3,0.385433177876446,0.88123980264521,0.13248279168472,0.746515562997272
SIG193,GSE39582,7,0.101942817997125,1.26950137331864,0.0356175937330425,1.35746269918846
SIG194,GSE39582,6,0.255376934263794,0.847531082490098,0.0266337049377477,0.688498639860833
SIG195,GSE39582,12,0.508757525221628,0.908422302864752,0.143223030958329,0.805354511678304
SIG196,GSE39582,4,0.276729200051198,1.17239313693623,0.0169603550227412,1.41545769769343
SIG197,GSE39582,4,0.784143454132458,0.960955135716395,0.0442816648119672,0.71070937711093
SIG198,GSE39582,3,0.289502600365284,0.857342095353491,0.000832039930615608,0.592431058028418
SIG199,GSE39582,5,0.570166905412975,1.08608193148187,0.0350414071989564,1.37310116605216
SIG200,GSE39582,3,0.481137104479488,1.1078133083046,0.000168084687786821,1.83274400403236
SIG201,GSE39582,3,0.577900739304242,0.922186709744302,0.302095379573633,0.851592492351344
SIG202,GSE39582,29,0.957699391497595,1.00773631882105,0.346731250749615,1.15685913954239
SIG203,GSE39582,5,0.764833746669992,0.957485868893031,0.214413603370789,1.23619321765736
SIG204,GSE39582,3,0.234759382027011,1.18889949115715,0.0545098271775947,0.72170622545961
SIG205,GSE39582,7,0.200106329771065,1.20550979187182,0.00696871194736784,1.52221673889675
SIG206,GSE39582,11,0.211836036866395,1.19940521496692,0.112043111389842,1.28815557375798
SIG207,GSE39582,13,0.123846532800849,1.25160343667332,0.00728263868938062,1.518303427671
SIG208,GSE39582,6,0.0144253844734092,1.43291469886952,0.000137109396232618,1.76140402818008
SIG209,GSE39582,5,0.532749011347354,1.09509000607276,0.0253216113937909,0.69991544328952
SIG210,GSE39582,13,0.0787645505020551,1.29312316248128,0.00571234962874067,1.51121761591755
SIG211,GSE39582,4,0.0198035138801737,1.40709400823433,5.20721578363086e-06,1.95661276327373
SIG212,GSE39582,3,0.499996235001893,0.906548491763742,0.0098094704007153,0.66334612815288
SIG213,GSE39582,5,0.38937381838571,1.13349607763485,0.071899941528908,1.33634679442453
SIG214,GSE39582,5,0.0168413801760229,0.70358914287642,2.25294960382121e-05,0.499759490756405
SIG215,GSE39582,4,0.0277745727897742,0.724542849546345,0.00168145888225528,0.615488064626894
SIG216,GSE39582,4,0.282741676355775,1.16963829096104,0.0271025196021785,1.45524544338463
SIG217,GSE39582,8,0.797315027144856,1.03807075922679,0.204246313998709,1.21720847469697
SIG218,GSE39582,4,0.359161401323382,1.1427443180183,0.108894538997024,1.26780570383521
SIG219,GSE39582,7,0.603668197207797,1.07833890575406,0.0419334250798687,0.713425674133533
SIG220,GSE39582,7,0.250485099571775,0.845764964009516,0.145429370575523,0.804595870920416
SIG221,GSE39582,4,0.000568251889753194,0.598739989915847,0.000204430319822917,0.582201368751767
SIG222,GSE39582,3,0.204529021643555,0.831232333506049,0.103543418047621,0.789408586142994
SIG223,GSE39582,4,0.689879593102372,1.05967482121718,0.213234280560218,0.804227732979857
SIG224,GSE39582,3,0.363626262665027,1.14128188047394,0.0338171465144661,1.36731133978479
SIG225,GSE39582,5,0.279533084915504,1.17041157829034,0.0131526136043359,1.51476733433551
SIG226,GSE39582,5,0.00674416887547857,1.48918877361403,0.000268735000530846,1.70147573568796
SIG227,GSE39582,8,0.796480618140248,1.03818583782549,0.409361716739002,1.15545860575576
SIG228,GSE39582,6,0.891976195666262,1.01991816273742,0.178929633857059,0.803422951733877
SIG229,GSE39582,4,0.286433185889419,1.16829539838678,0.00163166355773179,1.6611924661186
SIG230,GSE39582,16,0.13189846380498,0.802923995320184,0.00720080001731193,0.676493983933657
SIG231,GSE39582,3,0.115479666887231,1.25878422380085,0.115479666887231,1.25878422380085
SIG232,GSE39582,7,0.0748517559145067,1.29665996104473,0.008217227936714,1.47644828388589
SIG233,GSE39582,10,0.0624395973980256,0.762258636981269,0.0003700416810587,0.593657080720881
SIG234,GSE39582,12,0.713123570448043,1.05491257571947,0.375120043390415,1.17691075467571
SIG235,GSE39582,6,0.867498120127032,0.976017474280206,0.0536988777111553,0.724361349554081
SIG236,GSE39582,5,0.0183592830664799,1.41180351302549,0.0022633870031538,1.56140811735132
SIG237,GSE39582,6,0.480944134121211,0.902433967210519,0.305138320362676,0.839886831403762
SIG238,GSE39582,6,0.125216410632783,0.799647884202808,0.0467559439216481,0.74786172167913
SIG239,GSE39582,7,0.56986885097912,1.0860982996713,0.127486934112803,0.760455289587196
SIG240,GSE39582,6,0.23556681718338,0.841151242291446,0.0417022487171856,0.695079736440402
SIG241,GSE39582,4,0.539325972387595,1.09321082035873,0.539325972387595,1.09321082035873
SIG242,GSE39582,6,0.708994754768156,1.05568336553213,0.438134886892157,0.887279142508021
SIG243,GSE39582,8,0.0606592492659803,0.760470164899881,8.34157811182018e-05,0.531907616914259
SIG244,GSE39582,13,0.00191782414598312,1.5784147531722,0.000525566549147442,1.6909216235573
SIG245,GSE39582,3,0.430322272360781,0.891347927685981,0.240592194266402,0.842324076834337
SIG246,GSE39582,5,0.0239011706787055,0.71854269228661,0.0130683520736052,0.658167317159797
SIG247,GSE39582,3,0.00648588039879027,1.49215908152195,0.000101722958090167,1.81316512298245
SIG248,GSE39582,5,0.0081997529971564,0.67760531664833,9.85447684829599e-05,0.533851650856012
SIG249,GSE39582,4,0.731363360880532,0.951343214668951,0.0709034595338669,1.33105278826531
SIG250,GSE39582,4,0.92082733361079,1.01453291802528,0.258917392157017,1.18865466832651
SIG251,GSE39582,13,0.0980074642326355,1.27342432285723,0.0955351942296783,1.30622525860469
SIG252,GSE39582,3,0.1475429179189,0.809972783358685,0.0102323556169219,0.656580278038996
SIG253,GSE39582,3,0.17273443669241,1.22016165253419,0.0675372693991682,1.42624594657946
SIG254,GSE39582,3,0.851276536014042,0.973061175443718,0.022700397901742,0.683266471019431
SIG255,GSE39582,2,0.0451656391095078,1.34000803099508,0.0410681985796043,1.37451766810909
SIG256,GSE39582,5,0.24706340369756,1.18410072030806,0.179862057808799,1.27298769667274
SIG257,GSE39582,3,0.661458597449181,1.06568119840563,0.162951434347554,1.27378342417474
SIG258,GSE39582,4,0.840103020481457,0.971144933374895,0.32791570907408,0.830909125128821
SIG259,GSE39582,5,0.178416396188752,0.821925818271781,0.0108409310756346,0.68041319840735
SIG260,GSE39582,5,0.571226686268866,0.921084960533189,0.135339196803303,0.803898446474184
SIG261,GSE39582,14,0.226399230446946,1.19249004719922,0.226399230446946,1.19249004719922
SIG262,GSE39582,6,0.0188718314618841,0.709732704554865,0.0188718314618841,0.709732704554865
SIG263,GSE39582,4,0.249208888226326,0.845132297982664,0.0536222875726448,0.701913014218336
SIG264,GSE39582,6,0.0989627442657907,1.27240169874529,0.00335915983294695,1.57559981244138
SIG265,GSE39582,7,0.147087303590442,0.809788689521701,0.0332118606988225,0.733403948916281
SIG266,GSE39582,5,0.333553108328554,1.15116724193834,0.273253357987077,0.838027796381398
SIG267,GSE39582,11,0.677884249397078,1.06219629334619,0.0326122333736226,1.37075512578545
SIG268,GSE39582,6,0.717214463947806,1.05404320198273,0.182180011914463,1.21633532399029
SIG269,GSE39582,3,0.574578539041065,1.0851480373517,0.294877386491966,1.16737879004487
SIG270,GSE39582,4,0.335018696526803,1.15090236416085,0.238955389612374,1.19933116231449
SIG271,GSE39582,5,0.821430357101108,1.03332023342001,0.241800088271762,1.2494845628674
SIG272,GSE39582,4,0.127867220831497,1.24966159991465,4.59538772143319e-05,1.92441929417305
SIG273,GSE39582,4,0.493334648762734,0.905087691198059,0.0388723062793339,0.729675800590343
SIG274,GSE39582,8,0.390596610802206,0.882099418212365,0.0874865449477959,0.768617078783456
SIG275,GSE39582,4,0.910913030046436,1.01638589664743,0.124727417612975,0.765779676535897
SIG276,GSE39582,12,0.509831155550423,1.10046614382994,0.0333590411282169,1.39929474098437
SIG277,GSE39582,6,0.670365382664933,1.06375200878594,0.175476045912368,1.30070072714293
SIG278,GSE39582,5,0.187484175676183,0.824962480234052,0.0764773799709649,0.767717818536305
SIG279,GSE39582,7,0.358164817081125,1.14291664354346,0.0446657405992856,1.5091688802668
SIG280,GSE39582,4,0.777144924783383,1.04208042786804,0.212802413656133,0.782875389834595
SIG281,GSE39582,4,0.249092589657717,1.18343569996895,0.113132525866018,1.25989030856153
SIG282,GSE39582,16,0.17780417538374,0.821878808097047,0.150887180137375,0.805326510286094
SIG283,GSE39582,10,0.186900119399094,0.824857288653329,0.07988440694252,0.771268456971865
SIG284,GSE39582,3,0.0229968716712378,1.39648533808022,0.00792223568864728,1.49135170978029
SIG285,GSE39582,9,0.365417569828408,1.14049031161968,0.19201024173905,1.22430124602342
SIG286,GSE39582,5,0.851175100426494,1.02761139883021,0.0846212796875072,1.33954356758584
SIG287,GSE39582,3,0.0659309967541688,1.30889501375199,0.012692027561376,1.5174781437723
SIG288,GSE39582,5,0.481770576550013,1.10765511640057,0.0290989176111528,1.54863865708507
SIG289,GSE39582,16,0.215809260247331,0.83509332641673,0.000430516176107233,0.580230176180373
SIG290,GSE39582,3,0.120321741035734,1.25442282252027,0.0100899439330543,1.52104076233626
SIG291,GSE39582,3,0.143694055488064,1.23755604266714,6.83061502389678e-05,1.84555603661384
SIG292,GSE39582,14,0.0905730700505907,1.28161140639861,0.0159450990239728,1.46265596620366
SIG293,GSE39582,6,0.695627133321274,1.05849814354889,0.430471909073431,1.12243659749852
SIG294,GSE39582,4,0.0493797892576049,1.33336074833276,0.0108866872339687,1.55029145209513
SIG295,GSE39582,7,0.31078169460528,1.15885836948344,0.126920188006161,1.27693314408261
SIG296,GSE39582,11,0.274924427058761,1.17221751599977,0.274924427058761,1.17221751599977
SIG297,GSE39582,11,0.102986239985079,1.2678967047025,0.00673536491902565,1.50541647831359
SIG298,GSE39582,9,0.756595494519954,1.04604843320341,0.352843224414807,1.15538578994154
SIG300,GSE39582,5,0.0514385726406963,0.751257574880706,0.00867517923983073,0.650609656255797
SIG301,GSE39582,7,0.0106325006159293,0.686334906408335,0.00857065081896647,0.679339034283632
SIG302,GSE39582,6,0.012537975885185,0.691791750661485,0.00726321313408535,0.676366788335104
SIG303,GSE39582,3,0.169963522470767,1.22152551716289,0.102430366769369,1.26793441803597
SIG304,GSE39582,4,0.0783942159297589,0.773450441157872,0.070450326938506,0.768980876086334
SIG305,GSE39582,7,0.139589822533487,1.2407320107046,0.0548753289543966,1.32953295988745
SIG306,GSE39582,11,0.37011706807224,0.877737905670624,0.0222361084918487,0.678070927269597
SIG307,GSE39582,13,0.748557986270341,1.04776474849309,0.16424555425068,1.27305675519001
SIG308,GSE39582,5,0.228146284402562,1.19203691324892,0.0135042756982988,1.51153973903536
SIG309,GSE39582,3,0.0757160844857788,1.29696400867001,0.0757160844857788,1.29696400867001
SIG310,GSE39582,4,0.670001176551563,0.939930631846216,0.234725543598615,0.841227031505836
SIG311,GSE39582,4,0.918147763240015,1.01505024836277,0.272720110108881,0.837942126060773
SIG312,GSE39582,9,0.212848697305365,1.19891060470766,0.0261885778530497,1.45025828410823
SIG313,GSE39582,3,0.430874418966054,1.12147886564294,0.303088852079297,1.1613830265262
SIG314,GSE39582,7,0.91490515135644,1.01564329708377,0.263248078893115,0.825892991501857
SIG315,GSE39582,8,0.341979120899886,0.870858287496556,0.242649938518932,0.817821363386507
SIG316,GSE39582,10,0.0547923855624528,1.32431403730239,0.0111797889792741,1.48963978749495
SIG317,GSE39582,7,0.242798693526584,0.843155004409973,0.101013252276135,0.772252912381198
SIG318,GSE39582,4,0.0352245114949824,1.36033850044448,0.0269976411007728,1.40549885819521
SIG319,GSE39582,8,0.967676633104983,0.994129164712694,0.267412550962779,1.19691392609268
SIG320,GSE39582,8,0.293411296314818,0.858020813400452,0.038528313654843,0.731082600719319
SIG321,GSE39582,3,0.678149380780284,0.941327327424142,0.252954347695531,0.832331082697268
SIG322,GSE39582,7,0.468085843009639,0.899888230755917,0.200695937397809,0.81951350913544
SIG323,GSE39582,5,0.456032915321072,1.11448804222417,0.250146549615046,1.18165604630179
SIG324,GSE39582,3,0.537261728058136,0.914079780248053,0.348635825910574,0.868302460992609
SIG325,GSE39582,3,0.00447685901654535,1.52136703696287,4.01018130196659e-07,2.21908544448376
SIG326,GSE39582,9,0.918026033515757,0.985153912036739,0.37293402495212,1.16901568108782
SIG327,GSE39582,2,0.305988738118166,1.16120298707199,0.00627267824877571,1.49272971926086
SIG328,GSE39582,9,0.43199034221216,0.892059730480968,0.0438245575695548,0.742550637723195
SIG329,GSE39582,4,0.509782371030397,1.10055368876548,0.194485389901221,0.774964304881932
SIG330,GSE39582,16,0.126744920606391,1.24957205299419,0.0125684262553801,1.45640350810884
SIG331,GSE39582,4,0.716350428844321,0.948403526208501,0.0118089574295249,0.683123005877408
SIG332,GSE39582,3,0.0428490208744513,1.34604363867369,0.000120374838305426,1.76533920655374
SIG334,GSE39582,4,0.764093765121143,1.0445245063858,0.310752739576826,1.17026792632765
SIG335,GSE39582,7,0.261810453161219,1.17769954694848,0.0266664890804497,1.38881921335233
SIG336,GSE39582,3,0.00152718695196221,1.59464291467183,0.000186223235580331,1.95001219541309
SIG337,GSE39582,4,0.0544631460935565,0.754844389804088,0.0498838839736387,0.751474265939477
SIG338,GSE39582,3,0.319455860863268,0.86503248302205,0.0354603117290519,1.42951012132131
SIG001,GSE72970,4,0.421371292695685,1.35166507356519,0.193564569694363,0.575859360834117
SIG002,GSE72970,4,0.340081649001204,0.698642155112928,0.154352750584013,0.578514788152489
SIG003,GSE72970,11,0.18592171331968,0.606775516993554,0.0771635418312816,0.430459634239097
SIG004,GSE72970,8,0.572524105460406,1.22670088979521,0.306394438118373,1.48264929220155
SIG005,GSE72970,6,0.642048037544702,1.18393843394983,0.255540512887284,1.55424197725537
SIG006,GSE72970,8,0.656509061650023,1.17482520025654,0.162477326498991,1.69282740713349
SIG007,GSE72970,15,0.0907443404222211,1.89235784077442,0.016546153171258,3.87691116067063
SIG009,GSE72970,6,0.0118713008670699,0.363195737825962,0.0118713008670699,0.363195737825962
SIG010,GSE72970,6,0.552774794644574,0.806419351550737,0.130091274172999,0.505585784249098
SIG011,GSE72970,3,0.283396035631703,0.675612086372396,0.152390048117601,0.520740413412967
SIG012,GSE72970,3,0.404355297898444,1.35861123782257,0.0448184351260451,2.22617758317909
SIG013,GSE72970,9,0.755398703446315,1.12091247414455,0.084382659050039,2.48377868569471
SIG014,GSE72970,15,0.59002428015997,0.822906803021783,0.0664303891629138,0.451475397910869
SIG015,GSE72970,3,0.724469927656737,0.87542873108143,0.0297199715271127,0.372809166787426
SIG016,GSE72970,50,0.50690414722788,0.769925719460577,0.0093470820416753,0.287797495814279
SIG018,GSE72970,9,0.671384248940827,1.16563051215324,0.0385680303543792,0.452859045018714
SIG019,GSE72970,12,0.422752280500642,0.734332557844515,0.422752280500642,0.734332557844515
SIG020,GSE72970,3,0.19391258742787,0.596291335464477,0.0175834038183727,0.314873636991284
SIG021,GSE72970,8,0.283067162152502,0.67310731632258,0.0265849558917387,0.346625173126092
SIG022,GSE72970,4,0.209544721453542,0.629337195906842,0.0202253696888299,0.410746226628385
SIG023,GSE72970,9,0.810730215250889,1.09052095656379,0.346500323570293,1.46539738402141
SIG024,GSE72970,6,0.0857701902936305,0.525870747198021,0.0414444704798149,0.461949824969174
SIG025,GSE72970,11,0.129659894955419,1.75223690661272,0.129659894955419,1.75223690661272
SIG026,GSE72970,29,0.393338509789097,1.36107066167849,0.218455217808867,1.94837819166112
SIG027,GSE72970,4,0.750228914757286,0.890613034083725,0.38225554696843,1.4203374849429
SIG028,GSE72970,4,0.0234705149787481,0.421667899524898,0.0104661733025067,0.371478538279636
SIG029,GSE72970,4,0.318225744863266,1.4570457509398,0.110274986094983,1.82794632886528
SIG030,GSE72970,7,0.689580147398638,0.86533165587346,0.00341931010796172,0.22676343253302
SIG031,GSE72970,4,0.130225023573332,0.566070527847042,0.041634629998166,0.451374969484186
SIG032,GSE72970,10,0.886485703131151,1.05329677143891,0.046962145359408,0.394984834616073
SIG033,GSE72970,9,0.387182316943404,1.3669848214238,0.247006546528398,0.561653751063717
SIG034,GSE72970,14,0.120831102729168,0.56780484606055,0.00231660987033642,0.295331474267306
SIG035,GSE72970,2,0.759609689273685,0.89296728967542,0.0202708179538789,0.395345001518486
SIG036,GSE72970,12,0.369526624017359,0.71752519294136,0.0553403193110098,0.495554072108767
SIG037,GSE72970,13,0.039795380257116,0.460577852677643,0.0317614513749849,0.445777811202024
SIG038,GSE72970,3,0.0494832978615831,0.476046011712204,0.0491072805329193,0.428272329309528
SIG039,GSE72970,14,0.727841478148776,1.13712917165062,0.0749784125689531,2.01494515460149
SIG040,GSE72970,13,0.330496751540184,0.687893778859168,0.0989421708525078,0.522113402761534
SIG041,GSE72970,10,0.772219123913397,1.11217261714249,0.324946865968122,1.47369309221543
SIG042,GSE72970,7,0.357440182296762,0.710574773207712,0.212703830628442,1.59501905904743
SIG043,GSE72970,14,0.539227005850706,1.25052857031551,0.0215640884325672,0.349397364759015
SIG044,GSE72970,3,0.992782065157843,0.996651803790513,0.413115348063017,1.42938066760498
SIG045,GSE72970,6,0.0762720554478583,0.513894869836019,0.0762720554478583,0.513894869836019
SIG046,GSE72970,4,0.567855363663038,1.2304304306446,0.100372562856924,0.481712314203436
SIG047,GSE72970,4,0.0655881387488347,1.9757237526451,0.0035434077074262,3.34427566598836
SIG048,GSE72970,11,0.394998420852044,0.727613229850129,0.137857858521234,0.543225653770077
SIG049,GSE72970,14,0.544421566606683,0.800828008913598,0.0653784933510651,0.493061794865075
SIG050,GSE72970,5,0.681777063457758,0.861750943727116,0.0122371185793845,0.312738663751619
SIG051,GSE72970,7,0.255882653531142,1.51811243203715,0.0392885808896673,2.78163862439184
SIG052,GSE72970,19,0.659960509039289,0.84080312134497,0.034768944111486,0.353675465089667
SIG053,GSE72970,9,0.509657661031649,0.783715717198923,0.179852101666505,0.602044016069475
SIG054,GSE72970,45,0.013375103222291,0.342364864353295,0.00865014440464175,0.290843128819455
SIG055,GSE72970,20,0.598726546878221,0.825765051048412,0.25944113321274,1.51883264210237
SIG056,GSE72970,6,0.637626203866811,0.840656605092276,0.0909526170433151,2.14140180804082
SIG057,GSE72970,8,0.610777168797191,1.21342142000307,0.35629719373236,0.711559679264234
SIG058,GSE72970,22,0.298783545765663,0.660799255039452,0.0690039357108752,0.473225786236447
SIG059,GSE72970,13,0.0888455743389681,0.526374015634479,0.0419529483437551,0.468004947158382
SIG060,GSE72970,6,0.00351129581474179,0.274754573229448,0.00204377815904399,0.258609067693402
SIG062,GSE72970,42,0.134723500186175,0.572347301628527,0.0146384985282374,0.31312361562071
SIG063,GSE72970,19,0.761109334580964,0.895027520045446,0.380893411828675,0.679133499719412
SIG064,GSE72970,3,0.0329239112189933,0.446868749439084,0.0157350373015476,0.404586570484945
SIG065,GSE72970,5,0.253966197712862,1.52259384034855,0.154487953272434,1.70869313480225
SIG066,GSE72970,11,0.310988319864022,0.682801080808934,0.0362053929156465,0.366756143228391
SIG067,GSE72970,5,0.718822148780572,0.877470043175076,0.208123570906875,1.98028082396542
SIG068,GSE72970,5,0.319347338679211,0.679390580484074,0.00860967727077136,0.307508494816511
SIG069,GSE72970,7,0.671085878089136,1.16852246725974,0.236326202660068,0.572481344109755
SIG070,GSE72970,3,0.0850328627153819,1.91808948818892,0.03261989994447,2.27677466674298
SIG071,GSE72970,13,0.412680006735526,0.738213827465781,0.207422423796387,0.491529544108605
SIG072,GSE72970,14,0.616457036837679,1.19802590609252,0.367781214898229,1.40128275424091
SIG073,GSE72970,16,0.595145850503939,1.214990819453,0.0955308902899164,0.47608628885044
SIG074,GSE72970,11,0.434933308906933,1.37159704080338,0.252291029001751,0.589818422128233
SIG075,GSE72970,13,0.486085857703313,0.775509617880415,0.0724761874381351,0.482933870264735
SIG076,GSE72970,8,0.238372377085134,0.651486349777824,0.125930707999367,0.501740416508121
SIG077,GSE72970,7,0.907929195327815,1.04270205995607,0.418910897331876,1.35689900029206
SIG078,GSE72970,5,0.0337157327843223,2.21032538161974,0.00585024356969453,3.87131716362482
SIG079,GSE72970,5,0.00678209092871633,0.337350194117532,0.00223079769722162,0.234850507895758
SIG080,GSE72970,8,0.289139607029065,0.670240263110827,0.0374991279701888,0.33746541952679
SIG081,GSE72970,5,0.548607408299496,1.24271972066871,0.029900946869399,2.62995605201864
SIG082,GSE72970,6,0.054264692855801,0.483107365764766,0.00797240518232769,0.29203997739803
SIG083,GSE72970,16,0.127209996147989,0.569886308048249,0.00975099480526175,0.314927317585371
SIG084,GSE72970,15,0.00496113126580984,0.348584059761264,0.00116250217501684,0.285782656286336
SIG085,GSE72970,7,0.459433334595139,1.30635550576517,0.160434482317408,1.76542489345676
SIG086,GSE72970,5,0.188632239442361,0.61691392206411,0.0159725206916201,0.332262522361287
SIG087,GSE72970,5,0.352270465105916,0.708227778698347,0.0434177586788059,0.45471654132624
SIG088,GSE72970,6,0.135328549680242,1.75669702274737,0.0650550833207216,2.17069964271981
SIG089,GSE72970,5,0.0272940757298171,0.431547910658333,0.0157435572264572,0.394117495874748
SIG090,GSE72970,4,0.0072593129069685,0.348548455232517,0.000177426025479216,0.187097527924051
SIG091,GSE72970,7,0.20501335713021,1.5877668326174,0.20501335713021,1.5877668326174
SIG093,GSE72970,9,0.591615731546308,0.823048848767116,0.0652753695003121,0.429145065093437
SIG094,GSE72970,3,0.17658944773505,0.606837862110755,0.038187840947197,0.414018301545357
SIG095,GSE72970,16,0.129594684225603,0.563949122737149,0.0681826007261878,0.443445111080801
SIG096,GSE72970,11,0.187829441453974,1.64402745811424,0.0462858456762383,2.23506268895577
SIG097,GSE72970,14,0.685311162989489,0.863097135060733,0.421829755166477,0.745297392772188
SIG098,GSE72970,5,0.565787888735064,0.808733626768668,0.0316551988305611,0.43165721036273
SIG099,GSE72970,11,0.56970331397456,0.813194314901451,0.0852538715011176,0.473754178844955
SIG101,GSE72970,8,0.333126484867025,0.703357784493103,0.0809000598648395,0.524978759562433
SIG102,GSE72970,4,0.203894486823131,0.616007122078581,0.0425816516474742,0.44266198194477
SIG107,GSE72970,13,0.844180030392551,0.921993706107447,0.0930270473217856,2.05347184723407
SIG108,GSE72970,13,0.102613378174286,0.548666528636688,0.0362284526368653,0.450496962511398
SIG109,GSE72970,7,0.94530169495569,1.02512993284352,0.533179429078617,0.70916700568325
SIG110,GSE72970,9,0.993273234915088,1.0032168588199,0.281360028030452,0.646092897041783
SIG111,GSE72970,12,0.5831292443769,0.818158512395782,0.345470640906357,0.706298957319836
SIG112,GSE72970,4,0.240835849511359,0.646396014253784,0.0690029343248995,0.471036272971401
SIG113,GSE72970,10,0.00104436498420168,0.228978834349697,0.000793930440606903,0.236794551781817
SIG114,GSE72970,18,0.0392530687725503,0.45569036498732,0.00371707892304512,0.291287708534222
SIG115,GSE72970,4,0.251905588823165,1.53021356520211,0.218814129587471,1.57768580863322
SIG116,GSE72970,5,0.523932639392904,0.793414471322244,0.131044064617047,0.500835858246381
SIG117,GSE72970,4,0.169181617365984,1.64902221417489,0.0715522104118033,2.05064551830549
SIG118,GSE72970,14,0.902293653058788,0.95574921704234,0.231172272386407,1.8035127103797
SIG119,GSE72970,10,0.214793413934841,0.631810099818294,0.0307103465611239,0.372294431661451
SIG120,GSE72970,3,0.206912772921069,1.59343601362639,0.0108735847975945,2.72773742779007
SIG121,GSE72970,6,0.157423177145123,0.579697469962123,0.117576512135897,0.420409890306438
SIG122,GSE72970,8,0.729651185099136,1.13421252596698,0.196248351593066,0.595020117163488
SIG124,GSE72970,4,0.102779969649218,0.543571832115473,0.0613043920033024,0.251705197624438
SIG125,GSE72970,4,0.106928325778073,1.81231473810177,0.0559114371162163,2.09419991298624
SIG126,GSE72970,4,0.625107009070761,0.833036696590343,0.322735337162394,0.683048763742796
SIG127,GSE72970,6,0.00489438007097391,0.342926345566593,0.00256847732065263,0.311483473055261
SIG128,GSE72970,11,0.0428080581287981,0.433267076802197,0.0276062268764453,0.424885057167963
SIG129,GSE72970,9,0.76571561174214,0.896998784725084,0.0827490592764295,0.499876205619098
SIG130,GSE72970,9,0.0219294127263208,0.42319334577816,0.000253866687725391,0.172555876746412
SIG132,GSE72970,5,0.468149618391392,1.30601861222026,0.192208871871207,1.76968465845006
SIG133,GSE72970,5,0.0309149082774493,0.428649370464457,0.0065678440009719,0.291385305883997
SIG134,GSE72970,8,0.28004066252085,1.47966319907208,0.0629130607269239,2.72165700809804
SIG135,GSE72970,3,0.92931100261553,1.03381692976403,0.178906076240207,1.78978685521043
SIG136,GSE72970,9,0.00175784582105158,0.30655622297437,0.000647291034116431,0.269137992085133
SIG138,GSE72970,5,0.0249679346907831,0.389484498905326,0.00103526225963301,0.241848059533531
SIG139,GSE72970,4,0.671175915453382,1.17682106247013,0.0405002489403844,0.410010816782442
SIG140,GSE72970,6,0.215576372982449,0.635173323203847,0.0808664824772526,0.529727128230216
SIG141,GSE72970,7,0.93954675372533,0.972787755257456,0.146727046135044,0.543491026905947
SIG142,GSE72970,12,0.461140900806307,0.762124580516626,0.140300269198447,0.525432557171775
SIG143,GSE72970,6,0.847657006812122,0.932684117124615,0.178793261243947,1.70992937373687
SIG144,GSE72970,3,0.891869235021972,0.948424747343794,0.304720233497416,0.670210796018949
SIG145,GSE72970,12,0.133566003242966,0.542983634515193,0.0224705414586231,0.336184822498569
SIG146,GSE72970,3,0.889220282725444,1.05203349771606,0.14927861582998,1.79220947962481
SIG147,GSE72970,3,0.476276705060922,0.75966838910607,0.168298686086483,1.71628951443371
SIG148,GSE72970,6,0.0419887481462164,2.20212146284964,0.000335799592284245,6.73659725421069
SIG149,GSE72970,8,0.51503923403906,0.781768357546423,0.51503923403906,0.781768357546423
SIG150,GSE72970,10,0.528555266520717,0.787555706279849,0.113824438933175,0.476959056763321
SIG151,GSE72970,8,0.286151142110492,0.653075026644095,0.0110262874548192,0.314379314988116
SIG152,GSE72970,8,0.79744860205883,0.90914658319147,0.0140685098109349,0.285242309072239
SIG153,GSE72970,8,0.511718975463664,0.788154487597033,0.254649601795326,0.606756779005557
SIG154,GSE72970,3,0.163101381180416,0.594879027288808,0.000264460700109561,0.170332210579313
SIG155,GSE72970,9,0.963385144475989,1.01701745101367,0.146574353880598,0.459142403618259
SIG156,GSE72970,5,0.464438244815738,1.31725809299432,0.39186630445651,0.701634667167304
SIG157,GSE72970,5,0.685985326105473,0.852271591424973,0.437114682370516,0.65698950690458
SIG159,GSE72970,6,0.825681224509798,1.08494735056898,0.249422424172392,0.606661221069845
SIG161,GSE72970,4,0.837468752237312,0.926487661538365,0.245568532740573,1.69818976540444
SIG163,GSE72970,4,0.0802827756957822,0.51848896392436,0.0372590483771412,0.460272696259348
SIG164,GSE72970,4,0.0574401297455265,0.491467454218425,0.00275010836825851,0.261110758391643
SIG165,GSE72970,5,0.0487869080864603,0.468902339023389,0.0303239282427819,0.437270771087375
SIG166,GSE72970,3,0.605705879379365,1.20631415925459,0.0149014021738445,2.80467096149295
SIG167,GSE72970,3,0.0220181811693659,0.396832958706941,0.0220181811693659,0.396832958706941
SIG168,GSE72970,9,0.012938049081735,0.395378109147561,0.00502302573586196,0.320049536421625
SIG169,GSE72970,8,0.823101084615598,1.08453184767643,0.174695276977752,0.555687891719747
SIG170,GSE72970,6,0.134242631066619,1.72970408614113,0.0286410230865148,2.24573709624614
SIG171,GSE72970,4,0.42595025195929,0.745614287942644,0.0641980241681637,0.477982105801962
SIG172,GSE72970,6,0.333520770603993,1.42306604746224,0.088867234160861,1.8864528460811
SIG173,GSE72970,5,0.849346708382856,0.933350911839569,0.0923884338943639,0.519251017129885
SIG175,GSE72970,5,0.0494978408808145,2.14320291936126,0.0242008383709006,2.53368538038259
SIG176,GSE72970,8,0.0456415631903483,2.12617141802639,0.0400637436090612,2.16370238155808
SIG177,GSE72970,14,0.0762754258594687,1.92939084284408,0.0751509018620916,2.25324319159509
SIG178,GSE72970,3,0.562047902943457,1.24605031063719,0.0582621330795041,0.428883825047892
SIG179,GSE72970,12,0.722769249962276,1.14072942293909,0.173121294503674,1.68704362881517
SIG180,GSE72970,5,0.207184139953405,1.58859251600953,0.0583618576875529,2.28439014870244
SIG181,GSE72970,5,0.583194435708596,0.815955648135091,0.370783534039139,0.714931521407296
SIG182,GSE72970,3,0.00443856032070861,3.12386087624158,0.000443413095361919,8.86253763375304
SIG183,GSE72970,4,0.600809107202961,1.21656560501894,0.600809107202961,1.21656560501894
SIG184,GSE72970,3,0.0268892505931483,2.30305046301914,0.0148555335151813,3.08209476952893
SIG185,GSE72970,22,0.956553284593421,1.02026042087195,0.22072586543746,0.496253378348283
SIG186,GSE72970,18,0.112632732139596,0.548413549516609,0.029525826340518,0.443116228975631
SIG187,GSE72970,4,0.788362518882088,0.907380865863877,0.334264542122539,1.47507161733642
SIG188,GSE72970,6,0.511791246860974,0.787836143650677,0.155124189161663,0.535654352687912
SIG189,GSE72970,6,0.82377999228074,1.08503797220269,0.123172446819908,0.494307515160074
SIG190,GSE72970,7,0.756094677833593,0.887902500088071,0.278465671614956,0.673935844643378
SIG191,GSE72970,3,0.902671219466801,0.956755802206469,0.0351284926585501,2.67763340943831
SIG192,GSE72970,3,0.794839299155034,1.10320102648022,0.312662781540976,1.52412443431287
SIG193,GSE72970,7,0.228849610865161,1.60820988129436,0.157057252633992,1.78456926415764
SIG194,GSE72970,6,0.190868651415174,1.62734185254642,0.0770142545035137,1.91272227246234
SIG195,GSE72970,12,0.820565871832962,0.918072129892743,0.162209847926256,0.543190615743734
SIG196,GSE72970,4,0.736488185481033,1.12903622295366,0.216000651156513,0.616581629772436
SIG197,GSE72970,4,0.313389048606397,0.683223782568413,0.0493487611811741,0.475223509383996
SIG198,GSE72970,3,0.728599121938291,0.878310454281729,0.101511629536007,0.434999562826191
SIG199,GSE72970,5,0.456515757459127,1.33248334944643,0.417195487579193,1.37354589440986
SIG200,GSE72970,3,0.0726993628414192,0.514803669250736,0.0219021022534834,0.422080336999999
SIG201,GSE72970,3,0.0509718075901532,0.480915816087023,0.000495204687984217,0.244628908760832
SIG202,GSE72970,29,0.746502857678271,0.879060086319147,0.0855042309769413,0.441296124493693
SIG203,GSE72970,5,0.947215107376944,0.974817600019062,0.424749764481216,1.48468671618273
SIG204,GSE72970,3,0.26886979941099,0.664063863268992,0.0566015756712222,0.447775285979942
SIG205,GSE72970,7,0.0651162152267956,0.501505491301134,0.0401398639400699,0.390969552068042
SIG206,GSE72970,11,0.2310160719275,0.638472946187626,0.00586086969241951,0.32274113162062
SIG207,GSE72970,13,0.598862226719994,1.210679602117,0.167976434002784,1.81071842450724
SIG208,GSE72970,6,0.321327396700231,0.688074875748144,0.108390196355247,0.552534390195532
SIG209,GSE72970,5,0.532206989575705,1.26292275572551,0.0182416868799078,2.79551907999602
SIG210,GSE72970,13,0.283549666063131,0.670693887522724,0.020762633276833,0.41228278294054
SIG211,GSE72970,4,0.0148872751786361,0.394252071888375,0.0112692646370108,0.368707567948001
SIG212,GSE72970,3,0.411844302121185,0.737193703836563,0.143667429595449,0.537988149340246
SIG213,GSE72970,5,0.228901460828963,0.637839177498744,0.0399355244955092,0.444569377949983
SIG214,GSE72970,5,0.680316795289127,0.860794157999168,0.292473423343254,1.52820365434081
SIG215,GSE72970,4,0.00523095595793611,0.294917988137925,0.000456600787843915,0.208877085495988
SIG216,GSE72970,4,0.102684058814199,1.81095233745808,0.00175645014912096,4.77900439736498
SIG217,GSE72970,8,0.332825617096731,0.702925737161816,0.0582825803458284,0.476866024975459
SIG218,GSE72970,4,0.611228372123768,1.21004896835571,0.147375307605457,0.513065092224123
SIG219,GSE72970,7,0.90007381269903,1.04663540618282,0.653610099853043,0.843425457309224
SIG220,GSE72970,7,0.220680755875938,0.636179200640464,0.0173434794507965,0.347090258849464
SIG221,GSE72970,4,0.385219343398758,1.37086608899009,0.171762369230415,1.66623551325132
SIG222,GSE72970,3,0.0213660695264866,2.51173864516581,0.0171717721483477,2.60994754857858
SIG223,GSE72970,4,0.567698208925605,1.2437233867341,0.00624030065120249,3.17328371850746
SIG224,GSE72970,3,0.00332628112784308,0.317217929979592,0.00225557634454884,0.263254142689959
SIG225,GSE72970,5,0.0257910657130663,0.410370740080358,0.00653886364240652,0.294970919501721
SIG226,GSE72970,5,0.889501682210768,0.950507393506127,0.0332649674545559,0.447938944374775
SIG227,GSE72970,8,0.610580839897858,0.826981358794085,0.0584635300386522,0.408572887235471
SIG228,GSE72970,6,0.442208474534802,0.756101114468772,0.299157033422325,0.620507282663247
SIG229,GSE72970,4,0.329314411714475,1.42824510306219,0.182500438914066,1.6809316518149
SIG230,GSE72970,16,0.873769642540526,1.06147040557468,0.128496385632276,0.537163985870379
SIG231,GSE72970,3,0.290126030793322,1.48005454210727,0.0702611330761914,2.06741035184781
SIG232,GSE72970,7,0.542894611301656,0.799150156071217,0.289730140273861,0.663245496760416
SIG233,GSE72970,10,0.96495399640836,0.984255345014069,0.128377602727085,0.47846488332846
SIG234,GSE72970,12,0.712757838357234,1.14411493167349,0.182226161511595,1.79298643688634
SIG235,GSE72970,6,0.109701277428499,0.557041563865784,0.108462794117281,0.553872188795945
SIG236,GSE72970,5,0.263185073280082,1.54646628038899,0.0464280422143525,2.28999494587194
SIG237,GSE72970,6,0.657475200831054,1.17817852037121,0.540137786645335,1.25276633923286
SIG238,GSE72970,6,0.829354113777498,0.921600158296126,0.122547120324601,0.555125444893771
SIG239,GSE72970,7,0.359492489103797,0.708722874670875,0.0528556260227435,0.437799553496498
SIG240,GSE72970,6,0.347933845768631,0.696184223794526,0.0538108881600417,0.439969728072567
SIG241,GSE72970,4,0.679557573190725,1.16372616999699,0.414278186403689,1.34931765372853
SIG242,GSE72970,6,0.694788722014033,0.86732586689382,0.182237517693069,0.48499764964478
SIG243,GSE72970,8,0.244634723359924,0.628681742985921,0.0269897207375464,0.38431010032664
SIG244,GSE72970,13,0.0639590998036657,0.492297562166153,0.0639590998036657,0.492297562166153
SIG245,GSE72970,3,0.793354042965249,1.10443812187939,0.252752135621166,1.52298839499354
SIG246,GSE72970,5,0.857863874857135,0.935652777002047,0.363126339414957,1.63947381567522
SIG247,GSE72970,3,0.243935675812967,0.635745795985494,0.217269613335346,0.624904133782163
SIG248,GSE72970,5,0.29421639310217,0.662612440362619,0.132119732504416,0.421886484690039
SIG249,GSE72970,4,0.0106617044956255,0.372543552817509,0.00150421976443073,0.206508227792678
SIG250,GSE72970,4,0.762187975198615,0.892423970477604,0.126969332505566,0.55128975612114
SIG251,GSE72970,13,0.510075930509277,0.779024730308981,0.0741069182027811,0.408836293310238
SIG252,GSE72970,3,0.401752036587081,1.35881414842958,0.29927523264188,1.47468894511129
SIG253,GSE72970,3,0.525452593819728,0.785888915790826,0.0017319750094183,0.190990197155027
SIG254,GSE72970,3,0.367593659082299,0.71767039591365,0.127864142084822,0.480053190322109
SIG255,GSE72970,2,0.622034282010167,0.823643292211664,0.342729112481017,1.68318213268226
SIG256,GSE72970,5,0.38468980750506,0.695099341065429,0.151519139057754,0.544752172741352
SIG257,GSE72970,3,0.971168220875115,0.986859765843623,0.159428817902929,0.543766852929032
SIG258,GSE72970,4,0.185808098957722,1.64500133403449,0.137337517978059,1.89970777521911
SIG259,GSE72970,5,0.818558919635102,1.09163543324428,0.284241042677823,0.658107386554002
SIG260,GSE72970,5,0.355183166806503,0.702317456436536,0.191772929470251,0.606087578747178
SIG261,GSE72970,14,0.414656938182681,1.36039617921466,0.195420006972555,1.71718176976825
SIG262,GSE72970,6,0.922956230174027,1.03600414249533,0.136580604863104,1.92405325921297
SIG263,GSE72970,4,0.652448800293864,1.17868348837416,0.0610103256852432,1.99220304070991
SIG264,GSE72970,6,0.539022267888633,0.796583215989184,0.236890357449277,0.648528445184875
SIG265,GSE72970,7,0.125985752835954,1.7424824254458,0.00125607226788246,3.51435135174812
SIG266,GSE72970,5,0.320879186983784,0.697762094281894,0.00439355832148113,0.213938139544524
SIG267,GSE72970,11,0.0259679529664977,0.434688055261493,0.00581990216374858,0.304341355104226
SIG268,GSE72970,6,0.382904161087231,0.728147517976537,0.0698013308077157,0.45470728335081
SIG269,GSE72970,3,0.0708379917463023,1.98942008468844,0.0346780416563768,2.27176731681982
SIG270,GSE72970,4,0.226968421727666,0.644480126304478,0.00896748039497598,0.309469543019866
SIG271,GSE72970,5,0.878040640232907,0.944571656587482,0.304221638323498,0.675637493173714
SIG272,GSE72970,4,0.0227250275376769,0.410792062865097,0.00848992155450981,0.332376873450027
SIG273,GSE72970,4,0.295809109262447,0.676585474240657,0.0889926204613978,0.473687519480919
SIG274,GSE72970,8,0.532784758212411,0.791600958023909,0.144820365357142,0.55020803971537
SIG275,GSE72970,4,0.557699169031237,0.806702202227831,0.0350136306272438,0.341135795561368
SIG276,GSE72970,12,0.192117286714968,0.618057885575713,0.071091212415681,0.480324744009181
SIG277,GSE72970,6,0.433377681070604,0.751347492889877,0.026646681865017,0.354129589446048
SIG278,GSE72970,5,0.170476744719986,1.68549765327303,0.170476744719986,1.68549765327303
SIG279,GSE72970,7,0.20283739027518,0.625747876906657,0.0781697513854663,0.494789124184145
SIG280,GSE72970,4,0.436939332906358,1.34612799351734,0.0480388776932559,2.12379702560109
SIG281,GSE72970,4,0.0754269186965344,0.503198343615727,0.0253700065791224,0.434675736403254
SIG282,GSE72970,16,0.157035847220013,0.597935877267106,0.00232562403094844,0.242183611272249
SIG283,GSE72970,10,0.733086112978274,1.13376804346156,0.0910259079329606,0.461210811400815
SIG284,GSE72970,3,0.0220802221440439,0.414013779981195,0.0220802221440439,0.414013779981195
SIG285,GSE72970,9,0.0973753133644389,0.532078299478599,0.00164011624003791,0.270274217816878
SIG286,GSE72970,5,0.298974534289303,0.667218982170882,0.0889834256039917,0.499042490687427
SIG287,GSE72970,3,0.00376190471133785,0.288805306314055,0.00180321150274278,0.266868920576977
SIG288,GSE72970,5,0.349390557904939,1.40730091487025,0.0866972329945214,1.87677834762931
SIG289,GSE72970,16,0.89741417538788,0.953156713724082,0.137811642353653,0.509050115256532
SIG290,GSE72970,3,0.597652172183208,0.818545683591778,0.307175354320337,0.670965090396246
SIG291,GSE72970,3,0.311260366559473,1.44381569378003,0.0491732403930848,3.76219979824619
SIG292,GSE72970,14,0.172579948133033,0.606244179590459,0.00925583829116479,0.268602263302592
SIG293,GSE72970,6,0.880486035326959,1.05662157655214,0.0354197959714917,2.60116145366241
SIG294,GSE72970,4,0.617218851314343,0.800970294105335,0.364740500689315,0.395309492010923
SIG295,GSE72970,7,0.512255133632273,1.2752364322437,0.196543301042097,1.59586620253573
SIG296,GSE72970,11,0.986260552287901,0.993808026275452,0.205415349209932,0.602922585668184
SIG297,GSE72970,11,0.493867543489095,0.777779230216808,0.00215773106961452,0.267475013703142
SIG298,GSE72970,9,0.16018780279424,1.68056403474737,0.16018780279424,1.68056403474737
SIG300,GSE72970,5,0.191582497715855,0.602739105661007,0.191582497715855,0.602739105661007
SIG301,GSE72970,7,0.0466163555003455,2.11328084722362,0.0217398773841862,2.34892855813272
SIG302,GSE72970,6,0.0270013768514739,2.29373337135344,0.0195963210561455,2.39188074906816
SIG303,GSE72970,3,0.157326209438499,0.586815814252926,0.0101856308462188,0.294402737826826
SIG304,GSE72970,4,0.408765789130398,1.35454480844831,0.0955602081478802,2.79957185459702
SIG305,GSE72970,7,0.232169409155435,0.643807084731509,0.162949782063275,0.501967007919749
SIG306,GSE72970,11,0.0974738164400315,0.538973687025176,0.0974738164400315,0.538973687025176
SIG307,GSE72970,13,0.644061487198364,0.845345214421389,0.143006419957216,0.527457183231306
SIG308,GSE72970,5,0.0116953601394099,0.385185451207428,0.00495772550044941,0.338674590923064
SIG309,GSE72970,3,0.162022408151238,0.599831729193014,0.0943341826866204,0.534726519329862
SIG310,GSE72970,4,0.271622743192208,0.662507401572048,0.14033541134404,0.558287472670233
SIG311,GSE72970,4,0.622116255938784,0.83200865657554,0.0286788959307355,3.25520457193868
SIG312,GSE72970,9,0.284143799794409,0.671349410271609,0.0074027512958889,0.324296494868282
SIG313,GSE72970,3,0.589718032161243,0.817468830258039,0.197316758757311,0.475713880338233
SIG314,GSE72970,7,0.169065310006115,0.60147309181689,0.0325208578739165,0.428952928965292
SIG315,GSE72970,8,0.997976176426975,0.99907007529604,0.54755094333429,0.792537385731108
SIG316,GSE72970,10,0.297419194834447,0.683789151220185,0.0382109622210893,0.39333410044515
SIG317,GSE72970,7,0.611756602591002,0.831271022924372,0.207743740270305,1.63804248579883
SIG318,GSE72970,4,0.160064045034406,1.71838901803949,0.00435194910658196,3.30572836965896
SIG319,GSE72970,8,0.910757554508753,0.960317430037733,0.283905314327809,0.649439773082679
SIG320,GSE72970,8,0.00133641637462296,0.243556307254417,0.00133641637462296,0.243556307254417
SIG321,GSE72970,3,0.288460590625799,1.48216018474685,0.119410235414356,1.87026292281271
SIG322,GSE72970,7,0.729158043993348,0.879396260800327,0.207210340972534,0.5987458993882
SIG323,GSE72970,5,0.741509019695614,1.12674021892518,0.312103606627243,0.645247131096736
SIG324,GSE72970,3,0.443987601532975,1.33351858865032,0.110236996689563,1.90885675620314
SIG325,GSE72970,3,0.548400577665562,0.802830622375591,0.0506139209616233,0.427425958232316
SIG326,GSE72970,9,0.949144892934332,1.02437346070861,0.0376122803645942,0.353364478692716
SIG327,GSE72970,2,0.665710941571059,1.17103398116933,0.412679532348461,0.728641934714711
SIG328,GSE72970,9,0.870136100644718,1.06115854901018,0.464581170918163,0.706785323329856
SIG329,GSE72970,4,0.000773065704214716,4.12333770572119,0.000670310649960714,4.09822160931633
SIG330,GSE72970,16,0.315959426832724,0.6917235072587,0.0491555271387913,0.469367318382745
SIG331,GSE72970,4,0.661521685871668,0.852030880154623,0.11256420451221,0.520196271854417
SIG332,GSE72970,3,0.000437817671476115,0.24892650318771,0.000437817671476115,0.24892650318771
SIG334,GSE72970,4,0.77443277312582,1.11089677946781,0.237402850452086,1.54308595702274
SIG335,GSE72970,7,0.465963717733798,0.76469489442731,0.0176257102255326,0.294525498194131
SIG336,GSE72970,3,0.327367085117376,1.42731561697877,0.194461356931176,1.60654938792378
SIG337,GSE72970,4,0.378992256451645,1.37938872290983,0.0209829937741462,2.55477163332125
SIG338,GSE72970,3,0.0921910669683218,0.489666883802166,0.0646206851603353,0.459724003790811
SIG001,GSE87211,4,0.816057372690044,1.06893075263646,0.0143364498460869,0.278468356492202
SIG002,GSE87211,4,0.88568057553762,1.04219926493038,0.00241003334976883,0.398032870092003
SIG003,GSE87211,12,0.931518703006446,1.02490765478673,0.135523422772164,1.70273813601641
SIG004,GSE87211,9,0.691263954321933,1.12109134638189,0.205255303647627,1.43915310638367
SIG005,GSE87211,6,0.320076546366842,1.33313047756474,0.108754118220223,0.594161400390459
SIG006,GSE87211,8,0.117004539973278,1.60227262689038,0.0322783484484507,1.84759706003894
SIG007,GSE87211,15,0.87890160952126,1.04456812645643,0.390705236515359,1.34493645306812
SIG009,GSE87211,6,0.545971395616853,1.18953823612354,0.0193108194054613,2.00185822330359
SIG010,GSE87211,6,0.980340461384914,0.992963950619017,0.318094542599165,1.39357056403641
SIG011,GSE87211,3,0.505818958372844,0.825719499638203,0.218444282676089,1.47611825106836
SIG012,GSE87211,3,0.370996034753874,0.772503419732642,0.0675117878130375,0.572288293375414
SIG013,GSE87211,9,0.412349530765764,0.789891554461646,0.141473920216243,0.613265189475458
SIG014,GSE87211,15,0.380550301704139,1.28553395691312,0.0270435441553162,1.88880287476174
SIG015,GSE87211,3,0.639184430264858,0.874288556714861,0.151727367094962,1.59205147982137
SIG016,GSE87211,56,0.475224424317976,1.2292594798066,0.0546984887913801,0.456294116151411
SIG018,GSE87211,9,0.671983781937992,1.12866057964343,0.183849127526125,1.47177411532635
SIG019,GSE87211,12,0.0696605567617899,1.72818024436497,0.0185837159175979,2.48847703009991
SIG020,GSE87211,4,0.789743164278552,0.925714439133044,0.00806505419960891,0.415455646928514
SIG021,GSE87211,7,0.900761044829335,0.964932057536178,0.161293505535725,1.49895708436435
SIG022,GSE87211,4,0.0899930506413013,1.65317180754292,0.0260996748058469,2.8578220960539
SIG023,GSE87211,9,0.750023981847793,0.912694273615991,0.465712307537,1.253879491767
SIG024,GSE87211,7,0.656804661497427,1.13544473994905,0.130514218346589,1.61478391201416
SIG025,GSE87211,11,0.352903130373213,0.76467495893424,0.274511434398207,0.731207862031808
SIG026,GSE87211,30,0.849036292347666,0.947012983259842,0.187382342834902,0.680463282403705
SIG027,GSE87211,4,0.303533395235453,0.743214231746885,0.303533395235453,0.743214231746885
SIG028,GSE87211,4,0.0267236362704425,1.917425990166,0.0267236362704425,1.917425990166
SIG029,GSE87211,3,0.3363155220087,1.32026139839094,0.0420016967336615,2.0072590438575
SIG030,GSE87211,7,0.152402893783207,0.659203358643554,0.100112914756768,0.624462776739295
SIG031,GSE87211,4,0.987235458642762,1.00459486260183,0.308330152916251,0.712595712835112
SIG032,GSE87211,10,0.82457376353846,1.06561395505331,0.14780582496589,1.58063884693515
SIG033,GSE87211,10,0.147667192745594,1.51987654318782,0.0223816561845225,1.9546449215642
SIG034,GSE87211,13,0.22829758489414,0.706441956204215,0.156513703447404,0.611824242838026
SIG035,GSE87211,2,0.569189925148551,1.17766618793055,0.358552821660693,1.30087919477569
SIG036,GSE87211,11,0.825877242926955,1.06517837012808,0.219678954620742,1.60969923641743
SIG037,GSE87211,14,0.318672778781614,1.33185989819948,0.120042609238058,1.58550742522351
SIG038,GSE87211,3,0.0802345494860931,1.70949062731795,0.0265091158697743,1.89009990830382
SIG039,GSE87211,14,0.778027404410976,1.08393127785667,0.154647403949391,0.630655140444889
SIG040,GSE87211,13,0.44282650180861,0.800704325710544,0.0294801298320971,0.524324111342234
SIG041,GSE87211,10,0.992069227962419,1.00285159415725,0.339984236618553,1.35307064514775
SIG042,GSE87211,6,0.303671611684473,0.744149506407975,0.00776984588650512,0.425437199910956
SIG043,GSE87211,14,0.0947029501624509,0.6147072320257,0.0583944958713389,0.577840112614538
SIG044,GSE87211,3,0.439033126270041,0.800669723365428,0.0872345332392931,0.59824482621087
SIG045,GSE87211,6,0.831567129822146,0.940914614020705,0.197694962047092,1.57981526707966
SIG046,GSE87211,5,0.547197006680847,0.841674357158084,0.115716869599965,0.503724344024226
SIG047,GSE87211,4,0.381530240736929,0.776770802710212,0.0716879049304573,0.479014286519027
SIG048,GSE87211,11,0.431496993327815,1.25582992259437,0.103178053265714,1.59753854461828
SIG049,GSE87211,14,0.155051099029402,1.50879773814056,0.0275123691916582,1.90059039654755
SIG050,GSE87211,5,0.772298636238339,1.08635010684229,0.333389085971067,1.32313558015766
SIG051,GSE87211,7,0.209283949918901,1.43748008547708,0.127664670636016,1.54747340569032
SIG052,GSE87211,19,0.298097430526974,1.35141716769591,0.166433250154972,1.48925629913164
SIG053,GSE87211,10,0.376698458724721,1.29206089796779,0.153957571592668,1.73532114188893
SIG054,GSE87211,44,0.769410199744335,1.08762702879919,0.194208449430061,0.656662572007029
SIG055,GSE87211,20,0.0270340934058645,0.509360426875592,0.0270340934058645,0.509360426875592
SIG056,GSE87211,6,0.422764723755903,1.25917944183884,0.397743222471423,0.74769565600544
SIG057,GSE87211,8,0.306924968946614,1.34670414406262,0.154694962024241,1.53389017853513
SIG058,GSE87211,22,0.593914653538461,0.858473314730154,0.0787830966578229,0.556514509877797
SIG059,GSE87211,12,0.783887817922233,0.924415190798434,0.280551440571788,1.55418153251008
SIG060,GSE87211,5,0.278914260193278,0.731923295764673,0.0970725222414807,0.615729502891051
SIG062,GSE87211,41,0.495510277085308,1.21554502703717,0.221751338290563,1.41832538845015
SIG063,GSE87211,18,0.387927301058275,1.28726927006737,0.197743202362873,1.50683906653919
SIG064,GSE87211,3,0.058924229204564,1.75315705582268,0.0382314068074654,1.82990363276737
SIG065,GSE87211,5,0.0940530574681733,0.613763771842271,0.0375509693925255,0.551379219692643
SIG066,GSE87211,11,0.503329284663853,1.21111384813225,0.0384128493817852,1.8089592697038
SIG067,GSE87211,5,0.59397741652636,0.858249943888698,0.129131357357616,0.639564527069355
SIG068,GSE87211,4,0.0179671604152416,2.01755307071718,0.00939369319244491,4.70410733472519
SIG069,GSE87211,7,0.744251503319583,1.09820501199421,0.345443896356487,1.32824554979923
SIG070,GSE87211,3,0.437268107708612,0.800248485895994,0.102455870947529,0.530624111825825
SIG071,GSE87211,13,0.545625962231864,1.18890963632442,0.517835842700808,0.81825730187518
SIG072,GSE87211,15,0.978622947918603,1.00772161756259,0.588467536186835,0.852498233846611
SIG073,GSE87211,16,0.45767022103186,1.23959190930732,0.112383731662168,1.57608615332174
SIG074,GSE87211,11,0.785102622601709,1.08123205668636,0.134739491073901,1.53913273573475
SIG075,GSE87211,13,0.78422101936945,0.924602796126239,0.145501163037377,1.81443703794628
SIG076,GSE87211,8,0.753405553807165,0.914074390568144,0.25421786629373,0.712393684125498
SIG077,GSE87211,7,0.658757627809159,0.880070010925011,0.159268590248193,0.640610335882397
SIG078,GSE87211,6,0.788381462420801,0.925963022784255,0.31750537335069,1.34075125823411
SIG079,GSE87211,5,0.635633600347707,1.14518397530548,0.507792903932146,0.814000606776206
SIG080,GSE87211,8,0.850925517444567,1.05581860922538,0.183951401074866,1.53742654097818
SIG081,GSE87211,5,0.619743742149493,0.86694843733731,0.285490647855001,0.735360329494771
SIG082,GSE87211,6,0.889511614292879,1.04071092850253,0.181626722907525,1.49569576749142
SIG083,GSE87211,16,0.829317996592145,0.940214445735951,0.41156779844163,1.26962539396066
SIG084,GSE87211,15,0.0213921736128629,1.96882265105614,0.0117928592888501,2.07610714656242
SIG085,GSE87211,7,0.0537843795583737,1.78509040601665,0.0537843795583737,1.78509040601665
SIG086,GSE87211,5,0.0497866574472419,0.55873863877771,0.0291090357595355,0.320122485163525
SIG087,GSE87211,5,0.608703369640455,0.863207628573828,0.229275178261812,1.49688381726033
SIG088,GSE87211,6,0.875283477323533,1.04600741659967,0.0685999681669002,0.561622142034787
SIG089,GSE87211,5,0.799453134677891,1.07554424568158,0.369085918287204,1.29499337269969
SIG090,GSE87211,4,0.573406287657063,1.1759572740824,0.370731240512104,1.34646516823264
SIG091,GSE87211,7,0.557772023513571,1.18375027236116,0.031005375626714,1.93233237131735
SIG093,GSE87211,9,0.225587895834236,1.43026023606459,0.127060957466723,1.54936392135066
SIG094,GSE87211,3,0.42539069713135,0.794401248531933,0.0415032608719845,0.541055393920359
SIG095,GSE87211,18,0.0512949461997684,1.76413796928233,0.00439940735536013,2.2663225041649
SIG096,GSE87211,11,0.827776847185739,1.06428775682827,0.548034071054699,1.19186739479479
SIG097,GSE87211,14,0.859932397951278,1.05177711299645,0.107846512247473,1.935885987042
SIG098,GSE87211,5,0.266061290788723,0.723483515658162,0.091451443568511,0.613372057722686
SIG099,GSE87211,11,0.559983285582625,1.1818527509278,0.0889748934439782,2.2335723665457
SIG101,GSE87211,8,0.600173953956055,1.16234624153467,0.105237702626398,1.69198904258642
SIG102,GSE87211,4,0.241357112469274,1.4108285744082,0.0623485646677326,2.14212202712157
SIG107,GSE87211,15,0.888148076333762,0.960505297120424,0.352093918734877,0.763414783522969
SIG108,GSE87211,13,0.561471202106504,0.845572209386629,0.159964629192224,0.514916848512392
SIG109,GSE87211,7,0.217058844646757,0.700890384815322,0.0564685469249321,0.557898906259823
SIG110,GSE87211,9,0.603997878334242,1.16070584912148,0.113037607989659,1.99519732050684
SIG111,GSE87211,12,0.918443846797139,0.971026813110034,0.172782621395346,0.649507592333275
SIG112,GSE87211,4,0.695995835491728,0.894159678100693,0.0515189082200767,1.76549545208485
SIG113,GSE87211,10,0.917071508818523,1.03024363772916,0.0388915858647789,1.86113807070089
SIG114,GSE87211,14,0.382882460770081,1.28565200840153,0.00095595231378155,2.6759327130102
SIG115,GSE87211,4,0.0445393978529786,0.546153405954357,0.0445393978529786,0.546153405954357
SIG116,GSE87211,5,0.20980976055781,1.43698290248319,0.0632751161178888,1.93225220138878
SIG117,GSE87211,4,0.260527142403789,0.720582692703951,0.237881170048278,0.673385098167043
SIG118,GSE87211,14,0.0652228592423942,0.578528364478557,0.0652228592423942,0.578528364478557
SIG119,GSE87211,10,0.559008268720869,1.18220900994535,0.370969038489248,1.29592195658507
SIG120,GSE87211,3,0.270392971727082,0.72766636309698,0.0597994744009186,0.576237281827162
SIG121,GSE87211,6,0.184499155198182,1.47101273187056,0.184499155198182,1.47101273187056
SIG122,GSE87211,8,0.55247736411947,0.842193616058373,0.19134805779742,0.677953170310262
SIG124,GSE87211,4,0.616923383382387,1.15383264065026,0.157146514752741,1.58150133796509
SIG125,GSE87211,3,0.770764919602031,0.919914157216266,0.149420372569796,1.60019408275207
SIG126,GSE87211,4,0.133617113304841,0.643097329540614,0.0303656948192131,0.476074836797865
SIG127,GSE87211,6,0.292378316866576,1.35263262029821,0.256908198410788,1.38308375723572
SIG128,GSE87211,11,0.756381239452086,0.914969138624177,0.36674254364095,1.41852969724053
SIG129,GSE87211,9,0.5829983021687,1.17049375829782,0.0855022334081083,1.64066266950583
SIG130,GSE87211,9,0.0276439117023982,1.90706871134188,0.0101408662944409,2.10571273041832
SIG132,GSE87211,4,0.872024315413299,0.954702340802046,0.435750605271414,0.799052122885005
SIG133,GSE87211,5,0.103318907962621,1.60208437106964,0.0144640276880541,2.13989934108889
SIG134,GSE87211,8,0.587206437869946,1.16899376304324,0.315801792620988,1.33309195025291
SIG135,GSE87211,2,0.608551428208606,0.863667584062484,0.260264720981424,0.631327044911492
SIG136,GSE87211,9,0.6491380689868,1.13890860503092,0.328129639994372,0.684975005106419
SIG138,GSE87211,5,0.834514214537883,0.941869124976877,0.30656420269247,0.717977349340376
SIG139,GSE87211,4,0.453491952549133,0.805593099915603,0.198305538573614,0.607239631581919
SIG140,GSE87211,6,0.765590405039189,0.918135050507772,0.142597863968308,0.639183484833497
SIG141,GSE87211,7,0.699633702074393,1.11673144427961,0.389720751200033,1.42187921370029
SIG142,GSE87211,12,0.25471907643199,0.719418818131126,0.0918304221154815,0.614375997711921
SIG143,GSE87211,6,0.00842520128958226,0.457239750457388,0.000517933468302311,0.362345705685135
SIG144,GSE87211,3,0.322316628260201,1.33202163201538,0.125650776965529,1.55446725447734
SIG145,GSE87211,12,0.584022675359378,0.854892593211714,0.357667643847196,0.761077397441507
SIG146,GSE87211,3,0.871385108843333,0.954669687296679,0.196740176861261,0.664725788420941
SIG147,GSE87211,3,0.202800774968229,0.690505361147054,0.136990702791062,0.62904516877718
SIG148,GSE87211,7,0.660872797414696,0.881866740293139,0.246951394687016,0.71568082642711
SIG149,GSE87211,8,0.967936734770613,1.01158206690559,0.110755784015837,0.618867647871624
SIG150,GSE87211,10,0.309808147849185,0.746863281865307,0.0264603898867839,0.483889201410773
SIG151,GSE87211,8,0.568178646987252,1.17826677543086,0.247862226103946,1.43735644752336
SIG152,GSE87211,8,0.446217384695176,0.802506186067679,0.28363019664807,0.626470226273032
SIG153,GSE87211,8,0.49663766919836,0.823158478153179,0.135609884988599,0.543445622656342
SIG154,GSE87211,3,0.694868976224988,1.11901645837512,0.366443250673744,1.30372171192429
SIG155,GSE87211,9,0.97311731295942,0.990299053968618,0.0817653119066884,1.78966548687833
SIG156,GSE87211,5,0.453961180871644,0.805376187405269,0.0925539522920423,0.579983245821591
SIG157,GSE87211,5,0.855115334371268,1.05419942860873,0.0180350924132106,3.05771752662783
SIG159,GSE87211,6,0.0950383200547974,0.609405458809859,0.0455973582549327,0.53768311587384
SIG161,GSE87211,4,0.171321140724886,1.49136821623068,0.171321140724886,1.49136821623068
SIG163,GSE87211,4,0.156406989252668,1.50661377569909,0.116033383695756,1.57521757431541
SIG164,GSE87211,4,0.107433743341661,1.59426383463297,0.0485190495901696,1.76522944544978
SIG165,GSE87211,5,0.46306704825941,1.23995577467428,0.12519787720037,1.57158200056596
SIG166,GSE87211,3,0.253792118872062,1.39443020679106,0.253792118872062,1.39443020679106
SIG167,GSE87211,3,0.325130626261475,0.752412854091929,0.0661580383092098,0.57195944259022
SIG168,GSE87211,9,0.119204194665858,1.56992887252152,0.029995813572872,1.99578245304257
SIG169,GSE87211,8,0.498651045532004,0.823793370740649,0.197696210062271,0.659071568640522
SIG170,GSE87211,6,0.552172416735604,1.18657406268787,0.0721370370933429,1.7686815971531
SIG171,GSE87211,4,0.919185318131468,0.971367723732929,0.289131065045593,1.54160714326561
SIG172,GSE87211,6,0.986558675790386,1.00486284222575,0.382430888838399,0.775498166418823
SIG173,GSE87211,5,0.485495737809673,1.22215519248165,0.324986370877589,1.33502488617577
SIG175,GSE87211,5,0.395890335865713,0.783557053205834,0.0704251619869007,0.579964103652932
SIG176,GSE87211,8,0.924520214530753,1.02747992934382,0.113088161922468,0.605226082276547
SIG177,GSE87211,14,0.624638907298708,0.869169922221657,0.145518744556053,1.58667726599118
SIG178,GSE87211,3,0.792902596082118,0.927494440208947,0.208994359099095,1.45166601253898
SIG179,GSE87211,12,0.489671651675376,1.22139320958623,0.062152970253505,0.58369902960755
SIG180,GSE87211,5,0.940342682054746,0.978720366251951,0.467757587709668,0.804571636984926
SIG181,GSE87211,5,0.117014479205337,1.58559103856318,0.0657519817369906,2.03946380865341
SIG182,GSE87211,3,0.96605150127727,1.01227727723943,0.68885462321071,0.889812720571146
SIG183,GSE87211,4,0.155494990393879,0.659001884477896,0.0384709810014104,0.549781787427678
SIG184,GSE87211,3,0.399162632194402,0.784829398613305,0.274730128215577,0.655359078476876
SIG185,GSE87211,21,0.848287052578601,1.05636660877505,0.353311544734244,1.34243159965554
SIG186,GSE87211,19,0.451341708354388,1.24063664256037,0.181827902327776,1.47220247459038
SIG187,GSE87211,4,0.446292561542935,1.24496208574035,0.277249528371779,1.38039218486515
SIG188,GSE87211,6,0.745889334269535,0.911158982716864,0.0368975853700098,0.372536364372225
SIG189,GSE87211,5,0.156552054498954,1.5153675826327,0.00535527911224747,2.22317505497946
SIG190,GSE87211,7,0.784467758881767,1.081599551072,0.0748740793152663,2.06991780372347
SIG191,GSE87211,2,0.339524173671865,1.31770631504865,0.0217902969563849,2.33527038553587
SIG192,GSE87211,3,0.722351281158437,0.903419693505817,0.290876642530387,0.738203490185732
SIG193,GSE87211,6,0.601934801863101,0.860678161378664,0.087542608266337,0.556445167389339
SIG194,GSE87211,6,0.280910738215138,0.733115360575003,0.0478903051986635,0.510171178282046
SIG195,GSE87211,12,0.0734439476755364,1.68304078565224,0.0277802733942346,2.12504605896274
SIG196,GSE87211,4,0.516600797593279,0.830210227284165,0.430854958159353,1.35640360094702
SIG197,GSE87211,3,0.605176264966013,1.15966981371373,0.3303519125821,1.36095564334982
SIG198,GSE87211,3,0.768422832650946,0.919001125299836,0.0825496555716744,0.526656284999153
SIG199,GSE87211,5,0.0792577921310562,0.597246525168291,0.0756797179662903,0.585566192118627
SIG200,GSE87211,3,0.384750592978981,1.28296125539602,0.0570226144833605,1.85701793775254
SIG201,GSE87211,4,0.623891627336728,0.869158777678518,0.190394595980907,0.585794410479909
SIG202,GSE87211,29,0.0852522706863214,1.65654286319766,0.0852522706863214,1.65654286319766
SIG203,GSE87211,5,0.277242829462379,1.37320173083063,0.12806304543871,1.71632802144874
SIG204,GSE87211,3,0.93627311769905,1.02316788725645,0.2878143953462,0.7230843003265
SIG205,GSE87211,7,0.613836341371323,0.865468435859231,0.0733355667214562,1.74453245671453
SIG206,GSE87211,11,0.682132858333639,0.88897614720142,0.204538115185572,0.694217167838442
SIG207,GSE87211,13,0.103926507715077,0.622023751276457,0.0507668761742569,0.571226563511172
SIG208,GSE87211,7,0.024504967374602,1.93747202547987,0.0132015387952804,2.03846276388997
SIG209,GSE87211,5,0.862083048863597,1.0527777006997,0.531714176134904,0.833868748233357
SIG210,GSE87211,13,0.117833164207205,1.57100500839905,0.026673942775008,2.47373255107924
SIG211,GSE87211,4,0.842389499335588,1.05851909350314,0.112284470519156,2.1172945717173
SIG212,GSE87211,3,0.355206965651889,0.766663902202868,0.255280815477851,0.721898903213987
SIG213,GSE87211,5,0.495499441609715,0.821528389143131,0.0385235052675404,1.92515344347708
SIG214,GSE87211,5,0.905027176501287,0.966344811551843,0.286161714267577,0.707976346722187
SIG215,GSE87211,4,0.653436647315616,0.879232796935861,0.340074432398033,1.36263615854519
SIG216,GSE87211,4,0.251154800640804,1.40131728660685,0.0464374542503677,1.94248358938772
SIG217,GSE87211,8,0.712648552463405,1.11138777593194,0.419630085847987,1.25974821444014
SIG218,GSE87211,4,0.673197157323623,1.12845770364267,0.374860819326934,1.3431068749325
SIG219,GSE87211,7,0.227579893334464,1.42036676913047,0.14249706023952,1.68235639082299
SIG220,GSE87211,7,0.235626776294671,1.40888629613786,0.018196176285215,2.05992980951997
SIG221,GSE87211,4,0.186463261759668,1.46919438951459,0.110207172318989,1.85572301492345
SIG222,GSE87211,3,0.949165931492951,0.981888804173135,0.47197407039049,1.24539536245119
SIG223,GSE87211,4,0.687363551448411,1.12207236432482,0.45513307073293,0.805872527299352
SIG224,GSE87211,3,0.0327182824815278,1.86206087990945,0.00150016106716404,2.48327171622145
SIG225,GSE87211,5,0.822550852079686,0.937731410852254,0.137102153664923,1.91657779761182
SIG226,GSE87211,5,0.0713268399644726,0.589042713018281,0.05305784381871,0.554150682419466
SIG227,GSE87211,8,0.39886829273918,1.2732991348329,0.159144352262675,1.68369430185228
SIG228,GSE87211,6,0.282635543984879,1.36388557410229,0.0665746558344321,1.76831118156157
SIG229,GSE87211,4,0.138505438825467,0.647214367593703,0.0668247678185302,0.590535967218512
SIG230,GSE87211,15,0.854063268145881,0.948764698566471,0.193662943750177,0.618764489065978
SIG231,GSE87211,3,0.759264433930951,1.09155296204653,0.0524113612808726,0.562454445303716
SIG232,GSE87211,7,0.398238251154964,1.27679467141727,0.398238251154964,1.27679467141727
SIG233,GSE87211,10,0.991259547637795,0.996854664135079,0.181200178342957,0.556472130120386
SIG234,GSE87211,12,0.470988701527926,0.811875544207812,0.192669200877285,0.687375952258461
SIG235,GSE87211,6,0.225127455796464,1.41748526713145,0.179165108419926,1.48393519127762
SIG236,GSE87211,5,0.265137301329967,0.724354174608633,0.15437433732578,0.664218090979092
SIG237,GSE87211,5,0.257845646315219,0.721163154726007,0.153963873325235,0.613147538600211
SIG238,GSE87211,6,0.714746815830126,0.900556817606319,0.172725355759135,1.75291359705636
SIG239,GSE87211,7,0.433150996088151,1.25428223719037,0.165221569901423,1.55175365489579
SIG240,GSE87211,6,0.330587307277672,0.755836052728383,0.164124163209947,1.63787409488441
SIG241,GSE87211,4,0.792537399024578,0.927293687195915,0.314265149226259,0.744794116926801
SIG242,GSE87211,6,0.364696306018634,1.29795699998019,0.155444704500925,1.52424917842441
SIG243,GSE87211,8,0.0851901981306932,0.606347496479826,0.00229171899393616,0.323569982824062
SIG244,GSE87211,11,0.0506282368562873,1.76603191062447,0.0169489906328255,1.98432597699705
SIG245,GSE87211,3,0.486719532297013,1.22154520201317,0.201349406536537,1.44496484694526
SIG246,GSE87211,5,0.453382402074912,1.23955722071879,0.12709591009158,0.632231906254557
SIG247,GSE87211,3,0.795206014214288,1.07724104624153,0.168274630338229,1.63130094732911
SIG248,GSE87211,5,0.0864582873027097,0.60445058243781,0.0187527543905482,0.48134489244464
SIG249,GSE87211,4,0.765256938888681,0.918134063565209,0.240766738703182,0.695074769796504
SIG250,GSE87211,4,0.611759414136913,0.864440563399134,0.199366837149135,1.48927904836469
SIG251,GSE87211,14,0.373014842564501,1.29181444525976,0.102484891879899,1.63315872669198
SIG252,GSE87211,3,0.376687979713118,0.774509324834046,0.226625623480539,0.706033817765195
SIG253,GSE87211,2,0.871104321291377,0.954505119891005,0.305788176517381,1.35098078910081
SIG254,GSE87211,3,0.626235043611332,0.869846648828496,0.233224291200699,0.71090268162409
SIG255,GSE87211,3,0.0279245684684245,1.91946324523271,0.00163385080929461,2.46786553463136
SIG256,GSE87211,5,0.997336902098759,0.999045930619631,0.169822642597386,1.5808545181488
SIG257,GSE87211,4,0.799267838929166,1.07667204789515,0.0971022196563831,0.563046155864896
SIG258,GSE87211,5,0.918227154423961,0.97107190496082,0.520774846495447,1.21269999878285
SIG259,GSE87211,6,0.390061761691181,0.780184844702481,0.0338808249489674,0.330341500753655
SIG260,GSE87211,5,0.901070678293607,1.03626072913448,0.113771860587328,1.6337366176867
SIG261,GSE87211,14,0.506594526134721,1.2120552847163,0.0435075937084317,1.78739031897687
SIG262,GSE87211,6,0.482364684131201,0.816214602385397,0.341330175563383,0.754164004754336
SIG263,GSE87211,3,0.734851522033003,0.907497395585075,0.38764676580224,0.750237879757656
SIG264,GSE87211,6,0.835825602951608,1.06114150005406,0.136864785503924,1.55168961118284
SIG265,GSE87211,7,0.0506290825576431,0.561646239631705,0.0136673705855807,0.485841249527517
SIG266,GSE87211,5,0.45586423585471,1.24070693472438,0.45586423585471,1.24070693472438
SIG267,GSE87211,11,0.12348205847299,1.55886386992736,0.12348205847299,1.55886386992736
SIG268,GSE87211,6,0.619432037667853,1.15328882576379,0.0271292273956991,2.01508258194618
SIG269,GSE87211,2,0.654795823386135,1.13704955936027,0.0364292731205145,0.52184164393266
SIG270,GSE87211,4,0.268425023400437,0.72634791664936,0.0667350663724055,0.588773007939437
SIG271,GSE87211,5,0.291763536295947,0.735955642788046,0.238965194884777,0.71291316468771
SIG272,GSE87211,4,0.535134203309134,1.19397334760939,0.113977803858909,1.65037832330494
SIG273,GSE87211,4,0.806848715279681,1.07244264862054,0.493123687991017,1.2207374677521
SIG274,GSE87211,8,0.638781619754559,0.874235996563422,0.566320386719967,1.18549239825545
SIG275,GSE87211,4,0.910344956231366,0.968210163187376,0.343104230582104,0.721864550928729
SIG276,GSE87211,12,0.280152321369371,1.36445804687762,0.0434821165411671,1.80936223764956
SIG277,GSE87211,6,0.608091601574147,0.863303211776787,0.101944646410693,0.559259280664894
SIG278,GSE87211,5,0.0137063505997174,2.07150152229031,0.00330811165955745,2.33697024635007
SIG279,GSE87211,7,0.56674257053986,0.847495206814895,0.197845989033037,1.56163016013593
SIG280,GSE87211,4,0.461063226171773,1.23664111468427,0.183836351953121,1.52648661457888
SIG281,GSE87211,4,0.494942468597218,1.21774277742332,0.0653518790727189,1.74597076126964
SIG282,GSE87211,16,0.9370476205588,1.02286281585761,0.441232184307331,1.2510911577152
SIG283,GSE87211,10,0.795051859490061,1.07717111462011,0.0712781816252034,0.591821855258686
SIG284,GSE87211,3,0.498573800694757,1.21460017059101,0.215759558153295,1.46234249676095
SIG285,GSE87211,9,0.818223285195668,1.06848915360536,0.0855662244982724,1.80626119447889
SIG286,GSE87211,5,0.0261183313643758,1.92123493879957,0.00147593770685557,2.48832873613969
SIG287,GSE87211,3,0.2936442454957,1.35431083781791,0.0774253314618525,1.66332159944538
SIG288,GSE87211,5,0.837982075514941,0.942889019736231,0.222713027233796,0.607440936902514
SIG289,GSE87211,17,0.749533200436409,1.09558747115901,0.284638721959436,0.7002059769131
SIG290,GSE87211,3,0.244876716358715,0.713009749039386,0.0561157236893609,0.434870718432967
SIG291,GSE87211,3,0.0826621620910044,1.65227978829846,0.0826621620910044,1.65227978829846
SIG292,GSE87211,13,0.468812672931937,1.23051519431354,0.043387083145271,2.60487152768093
SIG293,GSE87211,7,0.919699176835492,0.971533829463645,0.341976088457768,0.751287974282729
SIG294,GSE87211,4,0.212166780635901,0.696727690300303,0.0534716565539365,0.570830973474307
SIG295,GSE87211,8,0.212926029957207,1.4329797049885,0.212926029957207,1.4329797049885
SIG296,GSE87211,10,0.945837940575839,0.980720148526833,0.31137512857224,0.661422302714398
SIG297,GSE87211,11,0.292018773277202,1.35372619895145,0.126029143753541,1.9483224202421
SIG298,GSE87211,9,0.74216944101012,0.910079627608157,0.221591876804461,0.636776403125568
SIG300,GSE87211,5,0.158682441052612,0.666095417223833,0.0444121684406957,0.509758556770148
SIG301,GSE87211,7,0.822968714715053,0.93784830646556,0.43136589619952,0.724652266236142
SIG302,GSE87211,4,0.245291037881254,1.39865752009909,0.134092418355696,1.53797429869726
SIG303,GSE87211,3,0.503773597334182,0.825242102173073,0.237442275143946,1.54714629036596
SIG304,GSE87211,4,0.455764237575683,1.23897116017715,0.0885941696361952,1.64974224939747
SIG305,GSE87211,7,0.187569591414752,1.46062389638788,0.0211655908732804,2.34247820313278
SIG306,GSE87211,11,0.638495916651091,1.14439214834607,0.00705508971075619,2.28076559914812
SIG307,GSE87211,12,0.738908894279614,1.10114919301777,0.29431211544424,1.35124800145774
SIG308,GSE87211,5,0.0343135229408745,1.85439293612126,0.0128563899360389,2.05484711369012
SIG309,GSE87211,2,0.796042973349619,1.07672044636665,0.145457971851217,1.60661291341032
SIG310,GSE87211,4,0.729077753723859,1.10434109563368,0.326226231331449,1.43740315629639
SIG311,GSE87211,5,0.24527041228486,1.40264786832164,0.0985270444771487,1.68845057921897
SIG312,GSE87211,9,0.515907355062185,1.20421600284438,0.0137561198560012,2.07866305692926
SIG313,GSE87211,3,0.404503513162154,1.26987347391931,0.163466913789532,1.52932255997031
SIG314,GSE87211,8,0.366745353835465,1.30055437257056,0.366745353835465,1.30055437257056
SIG315,GSE87211,8,0.135493031252121,0.649255130585536,0.135493031252121,0.649255130585536
SIG316,GSE87211,10,0.794437359214079,0.927727510448996,0.0774934706826033,1.78569491954175
SIG317,GSE87211,7,0.960905004799104,1.01425787271285,0.0624419936886254,0.414975508486188
SIG318,GSE87211,4,0.102436081545873,1.60833759036152,0.0620781787362605,1.78849592868702
SIG319,GSE87211,8,0.488683291725187,1.22143379123391,0.143047016264432,1.99685760767988
SIG320,GSE87211,8,0.631149405390614,1.14755560092888,0.246868630780576,1.39570989112476
SIG321,GSE87211,3,0.864195900596334,0.952161432084696,0.633902466311566,0.862298138334186
SIG322,GSE87211,7,0.0575629605555673,1.75729175526181,0.0488525269591283,1.77615892239668
SIG323,GSE87211,5,0.260011184846137,1.38842543760853,0.00940459594676098,2.51313376014529
SIG324,GSE87211,3,0.661099550113056,1.13435390671132,0.0882726049183689,2.10389923954386
SIG325,GSE87211,3,0.404377377082399,1.27081727690263,0.0418464775500635,1.88005412631791
SIG326,GSE87211,8,0.446278903364646,1.24461964829103,0.209103925157138,1.43314301157563
SIG327,GSE87211,3,0.391683789043864,1.27859945745781,0.0721799492507003,1.68669934483739
SIG328,GSE87211,6,0.603849632635369,0.861658137850626,0.300050059040129,1.36018701898706
SIG329,GSE87211,5,0.996626501307657,0.998790707845835,0.262506492964749,0.688574739485244
SIG330,GSE87211,16,0.717625531962225,1.10948922867532,0.042769162269151,2.60619493015323
SIG331,GSE87211,4,0.996920280379952,1.00110655866957,0.0308006792355987,1.8682400553875
SIG332,GSE87211,3,0.778671048502403,1.0838426093417,0.0145827313435012,2.092420489618
SIG334,GSE87211,4,0.83700331903542,1.06113199372705,0.520143565773911,1.20280103575487
SIG335,GSE87211,8,0.182196890334879,1.46876058375542,0.179788155690829,1.48345621874201
SIG336,GSE87211,3,0.540934226531327,1.19248020932984,0.237290896155142,0.673819749762045
SIG337,GSE87211,4,0.544146275510445,0.840494490496151,0.252952330938826,1.55615906206854
SIG338,GSE87211,3,0.591706548264689,0.856283519402134,0.116569453987124,0.610248099292464
