sig_id,cohort,n_gene,n_measured,C_stage1,flipped,auc5,calib_slope,delta_C,nb,null_median,p_emp,status_r,p_adj,key,p_highres,null_median_hi,null_mean_hi,null_sd_hi,z_vs_null,p_adj_highres
SIG001,GSE17536,4,4,0.564038570618264,0,0.59902411021814,0.26225985467519,0.00107770845150301,0.0461947490860751,0.533862733976177,0.195804195804196,ok,0.684094062933653,GSE17536|4,0.146179401993356,0.531650595575723,0.535394592550577,0.0254849974037237,1.12395452171018,0.642252750176756
SIG002,GSE17536,4,4,0.600567214974475,1,0.624282433983927,0.846893280441375,0.00958593306863298,0.0528414755732802,0.533862733976177,0.026973026973027,ok,0.426240426240426,GSE17536|4,0.0166112956810631,0.531650595575723,0.535394592550577,0.0254849974037237,2.55729366542434,0.342942878576787
SIG003,GSE17536,13,11,0.5471355643789,0,0.493398392652124,0.23377242663442,0.000964265456607993,0.0395480225988701,0.534543391945547,0.352647352647353,ok,0.768095796217281,GSE17536|11,0.375415282392027,0.536868973340896,0.540883342786916,0.0278480215154953,0.224512236479885,0.772558780485199
SIG004,GSE17536,9,8,0.509585933068633,0,0.585533869115959,0.131562178485519,0.00504821327283034,0.0661349285476903,0.53539421440726,0.864135864135864,ok,0.966775160323548,GSE17536|8,0.870431893687708,0.535110606920023,0.540991869918699,0.0287424832727845,-1.09266609123519,0.967146548541897
SIG005,GSE17536,6,6,0.561202495745888,0,0.611366245694604,0.589929747569008,0.0133295519001702,0.0461947490860751,0.535564378899603,0.1998001998002,ok,0.684094062933653,GSE17536|6,0.219269102990033,0.537322745320477,0.540258271885044,0.027039575903209,0.774576640396124,0.695862277257626
SIG006,GSE17536,8,8,0.579693703913783,1,0.568025258323766,0.610556911242438,0.00788428814520703,0.0461947490860751,0.53539421440726,0.106893106893107,ok,0.594883377492073,GSE17536|8,0.109634551495017,0.535110606920023,0.540991869918699,0.0287424832727845,1.3465027926703,0.596312574703773
SIG007,GSE17536,15,15,0.506636415201361,0,0.449196326061998,0.0609774077443865,5.67214974475094e-05,0.0461947490860751,0.534373227453205,0.907092907092907,ok,0.980018299143369,GSE17536|15,0.903654485049834,0.537492909812819,0.541745887691435,0.0291695557678477,-1.20363411666261,0.976374007482094
SIG009,GSE17536,6,6,0.544412932501418,0,0.573765786452354,0.625514972796023,0.0124220079410096,0.0727816550348953,0.535564378899603,0.385614385614386,ok,0.798683517130119,GSE17536|6,0.40531561461794,0.537322745320477,0.540258271885044,0.027039575903209,0.153651101305939,0.792470448132836
SIG010,GSE17536,6,6,0.514917753828701,0,0.518082663605052,0.0939068274878618,0.00788428814520703,0.032901296111665,0.535564378899603,0.794205794205794,ok,0.946570457406371,GSE17536|6,0.810631229235881,0.537322745320477,0.540258271885044,0.027039575903209,-0.937164034933553,0.954877680459076
SIG011,GSE17536,3,3,0.509926262053318,1,0.51435132032147,-0.00706569937480392,0.00346001134429952,0.02625456962446,0.535450935904708,0.861138861138861,ok,0.966775160323548,GSE17536|3,0.840531561461794,0.537776517300057,0.539490262809605,0.0270003140068563,-1.09495025682959,0.963042079982061
SIG012,GSE17536,3,3,0.568462847419172,1,0.614523536165327,0.279911626871165,-0.00300623936471922,0.032901296111665,0.535450935904708,0.173826173826174,ok,0.674234856053038,GSE17536|3,0.13953488372093,0.537776517300057,0.539490262809605,0.0270003140068563,1.07304620984075,0.642252750176756
SIG013,GSE17536,9,9,0.519342030629609,0,0.519230769230769,0.225634525105567,-0.00141803743618829,0.0528414755732802,0.535507657402155,0.71028971028971,ok,0.916502851986723,GSE17536|9,0.694352159468439,0.537039137833239,0.538324068822084,0.0265755976899104,-0.714265711498231,0.90876356249448
SIG014,GSE17536,15,15,0.510039705048213,0,0.561710677382319,0.0590092832771874,0.0062960862166761,0.0196078431372549,0.534373227453205,0.847152847152847,ok,0.962445838185483,GSE17536|15,0.850498338870432,0.537492909812819,0.541745887691435,0.0291695557678477,-1.08696145034099,0.963965059404504
SIG015,GSE17536,3,3,0.522518434486671,0,0.44345579793341,0.212340769755104,0.00402722631877483,0.032901296111665,0.535450935904708,0.674325674325674,ok,0.904428904428904,GSE17536|3,0.674418604651163,0.537776517300057,0.539490262809605,0.0270003140068563,-0.62857892388304,0.903617390739869
SIG016,GSE17536,57,50,0.558139534883721,0,0.539035591274397,0.839915227643516,0.0135564378899602,0.0594882020604852,0.540215541690301,0.278721278721279,ok,0.72249466351343,GSE17536|50,0.27906976744186,0.540215541690301,0.543044431839667,0.0272399422766456,0.55415326841554,0.721960973408656
SIG018,GSE17536,9,9,0.576176971072036,0,0.596440872560276,0.456670730850251,0.0141236528644355,0.0594882020604852,0.535507657402155,0.101898101898102,ok,0.591070560859081,GSE17536|9,0.106312292358804,0.537039137833239,0.538324068822084,0.0265755976899104,1.42434810654601,0.59337093409565
SIG019,GSE17536,12,12,0.55677821894498,0,0.516073478760046,0.508956477317723,0.0144639818491208,0.0594882020604852,0.534883720930233,0.268731268731269,ok,0.72249466351343,GSE17536|12,0.332225913621262,0.539705048213273,0.542922291548497,0.0299169843626201,0.463145858169966,0.756429537421821
SIG020,GSE17536,5,3,0.562677254679524,0,0.525832376578645,0.291133262315372,0.0143505388542258,0.0594882020604852,0.535450935904708,0.226773226773227,ok,0.702182128489577,GSE17536|3,0.186046511627907,0.537776517300057,0.539490262809605,0.0270003140068563,0.858767489297761,0.679105137501105
SIG021,GSE17536,10,8,0.554055587067499,0,0.565154994259472,0.437726561160394,0.00958593306863298,0.0461947490860751,0.53539421440726,0.274725274725275,ok,0.72249466351343,GSE17536|8,0.295681063122924,0.535110606920023,0.540991869918699,0.0287424832727845,0.454508993701651,0.727830309225658
SIG022,GSE17536,4,4,0.549858196256381,0,0.551090700344432,0.28571081184434,0.00164492342597833,0.02625456962446,0.533862733976177,0.321678321678322,ok,0.750958132776315,GSE17536|4,0.259136212624585,0.531650595575723,0.535394592550577,0.0254849974037237,0.567534046665864,0.721960973408656
SIG023,GSE17536,9,9,0.530913216108905,1,0.527267508610792,0.433132125788615,0.000510493477027696,0.0594882020604852,0.535507657402155,0.545454545454545,ok,0.853685894073616,GSE17536|9,0.541528239202658,0.537039137833239,0.538324068822084,0.0265755976899104,-0.278859305429365,0.857384965096103
SIG024,GSE17536,7,6,0.587975042541123,0,0.586107921928817,0.341490821706199,0.0178672716959727,0.0594882020604852,0.535564378899603,0.0649350649350649,ok,0.504758399495242,GSE17536|6,0.0664451827242525,0.537322745320477,0.540258271885044,0.027039575903209,1.76470114867503,0.483237692540018
SIG025,GSE17536,13,11,0.517980714690868,1,0.530424799081516,0.358544810804913,0.000850822461712975,0.0196078431372549,0.534543391945547,0.738261738261738,ok,0.927052019269155,GSE17536|11,0.744186046511628,0.536868973340896,0.540883342786916,0.0278480215154953,-0.822414909558461,0.929627332011923
SIG026,GSE17536,31,29,0.522972206466251,1,0.4951205510907,0.438723445005747,-0.000283607487237658,0.0594882020604852,0.537946681792399,0.685314685314685,ok,0.904954742643876,GSE17536|29,0.724252491694352,0.539024390243903,0.543818491208168,0.0278327196620673,-0.74898482775034,0.920903830498779
SIG027,GSE17536,4,4,0.621894498014748,1,0.576349024110218,0.521940651883481,0.0140102098695405,0.0395480225988701,0.533862733976177,0.00599400599400599,ok,0.250184598010685,GSE17536|4,0.00664451827242525,0.531650595575723,0.535394592550577,0.0254849974037237,3.39415005989103,0.283499446290144
SIG028,GSE17536,4,4,0.588428814520703,0,0.593570608495982,0.331782875663027,0.0186613726602383,0.0860751080093054,0.533862733976177,0.056943056943057,ok,0.501516831792061,GSE17536|4,0.0465116279069768,0.531650595575723,0.535394592550577,0.0254849974037237,2.0809977387864,0.425249169435216
SIG029,GSE17536,5,4,0.551900170164492,0,0.577210103329506,0.22360683886704,0.00527509926262049,0.02625456962446,0.533862733976177,0.304695304695305,ok,0.73958910874208,GSE17536|4,0.239202657807309,0.531650595575723,0.535394592550577,0.0254849974037237,0.647658595072239,0.721960973408656
SIG030,GSE17536,7,7,0.535450935904708,1,0.534156142365098,0.348387440415803,0.000397050482132677,0.0594882020604852,0.535677821894498,0.507492507492508,ok,0.842568284428749,GSE17536|7,0.471760797342193,0.532898468519569,0.538418982794479,0.0279271698278019,-0.106278112249538,0.833284941027608
SIG031,GSE17536,4,4,0.530459444129325,0,0.507749712973594,0.0624382865072526,-0.000737379466817956,0.0594882020604852,0.533862733976177,0.558441558441558,ok,0.860519897438035,GSE17536|4,0.511627906976744,0.531650595575723,0.535394592550577,0.0254849974037237,-0.193649163194757,0.843922320786382
SIG032,GSE17536,10,10,0.513783323879751,1,0.505740528128588,0.150640881035798,-0.000623936471922937,0.0528414755732802,0.534997163925128,0.8001998001998,ok,0.948970732787904,GSE17536|10,0.787375415282392,0.535053885422575,0.538975609756098,0.0274054420998679,-0.919243914567904,0.947812412126767
SIG033,GSE17536,10,9,0.558933635847986,0,0.585820895522388,0.514190061089361,0.0123085649461145,0.0794283815221004,0.535507657402155,0.242757242757243,ok,0.70620288802107,GSE17536|9,0.209302325581395,0.537039137833239,0.538324068822084,0.0265755976899104,0.775507187698248,0.687271384945804
SIG034,GSE17536,14,14,0.535904707884288,0,0.592135476463835,0.225587894177599,-0.00221213840045387,0.0528414755732802,0.535904707884288,0.501498501498502,ok,0.840825840825841,GSE17536|14,0.558139534883721,0.539648326715825,0.540879183210437,0.0277077133078202,-0.179533953989076,0.861027671340473
SIG035,GSE17536,3,2,0.60782756664776,0,0.661882893226177,0.447977409385382,0.0106069200226886,0.0594882020604852,0.536188315371526,0.015984015984016,ok,0.383616383616384,GSE17536|2,0.00996677740863787,0.530743051616563,0.53644658725657,0.0261981327858242,2.72465904248771,0.318936877076412
SIG036,GSE17536,13,12,0.539421440726035,0,0.518082663605052,0.420523961357769,0.00232558139534877,0.0727816550348953,0.534883720930233,0.444555444555445,ok,0.809048771134079,GSE17536|12,0.504983388704319,0.539705048213273,0.542922291548497,0.0299169843626201,-0.117018840536482,0.84090902542263
SIG037,GSE17536,14,13,0.585706182643222,0,0.629735935706085,0.453258983695365,0.0124220079410096,0.0594882020604852,0.53840045377198,0.0809190809190809,ok,0.543232990785438,GSE17536|13,0.0564784053156146,0.535847986386841,0.538223104556627,0.0265276164132946,1.78994891010255,0.467407492267156
SIG038,GSE17536,3,3,0.554169030062394,0,0.562284730195178,0.299656713861045,0.0114010209869539,0.0727816550348953,0.535450935904708,0.317682317682318,ok,0.750958132776315,GSE17536|3,0.27906976744186,0.537776517300057,0.539490262809605,0.0270003140068563,0.543651723793351,0.721960973408656
SIG039,GSE17536,14,14,0.500283607487238,1,0.450057405281286,0.0923521925027533,-0.000623936471922937,0.0395480225988701,0.535904707884288,0.996003996003996,ok,1,GSE17536|14,0.993355481727575,0.539648326715825,0.540879183210437,0.0277077133078202,-1.46513626989713,0.997511780814301
SIG040,GSE17536,15,13,0.591832104367555,1,0.628587830080368,0.720876469935126,0.0123085649461145,0.0528414755732802,0.53840045377198,0.0619380619380619,ok,0.504758399495242,GSE17536|13,0.0232558139534884,0.535847986386841,0.538223104556627,0.0265276164132946,2.02087511277724,0.369017874303287
SIG041,GSE17536,10,10,0.508224617129892,1,0.486796785304248,0.0022088335697462,0.000850822461712975,0.02625456962446,0.534997163925128,0.896103896103896,ok,0.975904413227159,GSE17536|10,0.847176079734219,0.535053885422575,0.538975609756098,0.0274054420998679,-1.12207613780308,0.963042079982061
SIG042,GSE17536,8,7,0.521951219512195,0,0.517508610792193,0.00794741342343295,0.000850822461712975,0.0395480225988701,0.535677821894498,0.681318681318681,ok,0.904954742643876,GSE17536|7,0.634551495016611,0.532898468519569,0.538418982794479,0.0279271698278019,-0.589668175609049,0.885420690720853
SIG043,GSE17536,14,14,0.52989222915485,1,0.488518943742824,0.26789294157963,0.00391378332387971,0.0594882020604852,0.535904707884288,0.572427572427572,ok,0.862685195495243,GSE17536|14,0.60797342192691,0.539648326715825,0.540879183210437,0.0277077133078202,-0.396530523234689,0.871126097089304
SIG044,GSE17536,3,3,0.559614293817357,0,0.543340987370838,0.192970831220034,-0.00153148043108342,0.0594882020604852,0.535450935904708,0.264735264735265,ok,0.72249466351343,GSE17536|3,0.199335548172757,0.537776517300057,0.539490262809605,0.0270003140068563,0.745325813716163,0.685885757153574
SIG045,GSE17536,6,6,0.503233125354509,1,0.530424799081516,0.16169040599226,0.000623936471922826,0.0528414755732802,0.535564378899603,0.946053946053946,ok,0.99081798158387,GSE17536|6,0.956810631229236,0.537322745320477,0.540258271885044,0.027039575903209,-1.36929464659767,0.989508936930575
SIG046,GSE17536,5,4,0.518774815655133,1,0.564580941446613,0.208657041252354,0.00130459444129327,0.0395480225988701,0.533862733976177,0.715284715284715,ok,0.919857102040625,GSE17536|4,0.694352159468439,0.531650595575723,0.535394592550577,0.0254849974037237,-0.652139634631288,0.90876356249448
SIG047,GSE17536,4,4,0.545547362450369,1,0.441733639494834,0.305275489391315,0.009699376063528,0.032901296111665,0.533862733976177,0.361638361638362,ok,0.775805200386206,GSE17536|4,0.305647840531561,0.531650595575723,0.535394592550577,0.0254849974037237,0.398382222252413,0.728094111439948
SIG048,GSE17536,11,11,0.514237095859331,0,0.574626865671642,0.0589433073808529,0.00686330119115142,0.0461947490860751,0.534543391945547,0.785214785214785,ok,0.944046572564396,GSE17536|11,0.803986710963455,0.536868973340896,0.540883342786916,0.0278480215154953,-0.95684524348556,0.952694051992232
SIG049,GSE17536,14,14,0.550425411230856,0,0.511194029850746,0.481139329565851,0.0106069200226886,0.0461947490860751,0.535904707884288,0.32967032967033,ok,0.75581561295847,GSE17536|14,0.355481727574751,0.539648326715825,0.540879183210437,0.0277077133078202,0.344533232113562,0.765162462941168
SIG050,GSE17536,6,5,0.530459444129325,0,0.527841561423651,0.281105975193163,0.00209869540555863,0.032901296111665,0.533579126488939,0.546453546453547,ok,0.853685894073616,GSE17536|5,0.514950166112957,0.532047646057856,0.537261864246549,0.0275691985722409,-0.246739857141647,0.846493423747326
SIG051,GSE17536,7,7,0.566534316505956,0,0.545063145809415,0.225848350258125,0.0157118547929664,0.02625456962446,0.535677821894498,0.158841158841159,ok,0.67027478016489,GSE17536|7,0.162790697674419,0.532898468519569,0.538418982794479,0.0279271698278019,1.00673766388915,0.660799449333792
SIG052,GSE17536,20,19,0.522858763471356,0,0.538748564867968,0.289588334321244,0.00493477027793532,0.0395480225988701,0.53425978445831,0.653346653346653,ok,0.897013434326867,GSE17536|19,0.667774086378738,0.53425978445831,0.540027226318775,0.0280607142497722,-0.611832710122776,0.900369554667961
SIG053,GSE17536,11,9,0.527736812251844,0,0.508036739380023,0.306685956047206,0.00697674418604644,0.0528414755732802,0.535507657402155,0.594405594405594,ok,0.865901928117406,GSE17536|9,0.591362126245847,0.537039137833239,0.538324068822084,0.0265755976899104,-0.3983826325855,0.866965846570657
SIG054,GSE17536,46,45,0.571525808281339,0,0.59902411021814,1.09392364861878,0.0143505388542258,0.0661349285476903,0.538230289279637,0.153846153846154,ok,0.659340659340659,GSE17536|45,0.166112956810631,0.539364719228588,0.543083758744564,0.0262643543857048,1.08291447484638,0.668630769552226
SIG055,GSE17536,21,20,0.584117980714691,1,0.577784156142365,0.730613160849068,0.00357345433919454,0.0594882020604852,0.535847986386841,0.0949050949050949,ok,0.58216543839547,GSE17536|20,0.0697674418604651,0.53817356778219,0.541590848931745,0.0268060764287942,1.58647357049481,0.497968358260569
SIG056,GSE17536,7,6,0.529211571185479,1,0.490241102181401,0.0668735901543243,-5.67214974476205e-05,0.0395480225988701,0.535564378899603,0.581418581418581,ok,0.863063597975745,GSE17536|6,0.604651162790698,0.537322745320477,0.540258271885044,0.027039575903209,-0.408538238140576,0.869610661092239
SIG057,GSE17536,8,8,0.570958593306863,0,0.559988518943743,0.61218314035821,0.00856494611457737,0.0528414755732802,0.53539421440726,0.153846153846154,ok,0.659340659340659,GSE17536|8,0.182724252491694,0.535110606920023,0.540991869918699,0.0287424832727845,1.04259340098629,0.674674163046256
SIG058,GSE17536,24,22,0.517186613726602,0,0.534156142365098,0.0872474814765665,0.00232558139534877,0.0395480225988701,0.536812251843449,0.744255744255744,ok,0.927301121979902,GSE17536|22,0.747508305647841,0.537095859330686,0.541388164114199,0.0299202132329622,-0.808869582551477,0.931958407041463
SIG059,GSE17536,14,13,0.527850255246739,0,0.573765786452354,0.201614310716676,0.00368689733408956,0.02625456962446,0.53840045377198,0.63036963036963,ok,0.886024663477079,GSE17536|13,0.564784053156146,0.535847986386841,0.538223104556627,0.0265276164132946,-0.391020781825292,0.861856132869487
SIG060,GSE17536,7,6,0.518434486670448,1,0.557979334098737,0.197587224519753,0.00334656834940439,0.0661349285476903,0.535564378899603,0.718281718281718,ok,0.921243085571743,GSE17536|6,0.760797342192691,0.537322745320477,0.540258271885044,0.027039575903209,-0.807105307151152,0.93864979817754
SIG062,GSE17536,43,42,0.516959727736812,1,0.477898966704937,-0.118870921459231,0.000283607487237658,0.0395480225988701,0.537039137833239,0.754245754245754,ok,0.933689134849677,GSE17536|42,0.787375415282392,0.537209302325581,0.541496313102666,0.027623131654582,-0.888262260509623,0.947812412126767
SIG063,GSE17536,19,19,0.530686330119115,0,0.499138920780712,0.519104254003975,5.67214974475094e-05,0.0528414755732802,0.53425978445831,0.543456543456544,ok,0.853685894073616,GSE17536|19,0.548172757475083,0.53425978445831,0.540027226318775,0.0280607142497722,-0.332881626480184,0.857384965096103
SIG064,GSE17536,3,3,0.554736245036869,0,0.623995407577497,0.271774688865444,0.00754395916052175,0.0528414755732802,0.535450935904708,0.308691308691309,ok,0.742715930685855,GSE17536|3,0.272425249169435,0.537776517300057,0.539490262809605,0.0270003140068563,0.564659441493632,0.721960973408656
SIG065,GSE17536,5,5,0.542597844583097,0,0.491389207807118,0.265501406252511,-0.000737379466817956,0.0528414755732802,0.533579126488939,0.400599400599401,ok,0.801999236602738,GSE17536|5,0.372093023255814,0.532047646057856,0.537261864246549,0.0275691985722409,0.193548619941398,0.77151037219348
SIG066,GSE17536,11,11,0.558026091888826,0,0.526980482204363,0.337700095624637,0.0115144639818491,0.0461947490860751,0.534543391945547,0.246753246753247,ok,0.708170753013802,GSE17536|11,0.259136212624585,0.536868973340896,0.540883342786916,0.0278480215154953,0.615582298813264,0.721960973408656
SIG067,GSE17536,5,5,0.521270561542825,0,0.532433983926521,0.278071880611319,0.0136698808848553,0.0594882020604852,0.533579126488939,0.672327672327672,ok,0.904428904428904,GSE17536|5,0.654485049833887,0.532047646057856,0.537261864246549,0.0275691985722409,-0.580042349139081,0.896938826324813
SIG068,GSE17536,5,5,0.524787294384572,0,0.52353616532721,0.175626555213814,-0.00141803743618829,0.0661349285476903,0.533579126488939,0.623376623376623,ok,0.88505175940885,GSE17536|5,0.59468438538206,0.532047646057856,0.537261864246549,0.0275691985722409,-0.452482136152408,0.866965846570657
SIG069,GSE17536,7,7,0.555530346001135,1,0.564293915040184,0.325199751462436,0.000170164492342639,0.0794283815221004,0.535677821894498,0.246753246753247,ok,0.708170753013802,GSE17536|7,0.26578073089701,0.532898468519569,0.538418982794479,0.0279271698278019,0.612713830730579,0.721960973408656
SIG070,GSE17536,3,3,0.551559841179807,1,0.624569460390356,0.425625471550248,0.00550198525241064,0.0528414755732802,0.535450935904708,0.336663336663337,ok,0.757788518632598,GSE17536|3,0.315614617940199,0.537776517300057,0.539490262809605,0.0270003140068563,0.447016222371981,0.7408069271946
SIG071,GSE17536,13,13,0.568009075439592,1,0.562571756601607,0.529039419334145,0.00232558139534877,0.0528414755732802,0.53840045377198,0.17982017982018,ok,0.679635325304617,GSE17536|13,0.152823920265781,0.535847986386841,0.538223104556627,0.0265276164132946,1.12282876904227,0.650602942151439
SIG072,GSE17536,15,14,0.505161656267726,0,0.564293915040184,-0.0470298227316157,-5.67214974476205e-05,0.032901296111665,0.535904707884288,0.932067932067932,ok,0.988712944514049,GSE17536|14,0.913621262458472,0.539648326715825,0.540879183210437,0.0277077133078202,-1.28908244956576,0.978073089700997
SIG073,GSE17536,16,16,0.550879183210437,0,0.567451205510907,0.536038892513285,0.00198525241066361,0.0594882020604852,0.534656834940442,0.330669330669331,ok,0.75581561295847,GSE17536|16,0.295681063122924,0.531990924560408,0.537332577046701,0.0285891603949061,0.473837145848818,0.727830309225658
SIG074,GSE17536,11,11,0.554169030062394,0,0.549081515499426,0.683310118707011,0.016505955757232,0.0594882020604852,0.534543391945547,0.27972027972028,ok,0.72249466351343,GSE17536|11,0.289036544850498,0.536868973340896,0.540883342786916,0.0278480215154953,0.477078318403531,0.727830309225658
SIG075,GSE17536,14,13,0.590697674418605,0,0.5898392652124,0.515496994140084,0.0203630175836642,0.0727816550348953,0.53840045377198,0.0679320679320679,ok,0.510051746006802,GSE17536|13,0.0299003322259136,0.535847986386841,0.538223104556627,0.0265276164132946,1.97811100117083,0.395921640508649
SIG076,GSE17536,9,8,0.597504254112309,0,0.59414466130884,0.567219627788598,0.0123085649461145,0.0528414755732802,0.53539421440726,0.038961038961039,ok,0.450633703645752,GSE17536|8,0.0398671096345515,0.535110606920023,0.540991869918699,0.0287424832727845,1.96616220168839,0.422899726510159
SIG077,GSE17536,7,7,0.529778786159955,1,0.576636050516648,0.232823408314307,0.00550198525241064,0.0461947490860751,0.535677821894498,0.577422577422578,ok,0.863063597975745,GSE17536|7,0.54485049833887,0.532898468519569,0.538418982794479,0.0279271698278019,-0.309383180887977,0.857384965096103
SIG078,GSE17536,6,5,0.522404991491776,1,0.552238805970149,0.337002705259354,0.00266591038003394,0.0528414755732802,0.533579126488939,0.654345654345654,ok,0.897013434326867,GSE17536|5,0.644518272425249,0.532047646057856,0.537261864246549,0.0275691985722409,-0.538893893336916,0.890910786937709
SIG079,GSE17536,5,5,0.514917753828701,0,0.496555683122847,0.226826711673709,-0.000170164492342639,0.0594882020604852,0.533579126488939,0.771228771228771,ok,0.937782926383306,GSE17536|5,0.740863787375415,0.532047646057856,0.537261864246549,0.0275691985722409,-0.810473701631156,0.929627332011923
SIG080,GSE17536,8,8,0.531480431083381,0,0.52353616532721,0.262193452077517,0.000283607487237658,0.0395480225988701,0.53539421440726,0.55044955044955,ok,0.853685894073616,GSE17536|8,0.554817275747508,0.535110606920023,0.540991869918699,0.0287424832727845,-0.330919174416786,0.8597652699235
SIG081,GSE17536,5,5,0.517526942711288,0,0.531859931113663,0.19773914475325,0.00334656834940439,0.0395480225988701,0.533579126488939,0.733266733266733,ok,0.923194837948936,GSE17536|5,0.697674418604651,0.532047646057856,0.537261864246549,0.0275691985722409,-0.715832253286185,0.909392317529484
SIG082,GSE17536,6,6,0.563017583664209,0,0.595005740528129,0.411908522688109,0.0128757799205899,0.0860751080093054,0.535564378899603,0.190809190809191,ok,0.684094062933653,GSE17536|6,0.209302325581395,0.537322745320477,0.540258271885044,0.027039575903209,0.841703725703166,0.687271384945804
SIG083,GSE17536,17,16,0.509132161089053,0,0.585820895522388,0.0694044235628016,0.00266591038003394,0.0129611166500498,0.534656834940442,0.873126873126873,ok,0.966775160323548,GSE17536|16,0.817275747508306,0.531990924560408,0.537332577046701,0.0285891603949061,-0.986402383564657,0.954877680459076
SIG084,GSE17536,15,15,0.581395348837209,0,0.584672789896671,0.483182841015402,0.0109472490073738,0.0528414755732802,0.534373227453205,0.0999000999000999,ok,0.588833658742473,GSE17536|15,0.122923588039867,0.537492909812819,0.541745887691435,0.0291695557678477,1.35927545353563,0.617835835174201
SIG085,GSE17536,7,7,0.571866137266024,1,0.607347876004592,0.521411755699514,0.00107770845150301,0.0594882020604852,0.535677821894498,0.126873126873127,ok,0.634404355334588,GSE17536|7,0.136212624584718,0.532898468519569,0.538418982794479,0.0279271698278019,1.19765642840929,0.642252750176756
SIG086,GSE17536,5,5,0.531480431083381,1,0.519230769230769,0.140633871266501,0.00221213840045376,0.02625456962446,0.533579126488939,0.534465534465535,ok,0.853685894073616,GSE17536|5,0.504983388704319,0.532047646057856,0.537261864246549,0.0275691985722409,-0.209706246919692,0.84090902542263
SIG087,GSE17536,5,5,0.556664775950085,0,0.5800803673938,0.526741970221249,0.0123085649461145,0.0727816550348953,0.533579126488939,0.257742257742258,ok,0.72249466351343,GSE17536|5,0.242524916943522,0.532047646057856,0.537261864246549,0.0275691985722409,0.7037894718881,0.721960973408656
SIG088,GSE17536,6,6,0.603516732841747,0,0.652985074626866,0.572389087024427,0.0289846851956892,0.0594882020604852,0.535564378899603,0.023976023976024,ok,0.40738023038908,GSE17536|6,0.0232558139534884,0.537322745320477,0.540258271885044,0.027039575903209,2.33947681661661,0.369017874303287
SIG089,GSE17536,5,5,0.576063528077141,0,0.557692307692308,0.392515813820241,0.00935904707884283,0.0528414755732802,0.533579126488939,0.113886113886114,ok,0.617869525432551,GSE17536|5,0.102990033222591,0.532047646057856,0.537261864246549,0.0275691985722409,1.40742806610492,0.585032141382768
SIG090,GSE17536,4,4,0.576403857061826,0,0.567164179104478,0.597950128866183,0.00686330119115142,0.0794283815221004,0.533862733976177,0.114885114885115,ok,0.617869525432551,GSE17536|4,0.0863787375415282,0.531650595575723,0.535394592550577,0.0254849974037237,1.60915317594882,0.549162834701107
SIG091,GSE17536,7,7,0.506409529211571,0,0.520091848450057,-0.0782193708202137,-0.000283607487237658,0.0196078431372549,0.535677821894498,0.906093906093906,ok,0.97956097956098,GSE17536|7,0.893687707641196,0.532898468519569,0.538418982794479,0.0279271698278019,-1.1461760636784,0.976041182406767
SIG093,GSE17536,9,9,0.562904140669314,0,0.610792192881745,0.483511919006666,0.0218377765173,0.0594882020604852,0.535507657402155,0.203796203796204,ok,0.684094062933653,GSE17536|9,0.192691029900332,0.537039137833239,0.538324068822084,0.0265755976899104,0.924911346643483,0.680085987883525
SIG094,GSE17536,3,3,0.516959727736812,0,0.549081515499426,0.152756210780511,0.0058423142370958,0.0196078431372549,0.535450935904708,0.76023976023976,ok,0.935679704910474,GSE17536|3,0.760797342192691,0.537776517300057,0.539490262809605,0.0270003140068563,-0.83445455734595,0.93864979817754
SIG095,GSE17536,18,16,0.624730572887124,0,0.650401836969001,1.22902080473959,0.0249007373794667,0.0794283815221004,0.534656834940442,0.00599400599400599,ok,0.250184598010685,GSE17536|16,0.00996677740863787,0.531990924560408,0.537332577046701,0.0285891603949061,3.05703261771883,0.318936877076412
SIG096,GSE17536,11,11,0.52093023255814,0,0.5,0.250198626424916,0.00311968235961424,0.0395480225988701,0.534543391945547,0.701298701298701,ok,0.913001805496735,GSE17536|11,0.707641196013289,0.536868973340896,0.540883342786916,0.0278480215154953,-0.716500101009827,0.913085414210695
SIG097,GSE17536,14,14,0.560975609756098,0,0.540183696900115,0.688612363485749,0.0100397050482133,0.0461947490860751,0.535904707884288,0.228771228771229,ok,0.702182128489577,GSE17536|14,0.245847176079734,0.539648326715825,0.540879183210437,0.0277077133078202,0.725300797016303,0.721960973408656
SIG098,GSE17536,5,5,0.501531480431083,0,0.546211251435132,0.0305270242731278,0.00618264322178108,0.0395480225988701,0.533579126488939,0.972027972027972,ok,0.994859953302878,GSE17536|5,0.973421926910299,0.532047646057856,0.537261864246549,0.0275691985722409,-1.29602548009658,0.991949169610348
SIG099,GSE17536,11,11,0.506749858196256,1,0.434270952927669,-0.0227081920231482,0.000737379466817956,0.02625456962446,0.534543391945547,0.894105894105894,ok,0.975904413227159,GSE17536|11,0.920265780730897,0.536868973340896,0.540883342786916,0.0278480215154953,-1.22570591133979,0.978355647288661
SIG101,GSE17536,10,8,0.505728871242201,0,0.557405281285878,0.0407512134516961,0.00187180941576859,0.02625456962446,0.53539421440726,0.912087912087912,ok,0.981619277583403,GSE17536|8,0.930232558139535,0.535110606920023,0.540991869918699,0.0287424832727845,-1.22685984860215,0.981883733715177
SIG102,GSE17536,4,4,0.550765740215542,0,0.524110218140069,0.272118571878189,0.00175836642087346,0.0528414755732802,0.533862733976177,0.314685314685315,ok,0.747767084400748,GSE17536|4,0.249169435215947,0.531650595575723,0.535394592550577,0.0254849974037237,0.603144957068721,0.721960973408656
SIG107,GSE17536,15,13,0.510266591038003,0,0.453788748564868,-0.0341373216940452,-0.00119115144639825,0.032901296111665,0.53840045377198,0.858141858141858,ok,0.966775160323548,GSE17536|13,0.813953488372093,0.535847986386841,0.538223104556627,0.0265276164132946,-1.05386451172497,0.954877680459076
SIG108,GSE17536,15,13,0.530913216108905,0,0.459242250287027,0.313762220732232,-5.67214974476205e-05,0.0594882020604852,0.53840045377198,0.586413586413586,ok,0.863063597975745,GSE17536|13,0.541528239202658,0.535847986386841,0.538223104556627,0.0265276164132946,-0.275557680487966,0.857384965096103
SIG109,GSE17536,7,7,0.551219512195122,1,0.516073478760046,0.437613722769876,-0.00266591038003405,0.0594882020604852,0.535677821894498,0.301698301698302,ok,0.736972950713409,GSE17536|7,0.308970099667774,0.532898468519569,0.538418982794479,0.0279271698278019,0.458353978565339,0.733278852116349
SIG110,GSE17536,9,9,0.566193987521271,1,0.51865671641791,0.570774362841348,0.000623936471922826,0.0661349285476903,0.535507657402155,0.183816183816184,ok,0.684094062933653,GSE17536|9,0.172757475083056,0.537039137833239,0.538324068822084,0.0265755976899104,1.04870336405523,0.673452369922304
SIG111,GSE17536,13,12,0.547249007373795,0,0.625717566016074,0.623430151808348,0.00300623936471922,0.0528414755732802,0.534883720930233,0.377622377622378,ok,0.791026166434219,GSE17536|12,0.411960132890365,0.539705048213273,0.542922291548497,0.0299169843626201,0.144624062801735,0.794957320728843
SIG112,GSE17536,4,4,0.581168462847419,0,0.593283582089552,0.444979776445143,0.0230856494611458,0.0528414755732802,0.533862733976177,0.0899100899100899,ok,0.574799793040835,GSE17536|4,0.0764119601328904,0.531650595575723,0.535394592550577,0.0254849974037237,1.79611045556372,0.520251643457977
SIG113,GSE17536,10,10,0.593193420306296,0,0.587256027554535,0.783800533031354,0.0126488939307997,0.0594882020604852,0.534997163925128,0.041958041958042,ok,0.462985290571498,GSE17536|10,0.0465116279069768,0.535053885422575,0.538975609756098,0.0274054420998679,1.97835927450555,0.425249169435216
SIG114,GSE17536,20,18,0.564719228587635,0,0.515212399540758,0.730146748970005,0.0119682359614293,0.0727816550348953,0.537663074305162,0.213786213786214,ok,0.688460120847433,GSE17536|18,0.192691029900332,0.537095859330686,0.540853847608244,0.027751737387963,0.859959888123718,0.680085987883525
SIG115,GSE17536,4,4,0.518207600680658,1,0.44833524684271,0.0264225621288309,-0.000397050482132788,0.02625456962446,0.533862733976177,0.722277722277722,ok,0.92267014422703,GSE17536|4,0.697674418604651,0.531650595575723,0.535394592550577,0.0254849974037237,-0.674396453633047,0.909392317529484
SIG116,GSE17536,5,5,0.532161089052751,0,0.558553386911596,0.212179919267716,0.00788428814520703,0.0528414755732802,0.533579126488939,0.520479520479521,ok,0.848319761732325,GSE17536|5,0.501661129568106,0.532047646057856,0.537261864246549,0.0275691985722409,-0.185017173438418,0.84090902542263
SIG117,GSE17536,4,4,0.516165626772547,1,0.497129735935706,0.104324416819786,0.00221213840045376,0.0395480225988701,0.533862733976177,0.746253746253746,ok,0.92798393316528,GSE17536|4,0.717607973421927,0.531650595575723,0.535394592550577,0.0254849974037237,-0.754521002039422,0.919150973295597
SIG118,GSE17536,15,14,0.592172433352241,1,0.541331802525832,0.67253179493732,0.00107770845150301,0.0661349285476903,0.535904707884288,0.0559440559440559,ok,0.497280497280497,GSE17536|14,0.0465116279069768,0.539648326715825,0.540879183210437,0.0277077133078202,1.85122639215872,0.425249169435216
SIG119,GSE17536,10,10,0.575155984117981,0,0.576349024110218,0.482924380480281,0.00799773114010205,0.0528414755732802,0.534997163925128,0.105894105894106,ok,0.592760009669631,GSE17536|10,0.112956810631229,0.535053885422575,0.538975609756098,0.0274054420998679,1.32018940727316,0.609205270820113
SIG120,GSE17536,4,3,0.507657402155417,0,0.476750861079219,-0.0259338052181316,0.00380034032898458,0.0594882020604852,0.535450935904708,0.895104895104895,ok,0.975904413227159,GSE17536|3,0.880398671096346,0.537776517300057,0.539490262809605,0.0270003140068563,-1.17898112763076,0.973712815959092
SIG121,GSE17536,6,6,0.52161089052751,1,0.55654420206659,0.110156989280975,0.00141803743618829,0.0461947490860751,0.535564378899603,0.685314685314685,ok,0.904954742643876,GSE17536|6,0.717607973421927,0.537322745320477,0.540258271885044,0.027039575903209,-0.689632907863817,0.919150973295597
SIG122,GSE17536,8,8,0.514237095859331,1,0.533869115958668,0.13627214592572,0.00221213840045376,0.0395480225988701,0.53539421440726,0.796203796203796,ok,0.946570457406371,GSE17536|8,0.79734219269103,0.535110606920023,0.540991869918699,0.0287424832727845,-0.930844207351478,0.950867708053899
SIG124,GSE17536,4,4,0.596256381168463,0,0.624569460390356,0.54630080000835,0.016505955757232,0.0661349285476903,0.533862733976177,0.033966033966034,ok,0.429044639570955,GSE17536|4,0.0232558139534884,0.531650595575723,0.535394592550577,0.0254849974037237,2.38814184101089,0.369017874303287
SIG125,GSE17536,4,4,0.501531480431083,0,0.482491389207807,0.0164726822020404,0.000397050482132677,0.0196078431372549,0.533862733976177,0.976023976023976,ok,0.994859953302878,GSE17536|4,0.956810631229236,0.531650595575723,0.535394592550577,0.0254849974037237,-1.32874693228518,0.989508936930575
SIG126,GSE17536,4,4,0.531480431083381,1,0.521526980482204,0.283814432287137,-0.00300623936471922,0.0461947490860751,0.533862733976177,0.542457542457543,ok,0.853685894073616,GSE17536|4,0.504983388704319,0.531650595575723,0.535394592550577,0.0254849974037237,-0.153586888991547,0.84090902542263
SIG127,GSE17536,6,6,0.568462847419172,0,0.580654420206659,0.282094636878324,0.0116279069767442,0.0661349285476903,0.535564378899603,0.141858141858142,ok,0.653159789850437,GSE17536|6,0.152823920265781,0.537322745320477,0.540258271885044,0.027039575903209,1.0430849816243,0.650602942151439
SIG128,GSE17536,11,11,0.517640385706183,0,0.418484500574053,0.0624348742820962,0.00561542824730577,0.0461947490860751,0.534543391945547,0.743256743256743,ok,0.927301121979902,GSE17536|11,0.754152823920266,0.536868973340896,0.540883342786916,0.0278480215154953,-0.834635849006374,0.93598799090298
SIG129,GSE17536,9,9,0.522745320476461,1,0.446039035591274,0.0991168535060607,-0.000623936471922937,0.032901296111665,0.535507657402155,0.668331668331668,ok,0.901121350559553,GSE17536|9,0.647840531561462,0.537039137833239,0.538324068822084,0.0265755976899104,-0.586205003830907,0.894215543204893
SIG130,GSE17536,9,9,0.585592739648327,0,0.5800803673938,0.453871046378938,0.0117413499716392,0.0661349285476903,0.535507657402155,0.0579420579420579,ok,0.502963702963703,GSE17536|9,0.0631229235880399,0.537039137833239,0.538324068822084,0.0265755976899104,1.77864939775896,0.477149658618254
SIG132,GSE17536,5,5,0.511968235961429,1,0.501435132032147,0.126450787238543,0.00187180941576859,0.0594882020604852,0.533579126488939,0.815184815184815,ok,0.956136534573845,GSE17536|5,0.800664451827243,0.532047646057856,0.537261864246549,0.0275691985722409,-0.917459686716764,0.952694051992232
SIG133,GSE17536,5,5,0.534770277935338,0,0.460677382319173,0.284339593267361,0.00640952921157112,0.0594882020604852,0.533579126488939,0.488511488511489,ok,0.832985841866836,GSE17536|5,0.475083056478405,0.532047646057856,0.537261864246549,0.0275691985722409,-0.0903757250934428,0.836076506359797
SIG134,GSE17536,8,8,0.505955757231991,0,0.503444316877153,-0.0918094522121466,-0.000510493477027918,0.0395480225988701,0.53539421440726,0.91008991008991,ok,0.980018299143369,GSE17536|8,0.926910299003322,0.535110606920023,0.540991869918699,0.0287424832727845,-1.2189660981688,0.980533208863019
SIG135,GSE17536,3,3,0.54781622234827,0,0.526693455797933,0.325710527705653,0.00187180941576859,0.0594882020604852,0.535450935904708,0.367632367632368,ok,0.779088461207667,GSE17536|3,0.368770764119601,0.537776517300057,0.539490262809605,0.0270003140068563,0.308365285550045,0.77151037219348
SIG136,GSE17536,9,9,0.57311401020987,0,0.614810562571757,0.643742193581112,0.0109472490073738,0.0395480225988701,0.535507657402155,0.11988011988012,ok,0.625461495026713,GSE17536|9,0.129568106312292,0.537039137833239,0.538324068822084,0.0265755976899104,1.30909346964545,0.628209000302024
SIG138,GSE17536,5,5,0.532387975042541,0,0.529276693455798,0.362607849892941,0.00209869540555863,0.0528414755732802,0.533579126488939,0.517482517482518,ok,0.845588454099092,GSE17536|5,0.501661129568106,0.532047646057856,0.537261864246549,0.0275691985722409,-0.176787482277991,0.84090902542263
SIG139,GSE17536,4,4,0.559614293817357,1,0.602755453501722,0.355422492850985,0.000283607487237658,0.0528414755732802,0.533862733976177,0.227772227772228,ok,0.702182128489577,GSE17536|4,0.172757475083056,0.531650595575723,0.535394592550577,0.0254849974037237,0.950351333496368,0.673452369922304
SIG140,GSE17536,6,6,0.598298355076574,0,0.571756601607348,0.85399201960733,0.00901871809415766,0.0395480225988701,0.535564378899603,0.036963036963037,ok,0.443556443556444,GSE17536|6,0.0365448504983389,0.537322745320477,0.540258271885044,0.027039575903209,2.14648644635886,0.420156365010842
SIG141,GSE17536,7,7,0.535904707884288,1,0.499712973593571,0.376582667259713,-0.0028927963698242,0.0661349285476903,0.535677821894498,0.496503496503497,ok,0.837686039795003,GSE17536|7,0.471760797342193,0.532898468519569,0.538418982794479,0.0279271698278019,-0.0900297067584726,0.833284941027608
SIG142,GSE17536,12,12,0.510266591038003,1,0.450344431687715,0.0584390749042883,0.00493477027793532,0.0461947490860751,0.534883720930233,0.851148851148851,ok,0.964695681676814,GSE17536|12,0.847176079734219,0.539705048213273,0.542922291548497,0.0299169843626201,-1.09154385731791,0.963042079982061
SIG143,GSE17536,6,6,0.508224617129892,0,0.485361653272101,0.0248117164438824,0.00153148043108331,0.0461947490860751,0.535564378899603,0.88011988011988,ok,0.971152842565012,GSE17536|6,0.890365448504983,0.537322745320477,0.540258271885044,0.027039575903209,-1.18469516200329,0.976041182406767
SIG144,GSE17536,3,3,0.511287577992059,1,0.520952927669346,0.0912567063387555,-0.000283607487237658,0.032901296111665,0.535450935904708,0.841158841158841,ok,0.962445838185483,GSE17536|3,0.813953488372093,0.537776517300057,0.539490262809605,0.0270003140068563,-1.04453173434888,0.954877680459076
SIG145,GSE17536,12,12,0.516392512762337,0,0.567451205510907,0.202345079393135,-0.00153148043108342,0.0594882020604852,0.534883720930233,0.763236763236763,ok,0.936367147229767,GSE17536|12,0.764119601328904,0.539705048213273,0.542922291548497,0.0299169843626201,-0.886779846009737,0.93864979817754
SIG146,GSE17536,3,3,0.547475893363585,1,0.558266360505166,0.300744456972424,0.00107770845150301,0.0461947490860751,0.535450935904708,0.370629370629371,ok,0.781987243525705,GSE17536|3,0.368770764119601,0.537776517300057,0.539490262809605,0.0270003140068563,0.295760654929878,0.77151037219348
SIG147,GSE17536,3,3,0.566874645490641,1,0.59902411021814,0.371088605881214,0.018207600680658,0.0528414755732802,0.535450935904708,0.188811188811189,ok,0.684094062933653,GSE17536|3,0.159468438538206,0.537776517300057,0.539490262809605,0.0270003140068563,1.01422460027992,0.659869400847749
SIG148,GSE17536,8,6,0.568462847419172,0,0.57060849598163,0.342241811013607,0.0082246171298922,0.0461947490860751,0.535564378899603,0.141858141858142,ok,0.653159789850437,GSE17536|6,0.152823920265781,0.537322745320477,0.540258271885044,0.027039575903209,1.0430849816243,0.650602942151439
SIG149,GSE17536,8,8,0.507203630175837,0,0.532433983926521,0.126669923658849,5.67214974475094e-05,0.02625456962446,0.53539421440726,0.893106893106893,ok,0.975904413227159,GSE17536|8,0.906976744186047,0.535110606920023,0.540991869918699,0.0287424832727845,-1.17555047078536,0.977762688847394
SIG150,GSE17536,10,10,0.523539421440726,0,0.546211251435132,0.0393875502673744,0.000397050482132677,0.0196078431372549,0.534997163925128,0.649350649350649,ok,0.897013434326867,GSE17536|10,0.664451827242525,0.535053885422575,0.538975609756098,0.0274054420998679,-0.563252665624615,0.899680894432756
SIG151,GSE17536,8,8,0.518661372660238,1,0.515786452353617,0.137862999342732,0.00130459444129327,0.0395480225988701,0.53539421440726,0.734265734265734,ok,0.923846795406428,GSE17536|8,0.727574750830565,0.535110606920023,0.540991869918699,0.0287424832727845,-0.776916073901148,0.922683964065181
SIG152,GSE17536,8,8,0.536925694838344,1,0.45752009184845,0.237719564724461,0.00493477027793532,0.0661349285476903,0.53539421440726,0.466533466533467,ok,0.823543429048016,GSE17536|8,0.475083056478405,0.535110606920023,0.540991869918699,0.0287424832727845,-0.141469164016367,0.836076506359797
SIG153,GSE17536,8,8,0.595575723199092,0,0.616819747416762,0.695275864511635,0.00209869540555863,0.0594882020604852,0.53539421440726,0.043956043956044,ok,0.464689949226032,GSE17536|8,0.0498338870431894,0.535110606920023,0.540991869918699,0.0287424832727845,1.89906532300488,0.436899831611523
SIG154,GSE17536,3,3,0.604197390811117,0,0.605051664753157,0.567533389825108,0.0082246171298922,0.0727816550348953,0.535450935904708,0.018981018981019,ok,0.383616383616384,GSE17536|3,0.0232558139534884,0.537776517300057,0.539490262809605,0.0270003140068563,2.39653242495924,0.369017874303287
SIG155,GSE17536,9,9,0.577084515031197,0,0.610218140068886,0.534787034100865,0.0108338060124786,0.0528414755732802,0.535507657402155,0.0979020979020979,ok,0.588833658742473,GSE17536|9,0.0963455149501661,0.537039137833239,0.538324068822084,0.0265755976899104,1.45849762859065,0.576272238954265
SIG156,GSE17536,5,5,0.528304027226319,1,0.533295063145809,0.115035601943433,0.00414066931366985,0.0461947490860751,0.533579126488939,0.58041958041958,ok,0.863063597975745,GSE17536|5,0.551495016611296,0.532047646057856,0.537261864246549,0.0275691985722409,-0.324921923165731,0.857384965096103
SIG157,GSE17536,5,5,0.545320476460579,0,0.524110218140069,0.220177082758724,0.000170164492342639,0.0528414755732802,0.533579126488939,0.363636363636364,ok,0.778352082699909,GSE17536|5,0.348837209302326,0.532047646057856,0.537261864246549,0.0275691985722409,0.292304913866583,0.760235461816646
SIG159,GSE17536,6,6,0.509472490073738,0,0.549081515499426,0.130860266722493,-0.00130459444129327,0.032901296111665,0.535564378899603,0.859140859140859,ok,0.966775160323548,GSE17536|6,0.86046511627907,0.537322745320477,0.540258271885044,0.027039575903209,-1.13854529085469,0.965130723674708
SIG161,GSE17536,4,4,0.611798071469087,0,0.547646383467279,0.688743988269251,0.0319342030629608,0.0727816550348953,0.533862733976177,0.011988011988012,ok,0.348742166923985,GSE17536|4,0.00996677740863787,0.531650595575723,0.535394592550577,0.0254849974037237,2.99797868165946,0.318936877076412
SIG163,GSE17536,4,4,0.622575155984118,0,0.639781859931114,0.493896085706348,0.0207033465683494,0.0727816550348953,0.533862733976177,0.00599400599400599,ok,0.250184598010685,GSE17536|4,0.00664451827242525,0.531650595575723,0.535394592550577,0.0254849974037237,3.42085824269313,0.283499446290144
SIG164,GSE17536,4,4,0.59058423142371,0,0.581515499425947,0.276374643453542,0.0103800340328984,0.0395480225988701,0.533862733976177,0.050949050949051,ok,0.472570907353516,GSE17536|4,0.0398671096345515,0.531650595575723,0.535394592550577,0.0254849974037237,2.16557365099317,0.422899726510159
SIG165,GSE17536,5,5,0.604083947816222,0,0.562858783008037,0.613577400534086,0.0151446398184911,0.0727816550348953,0.533579126488939,0.020979020979021,ok,0.404732881797102,GSE17536|5,0.026578073089701,0.532047646057856,0.537261864246549,0.0275691985722409,2.42379492441811,0.380820151733029
SIG166,GSE17536,3,3,0.568235961429382,1,0.555683122847302,0.339821369336376,0.00561542824730577,0.0594882020604852,0.535450935904708,0.173826173826174,ok,0.674234856053038,GSE17536|3,0.13953488372093,0.537776517300057,0.539490262809605,0.0270003140068563,1.06464312276064,0.642252750176756
SIG167,GSE17536,3,3,0.541463414634146,0,0.489667049368542,0.224783174694352,0.018321043675553,0.0395480225988701,0.535450935904708,0.425574425574426,ok,0.808003590612286,GSE17536|3,0.461794019933555,0.537776517300057,0.539490262809605,0.0270003140068563,0.073078847306743,0.828639736703201
SIG168,GSE17536,9,9,0.59954622802042,0,0.595005740528129,0.362961318728366,0.0173000567214974,0.0727816550348953,0.535507657402155,0.030969030969031,ok,0.426240426240426,GSE17536|9,0.0199335548172757,0.537039137833239,0.538324068822084,0.0265755976899104,2.30369829919497,0.357686217281957
SIG169,GSE17536,8,8,0.542144072603517,0,0.547646383467279,0.530344360162692,0.0143505388542258,0.0528414755732802,0.53539421440726,0.404595404595405,ok,0.801999236602738,GSE17536|8,0.428571428571429,0.535110606920023,0.540991869918699,0.0287424832727845,0.0400870959507125,0.798878497493903
SIG170,GSE17536,6,6,0.502552467385139,0,0.437715269804822,-0.212866494879266,-0.000397050482132788,0.032901296111665,0.535564378899603,0.956043956043956,ok,0.99157708204558,GSE17536|6,0.960132890365449,0.537322745320477,0.540258271885044,0.027039575903209,-1.39446730358779,0.989508936930575
SIG171,GSE17536,4,4,0.587067498581963,1,0.614236509758898,0.51409034718327,0.0137833238797505,0.0661349285476903,0.533862733976177,0.0619380619380619,ok,0.504758399495242,GSE17536|4,0.0465116279069768,0.531650595575723,0.535394592550577,0.0254849974037237,2.02758137318218,0.425249169435216
SIG172,GSE17536,6,6,0.529098128190584,1,0.482491389207807,0.268015071889903,0.00300623936471922,0.0461947490860751,0.535564378899603,0.582417582417583,ok,0.863063597975745,GSE17536|6,0.604651162790698,0.537322745320477,0.540258271885044,0.027039575903209,-0.412733680972264,0.869610661092239
SIG173,GSE17536,5,5,0.501985252410664,0,0.549368541905855,0.012297540811496,0.00323312535450926,0.0063143901628448,0.533579126488939,0.963036963036963,ok,0.99303489206819,GSE17536|5,0.970099667774086,0.532047646057856,0.537261864246549,0.0275691985722409,-1.27956609777569,0.991949169610348
SIG175,GSE17536,6,5,0.515598411798071,0,0.568886337543054,-0.0185141662026715,0.000623936471922826,0.02625456962446,0.533579126488939,0.761238761238761,ok,0.936309046494825,GSE17536|5,0.730897009966777,0.532047646057856,0.537261864246549,0.0275691985722409,-0.785784628149878,0.925674313414388
SIG176,GSE17536,8,8,0.523879750425411,1,0.576349024110218,0.163728652617518,0.00357345433919454,0.02625456962446,0.53539421440726,0.656343656343656,ok,0.897013434326867,GSE17536|8,0.67109634551495,0.535110606920023,0.540991869918699,0.0287424832727845,-0.595359813934072,0.90168298347705
SIG177,GSE17536,14,14,0.540442427680091,0,0.546785304247991,0.518235517353336,0.000623936471922826,0.0528414755732802,0.535904707884288,0.454545454545455,ok,0.819462227912932,GSE17536|14,0.491694352159469,0.539648326715825,0.540879183210437,0.0277077133078202,-0.0157629583319838,0.839158361018826
SIG178,GSE17536,3,3,0.558252977878616,1,0.583524684270953,0.249334624907683,0.0160521837776517,0.0461947490860751,0.535450935904708,0.277722277722278,ok,0.72249466351343,GSE17536|3,0.215946843853821,0.537776517300057,0.539490262809605,0.0270003140068563,0.694907291235454,0.693341037122635
SIG179,GSE17536,12,12,0.565173000567215,0,0.574626865671642,0.530597676544467,0.00867838910947238,0.0528414755732802,0.534883720930233,0.201798201798202,ok,0.684094062933653,GSE17536|12,0.259136212624585,0.539705048213273,0.542922291548497,0.0299169843626201,0.743748392184853,0.721960973408656
SIG180,GSE17536,5,5,0.589336358479864,1,0.624282433983927,0.805204314916109,0.0227453204764605,0.0727816550348953,0.533579126488939,0.0599400599400599,ok,0.504758399495242,GSE17536|5,0.053156146179402,0.532047646057856,0.537261864246549,0.0275691985722409,1.88886499899013,0.449602646098907
SIG181,GSE17536,5,5,0.658196256381169,1,0.582089552238806,0.740114750208847,0.0207033465683494,0.0794283815221004,0.533579126488939,0.000999000999000999,ok,0.15984015984016,GSE17536|5,0.00332225913621262,0.532047646057856,0.537261864246549,0.0275691985722409,4.38657626618087,0.212624584717608
SIG182,GSE17536,3,3,0.558593306863301,1,0.61337543053961,0.497610015878424,0.0024390243902439,0.0794283815221004,0.535450935904708,0.275724275724276,ok,0.72249466351343,GSE17536|3,0.212624584717608,0.537776517300057,0.539490262809605,0.0270003140068563,0.707511921855621,0.687271384945804
SIG183,GSE17536,4,4,0.514463981849121,0,0.555396096440873,0.0777968453118672,0.00209869540555863,0.032901296111665,0.533862733976177,0.777222777222777,ok,0.940900209500462,GSE17536|4,0.750830564784053,0.531650595575723,0.535394592550577,0.0254849974037237,-0.821291459044739,0.934886306345903
SIG184,GSE17536,3,3,0.512535450935905,0,0.408438576349024,0.00959517965857925,-0.000737379466817956,0.0461947490860751,0.535450935904708,0.822177822177822,ok,0.956136534573845,GSE17536|3,0.79734219269103,0.537776517300057,0.539490262809605,0.0270003140068563,-0.99831475540822,0.950867708053899
SIG185,GSE17536,22,22,0.513442994895065,1,0.559701492537313,0.0767898317551351,0.00130459444129327,0.0395480225988701,0.536812251843449,0.796203796203796,ok,0.946570457406371,GSE17536|22,0.794019933554817,0.537095859330686,0.541388164114199,0.0299202132329622,-0.933989641101489,0.949855621448753
SIG186,GSE17536,19,18,0.594781622234827,0,0.602755453501722,0.832911048619028,0.00788428814520703,0.0661349285476903,0.537663074305162,0.046953046953047,ok,0.464689949226032,GSE17536|18,0.0498338870431894,0.537095859330686,0.540853847608244,0.027751737387963,1.94322156745307,0.436899831611523
SIG187,GSE17536,4,4,0.546341463414634,1,0.495981630309989,0.17710502639756,0.000283607487237658,0.0461947490860751,0.533862733976177,0.346653346653347,ok,0.763273423823883,GSE17536|4,0.302325581395349,0.531650595575723,0.535394592550577,0.0254849974037237,0.429541768854873,0.728094111439948
SIG188,GSE17536,6,6,0.58230289279637,0,0.576349024110218,0.551813497689047,0.00470788428814517,0.0794283815221004,0.535564378899603,0.0879120879120879,ok,0.566413452319493,GSE17536|6,0.0764119601328904,0.537322745320477,0.540258271885044,0.027039575903209,1.55492900709053,0.520251643457977
SIG189,GSE17536,6,6,0.529325014180374,0,0.543053960964409,0.245150219649545,-0.00107770845150323,0.032901296111665,0.535564378899603,0.58041958041958,ok,0.863063597975745,GSE17536|6,0.601328903654485,0.537322745320477,0.540258271885044,0.027039575903209,-0.404342795308887,0.869610661092239
SIG190,GSE17536,7,7,0.535564378899603,0,0.479334098737084,0.146139492189443,0.00277935337492907,0.0395480225988701,0.535677821894498,0.504495504495505,ok,0.840825840825841,GSE17536|7,0.471760797342193,0.532898468519569,0.538418982794479,0.0279271698278019,-0.102216010876774,0.833284941027608
SIG191,GSE17536,3,3,0.501191151446398,0,0.510045924225029,0.0844119056651127,-0.000964265456608104,0.0395480225988701,0.535450935904708,0.984015984015984,ok,0.994859953302878,GSE17536|3,0.980066445182724,0.537776517300057,0.539490262809605,0.0270003140068563,-1.41846910941411,0.991949169610348
SIG192,GSE17536,3,3,0.511174134997164,0,0.540757749712974,0.040110099933924,0.00493477027793532,0.032901296111665,0.535450935904708,0.845154845154845,ok,0.962445838185483,GSE17536|3,0.813953488372093,0.537776517300057,0.539490262809605,0.0270003140068563,-1.04873327788893,0.954877680459076
SIG193,GSE17536,7,7,0.52229154849688,1,0.44833524684271,0.186587906605818,0.00266591038003394,0.0461947490860751,0.535677821894498,0.676323676323676,ok,0.904428904428904,GSE17536|7,0.634551495016611,0.532898468519569,0.538418982794479,0.0279271698278019,-0.577481871490751,0.885420690720853
SIG194,GSE17536,6,6,0.502098695405559,1,0.54247990815155,0.0866656800551207,-0.00130459444129327,0.032901296111665,0.535564378899603,0.963036963036963,ok,0.99303489206819,GSE17536|6,0.973421926910299,0.537322745320477,0.540258271885044,0.027039575903209,-1.41124907491455,0.991949169610348
SIG195,GSE17536,12,12,0.516619398752127,1,0.486796785304248,0.0539077429369386,0.00130459444129327,0.0395480225988701,0.534883720930233,0.759240759240759,ok,0.935679704910474,GSE17536|12,0.764119601328904,0.539705048213273,0.542922291548497,0.0299169843626201,-0.879195993739067,0.93864979817754
SIG196,GSE17536,4,4,0.549744753261486,0,0.567738231917336,0.331438647152325,0.00209869540555863,0.0727816550348953,0.533862733976177,0.321678321678322,ok,0.750958132776315,GSE17536|4,0.259136212624585,0.531650595575723,0.535394592550577,0.0254849974037237,0.563082682865511,0.721960973408656
SIG197,GSE17536,4,4,0.590130459444129,1,0.510907003444317,0.356037281565642,0.00448099829835502,0.0661349285476903,0.533862733976177,0.051948051948052,ok,0.477226123159138,GSE17536|4,0.0398671096345515,0.531650595575723,0.535394592550577,0.0254849974037237,2.14776819579172,0.422899726510159
SIG198,GSE17536,3,3,0.53976176971072,1,0.532433983926521,0.204363558143346,0.00221213840045376,0.0528414755732802,0.535450935904708,0.440559440559441,ok,0.809048771134079,GSE17536|3,0.491694352159469,0.537776517300057,0.539490262809605,0.0270003140068563,0.0100556942058585,0.839158361018826
SIG199,GSE17536,5,5,0.555416903006239,0,0.578645235361653,0.479288265918397,0.00141803743618829,0.0461947490860751,0.533579126488939,0.266733266733267,ok,0.72249466351343,GSE17536|5,0.259136212624585,0.532047646057856,0.537261864246549,0.0275691985722409,0.658526170505721,0.721960973408656
SIG200,GSE17536,3,3,0.578899602949518,0,0.551377726750861,0.255288184338853,0.0134429948950652,0.0528414755732802,0.535450935904708,0.121878121878122,ok,0.629048370983855,GSE17536|3,0.0963455149501661,0.537776517300057,0.539490262809605,0.0270003140068563,1.45958821552615,0.576272238954265
SIG201,GSE17536,4,3,0.584912081678956,0,0.584098737083812,0.458006455598042,0.00380034032898458,0.0528414755732802,0.535450935904708,0.0879120879120879,ok,0.566413452319493,GSE17536|3,0.0631229235880399,0.537776517300057,0.539490262809605,0.0270003140068563,1.68227002314925,0.477149658618254
SIG202,GSE17536,29,29,0.576971072036302,0,0.521814006888634,0.981879938605374,0.0230856494611458,0.0594882020604852,0.537946681792399,0.124875124875125,ok,0.634404355334588,GSE17536|29,0.152823920265781,0.539024390243903,0.543818491208168,0.0278327196620673,1.19113695070616,0.650602942151439
SIG203,GSE17536,5,5,0.547929665343165,1,0.618254879448909,0.548824365847008,0.00527509926262049,0.0594882020604852,0.533579126488939,0.338661338661339,ok,0.760965988503911,GSE17536|5,0.312292358803987,0.532047646057856,0.537261864246549,0.0275691985722409,0.386946362211518,0.737517009721592
SIG204,GSE17536,3,3,0.50504821327283,0,0.545350172215844,-0.0368293389850404,-0.00119115144639825,0.02625456962446,0.535450935904708,0.921078921078921,ok,0.986319870870903,GSE17536|3,0.913621262458472,0.537776517300057,0.539490262809605,0.0270003140068563,-1.27561662905213,0.978073089700997
SIG205,GSE17536,7,7,0.610209869540556,0,0.634041331802526,0.419590906518201,0.0218377765173,0.0794283815221004,0.535677821894498,0.012987012987013,ok,0.356215213358071,GSE17536|7,0.0199335548172757,0.532898468519569,0.538418982794479,0.0279271698278019,2.57064669240518,0.357686217281957
SIG206,GSE17536,11,11,0.53930799773114,0,0.530137772675086,0.17082754050143,0.000623936471922826,0.0528414755732802,0.534543391945547,0.435564435564436,ok,0.808003590612286,GSE17536|11,0.471760797342193,0.536868973340896,0.540883342786916,0.0278480215154953,-0.0565693708222542,0.833284941027608
SIG207,GSE17536,13,13,0.563244469653999,0,0.622273249138921,0.38946149963902,-0.00153148043108342,0.0528414755732802,0.53840045377198,0.220779220779221,ok,0.697197539302803,GSE17536|13,0.182724252491694,0.535847986386841,0.538223104556627,0.0265276164132946,0.94321950029526,0.674674163046256
SIG208,GSE17536,7,6,0.55677821894498,1,0.576923076923077,0.250662299980286,-0.000510493477027918,0.0461947490860751,0.535564378899603,0.248751248751249,ok,0.710717853574996,GSE17536|6,0.252491694352159,0.537322745320477,0.540258271885044,0.027039575903209,0.610954369960185,0.721960973408656
SIG209,GSE17536,5,5,0.524333522404992,0,0.508610792192882,0.01559377116207,-0.000850822461712975,0.0395480225988701,0.533579126488939,0.627372627372627,ok,0.88505175940885,GSE17536|5,0.60797342192691,0.532047646057856,0.537261864246549,0.0275691985722409,-0.468941518473259,0.871126097089304
SIG210,GSE17536,13,13,0.598752127056154,0,0.619115958668198,0.548409933247245,0.018207600680658,0.0727816550348953,0.53840045377198,0.040959040959041,ok,0.46259622730211,GSE17536|13,0.0166112956810631,0.535847986386841,0.538223104556627,0.0265276164132946,2.28173619357645,0.342942878576787
SIG211,GSE17536,4,4,0.526715825297788,1,0.562571756601607,0.0347670776071748,-0.00107770845150323,0.0395480225988701,0.533862733976177,0.61038961038961,ok,0.877863709324383,GSE17536|4,0.578073089700997,0.531650595575723,0.535394592550577,0.0254849974037237,-0.340544168606449,0.865756889411789
SIG212,GSE17536,3,3,0.505161656267726,0,0.566590126291619,0.00619896336866439,0.000397050482132677,0.0196078431372549,0.535450935904708,0.92007992007992,ok,0.986319870870903,GSE17536|3,0.910299003322259,0.537776517300057,0.539490262809605,0.0270003140068563,-1.27141508551203,0.978073089700997
SIG213,GSE17536,5,5,0.578559273964833,0,0.624282433983927,0.484228201468765,0.0176403857061826,0.0528414755732802,0.533579126488939,0.0979020979020979,ok,0.588833658742473,GSE17536|5,0.0830564784053156,0.532047646057856,0.537261864246549,0.0275691985722409,1.49795466886968,0.540570978095614
SIG214,GSE17536,5,5,0.553261486103233,1,0.621125143513203,0.304555748678996,0.000170164492342639,0.02625456962446,0.533579126488939,0.284715284715285,ok,0.72500443853229,GSE17536|5,0.282392026578073,0.532047646057856,0.537261864246549,0.0275691985722409,0.580344104481637,0.721960973408656
SIG215,GSE17536,4,4,0.506749858196256,0,0.486796785304248,0.0376601961932867,0.00141803743618829,0.032901296111665,0.533862733976177,0.902097902097902,ok,0.97956097956098,GSE17536|4,0.900332225913621,0.531650595575723,0.535394592550577,0.0254849974037237,-1.12398419746887,0.976080109403813
SIG216,GSE17536,4,4,0.549744753261486,1,0.624856486796785,0.43427435007684,0.00380034032898458,0.0594882020604852,0.533862733976177,0.321678321678322,ok,0.750958132776315,GSE17536|4,0.259136212624585,0.531650595575723,0.535394592550577,0.0254849974037237,0.563082682865511,0.721960973408656
SIG217,GSE17536,8,8,0.533862733976177,0,0.579793340987371,0.229560766937359,0.00504821327283034,0.02625456962446,0.53539421440726,0.526473526473527,ok,0.853020397324195,GSE17536|8,0.518272425249169,0.535110606920023,0.540991869918699,0.0287424832727845,-0.248034794866614,0.846544204581516
SIG218,GSE17536,4,4,0.628360748723766,0,0.610218140068886,0.863421823873009,0.0108338060124786,0.0727816550348953,0.533862733976177,0.004995004995005,ok,0.250184598010685,GSE17536|4,0.00332225913621262,0.531650595575723,0.535394592550577,0.0254849974037237,3.6478777965112,0.212624584717608
SIG219,GSE17536,8,7,0.528757799205899,1,0.559414466130884,0.263068103351957,-0.000397050482132788,0.0528414755732802,0.535677821894498,0.588411588411588,ok,0.863063597975745,GSE17536|7,0.561461794019934,0.532898468519569,0.538418982794479,0.0279271698278019,-0.34594209324291,0.861027671340473
SIG220,GSE17536,7,7,0.560181508791832,0,0.562858783008037,0.4168955928306,0.0119682359614293,0.0528414755732802,0.535677821894498,0.1998001998002,ok,0.684094062933653,GSE17536|7,0.229235880398671,0.532898468519569,0.538418982794479,0.0279271698278019,0.77925998701408,0.707609148497506
SIG221,GSE17536,4,4,0.514350538854226,1,0.520378874856487,0.184754580848577,0.000170164492342639,0.0395480225988701,0.533862733976177,0.778221778221778,ok,0.941515950967747,GSE17536|4,0.754152823920266,0.531650595575723,0.535394592550577,0.0254849974037237,-0.825742822845092,0.93598799090298
SIG222,GSE17536,3,3,0.530459444129325,1,0.582089552238806,0.348363366312215,5.67214974475094e-05,0.0528414755732802,0.535450935904708,0.568431568431568,ok,0.862685195495243,GSE17536|3,0.59468438538206,0.537776517300057,0.539490262809605,0.0270003140068563,-0.334470876078947,0.866965846570657
SIG223,GSE17536,4,4,0.52989222915485,1,0.559988518943743,0.210243210754583,-0.000510493477027918,0.0594882020604852,0.533862733976177,0.572427572427572,ok,0.862685195495243,GSE17536|4,0.521594684385382,0.531650595575723,0.535394592550577,0.0254849974037237,-0.215905982196516,0.846544204581516
SIG224,GSE17536,3,3,0.58343732274532,0,0.622273249138921,0.319868738729313,0.0077708451503119,0.0594882020604852,0.535450935904708,0.0979020979020979,ok,0.588833658742473,GSE17536|3,0.0631229235880399,0.537776517300057,0.539490262809605,0.0270003140068563,1.62764995712848,0.477149658618254
SIG225,GSE17536,5,5,0.592626205331821,0,0.585820895522388,0.712947467435684,0.0241066364152014,0.0860751080093054,0.533579126488939,0.047952047952048,ok,0.469734347285368,GSE17536|5,0.0465116279069768,0.532047646057856,0.537261864246549,0.0275691985722409,2.00819552081638,0.425249169435216
SIG226,GSE17536,5,5,0.519342030629609,1,0.527841561423651,0.106144033118969,-0.00221213840045387,0.0461947490860751,0.533579126488939,0.7002997002997,ok,0.913001805496735,GSE17536|5,0.667774086378738,0.532047646057856,0.537261864246549,0.0275691985722409,-0.649994724002737,0.900369554667961
SIG227,GSE17536,8,8,0.588996029495179,0,0.573765786452354,0.587715764321843,0.0129892229154849,0.0661349285476903,0.53539421440726,0.0649350649350649,ok,0.504758399495242,GSE17536|8,0.0697674418604651,0.535110606920023,0.540991869918699,0.0287424832727845,1.67014656043772,0.497968358260569
SIG228,GSE17536,6,6,0.546454906409529,1,0.488231917336395,0.26342010262069,0.000623936471922826,0.0528414755732802,0.535564378899603,0.366633366633367,ok,0.779088461207667,GSE17536|6,0.368770764119601,0.537322745320477,0.540258271885044,0.027039575903209,0.229169072276359,0.77151037219348
SIG229,GSE17536,4,4,0.542824730572887,1,0.589265212399541,0.156302850588284,-0.000964265456608104,0.032901296111665,0.533862733976177,0.37962037962038,ok,0.792251227033836,GSE17536|4,0.335548172757475,0.531650595575723,0.535394592550577,0.0254849974037237,0.291549491043886,0.756429537421821
SIG230,GSE17536,16,16,0.563698241633579,0,0.575774971297359,0.444107542042732,0.00992626205331815,0.0594882020604852,0.534656834940442,0.195804195804196,ok,0.684094062933653,GSE17536|16,0.192691029900332,0.531990924560408,0.537332577046701,0.0285891603949061,0.922225914391526,0.680085987883525
SIG231,GSE17536,3,3,0.555190017016449,1,0.538174512055109,0.408774673284247,0.000737379466817956,0.0528414755732802,0.535450935904708,0.305694305694306,ok,0.740142581252291,GSE17536|3,0.269102990033223,0.537776517300057,0.539490262809605,0.0270003140068563,0.581465615653856,0.721960973408656
SIG232,GSE17536,7,7,0.503800340328985,0,0.535878300803674,0.12217426222454,0.000397050482132677,0.032901296111665,0.535677821894498,0.952047952047952,ok,0.99157708204558,GSE17536|7,0.930232558139535,0.532898468519569,0.538418982794479,0.0279271698278019,-1.23960439525206,0.981883733715177
SIG233,GSE17536,10,10,0.531707317073171,0,0.532146957520092,0.21490804053468,0.00107770845150301,0.0594882020604852,0.534997163925128,0.530469530469531,ok,0.853685894073616,GSE17536|10,0.548172757475083,0.535053885422575,0.538975609756098,0.0274054420998679,-0.26521348046276,0.857384965096103
SIG234,GSE17536,13,12,0.527509926262053,0,0.56142365097589,0.0694780584111038,-0.000850822461712975,0.02625456962446,0.534883720930233,0.586413586413586,ok,0.863063597975745,GSE17536|12,0.631229235880399,0.539705048213273,0.542922291548497,0.0299169843626201,-0.515171084746798,0.883997179351105
SIG235,GSE17536,6,6,0.647986386840613,1,0.661595866819748,1.2664948631041,0.0177538287010777,0.0860751080093054,0.535564378899603,0.000999000999000999,ok,0.15984015984016,GSE17536|6,0.00332225913621262,0.537322745320477,0.540258271885044,0.027039575903209,3.98409040663925,0.212624584717608
SIG236,GSE17536,5,5,0.564038570618264,0,0.616532721010333,0.449491071894849,0.00947249007373796,0.0794283815221004,0.533579126488939,0.202797202797203,ok,0.684094062933653,GSE17536|5,0.179401993355482,0.532047646057856,0.537261864246549,0.0275691985722409,0.97125443460209,0.674674163046256
SIG237,GSE17536,6,6,0.560862166761203,0,0.514925373134328,0.246238030482819,0.0202495745887691,0.032901296111665,0.535564378899603,0.202797202797203,ok,0.684094062933653,GSE17536|6,0.219269102990033,0.537322745320477,0.540258271885044,0.027039575903209,0.761990311901062,0.695862277257626
SIG238,GSE17536,6,6,0.510606920022689,0,0.476176808266361,0.0426498636548173,0.00164492342597833,0.0395480225988701,0.535564378899603,0.846153846153846,ok,0.962445838185483,GSE17536|6,0.853820598006645,0.537322745320477,0.540258271885044,0.027039575903209,-1.09659086253777,0.965130723674708
SIG239,GSE17536,7,7,0.519568916619399,0,0.57060849598163,0.238250970546907,0.00482132728304019,0.0528414755732802,0.535677821894498,0.723276723276723,ok,0.923194837948936,GSE17536|7,0.681063122923588,0.532898468519569,0.538418982794479,0.0279271698278019,-0.674972304437186,0.906824685168717
SIG240,GSE17536,6,6,0.523652864435621,0,0.553673938002296,0.153952625867898,0.00402722631877483,0.0594882020604852,0.535564378899603,0.654345654345654,ok,0.897013434326867,GSE17536|6,0.684385382059801,0.537322745320477,0.540258271885044,0.027039575903209,-0.614114936893397,0.908099470321228
SIG241,GSE17536,4,4,0.519909245604084,0,0.513490241102181,-0.117126865383757,0.00107770845150301,0.0129611166500498,0.533862733976177,0.699300699300699,ok,0.913001805496735,GSE17536|4,0.684385382059801,0.531650595575723,0.535394592550577,0.0254849974037237,-0.607625996627726,0.908099470321228
SIG242,GSE17536,6,6,0.505615428247306,0,0.478760045924225,-0.0317932212066725,5.67214974475094e-05,0.02625456962446,0.535564378899603,0.909090909090909,ok,0.980018299143369,GSE17536|6,0.920265780730897,0.537322745320477,0.540258271885044,0.027039575903209,-1.28119034713215,0.978355647288661
SIG243,GSE17536,8,8,0.532955190017017,1,0.476176808266361,0.23984427033364,0.000737379466817956,0.0461947490860751,0.53539421440726,0.538461538461538,ok,0.853685894073616,GSE17536|8,0.528239202657807,0.535110606920023,0.540991869918699,0.0287424832727845,-0.279609796600001,0.84871905364267
SIG244,GSE17536,13,13,0.553148043108338,0,0.571756601607348,0.656774122359143,0.00470788428814517,0.0594882020604852,0.53840045377198,0.330669330669331,ok,0.75581561295847,GSE17536|13,0.299003322259136,0.535847986386841,0.538223104556627,0.0265276164132946,0.562618906998039,0.728094111439948
SIG245,GSE17536,3,3,0.510720363017584,0,0.506027554535017,0.226020653995428,0.00368689733408956,0.0528414755732802,0.535450935904708,0.857142857142857,ok,0.966775160323548,GSE17536|3,0.817275747508306,0.537776517300057,0.539490262809605,0.0270003140068563,-1.06553945204916,0.954877680459076
SIG246,GSE17536,5,5,0.566193987521271,1,0.613949483352469,0.608040538397751,0.00981281905842313,0.0594882020604852,0.533579126488939,0.181818181818182,ok,0.681818181818182,GSE17536|5,0.162790697674419,0.532047646057856,0.537261864246549,0.0275691985722409,1.04943650062621,0.660799449333792
SIG247,GSE17536,3,3,0.542711287577992,0,0.539609644087256,0.36627243969661,0.00618264322178108,0.0860751080093054,0.535450935904708,0.412587412587413,ok,0.806688220130175,GSE17536|3,0.441860465116279,0.537776517300057,0.539490262809605,0.0270003140068563,0.119295826247399,0.81183932346723
SIG248,GSE17536,5,5,0.541123085649461,1,0.49052812858783,0.146989773247518,-0.000170164492342639,0.0395480225988701,0.533579126488939,0.416583416583417,ok,0.808003590612286,GSE17536|5,0.398671096345515,0.532047646057856,0.537261864246549,0.0275691985722409,0.140055627398592,0.791570325732563
SIG249,GSE17536,4,4,0.500623936471923,0,0.508897818599311,0.0318184102096866,0.00470788428814517,0.032901296111665,0.533862733976177,0.99000999000999,ok,0.997805344262037,GSE17536|4,0.976744186046512,0.531650595575723,0.535394592550577,0.0254849974037237,-1.36435784268799,0.991949169610348
SIG250,GSE17536,4,4,0.571639251276234,0,0.589265212399541,0.503982346984754,0.0158252977878616,0.0661349285476903,0.533862733976177,0.140859140859141,ok,0.653159789850437,GSE17536|4,0.102990033222591,0.531650595575723,0.535394592550577,0.0254849974037237,1.42219589633396,0.585032141382768
SIG251,GSE17536,14,13,0.562336925694838,1,0.571469575200919,0.610489649694288,0.00595575723199082,0.0794283815221004,0.53840045377198,0.233766233766234,ok,0.70620288802107,GSE17536|13,0.196013289036545,0.535847986386841,0.538223104556627,0.0265276164132946,0.909008211010097,0.680552468264315
SIG252,GSE17536,3,3,0.587294384571753,1,0.525545350172216,0.400975044299761,0.0028927963698242,0.0794283815221004,0.535450935904708,0.0749250749250749,ok,0.526945581890637,GSE17536|3,0.0598006644518272,0.537776517300057,0.539490262809605,0.0270003140068563,1.77050243749051,0.477149658618254
SIG253,GSE17536,3,3,0.618264322178106,0,0.580654420206659,0.776943942130787,0.0126488939307997,0.0927218344965105,0.535450935904708,0.00599400599400599,ok,0.250184598010685,GSE17536|3,0.00664451827242525,0.537776517300057,0.539490262809605,0.0270003140068563,2.91752382392656,0.283499446290144
SIG254,GSE17536,3,3,0.545547362450369,0,0.486796785304248,0.175022240742116,0.0062960862166761,0.0063143901628448,0.535450935904708,0.384615384615385,ok,0.798336798336798,GSE17536|3,0.40531561461794,0.537776517300057,0.539490262809605,0.0270003140068563,0.224334414748883,0.792470448132836
SIG255,GSE17536,3,2,0.532728304027226,1,0.530137772675086,0.193226762565138,0.00414066931366985,0.0461947490860751,0.536188315371526,0.543456543456544,ok,0.853685894073616,GSE17536|2,0.465116279069768,0.530743051616563,0.53644658725657,0.0261981327858242,-0.141929322205595,0.832267712780945
SIG256,GSE17536,5,5,0.563698241633579,0,0.540183696900115,0.400463947251414,0.00754395916052175,0.0528414755732802,0.533579126488939,0.204795204795205,ok,0.684094062933653,GSE17536|5,0.182724252491694,0.532047646057856,0.537261864246549,0.0275691985722409,0.958909897861449,0.674674163046256
SIG257,GSE17536,4,3,0.557345433919456,0,0.508323765786452,0.259469020849771,-0.00130459444129327,0.0528414755732802,0.535450935904708,0.287712287712288,ok,0.727376519584312,GSE17536|3,0.229235880398671,0.537776517300057,0.539490262809605,0.0270003140068563,0.661294942915002,0.707609148497506
SIG258,GSE17536,6,4,0.510266591038003,1,0.486796785304248,0.162893860873098,0.000737379466817956,0.0461947490860751,0.533862733976177,0.854145854145854,ok,0.965250170665121,GSE17536|4,0.840531561461794,0.531650595575723,0.535394592550577,0.0254849974037237,-0.985991919657882,0.963042079982061
SIG259,GSE17536,6,5,0.527283040272263,1,0.558840413318025,0.314172670404758,0.00867838910947238,0.0528414755732802,0.533579126488939,0.593406593406593,ok,0.865901928117406,GSE17536|5,0.568106312292359,0.532047646057856,0.537261864246549,0.0275691985722409,-0.361955533387683,0.861856132869487
SIG260,GSE17536,5,5,0.589676687464549,0,0.552525832376579,0.668562367941844,0.0138967668746455,0.0727816550348953,0.533579126488939,0.058941058941059,ok,0.502963702963703,GSE17536|5,0.053156146179402,0.532047646057856,0.537261864246549,0.0275691985722409,1.90120953573077,0.449602646098907
SIG261,GSE17536,14,14,0.54781622234827,0,0.545924225028703,0.560697665533424,0.00402722631877483,0.0594882020604852,0.535904707884288,0.361638361638362,ok,0.775805200386206,GSE17536|14,0.39202657807309,0.539648326715825,0.540879183210437,0.0277077133078202,0.250364909610761,0.790641838130601
SIG262,GSE17536,6,6,0.514463981849121,0,0.516647531572905,0.191539930054271,0.00130459444129327,0.0528414755732802,0.535564378899603,0.799200799200799,ok,0.948958277344177,GSE17536|6,0.817275747508306,0.537322745320477,0.540258271885044,0.027039575903209,-0.953945806260303,0.954877680459076
SIG263,GSE17536,4,4,0.506976744186046,1,0.526119402985075,0.0981578835358335,0.000397050482132677,0.032901296111665,0.533862733976177,0.897102897102897,ok,0.976438527458936,GSE17536|4,0.890365448504983,0.531650595575723,0.535394592550577,0.0254849974037237,-1.11508146986817,0.976041182406767
SIG264,GSE17536,6,6,0.606352807714124,0,0.624282433983927,0.668987970271045,0.0199092456040839,0.0927218344965105,0.535564378899603,0.017982017982018,ok,0.383616383616384,GSE17536|6,0.0232558139534884,0.537322745320477,0.540258271885044,0.027039575903209,2.44436288740889,0.369017874303287
SIG265,GSE17536,7,7,0.609756097560976,1,0.577784156142365,1.00774590886014,0.0176403857061826,0.0794283815221004,0.535677821894498,0.012987012987013,ok,0.356215213358071,GSE17536|7,0.0199335548172757,0.532898468519569,0.538418982794479,0.0279271698278019,2.55439828691412,0.357686217281957
SIG266,GSE17536,5,5,0.595689166193988,0,0.539896670493685,0.503307473020379,0.00618264322178108,0.0528414755732802,0.533579126488939,0.028971028971029,ok,0.426240426240426,GSE17536|5,0.0365448504983389,0.532047646057856,0.537261864246549,0.0275691985722409,2.11929635148221,0.420156365010842
SIG267,GSE17536,11,11,0.549404424276801,0,0.549368541905855,0.483351888624898,0.0067498581962564,0.0395480225988701,0.534543391945547,0.317682317682318,ok,0.750958132776315,GSE17536|11,0.362126245847176,0.536868973340896,0.540883342786916,0.0278480215154953,0.305985166132664,0.770823051027248
SIG268,GSE17536,6,6,0.555190017016449,0,0.574626865671642,0.335453279077669,0.00516165626772547,0.0395480225988701,0.535564378899603,0.264735264735265,ok,0.72249466351343,GSE17536|6,0.259136212624585,0.537322745320477,0.540258271885044,0.027039575903209,0.552218170316515,0.721960973408656
SIG269,GSE17536,3,3,0.559841179807147,0,0.548220436280138,0.257593033000701,-0.00164492342597855,0.0395480225988701,0.535450935904708,0.263736263736264,ok,0.72249466351343,GSE17536|3,0.199335548172757,0.537776517300057,0.539490262809605,0.0270003140068563,0.753728900796277,0.685885757153574
SIG270,GSE17536,4,4,0.570845150311968,1,0.545350172215844,0.490075594934163,0.009699376063528,0.0860751080093054,0.533862733976177,0.143856143856144,ok,0.654511365411839,GSE17536|4,0.109634551495017,0.531650595575723,0.535394592550577,0.0254849974037237,1.39103634973145,0.596312574703773
SIG271,GSE17536,5,5,0.556664775950085,0,0.637772675086108,0.324390823431996,0.00935904707884283,0.0395480225988701,0.533579126488939,0.257742257742258,ok,0.72249466351343,GSE17536|5,0.242524916943522,0.532047646057856,0.537261864246549,0.0275691985722409,0.7037894718881,0.721960973408656
SIG272,GSE17536,4,4,0.596142938173568,0,0.5849598163031,0.369002790397341,0.0179807146908678,0.0860751080093054,0.533862733976177,0.033966033966034,ok,0.429044639570955,GSE17536|4,0.0232558139534884,0.531650595575723,0.535394592550577,0.0254849974037237,2.38369047721053,0.369017874303287
SIG273,GSE17536,4,4,0.575950085082246,1,0.605338691159587,0.536884486858315,0.00334656834940439,0.0727816550348953,0.533862733976177,0.114885114885115,ok,0.617869525432551,GSE17536|4,0.0863787375415282,0.531650595575723,0.535394592550577,0.0254849974037237,1.59134772074741,0.549162834701107
SIG274,GSE17536,8,8,0.528304027226319,1,0.458381171067738,0.103960505543296,-0.000850822461712975,0.0395480225988701,0.53539421440726,0.587412587412587,ok,0.863063597975745,GSE17536|8,0.601328903654485,0.535110606920023,0.540991869918699,0.0287424832727845,-0.441431680483711,0.869610661092239
SIG275,GSE17536,4,4,0.505161656267726,0,0.551090700344432,0.0848994171007266,-0.00107770845150323,0.02625456962446,0.533862733976177,0.926073926073926,ok,0.98774839351336,GSE17536|4,0.910299003322259,0.531650595575723,0.535394592550577,0.0254849974037237,-1.1863032906738,0.978073089700997
SIG276,GSE17536,12,12,0.552240499149178,0,0.572330654420207,0.303522175411273,0.0121951219512195,0.0528414755732802,0.534883720930233,0.313686313686314,ok,0.747242831610077,GSE17536|12,0.372093023255814,0.539705048213273,0.542922291548497,0.0299169843626201,0.311468812756536,0.77151037219348
SIG277,GSE17536,6,6,0.500850822461713,1,0.48105625717566,-0.046721494485296,0.00175836642087346,0.0528414755732802,0.535564378899603,0.977022977022977,ok,0.994859953302878,GSE17536|6,0.990033222591362,0.537322745320477,0.540258271885044,0.027039575903209,-1.45739894606315,0.99573797138576
SIG278,GSE17536,5,5,0.539875212705615,0,0.567738231917336,0.598484515068444,0.00141803743618829,0.0528414755732802,0.533579126488939,0.427572427572428,ok,0.808003590612286,GSE17536|5,0.40531561461794,0.532047646057856,0.537261864246549,0.0275691985722409,0.0947923260162132,0.792470448132836
SIG279,GSE17536,7,7,0.543505388542258,0,0.576923076923077,0.337145136874576,0.00357345433919454,0.0594882020604852,0.535677821894498,0.396603396603397,ok,0.801999236602738,GSE17536|7,0.385382059800665,0.532898468519569,0.538418982794479,0.0279271698278019,0.182131085217069,0.781344830852456
SIG280,GSE17536,4,4,0.53079977311401,0,0.464695752009185,0.0215746047013704,0.00720363017583658,0.0461947490860751,0.533862733976177,0.551448551448551,ok,0.853855821597757,GSE17536|4,0.508305647840532,0.531650595575723,0.535394592550577,0.0254849974037237,-0.180295071793699,0.842786566367721
SIG281,GSE17536,4,4,0.549631310266591,0,0.625717566016074,0.182368727965408,0.0102665910380033,0.032901296111665,0.533862733976177,0.322677322677323,ok,0.750958132776315,GSE17536|4,0.259136212624585,0.531650595575723,0.535394592550577,0.0254849974037237,0.558631319065159,0.721960973408656
SIG282,GSE17536,16,16,0.552807714123653,0,0.523249138920781,0.636423589269061,0.000623936471922826,0.0594882020604852,0.534656834940442,0.300699300699301,ok,0.736406450692165,GSE17536|16,0.282392026578073,0.531990924560408,0.537332577046701,0.0285891603949061,0.541293863240197,0.721960973408656
SIG283,GSE17536,10,10,0.554055587067499,0,0.560562571756602,0.468708926294154,0.00436755530345989,0.0528414755732802,0.534997163925128,0.272727272727273,ok,0.72249466351343,GSE17536|10,0.282392026578073,0.535053885422575,0.538975609756098,0.0274054420998679,0.550254845605068,0.721960973408656
SIG284,GSE17536,3,3,0.622575155984118,0,0.640642939150402,0.495225663547811,0.0243335224049914,0.0794283815221004,0.535450935904708,0.003996003996004,ok,0.250184598010685,GSE17536|3,0.00664451827242525,0.537776517300057,0.539490262809605,0.0270003140068563,3.07718247844877,0.283499446290144
SIG285,GSE17536,9,9,0.528077141236529,0,0.533295063145809,0.303288842637166,0.0092456040839477,0.0661349285476903,0.535507657402155,0.587412587412587,ok,0.863063597975745,GSE17536|9,0.588039867109635,0.537039137833239,0.538324068822084,0.0265755976899104,-0.385576561818773,0.866965846570657
SIG286,GSE17536,5,5,0.530686330119115,0,0.491389207807118,0.188955662852183,-0.000964265456608104,0.0594882020604852,0.533579126488939,0.542457542457543,ok,0.853685894073616,GSE17536|5,0.511627906976744,0.532047646057856,0.537261864246549,0.0275691985722409,-0.23851016598122,0.843922320786382
SIG287,GSE17536,3,3,0.544186046511628,0,0.532721010332951,0.339172870595633,0.0082246171298922,0.0461947490860751,0.535450935904708,0.3996003996004,ok,0.801999236602738,GSE17536|3,0.425249169435216,0.537776517300057,0.539490262809605,0.0270003140068563,0.17391589226817,0.798878497493903
SIG288,GSE17536,5,5,0.53862733976177,1,0.508610792192882,0.286821178524643,0.00141803743618829,0.0528414755732802,0.533579126488939,0.442557442557443,ok,0.809048771134079,GSE17536|5,0.40531561461794,0.532047646057856,0.537261864246549,0.0275691985722409,0.0495290246338707,0.792470448132836
SIG289,GSE17536,17,16,0.527963698241634,1,0.547646383467279,0.683357805083997,0.00334656834940439,0.0528414755732802,0.534656834940442,0.584415584415584,ok,0.863063597975745,GSE17536|16,0.54485049833887,0.531990924560408,0.537332577046701,0.0285891603949061,-0.32770737844879,0.857384965096103
SIG290,GSE17536,3,3,0.597050482132728,0,0.591561423650976,0.356767752239324,0.00266591038003394,0.0594882020604852,0.535450935904708,0.031968031968032,ok,0.426240426240426,GSE17536|3,0.0299003322259136,0.537776517300057,0.539490262809605,0.0270003140068563,2.13183518193554,0.395921640508649
SIG291,GSE17536,3,3,0.59171866137266,0,0.597014925373134,0.415687281667941,0.0142370958593306,0.0528414755732802,0.535450935904708,0.050949050949051,ok,0.472570907353516,GSE17536|3,0.053156146179402,0.537776517300057,0.539490262809605,0.0270003140068563,1.93436263555278,0.449602646098907
SIG292,GSE17536,15,14,0.503346568349405,1,0.491389207807118,0.0162675579948109,-0.000170164492342639,0.032901296111665,0.535904707884288,0.957042957042957,ok,0.99157708204558,GSE17536|14,0.943521594684385,0.539648326715825,0.540879183210437,0.0277077133078202,-1.35459084782859,0.98561559401198
SIG293,GSE17536,7,6,0.534883720930233,1,0.49540757749713,0.273355142736914,0.00119115144639814,0.0461947490860751,0.535564378899603,0.511488511488512,ok,0.843692390084143,GSE17536|6,0.551495016611296,0.537322745320477,0.540258271885044,0.027039575903209,-0.198766096556033,0.857384965096103
SIG294,GSE17536,4,4,0.517526942711288,1,0.504018369690011,0.0609976733549709,-0.0024390243902439,0.0528414755732802,0.533862733976177,0.731268731268731,ok,0.923194837948936,GSE17536|4,0.700996677740864,0.531650595575723,0.535394592550577,0.0254849974037237,-0.701104636435159,0.910631678797333
SIG295,GSE17536,9,7,0.508905275099263,1,0.49052812858783,-0.0212621138049295,0.00709018718094145,0.02625456962446,0.535677821894498,0.871128871128871,ok,0.966775160323548,GSE17536|7,0.853820598006645,0.532898468519569,0.538418982794479,0.0279271698278019,-1.05680983347746,0.965130723674708
SIG296,GSE17536,11,11,0.567101531480431,1,0.547933409873708,0.596678926799455,0.00187180941576859,0.0461947490860751,0.534543391945547,0.172827172827173,ok,0.674234856053038,GSE17536|11,0.172757475083056,0.536868973340896,0.540883342786916,0.0278480215154953,0.94147401742441,0.673452369922304
SIG297,GSE17536,11,11,0.534316505955757,0,0.568886337543054,0.434242004004308,0.0126488939307997,0.0594882020604852,0.534543391945547,0.505494505494506,ok,0.841760147917997,GSE17536|11,0.53156146179402,0.536868973340896,0.540883342786916,0.0278480215154953,-0.235809816058397,0.849790180386776
SIG298,GSE17536,9,9,0.546001134429949,1,0.533582089552239,0.557951838288824,0.00867838910947238,0.0661349285476903,0.535507657402155,0.378621378621379,ok,0.791026166434219,GSE17536|9,0.3421926910299,0.537039137833239,0.538324068822084,0.0265755976899104,0.288876498562441,0.756429537421821
SIG300,GSE17536,5,5,0.501418037436188,0,0.564293915040184,0.032874223982937,-0.00209869540555874,0.0461947490860751,0.533579126488939,0.973026973026973,ok,0.994859953302878,GSE17536|5,0.976744186046512,0.532047646057856,0.537261864246549,0.0275691985722409,-1.30014032567679,0.991949169610348
SIG301,GSE17536,7,7,0.559273964832672,1,0.629161882893226,0.528405370817035,0.00992626205331815,0.0860751080093054,0.535677821894498,0.206793206793207,ok,0.684094062933653,GSE17536|7,0.232558139534884,0.532898468519569,0.538418982794479,0.0279271698278019,0.746763176031946,0.712139757427395
SIG302,GSE17536,6,6,0.528190584231424,1,0.591848450057405,0.326935807686967,0.00164492342597833,0.0461947490860751,0.535564378899603,0.596403596403596,ok,0.867496140223413,GSE17536|6,0.614617940199336,0.537322745320477,0.540258271885044,0.027039575903209,-0.446297223625769,0.878025628856194
SIG303,GSE17536,3,3,0.509699376063528,1,0.568025258323766,0.00796281093683817,-0.000397050482132788,0.0129611166500498,0.535450935904708,0.866133866133866,ok,0.966775160323548,GSE17536|3,0.843853820598007,0.537776517300057,0.539490262809605,0.0270003140068563,-1.1033533439097,0.963042079982061
SIG304,GSE17536,4,4,0.541803743618832,1,0.588404133180253,0.313594199951432,0.00357345433919454,0.0461947490860751,0.533862733976177,0.391608391608392,ok,0.801999236602738,GSE17536|4,0.358803986710964,0.531650595575723,0.535394592550577,0.0254849974037237,0.251487216840716,0.768008533428149
SIG305,GSE17536,7,7,0.554849688031764,0,0.580941446613088,0.425706118439702,0.0082246171298922,0.0528414755732802,0.535677821894498,0.255744255744256,ok,0.72249466351343,GSE17536|7,0.272425249169435,0.532898468519569,0.538418982794479,0.0279271698278019,0.588341222493943,0.721960973408656
SIG306,GSE17536,11,11,0.525241066364152,0,0.568599311136625,0.348401107091608,0.0028927963698242,0.0528414755732802,0.534543391945547,0.645354645354645,ok,0.895289681416849,GSE17536|11,0.664451827242525,0.536868973340896,0.540883342786916,0.0278480215154953,-0.561701534669543,0.899680894432756
SIG307,GSE17536,13,13,0.550538854225752,0,0.610792192881745,0.328236765796258,0.0114010209869539,0.0395480225988701,0.53840045377198,0.356643356643357,ok,0.769387915455331,GSE17536|13,0.338870431893688,0.535847986386841,0.538223104556627,0.0265276164132946,0.464261450303273,0.756429537421821
SIG308,GSE17536,5,5,0.575723199092456,0,0.590700344431688,0.299144158674963,0.0118547929665342,0.0794283815221004,0.533579126488939,0.116883116883117,ok,0.618224750456156,GSE17536|5,0.102990033222591,0.532047646057856,0.537261864246549,0.0275691985722409,1.39508352936428,0.585032141382768
SIG309,GSE17536,3,3,0.596710153148043,0,0.617393800229621,0.423821629281518,0.0194554736245036,0.0528414755732802,0.535450935904708,0.032967032967033,ok,0.429044639570955,GSE17536|3,0.0299003322259136,0.537776517300057,0.539490262809605,0.0270003140068563,2.11923055131537,0.395921640508649
SIG310,GSE17536,4,4,0.516392512762337,0,0.579219288174512,0.0580643742882193,0.00368689733408956,0.032901296111665,0.533862733976177,0.743256743256743,ok,0.927301121979902,GSE17536|4,0.717607973421927,0.531650595575723,0.535394592550577,0.0254849974037237,-0.745618274438717,0.919150973295597
SIG311,GSE17536,5,4,0.578559273964833,0,0.576636050516648,0.399536887685021,0.0233125354509358,0.0461947490860751,0.533862733976177,0.103896103896104,ok,0.592348827642945,GSE17536|4,0.0830564784053156,0.531650595575723,0.535394592550577,0.0254849974037237,1.69372908815558,0.540570978095614
SIG312,GSE17536,9,9,0.518094157685763,0,0.550229621125144,0.219488272636132,0.00311968235961424,0.0528414755732802,0.535507657402155,0.727272727272727,ok,0.923194837948936,GSE17536|9,0.710963455149502,0.537039137833239,0.538324068822084,0.0265755976899104,-0.761221304309596,0.915526380876622
SIG313,GSE17536,3,3,0.579807146908678,1,0.564867967853043,0.412053607976956,-0.00141803743618829,0.0528414755732802,0.535450935904708,0.116883116883117,ok,0.618224750456156,GSE17536|3,0.0897009966777409,0.537776517300057,0.539490262809605,0.0270003140068563,1.4932005638466,0.560996461307044
SIG314,GSE17536,8,7,0.595462280204197,0,0.581228473019518,0.695503338012176,0.000623936471922826,0.0661349285476903,0.535677821894498,0.037962037962038,ok,0.447160201761429,GSE17536|7,0.0431893687707641,0.532898468519569,0.538418982794479,0.0279271698278019,2.04257351394521,0.425249169435216
SIG315,GSE17536,8,8,0.507090187180942,1,0.491389207807118,0.0796699287722481,-5.67214974476205e-05,0.0196078431372549,0.53539421440726,0.895104895104895,ok,0.975904413227159,GSE17536|8,0.906976744186047,0.535110606920023,0.540991869918699,0.0287424832727845,-1.17949734600203,0.977762688847394
SIG316,GSE17536,10,10,0.584231423709586,0,0.578645235361653,0.56683123116849,0.0155984117980714,0.0395480225988701,0.534997163925128,0.0639360639360639,ok,0.504758399495242,GSE17536|10,0.0664451827242525,0.535053885422575,0.538975609756098,0.0274054420998679,1.65134405745298,0.483237692540018
SIG317,GSE17536,7,7,0.527396483267158,0,0.549655568312285,0.02082000093616,0.00153148043108331,0.02625456962446,0.535677821894498,0.608391608391608,ok,0.876960876960877,GSE17536|7,0.578073089700997,0.532898468519569,0.538418982794479,0.0279271698278019,-0.394687309716145,0.865756889411789
SIG318,GSE17536,4,4,0.506636415201361,0,0.530711825487945,0.0880369422911569,0.000964265456607993,0.032901296111665,0.533862733976177,0.904095904095904,ok,0.97956097956098,GSE17536|4,0.900332225913621,0.531650595575723,0.535394592550577,0.0254849974037237,-1.12843556126922,0.976080109403813
SIG319,GSE17536,8,8,0.577878615995462,0,0.617680826636051,0.488886045647541,0.0193420306296086,0.0661349285476903,0.53539421440726,0.111888111888112,ok,0.613786213786214,GSE17536|8,0.116279069767442,0.535110606920023,0.540991869918699,0.0287424832727845,1.28335278920349,0.611659764256133
SIG320,GSE17536,8,8,0.535110606920023,0,0.496555683122847,0.264418295439698,0.00334656834940439,0.0594882020604852,0.53539421440726,0.504495504495505,ok,0.840825840825841,GSE17536|8,0.498338870431894,0.535110606920023,0.540991869918699,0.0287424832727845,-0.204619167483173,0.84090902542263
SIG321,GSE17536,3,3,0.535337492909813,0,0.550803673938002,0.0624379723517402,0.000170164492342639,0.0528414755732802,0.535450935904708,0.502497502497502,ok,0.840825840825841,GSE17536|3,0.524916943521595,0.537776517300057,0.539490262809605,0.0270003140068563,-0.153804503856412,0.846924816438203
SIG322,GSE17536,7,7,0.522631877481565,0,0.511481056257176,0.288735204159367,0.0137833238797505,0.0461947490860751,0.535677821894498,0.674325674325674,ok,0.904428904428904,GSE17536|7,0.631229235880399,0.532898468519569,0.538418982794479,0.0279271698278019,-0.565295567372449,0.883997179351105
SIG323,GSE17536,5,5,0.568916619398752,0,0.592709529276693,0.602007244608494,0.00266591038003394,0.0594882020604852,0.533579126488939,0.162837162837163,ok,0.670515924753213,GSE17536|5,0.136212624584718,0.532047646057856,0.537261864246549,0.0275691985722409,1.14819279455136,0.642252750176756
SIG324,GSE17536,3,3,0.554395916052184,1,0.536165327210103,0.256480702149084,0.00391378332387971,0.0528414755732802,0.535450935904708,0.312687312687313,ok,0.745788373117566,GSE17536|3,0.272425249169435,0.537776517300057,0.539490262809605,0.0270003140068563,0.552054810873461,0.721960973408656
SIG325,GSE17536,3,3,0.537039137833239,0,0.541331802525832,0.274547968499693,0.00357345433919454,0.0528414755732802,0.535450935904708,0.478521478521479,ok,0.832965764969391,GSE17536|3,0.508305647840532,0.537776517300057,0.539490262809605,0.0270003140068563,-0.0907813507555313,0.842786566367721
SIG326,GSE17536,9,9,0.519001701644923,0,0.490241102181401,0.343783464692247,-0.00141803743618829,0.0528414755732802,0.535507657402155,0.719280719280719,ok,0.921908532055394,GSE17536|9,0.700996677740864,0.537039137833239,0.538324068822084,0.0265755976899104,-0.727071782264995,0.910631678797333
SIG327,GSE17536,3,2,0.598752127056154,0,0.591561423650976,0.446900560236585,0.00867838910947238,0.0927218344965105,0.536188315371526,0.035964035964036,ok,0.439814962107956,GSE17536|2,0.0166112956810631,0.530743051616563,0.53644658725657,0.0261981327858242,2.37824353013804,0.342942878576787
SIG328,GSE17536,9,9,0.595575723199092,1,0.562858783008037,0.567537874382911,0.00516165626772547,0.0927218344965105,0.535507657402155,0.038961038961039,ok,0.450633703645752,GSE17536|9,0.026578073089701,0.537039137833239,0.538324068822084,0.0265755976899104,2.15429414024974,0.380820151733029
SIG329,GSE17536,5,4,0.530005672149745,0,0.482491389207807,0.00132068237558036,-0.000170164492342639,0.02625456962446,0.533862733976177,0.568431568431568,ok,0.862685195495243,GSE17536|4,0.521594684385382,0.531650595575723,0.535394592550577,0.0254849974037237,-0.211454618396163,0.846544204581516
SIG330,GSE17536,16,16,0.519795802609189,1,0.514638346727899,-0.0215942006260252,-0.000283607487237658,0.0196078431372549,0.534656834940442,0.716283716283716,ok,0.919909521916211,GSE17536|16,0.677740863787375,0.531990924560408,0.537332577046701,0.0285891603949061,-0.613406416812307,0.904911306308596
SIG331,GSE17536,4,4,0.553942144072604,0,0.543340987370838,0.444342570017288,0.009699376063528,0.0594882020604852,0.533862733976177,0.283716283716284,ok,0.72500443853229,GSE17536|4,0.212624584717608,0.531650595575723,0.535394592550577,0.0254849974037237,0.727783143478654,0.687271384945804
SIG332,GSE17536,3,3,0.577765173000567,0,0.574626865671642,0.228153217101824,0.00788428814520703,0.0661349285476903,0.535450935904708,0.125874125874126,ok,0.634404355334588,GSE17536|3,0.106312292358804,0.537776517300057,0.539490262809605,0.0270003140068563,1.41757278012555,0.59337093409565
SIG334,GSE17536,4,4,0.578332387975043,0,0.555396096440873,0.45339948626762,0.00845150311968235,0.0794283815221004,0.533862733976177,0.104895104895105,ok,0.592348827642945,GSE17536|4,0.0830564784053156,0.531650595575723,0.535394592550577,0.0254849974037237,1.68482636055488,0.540570978095614
SIG335,GSE17536,8,7,0.566761202495746,0,0.572904707233065,0.580042022460653,0.0128757799205899,0.0461947490860751,0.535677821894498,0.156843156843157,ok,0.666236418448808,GSE17536|7,0.159468438538206,0.532898468519569,0.538418982794479,0.0279271698278019,1.01486186663468,0.659869400847749
SIG336,GSE17536,3,3,0.509812819058423,0,0.581515499425947,0.106518607468538,0.000283607487237658,0.032901296111665,0.535450935904708,0.863136863136863,ok,0.966775160323548,GSE17536|3,0.843853820598007,0.537776517300057,0.539490262809605,0.0270003140068563,-1.09915180036965,0.963042079982061
SIG337,GSE17536,4,4,0.593193420306296,1,0.528702640642939,0.528221617547425,0.00414066931366985,0.0727816550348953,0.533862733976177,0.03996003996004,ok,0.456686170971885,GSE17536|4,0.0365448504983389,0.531650595575723,0.535394592550577,0.0254849974037237,2.2679550184013,0.420156365010842
SIG338,GSE17536,3,3,0.52206466250709,0,0.460964408725603,0.0146339930789647,0.000850822461712975,0.0395480225988701,0.535450935904708,0.687312687312687,ok,0.906969319340453,GSE17536|3,0.691029900332226,0.537776517300057,0.539490262809605,0.0270003140068563,-0.645385098043301,0.90876356249448
SIG001,GSE17537,4,4,0.563636363636364,0,0.566666666666667,0.32259239577138,0.0011363636363636,0.0994652406417112,0.557954545454546,0.45954045954046,ok,0.820760634714123,GSE17537|4,0.428571428571429,0.555681818181818,0.566893939393939,0.0499704794599167,-0.0651900040340494,0.798878497493903
SIG002,GSE17537,4,4,0.573863636363636,0,0.626666666666667,0.31349621761483,-0.00681818181818183,0.0566844919786096,0.557954545454546,0.384615384615385,ok,0.798336798336798,GSE17537|4,0.352159468438538,0.555681818181818,0.566893939393939,0.0499704794599167,0.139476287700767,0.763144672011279
SIG003,GSE17537,13,11,0.584090909090909,0,0.5,0.53665894575122,0.0022727272727272,0.0780748663101604,0.555113636363636,0.296703296703297,ok,0.734111249575167,GSE17537|11,0.302325581395349,0.552272727272727,0.564223484848485,0.0501246113607265,0.396360664014856,0.728094111439948
SIG004,GSE17537,9,8,0.573863636363636,0,0.573333333333333,0.706266346124627,-0.00113636363636371,0.0566844919786096,0.557954545454546,0.394605394605395,ok,0.801999236602738,GSE17537|8,0.32890365448505,0.551136363636364,0.559087121212121,0.0429690130823954,0.343887701660264,0.75357400550274
SIG005,GSE17537,6,6,0.5625,0,0.476666666666667,0.657279942734845,0.00681818181818172,0.0780748663101604,0.554545454545455,0.434565434565435,ok,0.808003590612286,GSE17537|6,0.428571428571429,0.553409090909091,0.563859848484849,0.0478008469461684,-0.0284482090114408,0.798878497493903
SIG006,GSE17537,8,8,0.536363636363636,1,0.563333333333333,0.656162476380428,-0.00454545454545463,0.0780748663101604,0.557954545454546,0.678321678321678,ok,0.904428904428904,GSE17537|8,0.6578073089701,0.551136363636364,0.559087121212121,0.0429690130823954,-0.528834227700591,0.897647500513569
SIG007,GSE17537,15,15,0.526136363636364,0,0.54,0.169381343281059,0.0022727272727272,0.0566844919786096,0.554545454545455,0.746253746253746,ok,0.92798393316528,GSE17537|15,0.767441860465116,0.559659090909091,0.567496212121212,0.0471819365856819,-0.87660345203803,0.940324423798994
SIG009,GSE17537,6,6,0.592045454545455,0,0.633333333333333,0.593741958144398,0.0238636363636363,0.013903743315508,0.554545454545455,0.258741258741259,ok,0.72249466351343,GSE17537|6,0.259136212624585,0.553409090909091,0.563859848484849,0.0478008469461684,0.589646582880594,0.721960973408656
SIG010,GSE17537,6,6,0.605681818181818,0,0.633333333333333,0.816186185698992,0.0159090909090909,0.0780748663101604,0.554545454545455,0.1998001998002,ok,0.684094062933653,GSE17537|6,0.192691029900332,0.553409090909091,0.563859848484849,0.0478008469461684,0.874921102215362,0.680085987883525
SIG011,GSE17537,3,3,0.610227272727273,1,0.746666666666667,0.61038509456954,0.0193181818181818,0.0566844919786096,0.557386363636364,0.188811188811189,ok,0.684094062933653,GSE17537|3,0.209302325581395,0.563636363636364,0.571973484848485,0.0485482334856325,0.78795427005823,0.687271384945804
SIG012,GSE17537,3,3,0.536363636363636,1,0.406666666666667,0.215884030071448,0,0.013903743315508,0.557386363636364,0.691308691308691,ok,0.908496021432366,GSE17537|3,0.72093023255814,0.563636363636364,0.571973484848485,0.0485482334856325,-0.733494216538019,0.920336467095497
SIG013,GSE17537,9,9,0.536363636363636,0,0.586666666666667,0.193123149286527,-0.00113636363636371,0.0352941176470588,0.559090909090909,0.689310689310689,ok,0.90711207914772,GSE17537|9,0.631229235880399,0.554545454545455,0.564772727272727,0.0475425888609789,-0.597550356211425,0.883997179351105
SIG014,GSE17537,15,15,0.631818181818182,0,0.613333333333333,0.709186720073648,0.0352272727272727,0.0994652406417112,0.554545454545455,0.0949050949050949,ok,0.58216543839547,GSE17537|15,0.119601328903655,0.559659090909091,0.567496212121212,0.0471819365856819,1.36327531999798,0.613996126992023
SIG015,GSE17537,3,3,0.579545454545455,0,0.61,0.474203245846446,-0.00113636363636371,0.0780748663101604,0.557386363636364,0.374625374625375,ok,0.78695921146687,GSE17537|3,0.375415282392027,0.563636363636364,0.571973484848485,0.0485482334856325,0.155967975625952,0.772558780485199
SIG016,GSE17537,57,50,0.502272727272727,0,0.526666666666667,0.283626709687492,0.00909090909090904,0.0352941176470588,0.549431818181818,0.979020979020979,ok,0.994859953302878,GSE17537|50,0.980066445182724,0.551136363636364,0.556416666666667,0.0403457155155236,-1.34199973162223,0.991949169610348
SIG018,GSE17537,9,9,0.628409090909091,0,0.613333333333333,0.888017215516115,0.0295454545454545,0.0780748663101604,0.559090909090909,0.112887112887113,ok,0.617502155963694,GSE17537|9,0.129568106312292,0.554545454545455,0.564772727272727,0.0475425888609789,1.33851279791358,0.628209000302024
SIG019,GSE17537,12,12,0.584090909090909,0,0.573333333333333,0.629654082982621,0.0022727272727272,0.0994652406417112,0.55625,0.291708291708292,ok,0.727376519584312,GSE17537|12,0.332225913621262,0.559659090909091,0.567333333333333,0.0467352798584247,0.358563719064899,0.756429537421821
SIG020,GSE17537,5,3,0.540909090909091,0,0.533333333333333,0.151095391177661,0,0.0780748663101604,0.557386363636364,0.649350649350649,ok,0.897013434326867,GSE17537|3,0.694352159468439,0.563636363636364,0.571973484848485,0.0485482334856325,-0.639866617362857,0.90876356249448
SIG021,GSE17537,10,8,0.540909090909091,0,0.45,0.1324457606345,0.0011363636363636,0.013903743315508,0.557954545454546,0.643356643356643,ok,0.893163235896425,GSE17537|8,0.59468438538206,0.551136363636364,0.559087121212121,0.0429690130823954,-0.423049751414417,0.866965846570657
SIG022,GSE17537,4,4,0.570454545454545,0,0.56,0.456340331337617,0.00340909090909092,0.0566844919786096,0.557954545454546,0.403596403596404,ok,0.801999236602738,GSE17537|4,0.382059800664452,0.555681818181818,0.566893939393939,0.0499704794599167,0.0712541904558211,0.780377465186965
SIG023,GSE17537,9,9,0.520454545454546,1,0.463333333333333,0.097213379192576,-0.00568181818181823,0.0352941176470588,0.559090909090909,0.825174825174825,ok,0.957881296454453,GSE17537|9,0.790697674418605,0.554545454545455,0.564772727272727,0.0475425888609789,-0.932178555689801,0.949855621448753
SIG024,GSE17537,7,6,0.595454545454546,0,0.503333333333333,0.360232697977439,-0.00113636363636371,0.0352941176470588,0.554545454545455,0.242757242757243,ok,0.70620288802107,GSE17537|6,0.252491694352159,0.553409090909091,0.563859848484849,0.0478008469461684,0.660965212714292,0.721960973408656
SIG025,GSE17537,13,11,0.595454545454546,0,0.53,0.991834792320317,0.00568181818181812,0.0780748663101604,0.555113636363636,0.235764235764236,ok,0.70620288802107,GSE17537|11,0.229235880398671,0.552272727272727,0.564223484848485,0.0501246113607265,0.623068384137763,0.707609148497506
SIG026,GSE17537,31,29,0.55,0,0.53,0.941478835171279,-0.0193181818181819,0.0566844919786096,0.552272727272727,0.522477522477522,ok,0.84941307633941,GSE17537|29,0.521594684385382,0.551136363636364,0.557787878787879,0.0411742459788786,-0.1891444178935,0.846544204581516
SIG027,GSE17537,4,4,0.540909090909091,1,0.486666666666667,0.207024224206594,0,0.0780748663101604,0.557954545454546,0.637362637362637,ok,0.891286426610534,GSE17537|4,0.637873754152824,0.555681818181818,0.566893939393939,0.0499704794599167,-0.520003985667015,0.886192191008265
SIG028,GSE17537,4,4,0.65,0,0.583333333333333,0.381103889965771,0.0204545454545454,0.0780748663101604,0.557954545454546,0.0699300699300699,ok,0.510051746006802,GSE17537|4,0.0830564784053156,0.555681818181818,0.566893939393939,0.0499704794599167,1.66310312617119,0.540570978095614
SIG029,GSE17537,5,4,0.513636363636364,1,0.52,0.125628425057801,0.0022727272727272,0.0352941176470588,0.557954545454546,0.87012987012987,ok,0.966775160323548,GSE17537|4,0.86046511627907,0.555681818181818,0.566893939393939,0.0499704794599167,-1.06578076362656,0.965130723674708
SIG030,GSE17537,7,7,0.55,0,0.55,0.111914402578715,0.00454545454545441,0.0352941176470588,0.557954545454546,0.568431568431568,ok,0.862685195495243,GSE17537|7,0.54485049833887,0.557386363636364,0.566723484848485,0.050668270601416,-0.330058331377457,0.857384965096103
SIG031,GSE17537,4,4,0.538636363636364,1,0.516666666666667,0.178096017396806,-0.00568181818181823,0.0780748663101604,0.557954545454546,0.656343656343656,ok,0.897013434326867,GSE17537|4,0.664451827242525,0.555681818181818,0.566893939393939,0.0499704794599167,-0.565485383830306,0.899680894432756
SIG032,GSE17537,10,10,0.611363636363636,0,0.566666666666667,1.03875412420574,0.00454545454545441,0.0994652406417112,0.555681818181818,0.172827172827173,ok,0.674234856053038,GSE17537|10,0.146179401993356,0.557386363636364,0.562272727272727,0.0447579837377336,1.09680787630123,0.642252750176756
SIG033,GSE17537,10,9,0.594318181818182,0,0.59,1.19602918656782,0.0011363636363636,0.0780748663101604,0.559090909090909,0.26973026973027,ok,0.72249466351343,GSE17537|9,0.285714285714286,0.554545454545455,0.564772727272727,0.0475425888609789,0.621452370459876,0.723709008669431
SIG034,GSE17537,14,14,0.557954545454546,1,0.61,0.589526161545242,0.0102272727272726,0.0780748663101604,0.553409090909091,0.482517482517483,ok,0.832985841866836,GSE17537|14,0.475083056478405,0.55625,0.563753787878788,0.0449453558692302,-0.129028735273893,0.836076506359797
SIG035,GSE17537,3,2,0.538636363636364,0,0.45,0.189214685788008,0.00340909090909092,0.0352941176470588,0.558522727272727,0.688311688311688,ok,0.90704079722611,GSE17537|2,0.634551495016611,0.556818181818182,0.567901515151515,0.0501171505257696,-0.58393486477455,0.885420690720853
SIG036,GSE17537,13,12,0.592045454545455,0,0.5,0.688622457758067,0.00909090909090904,0.0566844919786096,0.55625,0.246753246753247,ok,0.708170753013802,GSE17537|12,0.259136212624585,0.559659090909091,0.567333333333333,0.0467352798584247,0.528768016089389,0.721960973408656
SIG037,GSE17537,14,13,0.606818181818182,0,0.54,0.439397337923437,0.0318181818181817,0.0780748663101604,0.557954545454546,0.202797202797203,ok,0.684094062933653,GSE17537|13,0.192691029900332,0.559090909090909,0.566738636363636,0.0455405052395278,0.880085656576286,0.680085987883525
SIG038,GSE17537,3,3,0.553409090909091,1,0.583333333333333,0.172930795380678,0.00568181818181812,0.0352941176470588,0.557386363636364,0.533466533466534,ok,0.853685894073616,GSE17537|3,0.581395348837209,0.563636363636364,0.571973484848485,0.0485482334856325,-0.382390719631187,0.866676296403293
SIG039,GSE17537,14,14,0.504545454545455,0,0.396666666666667,-0.211303033122857,0.0011363636363636,0.0780748663101604,0.553409090909091,0.957042957042957,ok,0.99157708204558,GSE17537|14,0.963455149501661,0.55625,0.563753787878788,0.0449453558692302,-1.31734040566063,0.99133648823322
SIG040,GSE17537,15,13,0.522727272727273,0,0.496666666666667,0.27060959248331,-0.00113636363636371,0.013903743315508,0.557954545454546,0.797202797202797,ok,0.947171640240947,GSE17537|13,0.817275747508306,0.559090909090909,0.566738636363636,0.0455405052395278,-0.966422383872957,0.954877680459076
SIG041,GSE17537,10,10,0.615909090909091,0,0.646666666666667,0.885561768996902,0.00454545454545441,0.0780748663101604,0.555681818181818,0.146853146853147,ok,0.656877369206136,GSE17537|10,0.129568106312292,0.557386363636364,0.562272727272727,0.0447579837377336,1.19836416114395,0.628209000302024
SIG042,GSE17537,8,7,0.609090909090909,1,0.62,0.2585596973549,0.0238636363636363,0.0566844919786096,0.557954545454546,0.194805194805195,ok,0.684094062933653,GSE17537|7,0.229235880398671,0.557386363636364,0.566723484848485,0.050668270601416,0.836172692289208,0.707609148497506
SIG043,GSE17537,14,14,0.567045454545455,0,0.583333333333333,0.429532709780457,-0.00340909090909092,0.0566844919786096,0.553409090909091,0.406593406593407,ok,0.803147469814136,GSE17537|14,0.425249169435216,0.55625,0.563753787878788,0.0449453558692302,0.073237080962143,0.798878497493903
SIG044,GSE17537,3,3,0.5625,0,0.586666666666667,0.47367791788549,0.00340909090909092,0.0566844919786096,0.557386363636364,0.470529470529471,ok,0.825037975722907,GSE17537|3,0.521594684385382,0.563636363636364,0.571973484848485,0.0485482334856325,-0.195135521280882,0.846544204581516
SIG045,GSE17537,6,6,0.667045454545455,0,0.71,1.25495973304547,0.0147727272727272,0.142245989304813,0.554545454545455,0.02997002997003,ok,0.426240426240426,GSE17537|6,0.0332225913621263,0.553409090909091,0.563859848484849,0.0478008469461684,2.15865643922189,0.408893432149246
SIG046,GSE17537,5,4,0.540909090909091,1,0.593333333333333,0.18190997943363,0.0204545454545454,0.0352941176470588,0.557954545454546,0.637362637362637,ok,0.891286426610534,GSE17537|4,0.637873754152824,0.555681818181818,0.566893939393939,0.0499704794599167,-0.520003985667015,0.886192191008265
SIG047,GSE17537,4,4,0.517045454545455,1,0.543333333333333,0.0989442160273043,-0.00113636363636371,0.0994652406417112,0.557954545454546,0.833166833166833,ok,0.960762756094893,GSE17537|4,0.833887043189369,0.555681818181818,0.566893939393939,0.0499704794599167,-0.997558666381615,0.96102228266722
SIG048,GSE17537,11,11,0.547727272727273,0,0.49,0.261859670356902,0.00568181818181812,0.0780748663101604,0.555113636363636,0.571428571428571,ok,0.862685195495243,GSE17537|11,0.534883720930233,0.552272727272727,0.564223484848485,0.0501246113607265,-0.329104040378395,0.852262858245682
SIG049,GSE17537,14,14,0.670454545454545,0,0.556666666666667,1.73336521296143,0.0454545454545454,0.0566844919786096,0.553409090909091,0.022977022977023,ok,0.404732881797102,GSE17537|14,0.0299003322259136,0.55625,0.563753787878788,0.0449453558692302,2.37401074064707,0.395921640508649
SIG050,GSE17537,6,5,0.579545454545455,0,0.59,0.697884209825135,0.00568181818181812,0.013903743315508,0.557954545454546,0.354645354645355,ok,0.768095796217281,GSE17537|5,0.352159468438538,0.559659090909091,0.567564393939394,0.0483540675333038,0.247777719998615,0.763144672011279
SIG051,GSE17537,7,7,0.556818181818182,0,0.633333333333333,0.674929593908073,0.00454545454545441,0.0780748663101604,0.557954545454546,0.509490509490509,ok,0.842568284428749,GSE17537|7,0.501661129568106,0.557386363636364,0.566723484848485,0.050668270601416,-0.19549321326207,0.84090902542263
SIG052,GSE17537,20,19,0.589772727272727,0,0.583333333333333,0.76771489792953,0.0011363636363636,0.0780748663101604,0.557954545454546,0.290709290709291,ok,0.727376519584312,GSE17537|19,0.308970099667774,0.5625,0.568587121212121,0.0483318405430756,0.438336422171306,0.733278852116349
SIG053,GSE17537,11,9,0.626136363636364,0,0.633333333333333,0.937868005712063,0.0011363636363636,0.0780748663101604,0.559090909090909,0.115884115884116,ok,0.618224750456156,GSE17537|9,0.136212624584718,0.554545454545455,0.564772727272727,0.0475425888609789,1.29070876941667,0.642252750176756
SIG054,GSE17537,46,45,0.595454545454546,0,0.516666666666667,0.801108046761225,-0.00454545454545463,0.0566844919786096,0.548863636363636,0.192807192807193,ok,0.684094062933653,GSE17537|45,0.176079734219269,0.548863636363636,0.55675,0.0411640374302138,0.940251439625247,0.673452369922304
SIG055,GSE17537,21,20,0.601136363636364,0,0.64,1.26040015663407,-0.00909090909090915,0.0994652406417112,0.55625,0.193806193806194,ok,0.684094062933653,GSE17537|20,0.212624584717608,0.555113636363636,0.564268939393939,0.04529378480376,0.813962101029016,0.687271384945804
SIG056,GSE17537,7,6,0.5125,1,0.556666666666667,0.0070768995106477,0.00454545454545441,0.0352941176470588,0.554545454545455,0.881118881118881,ok,0.971152842565012,GSE17537|6,0.887043189368771,0.553409090909091,0.563859848484849,0.0478008469461684,-1.07445477990564,0.976041182406767
SIG057,GSE17537,8,8,0.543181818181818,0,0.556666666666667,0.702681554934445,-0.00227272727272732,0.0780748663101604,0.557954545454546,0.624375624375624,ok,0.88505175940885,GSE17537|8,0.591362126245847,0.551136363636364,0.559087121212121,0.0429690130823954,-0.370157513271342,0.866965846570657
SIG058,GSE17537,24,22,0.535227272727273,1,0.526666666666667,0.0996281319618239,0.0125,0.0566844919786096,0.555681818181818,0.68031968031968,ok,0.904954742643876,GSE17537|22,0.687707641196013,0.558522727272727,0.567333333333333,0.0475339012705194,-0.675435000029602,0.908114629364749
SIG059,GSE17537,14,13,0.604545454545455,0,0.556666666666667,0.538957275364045,0.0249999999999999,0.0780748663101604,0.557954545454546,0.210789210789211,ok,0.684797436066472,GSE17537|13,0.199335548172757,0.559090909090909,0.566738636363636,0.0455405052395278,0.830180033861448,0.685885757153574
SIG060,GSE17537,7,6,0.571590909090909,1,0.606666666666667,0.524700673957277,-0.00795454545454555,0.0994652406417112,0.554545454545455,0.376623376623377,ok,0.790291675537577,GSE17537|6,0.375415282392027,0.553409090909091,0.563859848484849,0.0478008469461684,0.161734803878412,0.772558780485199
SIG062,GSE17537,43,42,0.511363636363636,0,0.486666666666667,-0.160054040119076,0.00568181818181812,0.0566844919786096,0.552272727272727,0.884115884115884,ok,0.973338588017487,GSE17537|42,0.880398671096346,0.551136363636364,0.557026515151515,0.0408413067118034,-1.11805626372582,0.973712815959092
SIG063,GSE17537,19,19,0.584090909090909,0,0.503333333333333,0.827619508019629,0.0011363636363636,0.0566844919786096,0.557954545454546,0.321678321678322,ok,0.750958132776315,GSE17537|19,0.348837209302326,0.5625,0.568587121212121,0.0483318405430756,0.320777932406073,0.760235461816646
SIG064,GSE17537,3,3,0.706818181818182,0,0.69,1.03429528721077,0.0659090909090909,0.0994652406417112,0.557386363636364,0.00799200799200799,ok,0.295089525858757,GSE17537|3,0.0166112956810631,0.563636363636364,0.571973484848485,0.0485482334856325,2.77754075253023,0.342942878576787
SIG065,GSE17537,5,5,0.540909090909091,0,0.53,0.136535364613963,0.00568181818181812,0.0566844919786096,0.557954545454546,0.634365634365634,ok,0.88903796932994,GSE17537|5,0.631229235880399,0.559659090909091,0.567564393939394,0.0483540675333038,-0.551252549993734,0.883997179351105
SIG066,GSE17537,11,11,0.643181818181818,0,0.563333333333333,0.650173530034084,0.0204545454545454,0.0994652406417112,0.555113636363636,0.0759240759240759,ok,0.530088093724457,GSE17537|11,0.102990033222591,0.552272727272727,0.564223484848485,0.0501246113607265,1.5752408086539,0.585032141382768
SIG067,GSE17537,5,5,0.527272727272727,0,0.513333333333333,0.0716033433628323,-0.0125000000000001,0.0780748663101604,0.557954545454546,0.755244755244755,ok,0.933721783689588,GSE17537|5,0.767441860465116,0.559659090909091,0.567564393939394,0.0483540675333038,-0.83326323352045,0.940324423798994
SIG068,GSE17537,5,5,0.6,0,0.503333333333333,0.414567744406071,0.0181818181818181,0.0566844919786096,0.557954545454546,0.23976023976024,ok,0.70620288802107,GSE17537|5,0.269102990033223,0.559659090909091,0.567564393939394,0.0483540675333038,0.670793745288668,0.721960973408656
SIG069,GSE17537,7,7,0.521590909090909,0,0.543333333333333,0.0384476455946653,-0.00227272727272732,0.0780748663101604,0.557954545454546,0.814185814185814,ok,0.956108112071415,GSE17537|7,0.79734219269103,0.557386363636364,0.566723484848485,0.050668270601416,-0.890746323524896,0.950867708053899
SIG070,GSE17537,3,3,0.509090909090909,1,0.466666666666667,0.135199542877985,-0.00568181818181823,0.0780748663101604,0.557386363636364,0.922077922077922,ok,0.986839247708813,GSE17537|3,0.943521594684385,0.563636363636364,0.571973484848485,0.0485482334856325,-1.29525981158893,0.98561559401198
SIG071,GSE17537,13,13,0.570454545454545,0,0.576666666666667,0.565442402896048,0.0022727272727272,0.0566844919786096,0.557954545454546,0.418581418581419,ok,0.808003590612286,GSE17537|13,0.411960132890365,0.559090909090909,0.566738636363636,0.0455405052395278,0.0815956931387594,0.794957320728843
SIG072,GSE17537,15,14,0.509090909090909,0,0.61,0.0257807928796175,-0.00340909090909092,0.013903743315508,0.553409090909091,0.913086913086913,ok,0.982118049829298,GSE17537|14,0.926910299003322,0.55625,0.563753787878788,0.0449453558692302,-1.21620749754262,0.980533208863019
SIG073,GSE17537,16,16,0.656818181818182,0,0.613333333333333,2.23813795313521,0.0147727272727272,0.0780748663101604,0.557954545454546,0.045954045954046,ok,0.464689949226032,GSE17537|16,0.0465116279069768,0.553409090909091,0.561765151515152,0.0453015318796486,2.09822993526036,0.425249169435216
SIG074,GSE17537,11,11,0.520454545454546,0,0.393333333333333,0.238495687350085,-0.00340909090909092,0.0566844919786096,0.555113636363636,0.821178821178821,ok,0.956136534573845,GSE17537|11,0.787375415282392,0.552272727272727,0.564223484848485,0.0501246113607265,-0.873202568673333,0.947812412126767
SIG075,GSE17537,14,13,0.578409090909091,0,0.563333333333333,0.541724867761799,0.00340909090909092,0.0352941176470588,0.557954545454546,0.35964035964036,ok,0.773246909865051,GSE17537|13,0.3421926910299,0.559090909090909,0.566738636363636,0.0455405052395278,0.256265372640727,0.756429537421821
SIG076,GSE17537,9,8,0.5125,0,0.503333333333333,0.135557222892086,-0.00113636363636371,0.0566844919786096,0.557954545454546,0.892107892107892,ok,0.975904413227159,GSE17537|8,0.867109634551495,0.551136363636364,0.559087121212121,0.0429690130823954,-1.08420272820295,0.965130723674708
SIG077,GSE17537,7,7,0.511363636363636,0,0.52,0.000465579618295551,0.0125,0.0352941176470588,0.557954545454546,0.904095904095904,ok,0.97956097956098,GSE17537|7,0.880398671096346,0.557386363636364,0.566723484848485,0.050668270601416,-1.09259400069798,0.973712815959092
SIG078,GSE17537,6,5,0.544318181818182,1,0.526666666666667,0.276666918962036,-0.00113636363636371,0.0566844919786096,0.557954545454546,0.609390609390609,ok,0.8770839355547,GSE17537|5,0.604651162790698,0.559659090909091,0.567564393939394,0.0483540675333038,-0.480749879112055,0.869610661092239
SIG079,GSE17537,5,5,0.585227272727273,0,0.483333333333333,0.144771727832839,0.0011363636363636,0.0352941176470588,0.557954545454546,0.322677322677323,ok,0.750958132776315,GSE17537|5,0.295681063122924,0.559659090909091,0.567564393939394,0.0483540675333038,0.365282171468074,0.727830309225658
SIG080,GSE17537,8,8,0.605681818181818,0,0.543333333333333,1.52559981982756,0.0227272727272727,0.0780748663101604,0.557954545454546,0.207792207792208,ok,0.684094062933653,GSE17537|8,0.146179401993356,0.551136363636364,0.559087121212121,0.0429690130823954,1.08437903566342,0.642252750176756
SIG081,GSE17537,5,5,0.570454545454545,0,0.596666666666667,0.621388284861208,0.00454545454545441,0.0566844919786096,0.557954545454546,0.420579420579421,ok,0.808003590612286,GSE17537|5,0.431893687707641,0.559659090909091,0.567564393939394,0.0483540675333038,0.0597705976474565,0.798878497493903
SIG082,GSE17537,6,6,0.731818181818182,0,0.663333333333333,0.947373634653169,0.0534090909090909,0.0994652406417112,0.554545454545455,0.000999000999000999,ok,0.15984015984016,GSE17537|6,0.00996677740863787,0.553409090909091,0.563859848484849,0.0478008469461684,3.5137104060621,0.318936877076412
SIG083,GSE17537,17,16,0.601136363636364,0,0.56,0.531656201345694,0.0329545454545455,0.0566844919786096,0.557954545454546,0.220779220779221,ok,0.697197539302803,GSE17537|16,0.182724252491694,0.553409090909091,0.561765151515152,0.0453015318796486,0.869092290870184,0.674674163046256
SIG084,GSE17537,15,15,0.652272727272727,0,0.546666666666667,0.639280515199759,0.0125,0.0566844919786096,0.554545454545455,0.04995004995005,ok,0.470118117176941,GSE17537|15,0.0631229235880399,0.559659090909091,0.567496212121212,0.0471819365856819,1.79680024361784,0.477149658618254
SIG085,GSE17537,7,7,0.532954545454546,0,0.606666666666667,0.0439098176840524,0.0011363636363636,0.0352941176470588,0.557954545454546,0.7002997002997,ok,0.913001805496735,GSE17537|7,0.67109634551495,0.557386363636364,0.566723484848485,0.050668270601416,-0.666471126665909,0.90168298347705
SIG086,GSE17537,5,5,0.595454545454546,1,0.67,0.636169011492728,0.0193181818181818,0.0780748663101604,0.557954545454546,0.261738261738262,ok,0.72249466351343,GSE17537|5,0.269102990033223,0.559659090909091,0.567564393939394,0.0483540675333038,0.57679018411311,0.721960973408656
SIG087,GSE17537,5,5,0.6,0,0.543333333333333,0.677031713470295,0.0159090909090909,0.0566844919786096,0.557954545454546,0.23976023976024,ok,0.70620288802107,GSE17537|5,0.269102990033223,0.559659090909091,0.567564393939394,0.0483540675333038,0.670793745288668,0.721960973408656
SIG088,GSE17537,6,6,0.561363636363636,0,0.51,0.459288492742887,-0.00340909090909092,0.0566844919786096,0.554545454545455,0.446553446553447,ok,0.809896983318284,GSE17537|6,0.431893687707641,0.553409090909091,0.563859848484849,0.0478008469461684,-0.0522210856226812,0.798878497493903
SIG089,GSE17537,5,5,0.593181818181818,0,0.53,0.520517950846509,0,0.0566844919786096,0.557954545454546,0.274725274725275,ok,0.72249466351343,GSE17537|5,0.272425249169435,0.559659090909091,0.567564393939394,0.0483540675333038,0.529788403525311,0.721960973408656
SIG090,GSE17537,4,4,0.605681818181818,0,0.596666666666667,0.940922548305471,0.0193181818181818,0.0780748663101604,0.557954545454546,0.206793206793207,ok,0.684094062933653,GSE17537|4,0.205980066445183,0.555681818181818,0.566893939393939,0.0499704794599167,0.776215861986914,0.687271384945804
SIG091,GSE17537,7,7,0.546590909090909,0,0.496666666666667,0.175788913206743,-0.00227272727272732,0.0352941176470588,0.557954545454546,0.592407592407592,ok,0.865618399864975,GSE17537|7,0.574750830564784,0.557386363636364,0.566723484848485,0.050668270601416,-0.397340890435152,0.865507133085792
SIG093,GSE17537,9,9,0.6,0,0.526666666666667,0.732036393739916,0.0227272727272727,0.0566844919786096,0.559090909090909,0.240759240759241,ok,0.70620288802107,GSE17537|9,0.26578073089701,0.554545454545455,0.564772727272727,0.0475425888609789,0.740962441702156,0.721960973408656
SIG094,GSE17537,3,3,0.589772727272727,0,0.536666666666667,0.364482948649462,0.021590909090909,0.0994652406417112,0.557386363636364,0.303696303696304,ok,0.73958910874208,GSE17537|3,0.305647840531561,0.563636363636364,0.571973484848485,0.0485482334856325,0.366630073770031,0.728094111439948
SIG095,GSE17537,18,16,0.668181818181818,0,0.626666666666667,1.35881661178478,0.0488636363636363,0.0994652406417112,0.557954545454546,0.02997002997003,ok,0.426240426240426,GSE17537|16,0.0365448504983389,0.553409090909091,0.561765151515152,0.0453015318796486,2.34907435248284,0.420156365010842
SIG096,GSE17537,11,11,0.656818181818182,0,0.693333333333333,1.19350902221637,0.0227272727272727,0.0994652406417112,0.555113636363636,0.04995004995005,ok,0.470118117176941,GSE17537|11,0.0664451827242525,0.552272727272727,0.564223484848485,0.0501246113607265,1.84729007280138,0.483237692540018
SIG097,GSE17537,14,14,0.640909090909091,0,0.626666666666667,1.04133408430693,0.0113636363636362,0.142245989304813,0.553409090909091,0.0739260739260739,ok,0.521831110066404,GSE17537|14,0.0598006644518272,0.55625,0.563753787878788,0.0449453558692302,1.71664683787995,0.477149658618254
SIG098,GSE17537,5,5,0.572727272727273,0,0.573333333333333,0.374571063222857,0.0431818181818181,0.0566844919786096,0.557954545454546,0.405594405594406,ok,0.801999236602738,GSE17537|5,0.408637873754153,0.559659090909091,0.567564393939394,0.0483540675333038,0.106772378235256,0.794957320728843
SIG099,GSE17537,11,11,0.617045454545455,0,0.603333333333333,0.575652689943752,0.034090909090909,0.0780748663101604,0.555113636363636,0.14985014985015,ok,0.656877369206136,GSE17537|11,0.146179401993356,0.552272727272727,0.564223484848485,0.0501246113607265,1.05381305237126,0.642252750176756
SIG101,GSE17537,10,8,0.569318181818182,0,0.536666666666667,0.405066483946646,0.0159090909090909,0.0566844919786096,0.557954545454546,0.423576423576424,ok,0.808003590612286,GSE17537|8,0.345514950166113,0.551136363636364,0.559087121212121,0.0429690130823954,0.238103225374111,0.756429537421821
SIG102,GSE17537,4,4,0.506818181818182,0,0.5,-0.0163255804928008,-0.00795454545454555,0.013903743315508,0.557954545454546,0.935064935064935,ok,0.989671121829712,GSE17537|4,0.910299003322259,0.555681818181818,0.566893939393939,0.0499704794599167,-1.20222495811645,0.978073089700997
SIG107,GSE17537,15,13,0.5,0,0.453333333333333,-0.142579280081233,0,0.0352941176470588,0.557954545454546,1,ok,1,GSE17537|13,1,0.559090909090909,0.566738636363636,0.0455405052395278,-1.46547861102141,1
SIG108,GSE17537,15,13,0.518181818181818,0,0.5,-0.32897709959881,-0.00113636363636371,0.0352941176470588,0.557954545454546,0.836163836163836,ok,0.960762756094893,GSE17537|13,0.863787375415283,0.559090909090909,0.566738636363636,0.0455405052395278,-1.06623362930266,0.965130723674708
SIG109,GSE17537,7,7,0.552272727272727,0,0.556666666666667,0.416192519168337,-0.00568181818181823,0.0780748663101604,0.557954545454546,0.542457542457543,ok,0.853685894073616,GSE17537|7,0.53156146179402,0.557386363636364,0.566723484848485,0.050668270601416,-0.285203292005668,0.849790180386776
SIG110,GSE17537,9,9,0.521590909090909,0,0.483333333333333,0.389202551423919,-0.00340909090909092,0.0566844919786096,0.559090909090909,0.814185814185814,ok,0.956108112071415,GSE17537|9,0.790697674418605,0.554545454545455,0.564772727272727,0.0475425888609789,-0.908276541441357,0.949855621448753
SIG111,GSE17537,13,12,0.567045454545455,0,0.563333333333333,0.300653450022937,0.0261363636363636,0.0352941176470588,0.55625,0.424575424575425,ok,0.808003590612286,GSE17537|12,0.445182724252492,0.559659090909091,0.567333333333333,0.0467352798584247,-0.00615977455897268,0.814824433331539
SIG112,GSE17537,4,4,0.584090909090909,0,0.493333333333333,0.507721980198843,0.0181818181818181,0.0780748663101604,0.557954545454546,0.314685314685315,ok,0.747767084400748,GSE17537|4,0.315614617940199,0.555681818181818,0.566893939393939,0.0499704794599167,0.344142579435604,0.7408069271946
SIG113,GSE17537,10,10,0.534090909090909,0,0.383333333333333,0.535204817511422,0,0.0566844919786096,0.555681818181818,0.684315684315684,ok,0.904954742643876,GSE17537|10,0.677740863787375,0.557386363636364,0.562272727272727,0.0447579837377336,-0.629648966024789,0.904911306308596
SIG114,GSE17537,20,18,0.510227272727273,0,0.476666666666667,0.127813816441811,0.0011363636363636,0.0566844919786096,0.553409090909091,0.904095904095904,ok,0.97956097956098,GSE17537|18,0.897009966777409,0.553409090909091,0.56092803030303,0.0448287010009529,-1.13098877379203,0.976080109403813
SIG115,GSE17537,4,4,0.548863636363636,0,0.58,0.428001665980523,0.0249999999999999,0.0566844919786096,0.557954545454546,0.571428571428571,ok,0.862685195495243,GSE17537|4,0.561461794019934,0.555681818181818,0.566893939393939,0.0499704794599167,-0.360819092095489,0.861027671340473
SIG116,GSE17537,5,5,0.638636363636364,0,0.57,0.807097221896517,0.0102272727272726,0.0780748663101604,0.557954545454546,0.0989010989010989,ok,0.588833658742473,GSE17537|5,0.0830564784053156,0.559659090909091,0.567564393939394,0.0483540675333038,1.46982401528102,0.540570978095614
SIG117,GSE17537,4,4,0.523863636363636,0,0.54,0.0718631521267743,0.00454545454545441,0.0566844919786096,0.557954545454546,0.773226773226773,ok,0.939617344680636,GSE17537|4,0.794019933554817,0.555681818181818,0.566893939393939,0.0499704794599167,-0.861114471891745,0.949855621448753
SIG118,GSE17537,15,14,0.5625,0,0.576666666666667,0.522455074741363,0.0238636363636363,0.0780748663101604,0.553409090909091,0.441558441558442,ok,0.809048771134079,GSE17537|14,0.445182724252492,0.55625,0.563753787878788,0.0449453558692302,-0.0278958271558859,0.814824433331539
SIG119,GSE17537,10,10,0.555681818181818,0,0.556666666666667,0.252336121039165,0.0374999999999999,0.0566844919786096,0.555681818181818,0.501498501498502,ok,0.840825840825841,GSE17537|10,0.524916943521595,0.557386363636364,0.562272727272727,0.0447579837377336,-0.147256613021928,0.846924816438203
SIG120,GSE17537,4,3,0.511363636363636,1,0.483333333333333,-0.0169891273693431,0.0136363636363636,0.0352941176470588,0.557386363636364,0.903096903096903,ok,0.97956097956098,GSE17537|3,0.933554817275748,0.563636363636364,0.571973484848485,0.0485482334856325,-1.24844601200136,0.983228331963486
SIG121,GSE17537,6,6,0.523863636363636,1,0.55,0.112337325162063,0.0318181818181817,0.0566844919786096,0.554545454545455,0.781218781218781,ok,0.94339788191733,GSE17537|6,0.767441860465116,0.553409090909091,0.563859848484849,0.0478008469461684,-0.836726013793329,0.940324423798994
SIG122,GSE17537,8,8,0.581818181818182,0,0.546666666666667,0.705325844720629,0.00795454545454533,0.0780748663101604,0.557954545454546,0.341658341658342,ok,0.761002338728557,GSE17537|8,0.275747508305648,0.551136363636364,0.559087121212121,0.0429690130823954,0.529010535161064,0.721960973408656
SIG124,GSE17537,4,4,0.670454545454545,0,0.533333333333333,1.04499993823561,0.0420454545454545,0.0352941176470588,0.557954545454546,0.035964035964036,ok,0.439814962107956,GSE17537|4,0.0431893687707641,0.555681818181818,0.566893939393939,0.0499704794599167,2.07243570964084,0.425249169435216
SIG125,GSE17537,4,4,0.521590909090909,0,0.516666666666667,0.143182381329868,0.0136363636363636,0.0566844919786096,0.557954545454546,0.795204795204795,ok,0.946570457406371,GSE17537|4,0.813953488372093,0.555681818181818,0.566893939393939,0.0499704794599167,-0.906595870055035,0.954877680459076
SIG126,GSE17537,4,4,0.555681818181818,1,0.53,0.186519414394113,-0.00113636363636371,0.0780748663101604,0.557954545454546,0.523476523476524,ok,0.849598415109827,GSE17537|4,0.504983388704319,0.555681818181818,0.566893939393939,0.0499704794599167,-0.224374897605596,0.84090902542263
SIG127,GSE17537,6,6,0.586363636363636,0,0.48,0.272464785395644,0.00568181818181812,0.0780748663101604,0.554545454545455,0.287712287712288,ok,0.727376519584312,GSE17537|6,0.299003322259136,0.553409090909091,0.563859848484849,0.0478008469461684,0.470782199824418,0.728094111439948
SIG128,GSE17537,11,11,0.597727272727273,0,0.556666666666667,0.884268517958658,0.0102272727272726,0.0994652406417112,0.555113636363636,0.225774225774226,ok,0.702182128489577,GSE17537|11,0.222591362126246,0.552272727272727,0.564223484848485,0.0501246113607265,0.668409928162335,0.702920090924987
SIG129,GSE17537,9,9,0.535227272727273,0,0.52,0.300497527001845,0.0352272727272727,0.0566844919786096,0.559090909090909,0.703296703296703,ok,0.913001805496735,GSE17537|9,0.631229235880399,0.554545454545455,0.564772727272727,0.0475425888609789,-0.621452370459869,0.883997179351105
SIG130,GSE17537,9,9,0.625,0,0.566666666666667,0.613924120616451,0.0159090909090909,0.0566844919786096,0.559090909090909,0.120879120879121,ok,0.627264627264627,GSE17537|9,0.142857142857143,0.554545454545455,0.564772727272727,0.0475425888609789,1.2668067551682,0.642252750176756
SIG132,GSE17537,5,5,0.560227272727273,0,0.546666666666667,0.559128729883828,-0.00113636363636371,0.0566844919786096,0.557954545454546,0.493506493506494,ok,0.834095481982806,GSE17537|5,0.495016611295681,0.559659090909091,0.567564393939394,0.0483540675333038,-0.151737414997559,0.84090902542263
SIG133,GSE17537,5,5,0.576136363636364,0,0.506666666666667,0.421310469483083,0.00568181818181812,0.0780748663101604,0.557954545454546,0.378621378621379,ok,0.791026166434219,GSE17537|5,0.375415282392027,0.559659090909091,0.567564393939394,0.0483540675333038,0.177275049116936,0.772558780485199
SIG134,GSE17537,8,8,0.556818181818182,0,0.586666666666667,0.30022846110606,0,0.0352941176470588,0.557954545454546,0.515484515484515,ok,0.844479752329582,GSE17537|8,0.448504983388704,0.551136363636364,0.559087121212121,0.0429690130823954,-0.0528040844128401,0.816236557446742
SIG135,GSE17537,3,3,0.538636363636364,0,0.55,0.270226370184675,0.0022727272727272,0.0780748663101604,0.557386363636364,0.666333666333666,ok,0.899691026273305,GSE17537|3,0.707641196013289,0.563636363636364,0.571973484848485,0.0485482334856325,-0.686680416950428,0.913085414210695
SIG136,GSE17537,9,9,0.592045454545455,0,0.57,0.469724462858813,-0.00113636363636371,0.0352941176470588,0.559090909090909,0.283716283716284,ok,0.72500443853229,GSE17537|9,0.295681063122924,0.554545454545455,0.564772727272727,0.0475425888609789,0.573648341962969,0.727830309225658
SIG138,GSE17537,5,5,0.531818181818182,1,0.746666666666667,0.160728980274867,0.00454545454545441,0.0352941176470588,0.557954545454546,0.709290709290709,ok,0.91644560016027,GSE17537|5,0.717607973421927,0.559659090909091,0.567564393939394,0.0483540675333038,-0.739259672344872,0.919150973295597
SIG139,GSE17537,4,4,0.527272727272727,1,0.513333333333333,0.0595120654204581,0,0.0566844919786096,0.557954545454546,0.742257742257742,ok,0.927301121979902,GSE17537|4,0.780730897009967,0.555681818181818,0.566893939393939,0.0499704794599167,-0.792892374646798,0.946186084098469
SIG140,GSE17537,6,6,0.529545454545455,0,0.42,0.44350464914481,0,0.013903743315508,0.554545454545455,0.726273726273726,ok,0.923194837948936,GSE17537|6,0.707641196013289,0.553409090909091,0.563859848484849,0.0478008469461684,-0.717861630737153,0.913085414210695
SIG141,GSE17537,7,7,0.545454545454545,1,0.536666666666667,0.405607678331866,0,0.0352941176470588,0.557954545454546,0.597402597402597,ok,0.867634634654302,GSE17537|7,0.581395348837209,0.557386363636364,0.566723484848485,0.050668270601416,-0.419768410121058,0.866676296403293
SIG142,GSE17537,12,12,0.572727272727273,0,0.483333333333333,0.661520911103445,0.00340909090909092,0.0566844919786096,0.55625,0.374625374625375,ok,0.78695921146687,GSE17537|12,0.428571428571429,0.559659090909091,0.567333333333333,0.0467352798584247,0.115414723315651,0.798878497493903
SIG143,GSE17537,6,6,0.545454545454545,1,0.54,0.229400479884971,0.00795454545454533,0.0352941176470588,0.554545454545455,0.572427572427572,ok,0.862685195495243,GSE17537|6,0.568106312292359,0.553409090909091,0.563859848484849,0.0478008469461684,-0.385041358179927,0.861856132869487
SIG144,GSE17537,3,3,0.618181818181818,0,0.673333333333333,0.311653719456617,0.00568181818181812,0.0566844919786096,0.557386363636364,0.15984015984016,ok,0.670515924753213,GSE17537|3,0.192691029900332,0.563636363636364,0.571973484848485,0.0485482334856325,0.951802568614741,0.680085987883525
SIG145,GSE17537,12,12,0.514772727272727,0,0.466666666666667,0.110793963851713,0.0102272727272726,0.0352941176470588,0.55625,0.86013986013986,ok,0.966775160323548,GSE17537|12,0.900332225913621,0.559659090909091,0.567333333333333,0.0467352798584247,-1.12464515500556,0.976080109403813
SIG146,GSE17537,3,3,0.596590909090909,0,0.65,0.583725506832646,0.0011363636363636,0.0566844919786096,0.557386363636364,0.263736263736264,ok,0.72249466351343,GSE17537|3,0.272425249169435,0.563636363636364,0.571973484848485,0.0485482334856325,0.507071472532763,0.721960973408656
SIG147,GSE17537,3,3,0.593181818181818,1,0.566666666666667,0.791984725346312,0.0488636363636363,0.0780748663101604,0.557386363636364,0.283716283716284,ok,0.72500443853229,GSE17537|3,0.295681063122924,0.563636363636364,0.571973484848485,0.0485482334856325,0.436850773151398,0.727830309225658
SIG148,GSE17537,8,6,0.620454545454546,0,0.666666666666667,0.739974532016957,0.030681818181818,0.0780748663101604,0.554545454545455,0.141858141858142,ok,0.653159789850437,GSE17537|6,0.136212624584718,0.553409090909091,0.563859848484849,0.0478008469461684,1.18396849816139,0.642252750176756
SIG149,GSE17537,8,8,0.615909090909091,0,0.633333333333333,0.964996571478656,0.00681818181818172,0.0566844919786096,0.557954545454546,0.160839160839161,ok,0.670515924753213,GSE17537|8,0.119601328903655,0.551136363636364,0.559087121212121,0.0429690130823954,1.32239410730729,0.613996126992023
SIG150,GSE17537,10,10,0.523863636363636,1,0.51,0.0358008685210422,0.00454545454545441,0.0566844919786096,0.555681818181818,0.766233766233766,ok,0.936482462229442,GSE17537|10,0.757475083056478,0.557386363636364,0.562272727272727,0.0447579837377336,-0.858150606920886,0.938291715786089
SIG151,GSE17537,8,8,0.514772727272727,0,0.493333333333333,0.131488173290381,0.0022727272727272,0.0994652406417112,0.557954545454546,0.871128871128871,ok,0.966775160323548,GSE17537|8,0.857142857142857,0.551136363636364,0.559087121212121,0.0429690130823954,-1.03131049005987,0.965130723674708
SIG152,GSE17537,8,8,0.5375,0,0.66,0.165792431297732,-0.00113636363636371,0.0352941176470588,0.557954545454546,0.668331668331668,ok,0.901121350559553,GSE17537|8,0.647840531561462,0.551136363636364,0.559087121212121,0.0429690130823954,-0.502388108629043,0.894215543204893
SIG153,GSE17537,8,8,0.547727272727273,0,0.456666666666667,0.332751140718007,0.0022727272727272,0.0566844919786096,0.557954545454546,0.581418581418581,ok,0.863063597975745,GSE17537|8,0.514950166112957,0.551136363636364,0.559087121212121,0.0429690130823954,-0.264373036985168,0.846493423747326
SIG154,GSE17537,3,3,0.663636363636364,0,0.693333333333333,0.947088077528971,0.00795454545454533,0.120855614973262,0.557386363636364,0.044955044955045,ok,0.464689949226032,GSE17537|3,0.0564784053156146,0.563636363636364,0.571973484848485,0.0485482334856325,1.88807856036628,0.467407492267156
SIG155,GSE17537,9,9,0.581818181818182,0,0.563333333333333,0.716213700216257,-0.0125000000000001,0.0352941176470588,0.559090909090909,0.347652347652348,ok,0.76372140445367,GSE17537|9,0.3421926910299,0.554545454545455,0.564772727272727,0.0475425888609789,0.358530213726853,0.756429537421821
SIG156,GSE17537,5,5,0.518181818181818,1,0.56,0.0499670991532903,0.0284090909090908,0.0352941176470588,0.557954545454546,0.836163836163836,ok,0.960762756094893,GSE17537|5,0.847176079734219,0.559659090909091,0.567564393939394,0.0483540675333038,-1.02127035587159,0.963042079982061
SIG157,GSE17537,5,5,0.617045454545455,0,0.563333333333333,0.84982015167364,-0.00113636363636371,0.120855614973262,0.557954545454546,0.174825174825175,ok,0.674951291253478,GSE17537|5,0.20265780730897,0.559659090909091,0.567564393939394,0.0483540675333038,1.02330709969706,0.687271384945804
SIG159,GSE17537,6,6,0.546590909090909,0,0.576666666666667,0.445123660461935,0,0.0566844919786096,0.554545454545455,0.562437562437563,ok,0.862685195495243,GSE17537|6,0.561461794019934,0.553409090909091,0.563859848484849,0.0478008469461684,-0.361268481568687,0.861027671340473
SIG161,GSE17537,4,4,0.514772727272727,0,0.443333333333333,0.189921001187183,-0.00340909090909092,0.0352941176470588,0.557954545454546,0.854145854145854,ok,0.965250170665121,GSE17537|4,0.86046511627907,0.555681818181818,0.566893939393939,0.0499704794599167,-1.04304006454493,0.965130723674708
SIG163,GSE17537,4,4,0.634090909090909,0,0.553333333333333,0.58957373857363,0.0125,0.0994652406417112,0.557954545454546,0.116883116883117,ok,0.618224750456156,GSE17537|4,0.116279069767442,0.555681818181818,0.566893939393939,0.0499704794599167,1.34473333902812,0.611659764256133
SIG164,GSE17537,4,4,0.620454545454546,0,0.56,0.271781367642367,0.0136363636363636,0.0994652406417112,0.557954545454546,0.154845154845155,ok,0.660672660672661,GSE17537|4,0.162790697674419,0.555681818181818,0.566893939393939,0.0499704794599167,1.07184495004835,0.660799449333792
SIG165,GSE17537,5,5,0.554545454545455,1,0.566666666666667,0.292691636411976,-0.00454545454545463,0.0352941176470588,0.557954545454546,0.532467532467532,ok,0.853685894073616,GSE17537|5,0.524916943521595,0.559659090909091,0.567564393939394,0.0483540675333038,-0.269241866467018,0.846924816438203
SIG166,GSE17537,3,3,0.544318181818182,0,0.59,0.121651802181415,0.0011363636363636,0.013903743315508,0.557386363636364,0.617382617382617,ok,0.884393590101522,GSE17537|3,0.6578073089701,0.563636363636364,0.571973484848485,0.0485482334856325,-0.56964591798149,0.897647500513569
SIG167,GSE17537,3,3,0.579545454545455,1,0.58,0.162597381501684,0.00340909090909092,0.013903743315508,0.557386363636364,0.374625374625375,ok,0.78695921146687,GSE17537|3,0.375415282392027,0.563636363636364,0.571973484848485,0.0485482334856325,0.155967975625952,0.772558780485199
SIG168,GSE17537,9,9,0.655681818181818,0,0.59,0.503533977068793,0.0284090909090908,0.0566844919786096,0.559090909090909,0.048951048951049,ok,0.470118117176941,GSE17537|9,0.0431893687707641,0.554545454545455,0.564772727272727,0.0475425888609789,1.91216113987653,0.425249169435216
SIG169,GSE17537,8,8,0.560227272727273,0,0.493333333333333,0.637863619318311,-0.00568181818181823,0.0352941176470588,0.557954545454546,0.485514485514486,ok,0.832985841866836,GSE17537|8,0.40531561461794,0.551136363636364,0.559087121212121,0.0429690130823954,0.0265342728017859,0.792470448132836
SIG170,GSE17537,6,6,0.668181818181818,1,0.656666666666667,1.10192211321446,0.0420454545454545,0.0780748663101604,0.554545454545455,0.028971028971029,ok,0.426240426240426,GSE17537|6,0.0332225913621263,0.553409090909091,0.563859848484849,0.0478008469461684,2.18242931583311,0.408893432149246
SIG171,GSE17537,4,4,0.509090909090909,0,0.48,-0.187758594203197,0,0.013903743315508,0.557954545454546,0.918081918081918,ok,0.984758258501275,GSE17537|4,0.906976744186047,0.555681818181818,0.566893939393939,0.0499704794599167,-1.15674355995316,0.977762688847394
SIG172,GSE17537,6,6,0.514772727272727,1,0.456666666666667,0.287390782435354,0.00340909090909092,0.0352941176470588,0.554545454545455,0.859140859140859,ok,0.966775160323548,GSE17537|6,0.863787375415283,0.553409090909091,0.563859848484849,0.0478008469461684,-1.02690902668318,0.965130723674708
SIG173,GSE17537,5,5,0.596590909090909,0,0.553333333333333,0.423039233640913,0.0238636363636363,0.0780748663101604,0.557954545454546,0.258741258741259,ok,0.72249466351343,GSE17537|5,0.269102990033223,0.559659090909091,0.567564393939394,0.0483540675333038,0.600291074406988,0.721960973408656
SIG175,GSE17537,6,5,0.623863636363636,1,0.633333333333333,1.1097339732884,0.0022727272727272,0.0994652406417112,0.557954545454546,0.148851148851149,ok,0.656877369206136,GSE17537|5,0.176079734219269,0.559659090909091,0.567564393939394,0.0483540675333038,1.1643124414604,0.673452369922304
SIG176,GSE17537,8,8,0.523863636363636,1,0.54,0.386557735206616,0.021590909090909,0.0566844919786096,0.557954545454546,0.788211788211788,ok,0.944673304223866,GSE17537|8,0.774086378737542,0.551136363636364,0.559087121212121,0.0429690130823954,-0.819741537487545,0.943648156937194
SIG177,GSE17537,14,14,0.520454545454546,0,0.476666666666667,-0.120441537323828,-0.00340909090909092,0.0566844919786096,0.553409090909091,0.801198801198801,ok,0.949568949568949,GSE17537|14,0.807308970099668,0.55625,0.563753787878788,0.0449453558692302,-0.963375227247556,0.952694051992232
SIG178,GSE17537,3,3,0.581818181818182,1,0.55,0.460068875421148,0.00681818181818172,0.0780748663101604,0.557386363636364,0.355644355644356,ok,0.768095796217281,GSE17537|3,0.345514950166113,0.563636363636364,0.571973484848485,0.0485482334856325,0.202781775213523,0.756429537421821
SIG179,GSE17537,12,12,0.645454545454546,0,0.603333333333333,1.83552291620966,0.0136363636363636,0.0780748663101604,0.55625,0.0649350649350649,ok,0.504758399495242,GSE17537|12,0.0764119601328904,0.559659090909091,0.567333333333333,0.0467352798584247,1.67156829611089,0.520251643457977
SIG180,GSE17537,5,5,0.557954545454546,1,0.516666666666667,0.393883212475849,0.0159090909090909,0.0352941176470588,0.557954545454546,0.503496503496504,ok,0.840825840825841,GSE17537|5,0.504983388704319,0.559659090909091,0.567564393939394,0.0483540675333038,-0.198739195585338,0.84090902542263
SIG181,GSE17537,5,5,0.6,1,0.57,0.576497883951347,-0.00681818181818183,0.0780748663101604,0.557954545454546,0.23976023976024,ok,0.70620288802107,GSE17537|5,0.269102990033223,0.559659090909091,0.567564393939394,0.0483540675333038,0.670793745288668,0.721960973408656
SIG182,GSE17537,3,3,0.538636363636364,1,0.523333333333333,0.432106987388192,0.00909090909090904,0.0566844919786096,0.557386363636364,0.666333666333666,ok,0.899691026273305,GSE17537|3,0.707641196013289,0.563636363636364,0.571973484848485,0.0485482334856325,-0.686680416950428,0.913085414210695
SIG183,GSE17537,4,4,0.634090909090909,0,0.596666666666667,0.544695054989813,0.034090909090909,0.0780748663101604,0.557954545454546,0.116883116883117,ok,0.618224750456156,GSE17537|4,0.116279069767442,0.555681818181818,0.566893939393939,0.0499704794599167,1.34473333902812,0.611659764256133
SIG184,GSE17537,3,3,0.522727272727273,0,0.466666666666667,-0.265975183992873,0.0284090909090908,0.0352941176470588,0.557386363636364,0.813186813186813,ok,0.956104520097172,GSE17537|3,0.863787375415283,0.563636363636364,0.571973484848485,0.0485482334856325,-1.01437701406346,0.965130723674708
SIG185,GSE17537,22,22,0.563636363636364,0,0.51,0.345369207704765,0,0.0566844919786096,0.555681818181818,0.442557442557443,ok,0.809048771134079,GSE17537|22,0.481727574750831,0.558522727272727,0.567333333333333,0.0475339012705194,-0.0777754318108574,0.839158361018826
SIG186,GSE17537,19,18,0.603409090909091,0,0.643333333333333,0.843792905031001,-0.00568181818181823,0.0352941176470588,0.553409090909091,0.195804195804196,ok,0.684094062933653,GSE17537|18,0.159468438538206,0.553409090909091,0.56092803030303,0.0448287010009529,0.947630862762624,0.659869400847749
SIG187,GSE17537,4,4,0.582954545454546,0,0.56,0.372349413164171,0.0249999999999999,0.0566844919786096,0.557954545454546,0.326673326673327,ok,0.753861523092292,GSE17537|4,0.315614617940199,0.555681818181818,0.566893939393939,0.0499704794599167,0.321401880353968,0.7408069271946
SIG188,GSE17537,6,6,0.565909090909091,0,0.556666666666667,0.498761371787795,0.0011363636363636,0.0994652406417112,0.554545454545455,0.405594405594406,ok,0.801999236602738,GSE17537|6,0.398671096345515,0.553409090909091,0.563859848484849,0.0478008469461684,0.042870420822257,0.791570325732563
SIG189,GSE17537,6,6,0.579545454545455,0,0.566666666666667,0.430924358831752,0.00681818181818172,0.120855614973262,0.554545454545455,0.326673326673327,ok,0.753861523092292,GSE17537|6,0.3421926910299,0.553409090909091,0.563859848484849,0.0478008469461684,0.328144940157046,0.756429537421821
SIG190,GSE17537,7,7,0.540909090909091,1,0.633333333333333,0.629075244212645,0.0181818181818181,0.0780748663101604,0.557954545454546,0.629370629370629,ok,0.886024663477079,GSE17537|7,0.611295681063123,0.557386363636364,0.566723484848485,0.050668270601416,-0.509478488864636,0.875233189889035
SIG191,GSE17537,3,3,0.527272727272727,0,0.52,0.256551071964297,-0.00568181818181823,0.0566844919786096,0.557386363636364,0.774225774225774,ok,0.939641900451003,GSE17537|3,0.827242524916944,0.563636363636364,0.571973484848485,0.0485482334856325,-0.920749414888324,0.95854293774323
SIG192,GSE17537,3,3,0.611363636363636,0,0.603333333333333,0.5895517670738,0.0147727272727272,0.0780748663101604,0.557386363636364,0.180819180819181,ok,0.68073103367221,GSE17537|3,0.209302325581395,0.563636363636364,0.571973484848485,0.0485482334856325,0.811361169852006,0.687271384945804
SIG193,GSE17537,7,7,0.552272727272727,1,0.596666666666667,0.440426437773894,-0.00340909090909092,0.0780748663101604,0.557954545454546,0.542457542457543,ok,0.853685894073616,GSE17537|7,0.53156146179402,0.557386363636364,0.566723484848485,0.050668270601416,-0.285203292005668,0.849790180386776
SIG194,GSE17537,6,6,0.563636363636364,1,0.55,0.204307439707172,0.0181818181818181,0.0566844919786096,0.554545454545455,0.425574425574426,ok,0.808003590612286,GSE17537|6,0.408637873754153,0.553409090909091,0.563859848484849,0.0478008469461684,-0.00467533240020048,0.794957320728843
SIG195,GSE17537,12,12,0.594318181818182,0,0.663333333333333,0.9571915240697,0.0579545454545454,0.0780748663101604,0.55625,0.241758241758242,ok,0.70620288802107,GSE17537|12,0.252491694352159,0.559659090909091,0.567333333333333,0.0467352798584247,0.577397815239234,0.721960973408656
SIG196,GSE17537,4,4,0.646590909090909,0,0.58,0.594850452988,0.00568181818181812,0.0780748663101604,0.557954545454546,0.0819180819180819,ok,0.546120546120546,GSE17537|4,0.0863787375415282,0.555681818181818,0.566893939393939,0.0499704794599167,1.59488102892624,0.549162834701107
SIG197,GSE17537,4,4,0.571590909090909,0,0.556666666666667,0.300920226849243,0.0125,0.0780748663101604,0.557954545454546,0.398601398601399,ok,0.801999236602738,GSE17537|4,0.375415282392027,0.555681818181818,0.566893939393939,0.0499704794599167,0.0939948895374773,0.772558780485199
SIG198,GSE17537,3,3,0.557954545454546,1,0.556666666666667,0.312339400363662,0.0159090909090909,0.0566844919786096,0.557386363636364,0.500499500499501,ok,0.840734069080526,GSE17537|3,0.558139534883721,0.563636363636364,0.571973484848485,0.0485482334856325,-0.288763120456023,0.861027671340473
SIG199,GSE17537,5,5,0.595454545454546,0,0.586666666666667,0.622865746230236,0.00795454545454533,0.0780748663101604,0.557954545454546,0.261738261738262,ok,0.72249466351343,GSE17537|5,0.269102990033223,0.559659090909091,0.567564393939394,0.0483540675333038,0.57679018411311,0.721960973408656
SIG200,GSE17537,3,3,0.7,0,0.66,0.865109000099219,0.021590909090909,0.0780748663101604,0.557386363636364,0.010989010989011,ok,0.345883624572149,GSE17537|3,0.0199335548172757,0.563636363636364,0.571973484848485,0.0485482334856325,2.6370993537675,0.357686217281957
SIG201,GSE17537,4,3,0.553409090909091,1,0.703333333333333,0.269557490497825,0.00681818181818172,0.0994652406417112,0.557386363636364,0.533466533466534,ok,0.853685894073616,GSE17537|3,0.581395348837209,0.563636363636364,0.571973484848485,0.0485482334856325,-0.382390719631187,0.866676296403293
SIG202,GSE17537,29,29,0.695454545454545,0,0.64,2.24090562940677,0.0284090909090908,0.0566844919786096,0.552272727272727,0.00599400599400599,ok,0.250184598010685,GSE17537|29,0.00664451827242525,0.551136363636364,0.557787878787879,0.0411742459788786,3.34351397077886,0.283499446290144
SIG203,GSE17537,5,5,0.539772727272727,1,0.486666666666667,0.438242285358657,0.00340909090909092,0.0780748663101604,0.557954545454546,0.642357642357642,ok,0.893067830070003,GSE17537|5,0.6578073089701,0.559659090909091,0.567564393939394,0.0483540675333038,-0.574753440287635,0.897647500513569
SIG204,GSE17537,3,3,0.560227272727273,1,0.553333333333333,0.385128435708881,0.00568181818181812,0.0566844919786096,0.557386363636364,0.484515484515485,ok,0.832985841866836,GSE17537|3,0.534883720930233,0.563636363636364,0.571973484848485,0.0485482334856325,-0.241949320868453,0.852262858245682
SIG205,GSE17537,7,7,0.605681818181818,0,0.463333333333333,0.334457434625011,0.0102272727272726,0.0780748663101604,0.557954545454546,0.208791208791209,ok,0.684094062933653,GSE17537|7,0.229235880398671,0.557386363636364,0.566723484848485,0.050668270601416,0.768890133231513,0.707609148497506
SIG206,GSE17537,11,11,0.555681818181818,0,0.56,0.4806522857976,-0.00113636363636371,0.0780748663101604,0.555113636363636,0.500499500499501,ok,0.840734069080526,GSE17537|11,0.471760797342193,0.552272727272727,0.564223484848485,0.0501246113607265,-0.170408636292377,0.833284941027608
SIG207,GSE17537,13,13,0.535227272727273,0,0.626666666666667,0.191389143106684,0.00454545454545441,0.0566844919786096,0.557954545454546,0.696303696303696,ok,0.911939356686969,GSE17537|13,0.72093023255814,0.559090909090909,0.566738636363636,0.0455405052395278,-0.691941458941314,0.920336467095497
SIG208,GSE17537,7,6,0.659090909090909,0,0.713333333333333,0.862715073992522,0.0261363636363636,0.0780748663101604,0.554545454545455,0.036963036963037,ok,0.443556443556444,GSE17537|6,0.0498338870431894,0.553409090909091,0.563859848484849,0.0478008469461684,1.99224630294326,0.436899831611523
SIG209,GSE17537,5,5,0.505681818181818,1,0.533333333333333,0.0309384094255524,0.0113636363636362,0.0566844919786096,0.557954545454546,0.955044955044955,ok,0.99157708204558,GSE17537|5,0.933554817275748,0.559659090909091,0.567564393939394,0.0483540675333038,-1.2797801491044,0.983228331963486
SIG210,GSE17537,13,13,0.653409090909091,0,0.603333333333333,0.707348488691773,0.0249999999999999,0.0994652406417112,0.557954545454546,0.04995004995005,ok,0.470118117176941,GSE17537|13,0.0498338870431894,0.559090909090909,0.566738636363636,0.0455405052395278,1.9031509222306,0.436899831611523
SIG211,GSE17537,4,4,0.596590909090909,0,0.613333333333333,0.574662452647162,0.0136363636363636,0.0780748663101604,0.557954545454546,0.236763236763237,ok,0.70620288802107,GSE17537|4,0.262458471760797,0.555681818181818,0.566893939393939,0.0499704794599167,0.594290269333731,0.721960973408656
SIG212,GSE17537,3,3,0.521590909090909,0,0.44,0.193473205307279,-0.00340909090909092,0.0566844919786096,0.557386363636364,0.824175824175824,ok,0.95787989250459,GSE17537|3,0.87375415282392,0.563636363636364,0.571973484848485,0.0485482334856325,-1.03778391385726,0.969155386147849
SIG213,GSE17537,5,5,0.595454545454546,0,0.55,0.55171382162557,0.0261363636363636,0.0780748663101604,0.557954545454546,0.261738261738262,ok,0.72249466351343,GSE17537|5,0.269102990033223,0.559659090909091,0.567564393939394,0.0483540675333038,0.57679018411311,0.721960973408656
SIG214,GSE17537,5,5,0.552272727272727,0,0.57,0.411001478784754,0.00909090909090904,0.0566844919786096,0.557954545454546,0.544455544455544,ok,0.853685894073616,GSE17537|5,0.548172757475083,0.559659090909091,0.567564393939394,0.0483540675333038,-0.316243647054817,0.857384965096103
SIG215,GSE17537,4,4,0.535227272727273,0,0.493333333333333,0.152682901852076,-0.00113636363636371,0.0566844919786096,0.557954545454546,0.681318681318681,ok,0.904954742643876,GSE17537|4,0.704318936877076,0.555681818181818,0.566893939393939,0.0499704794599167,-0.633707481075252,0.913085414210695
SIG216,GSE17537,4,4,0.5125,0,0.606666666666667,0.176761257540704,0.0113636363636362,0.0352941176470588,0.557954545454546,0.889110889110889,ok,0.975481661195947,GSE17537|4,0.880398671096346,0.555681818181818,0.566893939393939,0.0499704794599167,-1.08852146270822,0.973712815959092
SIG217,GSE17537,8,8,0.636363636363636,0,0.586666666666667,1.10466037551129,0.0397727272727272,0.0994652406417112,0.557954545454546,0.100899100899101,ok,0.588833658742473,GSE17537|8,0.0564784053156146,0.551136363636364,0.559087121212121,0.0429690130823954,1.79842425059502,0.467407492267156
SIG218,GSE17537,4,4,0.563636363636364,0,0.516666666666667,0.56525049670428,0.0011363636363636,0.0780748663101604,0.557954545454546,0.45954045954046,ok,0.820760634714123,GSE17537|4,0.428571428571429,0.555681818181818,0.566893939393939,0.0499704794599167,-0.0651900040340494,0.798878497493903
SIG219,GSE17537,8,7,0.517045454545455,0,0.52,-0.149157808122637,-0.00113636363636371,0.013903743315508,0.557954545454546,0.862137862137862,ok,0.966775160323548,GSE17537|7,0.823920265780731,0.557386363636364,0.566723484848485,0.050668270601416,-0.980456402268475,0.95700357549849
SIG220,GSE17537,7,7,0.570454545454545,0,0.463333333333333,0.303775986652283,-0.00227272727272732,0.0780748663101604,0.557954545454546,0.416583416583417,ok,0.808003590612286,GSE17537|7,0.411960132890365,0.557386363636364,0.566723484848485,0.050668270601416,0.0736370229686866,0.794957320728843
SIG221,GSE17537,4,4,0.503409090909091,0,0.49,-0.0689695762297035,0.00568181818181812,0.013903743315508,0.557954545454546,0.962037962037962,ok,0.99303489206819,GSE17537|4,0.950166112956811,0.555681818181818,0.566893939393939,0.0499704794599167,-1.2704470553614,0.989508936930575
SIG222,GSE17537,3,3,0.502272727272727,1,0.51,0.13275280703796,0.0113636363636362,0.0780748663101604,0.557386363636364,0.984015984015984,ok,0.994859953302878,GSE17537|3,0.990033222591362,0.563636363636364,0.571973484848485,0.0485482334856325,-1.43570121035167,0.99573797138576
SIG223,GSE17537,4,4,0.505681818181818,0,0.556666666666667,-0.241604029669441,0.0022727272727272,0.013903743315508,0.557954545454546,0.945054945054945,ok,0.990450597437497,GSE17537|4,0.940199335548173,0.555681818181818,0.566893939393939,0.0499704794599167,-1.22496565719811,0.984287199701468
SIG224,GSE17537,3,3,0.5875,0,0.42,0.377617091984747,0.0102272727272726,0.0352941176470588,0.557386363636364,0.321678321678322,ok,0.750958132776315,GSE17537|3,0.318936877076412,0.563636363636364,0.571973484848485,0.0485482334856325,0.31981627418246,0.744962048645634
SIG225,GSE17537,5,5,0.590909090909091,0,0.56,0.606104099575836,-0.00340909090909092,0.0352941176470588,0.557954545454546,0.280719280719281,ok,0.72249466351343,GSE17537|5,0.275747508305648,0.559659090909091,0.567564393939394,0.0483540675333038,0.482786622937532,0.721960973408656
SIG226,GSE17537,5,5,0.551136363636364,1,0.54,0.325228728109258,0.0022727272727272,0.0566844919786096,0.557954545454546,0.548451548451548,ok,0.853685894073616,GSE17537|5,0.548172757475083,0.559659090909091,0.567564393939394,0.0483540675333038,-0.339744537348698,0.857384965096103
SIG227,GSE17537,8,8,0.563636363636364,0,0.513333333333333,0.544909999960097,0.0113636363636362,0.0780748663101604,0.557954545454546,0.460539460539461,ok,0.821528148077639,GSE17537|8,0.398671096345515,0.551136363636364,0.559087121212121,0.0429690130823954,0.105872630016412,0.791570325732563
SIG228,GSE17537,6,6,0.573863636363636,0,0.543333333333333,0.488223112783754,0.021590909090909,0.0994652406417112,0.554545454545455,0.367632367632368,ok,0.779088461207667,GSE17537|6,0.362126245847176,0.553409090909091,0.563859848484849,0.0478008469461684,0.20928055710087,0.770823051027248
SIG229,GSE17537,4,4,0.605681818181818,1,0.616666666666667,0.629470762143645,0.00454545454545441,0.0780748663101604,0.557954545454546,0.206793206793207,ok,0.684094062933653,GSE17537|4,0.205980066445183,0.555681818181818,0.566893939393939,0.0499704794599167,0.776215861986914,0.687271384945804
SIG230,GSE17537,16,16,0.506818181818182,1,0.533333333333333,-0.0719864970068039,0.0125,0.013903743315508,0.557954545454546,0.945054945054945,ok,0.990450597437497,GSE17537|16,0.92358803986711,0.553409090909091,0.561765151515152,0.0453015318796486,-1.21291637207646,0.980259279460946
SIG231,GSE17537,3,3,0.555681818181818,0,0.593333333333333,0.361456158186639,0.0295454545454545,0.0566844919786096,0.557386363636364,0.520479520479521,ok,0.848319761732325,GSE17537|3,0.564784053156146,0.563636363636364,0.571973484848485,0.0485482334856325,-0.335576920043614,0.861856132869487
SIG232,GSE17537,7,7,0.610227272727273,0,0.686666666666667,0.612704852281829,0.046590909090909,0.0566844919786096,0.557954545454546,0.186813186813187,ok,0.684094062933653,GSE17537|7,0.215946843853821,0.557386363636364,0.566723484848485,0.050668270601416,0.858600211975111,0.693341037122635
SIG233,GSE17537,10,10,0.584090909090909,0,0.556666666666667,0.46348990048991,0,0.0994652406417112,0.555681818181818,0.296703296703297,ok,0.734111249575167,GSE17537|10,0.272425249169435,0.557386363636364,0.562272727272727,0.0447579837377336,0.487470167244994,0.721960973408656
SIG234,GSE17537,13,12,0.5875,0,0.603333333333333,1.23216792696359,0.00568181818181812,0.0780748663101604,0.55625,0.270729270729271,ok,0.72249466351343,GSE17537|12,0.312292358803987,0.559659090909091,0.567333333333333,0.0467352798584247,0.431508417789678,0.737517009721592
SIG235,GSE17537,6,6,0.544318181818182,1,0.553333333333333,0.489181386671161,-0.00227272727272732,0.0566844919786096,0.554545454545455,0.587412587412587,ok,0.863063597975745,GSE17537|6,0.568106312292359,0.553409090909091,0.563859848484849,0.0478008469461684,-0.408814234791145,0.861856132869487
SIG236,GSE17537,5,5,0.625,0,0.646666666666667,0.956831222756908,0.0181818181818181,0.0780748663101604,0.557954545454546,0.144855144855145,ok,0.655947825759147,GSE17537|5,0.172757475083056,0.559659090909091,0.567564393939394,0.0483540675333038,1.1878133317543,0.673452369922304
SIG237,GSE17537,6,6,0.679545454545455,0,0.673333333333333,1.38442907702354,0.0386363636363636,0.0994652406417112,0.554545454545455,0.018981018981019,ok,0.383616383616384,GSE17537|6,0.0166112956810631,0.553409090909091,0.563859848484849,0.0478008469461684,2.42015808194544,0.342942878576787
SIG238,GSE17537,6,6,0.617045454545455,0,0.723333333333333,0.833380457391696,-0.0102272727272728,0.0780748663101604,0.554545454545455,0.147852147852148,ok,0.656877369206136,GSE17537|6,0.146179401993356,0.553409090909091,0.563859848484849,0.0478008469461684,1.11264986832769,0.642252750176756
SIG239,GSE17537,7,7,0.572727272727273,0,0.543333333333333,0.486013068005733,0,0.0994652406417112,0.557954545454546,0.402597402597403,ok,0.801999236602738,GSE17537|7,0.382059800664452,0.557386363636364,0.566723484848485,0.050668270601416,0.118492062340495,0.780377465186965
SIG240,GSE17537,6,6,0.536363636363636,0,0.483333333333333,0.124319457447677,-0.00909090909090915,0.0352941176470588,0.554545454545455,0.66033966033966,ok,0.897912286014269,GSE17537|6,0.664451827242525,0.553409090909091,0.563859848484849,0.0478008469461684,-0.575224371069778,0.899680894432756
SIG241,GSE17537,4,4,0.543181818181818,1,0.463333333333333,0.398594262185449,0,0.0566844919786096,0.557954545454546,0.619380619380619,ok,0.884393590101522,GSE17537|4,0.627906976744186,0.555681818181818,0.566893939393939,0.0499704794599167,-0.474522587503725,0.883997179351105
SIG242,GSE17537,6,6,0.505681818181818,0,0.433333333333333,-0.176019673324935,0.0238636363636363,0.013903743315508,0.554545454545455,0.949050949050949,ok,0.99081798158387,GSE17537|6,0.953488372093023,0.553409090909091,0.563859848484849,0.0478008469461684,-1.21709203957303,0.989508936930575
SIG243,GSE17537,8,8,0.589772727272727,0,0.616666666666667,0.64664140129075,-0.0102272727272728,0.0566844919786096,0.557954545454546,0.291708291708292,ok,0.727376519584312,GSE17537|8,0.229235880398671,0.551136363636364,0.559087121212121,0.0429690130823954,0.714133368661841,0.707609148497506
SIG244,GSE17537,13,13,0.585227272727273,0,0.616666666666667,0.539647216119653,0.00454545454545441,0.0352941176470588,0.557954545454546,0.311688311688312,ok,0.745257233426598,GSE17537|13,0.27906976744186,0.559090909090909,0.566738636363636,0.0455405052395278,0.405982240785265,0.721960973408656
SIG245,GSE17537,3,3,0.597727272727273,0,0.613333333333333,0.81755982055045,-0.00909090909090915,0.0994652406417112,0.557386363636364,0.258741258741259,ok,0.72249466351343,GSE17537|3,0.252491694352159,0.563636363636364,0.571973484848485,0.0485482334856325,0.53047837232656,0.721960973408656
SIG246,GSE17537,5,5,0.55,0,0.526666666666667,0.343151642180196,-0.00113636363636371,0.0780748663101604,0.557954545454546,0.562437562437563,ok,0.862685195495243,GSE17537|5,0.581395348837209,0.559659090909091,0.567564393939394,0.0483540675333038,-0.363245427642596,0.866676296403293
SIG247,GSE17537,3,3,0.663636363636364,0,0.68,0.692684260658673,0.0147727272727272,0.0780748663101604,0.557386363636364,0.044955044955045,ok,0.464689949226032,GSE17537|3,0.0564784053156146,0.563636363636364,0.571973484848485,0.0485482334856325,1.88807856036628,0.467407492267156
SIG248,GSE17537,5,5,0.511363636363636,0,0.47,0.275836141487997,0.00454545454545441,0.0566844919786096,0.557954545454546,0.893106893106893,ok,0.975904413227159,GSE17537|5,0.887043189368771,0.559659090909091,0.567564393939394,0.0483540675333038,-1.16227569763495,0.976041182406767
SIG249,GSE17537,4,4,0.530681818181818,0,0.38,0.114747608016987,0.00340909090909092,0.0352941176470588,0.557954545454546,0.72027972027972,ok,0.921958041958042,GSE17537|4,0.757475083056478,0.555681818181818,0.566893939393939,0.0499704794599167,-0.724670277401852,0.938291715786089
SIG250,GSE17537,4,4,0.554545454545455,0,0.53,0.166283284405114,-0.00227272727272732,0.0566844919786096,0.557954545454546,0.530469530469531,ok,0.853685894073616,GSE17537|4,0.504983388704319,0.555681818181818,0.566893939393939,0.0499704794599167,-0.247115596687232,0.84090902542263
SIG251,GSE17537,14,13,0.506818181818182,1,0.49,0.0809778203094689,-0.00340909090909092,0.0780748663101604,0.557954545454546,0.95004995004995,ok,0.99081798158387,GSE17537|13,0.953488372093023,0.559090909090909,0.566738636363636,0.0455405052395278,-1.31576174287687,0.989508936930575
SIG252,GSE17537,3,3,0.505681818181818,1,0.496666666666667,-0.146059077567764,0.0329545454545455,0.0780748663101604,0.557386363636364,0.958041958041958,ok,0.99157708204558,GSE17537|3,0.960132890365449,0.563636363636364,0.571973484848485,0.0485482334856325,-1.3654805109703,0.989508936930575
SIG253,GSE17537,3,3,0.538636363636364,0,0.53,0.336031409496668,0.0102272727272726,0.0566844919786096,0.557386363636364,0.666333666333666,ok,0.899691026273305,GSE17537|3,0.707641196013289,0.563636363636364,0.571973484848485,0.0485482334856325,-0.686680416950428,0.913085414210695
SIG254,GSE17537,3,3,0.503409090909091,0,0.45,0.287798675133596,0.0011363636363636,0.0352941176470588,0.557386363636364,0.974025974025974,ok,0.994859953302878,GSE17537|3,0.970099667774086,0.563636363636364,0.571973484848485,0.0485482334856325,-1.41229431055787,0.991949169610348
SIG255,GSE17537,3,2,0.510227272727273,1,0.546666666666667,-0.00794933995610268,0.0284090909090908,0.013903743315508,0.558522727272727,0.931068931068931,ok,0.988199197154421,GSE17537|2,0.910299003322259,0.556818181818182,0.567901515151515,0.0501171505257696,-1.15078853883735,0.978073089700997
SIG256,GSE17537,5,5,0.606818181818182,0,0.553333333333333,0.559002611218345,0.0011363636363636,0.0566844919786096,0.557954545454546,0.217782217782218,ok,0.694587804222356,GSE17537|5,0.255813953488372,0.559659090909091,0.567564393939394,0.0483540675333038,0.811799087052027,0.721960973408656
SIG257,GSE17537,4,3,0.543181818181818,0,0.546666666666667,0.263076747727385,0.0102272727272726,0.0994652406417112,0.557386363636364,0.628371628371628,ok,0.885810225017274,GSE17537|3,0.681063122923588,0.563636363636364,0.571973484848485,0.0485482334856325,-0.593052817775287,0.906824685168717
SIG258,GSE17537,6,4,0.507954545454545,0,0.553333333333333,0.214891465539018,-0.00227272727272732,0.0994652406417112,0.557954545454546,0.931068931068931,ok,0.988199197154421,GSE17537|4,0.910299003322259,0.555681818181818,0.566893939393939,0.0499704794599167,-1.17948425903482,0.978073089700997
SIG259,GSE17537,6,5,0.535227272727273,0,0.483333333333333,0.0787034550841949,0.00909090909090904,0.0352941176470588,0.557954545454546,0.685314685314685,ok,0.904954742643876,GSE17537|5,0.687707641196013,0.559659090909091,0.567564393939394,0.0483540675333038,-0.668757001463193,0.908114629364749
SIG260,GSE17537,5,5,0.604545454545455,0,0.61,0.779641509958867,0.0022727272727272,0.0566844919786096,0.557954545454546,0.221778221778222,ok,0.697768789122786,GSE17537|5,0.255813953488372,0.559659090909091,0.567564393939394,0.0483540675333038,0.764797306464248,0.721960973408656
SIG261,GSE17537,14,14,0.606818181818182,0,0.58,2.04873081234267,0.0181818181818181,0.0566844919786096,0.553409090909091,0.205794205794206,ok,0.684094062933653,GSE17537|14,0.172757475083056,0.55625,0.563753787878788,0.0449453558692302,0.95815002699481,0.673452369922304
SIG262,GSE17537,6,6,0.517045454545455,1,0.576666666666667,-0.0684883920229343,0.0159090909090909,0.013903743315508,0.554545454545455,0.836163836163836,ok,0.960762756094893,GSE17537|6,0.823920265780731,0.553409090909091,0.563859848484849,0.0478008469461684,-0.979363273460701,0.95700357549849
SIG263,GSE17537,4,4,0.606818181818182,0,0.686666666666667,0.506543827150535,0.0329545454545455,0.0566844919786096,0.557954545454546,0.202797202797203,ok,0.684094062933653,GSE17537|4,0.196013289036545,0.555681818181818,0.566893939393939,0.0499704794599167,0.79895656106857,0.680552468264315
SIG264,GSE17537,6,6,0.759090909090909,0,0.683333333333333,1.02408379742383,0.0488636363636363,0.0994652406417112,0.554545454545455,0.000999000999000999,ok,0.15984015984016,GSE17537|6,0.00332225913621262,0.553409090909091,0.563859848484849,0.0478008469461684,4.08425944473165,0.212624584717608
SIG265,GSE17537,7,7,0.609090909090909,1,0.6,1.14031469191923,0,0.120855614973262,0.557954545454546,0.194805194805195,ok,0.684094062933653,GSE17537|7,0.229235880398671,0.557386363636364,0.566723484848485,0.050668270601416,0.836172692289208,0.707609148497506
SIG266,GSE17537,5,5,0.578409090909091,0,0.55,0.413424329895885,0,0.0994652406417112,0.557954545454546,0.366633366633367,ok,0.779088461207667,GSE17537|5,0.362126245847176,0.559659090909091,0.567564393939394,0.0483540675333038,0.224276829704714,0.770823051027248
SIG267,GSE17537,11,11,0.642045454545455,0,0.523333333333333,0.972264944332045,0.0022727272727272,0.0780748663101604,0.555113636363636,0.0789210789210789,ok,0.539247229638689,GSE17537|11,0.102990033222591,0.552272727272727,0.564223484848485,0.0501246113607265,1.55257003664162,0.585032141382768
SIG268,GSE17537,6,6,0.589772727272727,0,0.583333333333333,0.280226992033994,0.00568181818181812,0.0352941176470588,0.554545454545455,0.266733266733267,ok,0.72249466351343,GSE17537|6,0.285714285714286,0.553409090909091,0.563859848484849,0.0478008469461684,0.542100829658116,0.723709008669431
SIG269,GSE17537,3,3,0.544318181818182,0,0.443333333333333,0.313382477415361,0.00340909090909092,0.0566844919786096,0.557386363636364,0.617382617382617,ok,0.884393590101522,GSE17537|3,0.6578073089701,0.563636363636364,0.571973484848485,0.0485482334856325,-0.56964591798149,0.897647500513569
SIG270,GSE17537,4,4,0.613636363636364,1,0.66,0.694827993859107,0.00454545454545441,0.0566844919786096,0.557954545454546,0.178821178821179,ok,0.678530955210797,GSE17537|4,0.176079734219269,0.555681818181818,0.566893939393939,0.0499704794599167,0.935400755558461,0.673452369922304
SIG271,GSE17537,5,5,0.539772727272727,0,0.526666666666667,0.403510835807158,0.0318181818181817,0.120855614973262,0.557954545454546,0.642357642357642,ok,0.893067830070003,GSE17537|5,0.6578073089701,0.559659090909091,0.567564393939394,0.0483540675333038,-0.574753440287635,0.897647500513569
SIG272,GSE17537,4,4,0.610227272727273,0,0.51,0.323302160379659,0.0022727272727272,0.0566844919786096,0.557954545454546,0.191808191808192,ok,0.684094062933653,GSE17537|4,0.182724252491694,0.555681818181818,0.566893939393939,0.0499704794599167,0.867178658313514,0.674674163046256
SIG273,GSE17537,4,4,0.515909090909091,1,0.463333333333333,-0.0435328207756126,0.0147727272727272,0.0566844919786096,0.557954545454546,0.845154845154845,ok,0.962445838185483,GSE17537|4,0.847176079734219,0.555681818181818,0.566893939393939,0.0499704794599167,-1.02029936546327,0.963042079982061
SIG274,GSE17537,8,8,0.517045454545455,0,0.493333333333333,0.0616478479872109,0.00340909090909092,0.0352941176470588,0.557954545454546,0.846153846153846,ok,0.962445838185483,GSE17537|8,0.830564784053156,0.551136363636364,0.559087121212121,0.0429690130823954,-0.978418251916771,0.96102228266722
SIG275,GSE17537,4,4,0.564772727272727,0,0.56,0.513474342166101,0.00454545454545441,0.0780748663101604,0.557954545454546,0.447552447552448,ok,0.809896983318284,GSE17537|4,0.428571428571429,0.555681818181818,0.566893939393939,0.0499704794599167,-0.0424493049524154,0.798878497493903
SIG276,GSE17537,12,12,0.642045454545455,0,0.593333333333333,0.814339854042741,0.0295454545454545,0.0994652406417112,0.55625,0.0699300699300699,ok,0.510051746006802,GSE17537|12,0.0830564784053156,0.559659090909091,0.567333333333333,0.0467352798584247,1.59862359738611,0.540570978095614
SIG277,GSE17537,6,6,0.503409090909091,1,0.436666666666667,-0.0629062549823718,0.0022727272727272,0.0566844919786096,0.554545454545455,0.968031968031968,ok,0.994859953302878,GSE17537|6,0.963455149501661,0.553409090909091,0.563859848484849,0.0478008469461684,-1.26463779279549,0.99133648823322
SIG278,GSE17537,5,5,0.619318181818182,0,0.63,1.1068236201342,0.00340909090909092,0.0780748663101604,0.557954545454546,0.164835164835165,ok,0.670515924753213,GSE17537|5,0.186046511627907,0.559659090909091,0.567564393939394,0.0483540675333038,1.07030888028484,0.679105137501105
SIG279,GSE17537,7,7,0.635227272727273,0,0.626666666666667,0.733533506335913,0.00454545454545441,0.0566844919786096,0.557954545454546,0.106893106893107,ok,0.594883377492073,GSE17537|7,0.132890365448505,0.557386363636364,0.566723484848485,0.050668270601416,1.35200564506486,0.637873754152824
SIG280,GSE17537,4,4,0.502272727272727,0,0.48,-0.125402771780253,0.00568181818181812,0.013903743315508,0.557954545454546,0.981018981018981,ok,0.994859953302878,GSE17537|4,0.990033222591362,0.555681818181818,0.566893939393939,0.0499704794599167,-1.29318775444305,0.99573797138576
SIG281,GSE17537,4,4,0.589772727272727,0,0.526666666666667,0.211712988054817,0.0147727272727272,0.0780748663101604,0.557954545454546,0.277722277722278,ok,0.72249466351343,GSE17537|4,0.295681063122924,0.555681818181818,0.566893939393939,0.0499704794599167,0.457846074843841,0.727830309225658
SIG282,GSE17537,16,16,0.614772727272727,0,0.513333333333333,1.36977285508232,0.0022727272727272,0.0566844919786096,0.557954545454546,0.151848151848152,ok,0.659340659340659,GSE17537|16,0.129568106312292,0.553409090909091,0.561765151515152,0.0453015318796486,1.17010559153715,0.628209000302024
SIG283,GSE17537,10,10,0.5875,0,0.54,0.534781912835777,-0.00681818181818183,0.0780748663101604,0.555681818181818,0.278721278721279,ok,0.72249466351343,GSE17537|10,0.252491694352159,0.557386363636364,0.562272727272727,0.0447579837377336,0.563637380877027,0.721960973408656
SIG284,GSE17537,3,3,0.686363636363636,0,0.636666666666667,0.73922109789591,0.0159090909090909,0.0994652406417112,0.557386363636364,0.023976023976024,ok,0.40738023038908,GSE17537|3,0.0299003322259136,0.563636363636364,0.571973484848485,0.0485482334856325,2.35621655624203,0.395921640508649
SIG285,GSE17537,9,9,0.677272727272727,0,0.673333333333333,1.46419172092829,0.0227272727272727,0.0780748663101604,0.559090909090909,0.018981018981019,ok,0.383616383616384,GSE17537|9,0.0166112956810631,0.554545454545455,0.564772727272727,0.0475425888609789,2.36629941059721,0.342942878576787
SIG286,GSE17537,5,5,0.660227272727273,0,0.613333333333333,1.40261293219905,0.00340909090909092,0.120855614973262,0.557954545454546,0.058941058941059,ok,0.502963702963703,GSE17537|5,0.0332225913621263,0.559659090909091,0.567564393939394,0.0483540675333038,1.91634093086497,0.408893432149246
SIG287,GSE17537,3,3,0.610227272727273,0,0.576666666666667,0.507394634460377,0.0295454545454545,0.0566844919786096,0.557386363636364,0.188811188811189,ok,0.684094062933653,GSE17537|3,0.209302325581395,0.563636363636364,0.571973484848485,0.0485482334856325,0.78795427005823,0.687271384945804
SIG288,GSE17537,5,5,0.657954545454546,0,0.67,0.355509358534288,0.0204545454545454,0.0566844919786096,0.557954545454546,0.0609390609390609,ok,0.504758399495242,GSE17537|5,0.0332225913621263,0.559659090909091,0.567564393939394,0.0483540675333038,1.86933915027719,0.408893432149246
SIG289,GSE17537,17,16,0.579545454545455,0,0.576666666666667,0.924232091260383,-0.00227272727272732,0.0566844919786096,0.557954545454546,0.335664335664336,ok,0.757788518632598,GSE17537|16,0.305647840531561,0.553409090909091,0.561765151515152,0.0453015318796486,0.392487898147462,0.728094111439948
SIG290,GSE17537,3,3,0.680681818181818,0,0.716666666666667,0.916977085274354,0.0363636363636364,0.0994652406417112,0.557386363636364,0.024975024975025,ok,0.416974330017808,GSE17537|3,0.0299003322259136,0.563636363636364,0.571973484848485,0.0485482334856325,2.2391820572731,0.395921640508649
SIG291,GSE17537,3,3,0.652272727272727,0,0.62,0.482792695405906,0.0147727272727272,0.0566844919786096,0.557386363636364,0.0629370629370629,ok,0.504758399495242,GSE17537|3,0.0764119601328904,0.563636363636364,0.571973484848485,0.0485482334856325,1.65400956242839,0.520251643457977
SIG292,GSE17537,15,14,0.576136363636364,0,0.513333333333333,0.544875514146431,0.021590909090909,0.0780748663101604,0.553409090909091,0.358641358641359,ok,0.772829863738955,GSE17537|14,0.355481727574751,0.55625,0.563753787878788,0.0449453558692302,0.275502897198181,0.765162462941168
SIG293,GSE17537,7,6,0.586363636363636,0,0.636666666666667,0.932440098251625,0.00795454545454533,0.0994652406417112,0.554545454545455,0.287712287712288,ok,0.727376519584312,GSE17537|6,0.299003322259136,0.553409090909091,0.563859848484849,0.0478008469461684,0.470782199824418,0.728094111439948
SIG294,GSE17537,4,4,0.556818181818182,1,0.556666666666667,0.399836005015642,0.0147727272727272,0.0780748663101604,0.557954545454546,0.515484515484515,ok,0.844479752329582,GSE17537|4,0.478405315614618,0.555681818181818,0.566893939393939,0.0499704794599167,-0.201634198523942,0.839158361018826
SIG295,GSE17537,9,7,0.528409090909091,0,0.566666666666667,0.0518192453070556,0.00454545454545441,0.0566844919786096,0.557954545454546,0.744255744255744,ok,0.927301121979902,GSE17537|7,0.700996677740864,0.557386363636364,0.566723484848485,0.050668270601416,-0.756181205409507,0.910631678797333
SIG296,GSE17537,11,11,0.646590909090909,0,0.67,0.7196009801375,0.0284090909090908,0.0566844919786096,0.555113636363636,0.0699300699300699,ok,0.510051746006802,GSE17537|11,0.0963455149501661,0.552272727272727,0.564223484848485,0.0501246113607265,1.64325312469077,0.576272238954265
SIG297,GSE17537,11,11,0.561363636363636,0,0.493333333333333,0.209631226704863,0.0011363636363636,0.0566844919786096,0.555113636363636,0.456543456543457,ok,0.820752281426439,GSE17537|11,0.431893687707641,0.552272727272727,0.564223484848485,0.0501246113607265,-0.057054776230936,0.798878497493903
SIG298,GSE17537,9,9,0.5125,0,0.546666666666667,0.23323175296799,0.00340909090909092,0.0566844919786096,0.559090909090909,0.905094905094905,ok,0.97956097956098,GSE17537|9,0.87375415282392,0.554545454545455,0.564772727272727,0.0475425888609789,-1.09949265542901,0.969155386147849
SIG300,GSE17537,5,5,0.535227272727273,0,0.52,0.0704168443508677,0.0022727272727272,0.0780748663101604,0.557954545454546,0.685314685314685,ok,0.904954742643876,GSE17537|5,0.687707641196013,0.559659090909091,0.567564393939394,0.0483540675333038,-0.668757001463193,0.908114629364749
SIG301,GSE17537,7,7,0.5375,1,0.49,0.139537548806064,0,0.0780748663101604,0.557954545454546,0.657342657342657,ok,0.897013434326867,GSE17537|7,0.644518272425249,0.557386363636364,0.566723484848485,0.050668270601416,-0.576761047922331,0.890910786937709
SIG302,GSE17537,6,6,0.603409090909091,0,0.636666666666667,0.750567022295965,0.0204545454545454,0.0780748663101604,0.554545454545455,0.207792207792208,ok,0.684094062933653,GSE17537|6,0.205980066445183,0.553409090909091,0.563859848484849,0.0478008469461684,0.827375348992905,0.687271384945804
SIG303,GSE17537,3,3,0.502272727272727,0,0.456666666666667,-0.0484574096678815,0.0147727272727272,0.0780748663101604,0.557386363636364,0.984015984015984,ok,0.994859953302878,GSE17537|3,0.990033222591362,0.563636363636364,0.571973484848485,0.0485482334856325,-1.43570121035167,0.99573797138576
SIG304,GSE17537,4,4,0.517045454545455,0,0.453333333333333,0.143716713850423,-0.00113636363636371,0.0566844919786096,0.557954545454546,0.833166833166833,ok,0.960762756094893,GSE17537|4,0.833887043189369,0.555681818181818,0.566893939393939,0.0499704794599167,-0.997558666381615,0.96102228266722
SIG305,GSE17537,7,7,0.570454545454545,0,0.533333333333333,0.382752580832875,0.00568181818181812,0.0994652406417112,0.557954545454546,0.416583416583417,ok,0.808003590612286,GSE17537|7,0.411960132890365,0.557386363636364,0.566723484848485,0.050668270601416,0.0736370229686866,0.794957320728843
SIG306,GSE17537,11,11,0.5875,0,0.54,0.78728715600012,0.0113636363636362,0.0566844919786096,0.555113636363636,0.273726273726274,ok,0.72249466351343,GSE17537|11,0.282392026578073,0.552272727272727,0.564223484848485,0.0501246113607265,0.464372980051727,0.721960973408656
SIG307,GSE17537,13,13,0.568181818181818,0,0.53,0.556953712968318,0.0204545454545454,0.0994652406417112,0.557954545454546,0.434565434565435,ok,0.808003590612286,GSE17537|13,0.418604651162791,0.559090909090909,0.566738636363636,0.0455405052395278,0.0316900704239213,0.798133992286552
SIG308,GSE17537,5,5,0.627272727272727,0,0.533333333333333,0.316636574206067,0.00795454545454533,0.0566844919786096,0.557954545454546,0.136863136863137,ok,0.648832648832649,GSE17537|5,0.152823920265781,0.559659090909091,0.567564393939394,0.0483540675333038,1.23481511234208,0.650602942151439
SIG309,GSE17537,3,3,0.609090909090909,0,0.53,0.434990143800652,0.0102272727272726,0.0566844919786096,0.557386363636364,0.197802197802198,ok,0.684094062933653,GSE17537|3,0.215946843853821,0.563636363636364,0.571973484848485,0.0485482334856325,0.764547370264436,0.693341037122635
SIG310,GSE17537,4,4,0.580681818181818,0,0.52,0.318164781016826,0.021590909090909,0.0352941176470588,0.557954545454546,0.33966033966034,ok,0.760965988503911,GSE17537|4,0.32890365448505,0.555681818181818,0.566893939393939,0.0499704794599167,0.275920482190658,0.75357400550274
SIG311,GSE17537,5,4,0.505681818181818,0,0.52,0.246692641732516,0.00909090909090904,0.0566844919786096,0.557954545454546,0.945054945054945,ok,0.990450597437497,GSE17537|4,0.940199335548173,0.555681818181818,0.566893939393939,0.0499704794599167,-1.22496565719811,0.984287199701468
SIG312,GSE17537,9,9,0.620454545454546,0,0.63,1.68643158645161,0.0488636363636363,0.142245989304813,0.559090909090909,0.134865134865135,ok,0.645738301598651,GSE17537|9,0.159468438538206,0.554545454545455,0.564772727272727,0.0475425888609789,1.17119869817439,0.659869400847749
SIG313,GSE17537,3,3,0.552272727272727,0,0.553333333333333,0.151819546231133,0.0113636363636362,0.0566844919786096,0.557386363636364,0.53946053946054,ok,0.853685894073616,GSE17537|3,0.588039867109635,0.563636363636364,0.571973484848485,0.0485482334856325,-0.405797619424981,0.866965846570657
SIG314,GSE17537,8,7,0.572727272727273,0,0.55,0.655696655153854,-0.00568181818181823,0.0780748663101604,0.557954545454546,0.402597402597403,ok,0.801999236602738,GSE17537|7,0.382059800664452,0.557386363636364,0.566723484848485,0.050668270601416,0.118492062340495,0.780377465186965
SIG315,GSE17537,8,8,0.648863636363636,0,0.636666666666667,0.810760786246279,0.0363636363636364,0.0780748663101604,0.557954545454546,0.0739260739260739,ok,0.521831110066404,GSE17537|8,0.0365448504983389,0.551136363636364,0.559087121212121,0.0429690130823954,2.08933156038198,0.420156365010842
SIG316,GSE17537,10,10,0.759090909090909,0,0.706666666666667,1.14233774753936,0.0477272727272726,0.0994652406417112,0.555681818181818,0.000999000999000999,ok,0.15984015984016,GSE17537|10,0.00332225913621262,0.557386363636364,0.562272727272727,0.0447579837377336,4.39738713368923,0.212624584717608
SIG317,GSE17537,7,7,0.538636363636364,0,0.533333333333333,0.248230310190114,-0.00681818181818183,0.0566844919786096,0.557954545454546,0.651348651348651,ok,0.897013434326867,GSE17537|7,0.631229235880399,0.557386363636364,0.566723484848485,0.050668270601416,-0.554333528236425,0.883997179351105
SIG318,GSE17537,4,4,0.586363636363636,0,0.576666666666667,0.61187771621447,0.0261363636363636,0.0994652406417112,0.557954545454546,0.300699300699301,ok,0.736406450692165,GSE17537|4,0.305647840531561,0.555681818181818,0.566893939393939,0.0499704794599167,0.389623977598894,0.728094111439948
SIG319,GSE17537,8,8,0.580681818181818,0,0.503333333333333,0.632916211377415,0.00340909090909092,0.0994652406417112,0.557954545454546,0.348651348651349,ok,0.764167339509805,GSE17537|8,0.285714285714286,0.551136363636364,0.559087121212121,0.0429690130823954,0.502564416089514,0.723709008669431
SIG320,GSE17537,8,8,0.570454545454545,0,0.463333333333333,0.654745943607072,0.0022727272727272,0.0780748663101604,0.557954545454546,0.414585414585415,ok,0.808003590612286,GSE17537|8,0.345514950166113,0.551136363636364,0.559087121212121,0.0429690130823954,0.264549344445638,0.756429537421821
SIG321,GSE17537,3,3,0.581818181818182,0,0.56,0.360072554628976,0,0.0994652406417112,0.557386363636364,0.355644355644356,ok,0.768095796217281,GSE17537|3,0.345514950166113,0.563636363636364,0.571973484848485,0.0485482334856325,0.202781775213523,0.756429537421821
SIG322,GSE17537,7,7,0.615909090909091,0,0.573333333333333,1.03158074852136,0.0125,0.0780748663101604,0.557954545454546,0.167832167832168,ok,0.674234856053038,GSE17537|7,0.209302325581395,0.557386363636364,0.566723484848485,0.050668270601416,0.970737810404595,0.687271384945804
SIG323,GSE17537,5,5,0.618181818181818,0,0.576666666666667,0.714544696700855,0.0136363636363636,0.0566844919786096,0.557954545454546,0.167832167832168,ok,0.674234856053038,GSE17537|5,0.20265780730897,0.559659090909091,0.567564393939394,0.0483540675333038,1.04680798999094,0.687271384945804
SIG324,GSE17537,3,3,0.527272727272727,0,0.553333333333333,0.0702042216868838,0,0.0780748663101604,0.557386363636364,0.774225774225774,ok,0.939641900451003,GSE17537|3,0.827242524916944,0.563636363636364,0.571973484848485,0.0485482334856325,-0.920749414888324,0.95854293774323
SIG325,GSE17537,3,3,0.719318181818182,0,0.72,1.04840314907494,0.0738636363636362,0.0780748663101604,0.557386363636364,0.004995004995005,ok,0.250184598010685,GSE17537|3,0.00996677740863787,0.563636363636364,0.571973484848485,0.0485482334856325,3.0350166502619,0.318936877076412
SIG326,GSE17537,9,9,0.590909090909091,0,0.69,1.10927409991794,0,0.0780748663101604,0.559090909090909,0.28971028971029,ok,0.727376519584312,GSE17537|9,0.302325581395349,0.554545454545455,0.564772727272727,0.0475425888609789,0.549746327714506,0.728094111439948
SIG327,GSE17537,3,2,0.675,0,0.663333333333333,0.642676715896817,0.0329545454545455,0.0780748663101604,0.558522727272727,0.026973026973027,ok,0.426240426240426,GSE17537|2,0.0332225913621263,0.556818181818182,0.567901515151515,0.0501171505257696,2.13696277072688,0.408893432149246
SIG328,GSE17537,9,9,0.535227272727273,0,0.563333333333333,0.126415279308602,0.00795454545454533,0.0780748663101604,0.559090909090909,0.703296703296703,ok,0.913001805496735,GSE17537|9,0.631229235880399,0.554545454545455,0.564772727272727,0.0475425888609789,-0.621452370459869,0.883997179351105
SIG329,GSE17537,5,4,0.645454545454546,0,0.623333333333333,0.711661616510576,0.0329545454545455,0.0780748663101604,0.557954545454546,0.0829170829170829,ok,0.550867817303803,GSE17537|4,0.0863787375415282,0.555681818181818,0.566893939393939,0.0499704794599167,1.57214032984461,0.549162834701107
SIG330,GSE17537,16,16,0.505681818181818,1,0.506666666666667,-0.0603534117843114,-0.00227272727272732,0.0352941176470588,0.557954545454546,0.956043956043956,ok,0.99157708204558,GSE17537|16,0.940199335548173,0.553409090909091,0.561765151515152,0.0453015318796486,-1.23800081379872,0.984287199701468
SIG331,GSE17537,4,4,0.625,0,0.566666666666667,0.790528029872456,0.0113636363636362,0.0352941176470588,0.557954545454546,0.138861138861139,ok,0.651775409056962,GSE17537|4,0.146179401993356,0.555681818181818,0.566893939393939,0.0499704794599167,1.16280774637493,0.642252750176756
SIG332,GSE17537,3,3,0.573863636363636,0,0.493333333333333,0.159829628067562,0.0011363636363636,0.0780748663101604,0.557386363636364,0.402597402597403,ok,0.801999236602738,GSE17537|3,0.425249169435216,0.563636363636364,0.571973484848485,0.0485482334856325,0.0389334766569937,0.798878497493903
SIG334,GSE17537,4,4,0.567045454545455,0,0.606666666666667,0.485386862121636,0.00795454545454533,0.0352941176470588,0.557954545454546,0.430569430569431,ok,0.808003590612286,GSE17537|4,0.40531561461794,0.555681818181818,0.566893939393939,0.0499704794599167,0.00303209321089475,0.792470448132836
SIG335,GSE17537,8,7,0.7125,0,0.79,1.77703978722961,0.0727272727272726,0.0994652406417112,0.557954545454546,0.003996003996004,ok,0.250184598010685,GSE17537|7,0.00664451827242525,0.557386363636364,0.566723484848485,0.050668270601416,2.87707698370588,0.283499446290144
SIG336,GSE17537,3,3,0.623863636363636,0,0.716666666666667,0.348046491633372,0.0113636363636362,0.0780748663101604,0.557386363636364,0.136863136863137,ok,0.648832648832649,GSE17537|3,0.169435215946844,0.563636363636364,0.571973484848485,0.0485482334856325,1.06883706758368,0.673452369922304
SIG337,GSE17537,4,4,0.545454545454545,0,0.603333333333333,0.256436199360431,0.0443181818181817,0.0994652406417112,0.557954545454546,0.604395604395604,ok,0.875803441841178,GSE17537|4,0.601328903654485,0.555681818181818,0.566893939393939,0.0499704794599167,-0.429041189340435,0.869610661092239
SIG338,GSE17537,3,3,0.607954545454545,1,0.593333333333333,0.573285093696104,0.0022727272727272,0.0780748663101604,0.557386363636364,0.204795204795205,ok,0.684094062933653,GSE17537|3,0.215946843853821,0.563636363636364,0.571973484848485,0.0485482334856325,0.741140470470639,0.693341037122635
SIG001,GSE29621,4,4,0.614066726780884,0,0.605978260869565,0.524644931947042,0.0495942290351669,0.081447963800905,0.552750225428314,0.124875124875125,ok,0.634404355334588,GSE29621|4,0.109634551495017,0.545085662759243,0.555662759242561,0.0436909880960921,1.33675089723015,0.596312574703773
SIG002,GSE29621,4,4,0.57439134355275,1,0.573369565217391,0.703634084464538,0.0081154192966636,0.0271493212669683,0.552750225428314,0.347652347652348,ok,0.76372140445367,GSE29621|4,0.302325581395349,0.545085662759243,0.555662759242561,0.0436909880960921,0.428660122517674,0.728094111439948
SIG003,GSE29621,13,11,0.569882777276826,0,0.573369565217391,0.599309160186629,0.0126239855725879,0.0452488687782806,0.549143372407574,0.341658341658342,ok,0.761002338728557,GSE29621|11,0.305647840531561,0.543733092876465,0.553183047790803,0.0382696326633095,0.436370258187353,0.728094111439948
SIG004,GSE29621,9,8,0.547339945897205,1,0.404891304347826,0.370767537207314,0.00450856627592422,0.0633484162895928,0.54824165915239,0.509490509490509,ok,0.842568284428749,GSE29621|8,0.551495016611296,0.551397655545537,0.558563270213405,0.0416959058611216,-0.26917089542514,0.857384965096103
SIG005,GSE29621,6,6,0.594229035166817,0,0.698369565217391,0.477547309419778,0.0261496844003607,0.0271493212669683,0.547339945897205,0.191808191808192,ok,0.684094062933653,GSE29621|6,0.196013289036545,0.549143372407574,0.55629095281034,0.0387934212316958,0.977951445166181,0.680552468264315
SIG006,GSE29621,8,8,0.568079350766456,1,0.532608695652174,0.684348334298169,0.00541027953110917,0.0452488687782806,0.54824165915239,0.345654345654346,ok,0.763273423823883,GSE29621|8,0.365448504983389,0.551397655545537,0.558563270213405,0.0416959058611216,0.228225777963577,0.77151037219348
SIG007,GSE29621,15,15,0.501352569882777,1,0.489130434782609,-0.179616532599151,0.00270513976555453,0.00904977375565611,0.549143372407574,0.997002997002997,ok,1,GSE29621|15,0.983388704318937,0.550045085662759,0.555031559963932,0.0391208824302191,-1.37213137195724,0.994787308900084
SIG009,GSE29621,6,6,0.519386834986474,1,0.513586956521739,0.301865858336869,-0.00360685302073949,0.0633484162895928,0.547339945897205,0.788211788211788,ok,0.944673304223866,GSE29621|6,0.817275747508306,0.549143372407574,0.55629095281034,0.0387934212316958,-0.951298355549872,0.954877680459076
SIG010,GSE29621,6,6,0.570784490532011,1,0.592391304347826,0.304445939713516,0.000901713255184844,0.0633484162895928,0.547339945897205,0.332667332667333,ok,0.757676487213854,GSE29621|6,0.322259136212625,0.549143372407574,0.55629095281034,0.0387934212316958,0.373608134098507,0.745466917503903
SIG011,GSE29621,3,3,0.523895401262399,1,0.559782608695652,0.197881012092656,0.00541027953110917,0.0452488687782806,0.549143372407574,0.758241758241758,ok,0.935619650272607,GSE29621|3,0.760797342192691,0.550495942290352,0.55809738503156,0.0403743505281281,-0.847121583920787,0.93864979817754
SIG012,GSE29621,3,3,0.594229035166817,1,0.543478260869565,0.538807890505781,0.00270513976555453,0.0452488687782806,0.549143372407574,0.18981018981019,ok,0.684094062933653,GSE29621|3,0.192691029900332,0.550495942290352,0.55809738503156,0.0403743505281281,0.894915946947178,0.680085987883525
SIG013,GSE29621,9,9,0.502254283137962,0,0.489130434782609,-0.0342429693521124,0.00360685302073938,0.00904977375565611,0.549143372407574,0.985014985014985,ok,0.994859953302878,GSE29621|9,0.980066445182724,0.548692515779982,0.556654643823264,0.0434004538837322,-1.25345142313576,0.991949169610348
SIG014,GSE29621,15,15,0.592425608656447,1,0.611413043478261,0.42795006186726,0.00180342651036969,0.0452488687782806,0.549143372407574,0.185814185814186,ok,0.684094062933653,GSE29621|15,0.196013289036545,0.550045085662759,0.555031559963932,0.0391208824302191,0.955859028978096,0.680552468264315
SIG015,GSE29621,3,3,0.530207394048692,0,0.513586956521739,0.386514468063997,0.0153291253381425,0.0452488687782806,0.549143372407574,0.679320679320679,ok,0.904954742643876,GSE29621|3,0.700996677740864,0.550495942290352,0.55809738503156,0.0403743505281281,-0.690784882432658,0.910631678797333
SIG016,GSE29621,57,50,0.588818755635708,0,0.597826086956522,1.03487124727402,0.0477908025247972,0.0452488687782806,0.54643823264202,0.217782217782218,ok,0.694587804222356,GSE29621|50,0.186046511627907,0.545085662759243,0.552608957018335,0.0394499186964383,0.917867509335128,0.679105137501105
SIG018,GSE29621,9,9,0.596934174932372,0,0.635869565217391,0.743402733072607,0.0135256988277728,0.0633484162895928,0.549143372407574,0.163836163836164,ok,0.670515924753213,GSE29621|9,0.172757475083056,0.548692515779982,0.556654643823264,0.0434004538837322,0.928090089034893,0.673452369922304
SIG019,GSE29621,12,12,0.589720468890893,0,0.513586956521739,0.600869389872385,0.0441839495040577,0.0452488687782806,0.550495942290352,0.238761238761239,ok,0.70620288802107,GSE29621|12,0.205980066445183,0.549143372407574,0.558764652840397,0.0443164238800521,0.698517915937487,0.687271384945804
SIG020,GSE29621,5,3,0.584310189359784,0,0.573369565217391,0.503936511193924,0.0414788097385032,0.081447963800905,0.549143372407574,0.237762237762238,ok,0.70620288802107,GSE29621|3,0.235880398671096,0.550495942290352,0.55809738503156,0.0403743505281281,0.649243987465805,0.717734335100642
SIG021,GSE29621,10,8,0.569882777276826,0,0.638586956521739,0.34599622010007,0.011722272317403,0.081447963800905,0.54824165915239,0.335664335664336,ok,0.757788518632598,GSE29621|8,0.355481727574751,0.551397655545537,0.558563270213405,0.0416959058611216,0.271477662606082,0.765162462941168
SIG022,GSE29621,4,4,0.557258791704238,0,0.524456521739131,0.283686662027189,0.00541027953110917,0.0271493212669683,0.552750225428314,0.467532467532468,ok,0.823543429048016,GSE29621|4,0.415282392026578,0.545085662759243,0.555662759242561,0.0436909880960921,0.0365300152554758,0.794957320728843
SIG023,GSE29621,9,9,0.502254283137962,0,0.491847826086957,0.246347080351745,-0.00721370604147886,0.0452488687782806,0.549143372407574,0.985014985014985,ok,0.994859953302878,GSE29621|9,0.980066445182724,0.548692515779982,0.556654643823264,0.0434004538837322,-1.25345142313576,0.991949169610348
SIG024,GSE29621,7,6,0.560865644724978,0,0.589673913043478,0.271751326736711,0.00360685302073938,0.0452488687782806,0.547339945897205,0.400599400599401,ok,0.801999236602738,GSE29621|6,0.40531561461794,0.549143372407574,0.55629095281034,0.0387934212316958,0.117924425569885,0.792470448132836
SIG025,GSE29621,13,11,0.531109107303877,1,0.467391304347826,0.417447975871844,0.00901713255184855,0.0452488687782806,0.549143372407574,0.675324675324675,ok,0.904428904428904,GSE29621|11,0.654485049833887,0.543733092876465,0.553183047790803,0.0382696326633095,-0.576800427668821,0.896938826324813
SIG026,GSE29621,31,29,0.531109107303877,1,0.478260869565217,0.60461578406714,-0.0018034265103698,0.00904977375565611,0.549143372407574,0.675324675324675,ok,0.904428904428904,GSE29621|29,0.667774086378738,0.54643823264202,0.554514577697626,0.0400340238945638,-0.584639467054091,0.900369554667961
SIG027,GSE29621,4,4,0.666366095581605,1,0.665760869565217,0.717407916666272,0.0432822362488728,0.0452488687782806,0.552750225428314,0.014985014985015,ok,0.368861907323446,GSE29621|4,0.0166112956810631,0.545085662759243,0.555662759242561,0.0436909880960921,2.53377964571476,0.342942878576787
SIG028,GSE29621,4,4,0.569882777276826,0,0.581521739130435,0.297914343156076,0.00270513976555453,0.0452488687782806,0.552750225428314,0.378621378621379,ok,0.791026166434219,GSE29621|4,0.32890365448505,0.545085662759243,0.555662759242561,0.0436909880960921,0.325467989027627,0.75357400550274
SIG029,GSE29621,5,4,0.587917042380523,0,0.614130434782609,0.16744101296747,0.0432822362488728,0.00904977375565611,0.552750225428314,0.248751248751249,ok,0.710717853574996,GSE29621|4,0.242524916943522,0.545085662759243,0.555662759242561,0.0436909880960921,0.738236522987839,0.721960973408656
SIG030,GSE29621,7,7,0.558160504959423,1,0.559782608695652,0.457259689426533,0.00360685302073938,0.0452488687782806,0.550045085662759,0.443556443556444,ok,0.809048771134079,GSE29621|7,0.398671096345515,0.54643823264202,0.556402164111812,0.0434084081214454,0.0405069184451832,0.791570325732563
SIG031,GSE29621,4,4,0.614066726780884,0,0.540760869565217,0.453416342883415,0.00270513976555453,0.0452488687782806,0.552750225428314,0.124875124875125,ok,0.634404355334588,GSE29621|4,0.109634551495017,0.545085662759243,0.555662759242561,0.0436909880960921,1.33675089723015,0.596312574703773
SIG032,GSE29621,10,10,0.51668169522092,0,0.532608695652174,-0.221548925227014,0,0.0452488687782806,0.547790802524797,0.82017982017982,ok,0.956136534573845,GSE29621|10,0.820598006644518,0.547339945897205,0.557688608355876,0.0423930281184338,-0.967303232512544,0.954877680459076
SIG033,GSE29621,10,9,0.57619477006312,0,0.608695652173913,0.558719268181566,0.0405770964833183,0.0633484162895928,0.549143372407574,0.280719280719281,ok,0.72249466351343,GSE29621|9,0.259136212624585,0.548692515779982,0.556654643823264,0.0434004538837322,0.450228614940362,0.721960973408656
SIG034,GSE29621,14,14,0.673579801623084,0,0.701086956521739,1.58165569977662,0.0441839495040577,0.081447963800905,0.545536519386835,0.00999000999000999,ok,0.325098630183376,GSE29621|14,0.0199335548172757,0.547790802524797,0.556197775773971,0.0407726044241067,2.87894353346022,0.357686217281957
SIG035,GSE29621,3,2,0.661857529305681,0,0.730978260869565,0.701951743006618,0.060414788097385,0.0995475113122172,0.552750225428314,0.025974025974026,ok,0.426240426240426,GSE29621|2,0.026578073089701,0.557258791704238,0.561568981064022,0.0409291666895328,2.45029538476548,0.380820151733029
SIG036,GSE29621,13,12,0.504959422903517,1,0.578804347826087,-0.109059130916784,-0.00360685302073949,0.0452488687782806,0.550495942290352,0.949050949050949,ok,0.99081798158387,GSE29621|12,0.940199335548173,0.549143372407574,0.558764652840397,0.0443164238800521,-1.21411488622165,0.984287199701468
SIG037,GSE29621,14,13,0.554553651938684,0,0.559782608695652,0.437075613566028,0.0153291253381425,0.0452488687782806,0.547339945897205,0.431568431568432,ok,0.808003590612286,GSE29621|13,0.465116279069768,0.552299368800721,0.557373008716562,0.0394790505810977,-0.0714139964456837,0.832267712780945
SIG038,GSE29621,3,3,0.504959422903517,0,0.5,-0.0750158593949648,-0.00901713255184855,0.0452488687782806,0.549143372407574,0.959040959040959,ok,0.99157708204558,GSE29621|3,0.950166112956811,0.550495942290352,0.55809738503156,0.0403743505281281,-1.31613168838524,0.989508936930575
SIG039,GSE29621,14,14,0.561767357980162,0,0.684782608695652,0.671005255748949,0.0126239855725879,0.0452488687782806,0.545536519386835,0.366633366633367,ok,0.779088461207667,GSE29621|14,0.398671096345515,0.547790802524797,0.556197775773971,0.0407726044241067,0.136601089993123,0.791570325732563
SIG040,GSE29621,15,13,0.603246167718666,1,0.652173913043478,0.620406617150031,0.00270513976555453,0.0452488687782806,0.547339945897205,0.13986013986014,ok,0.651775409056962,GSE29621|13,0.152823920265781,0.552299368800721,0.557373008716562,0.0394790505810977,1.16196206157167,0.650602942151439
SIG041,GSE29621,10,10,0.523895401262399,1,0.535326086956522,0.0296500811038194,0.0135256988277728,-0.0271493212669683,0.547790802524797,0.752247752247752,ok,0.931816570526248,GSE29621|10,0.747508305647841,0.547339945897205,0.557688608355876,0.0423930281184338,-0.797140676034484,0.931958407041463
SIG042,GSE29621,8,7,0.568079350766456,0,0.603260869565217,0.472617162957602,0.0288548241659152,0.0452488687782806,0.550045085662759,0.35964035964036,ok,0.773246909865051,GSE29621|7,0.338870431893688,0.54643823264202,0.556402164111812,0.0434084081214454,0.269007484033366,0.756429537421821
SIG043,GSE29621,14,14,0.539224526600541,0,0.554347826086957,0.298492464759828,0.0216411181244364,0.0452488687782806,0.545536519386835,0.570429570429571,ok,0.862685195495243,GSE29621|14,0.571428571428571,0.547790802524797,0.556197775773971,0.0407726044241067,-0.416290531673621,0.861856132869487
SIG044,GSE29621,3,3,0.568981064021641,0,0.464673913043478,0.272472916494879,-0.00450856627592422,0.0633484162895928,0.549143372407574,0.33966033966034,ok,0.760965988503911,GSE29621|3,0.385382059800665,0.550495942290352,0.55809738503156,0.0403743505281281,0.269569140994566,0.781344830852456
SIG045,GSE29621,6,6,0.504959422903517,0,0.445652173913043,-0.130271815191565,-0.0117222723174031,0.0271493212669683,0.547339945897205,0.955044955044955,ok,0.99157708204558,GSE29621|6,0.956810631229236,0.549143372407574,0.55629095281034,0.0387934212316958,-1.3232019315915,0.989508936930575
SIG046,GSE29621,5,4,0.540126239855726,1,0.505434782608696,0.364406234736584,-0.00270513976555453,0.0452488687782806,0.552750225428314,0.62037962037962,ok,0.884393590101522,GSE29621|4,0.521594684385382,0.545085662759243,0.555662759242561,0.0436909880960921,-0.35560009200672,0.846544204581516
SIG047,GSE29621,4,4,0.560865644724978,1,0.380434782608696,0.270739930455538,0.0126239855725879,0.0452488687782806,0.552750225428314,0.433566433566434,ok,0.808003590612286,GSE29621|4,0.372093023255814,0.545085662759243,0.555662759242561,0.0436909880960921,0.119083722047533,0.77151037219348
SIG048,GSE29621,11,11,0.547339945897205,1,0.494565217391304,0.352726229028778,0.00901713255184855,0.00904977375565611,0.549143372407574,0.523476523476524,ok,0.849598415109827,GSE29621|11,0.471760797342193,0.543733092876465,0.553183047790803,0.0382696326633095,-0.152682466147617,0.833284941027608
SIG049,GSE29621,14,14,0.558160504959423,0,0.527173913043478,0.548617203031727,0.0198376916140667,0.0452488687782806,0.545536519386835,0.396603396603397,ok,0.801999236602738,GSE29621|14,0.415282392026578,0.547790802524797,0.556197775773971,0.0407726044241067,0.0481384305264548,0.794957320728843
SIG050,GSE29621,6,5,0.503155996393147,1,0.535326086956522,-0.014804920570354,0.00901713255184855,-0.00904977375565611,0.551848512173129,0.972027972027972,ok,0.994859953302878,GSE29621|5,0.960132890365449,0.550495942290352,0.559537120529005,0.0414087582133456,-1.36157485924528,0.989508936930575
SIG051,GSE29621,7,7,0.587015329125338,0,0.573369565217391,0.608904978581595,0.0144274120829576,0.0633484162895928,0.550045085662759,0.237762237762238,ok,0.70620288802107,GSE29621|7,0.225913621262459,0.54643823264202,0.556402164111812,0.0434084081214454,0.705235836519919,0.707609148497506
SIG052,GSE29621,20,19,0.538322813345356,0,0.53804347826087,0.38990783524264,0.0387736699729485,0.0271493212669683,0.547339945897205,0.591408591408591,ok,0.865475987427207,GSE29621|19,0.568106312292359,0.54643823264202,0.554153892395552,0.0387236685203747,-0.408821778904184,0.861856132869487
SIG053,GSE29621,11,9,0.550946798917944,0,0.554347826086957,0.357042920628014,0.024346257889991,0.0271493212669683,0.549143372407574,0.487512487512488,ok,0.832985841866836,GSE29621|9,0.488372093023256,0.548692515779982,0.556654643823264,0.0434004538837322,-0.131515788305149,0.839158361018826
SIG054,GSE29621,46,45,0.613165013525699,0,0.616847826086957,1.35842232481892,0.0486925157799819,0.081447963800905,0.54643823264202,0.0899100899100899,ok,0.574799793040835,GSE29621|45,0.116279069767442,0.554553651938684,0.558770664262098,0.0382912549932288,1.42054234767755,0.611659764256133
SIG055,GSE29621,21,20,0.549143372407574,1,0.551630434782609,0.345771170853151,0.00450856627592422,0.0452488687782806,0.547339945897205,0.486513486513487,ok,0.832985841866836,GSE29621|20,0.495016611295681,0.547339945897205,0.553681995792005,0.0387894702889366,-0.117006583246002,0.84090902542263
SIG056,GSE29621,7,6,0.504959422903517,0,0.532608695652174,0.23938922394491,0.0108205590622182,0.0271493212669683,0.547339945897205,0.955044955044955,ok,0.99157708204558,GSE29621|6,0.956810631229236,0.549143372407574,0.55629095281034,0.0387934212316958,-1.3232019315915,0.989508936930575
SIG057,GSE29621,8,8,0.579801623083859,0,0.519021739130435,0.630191824094859,0.0486925157799819,0.0452488687782806,0.54824165915239,0.276723276723277,ok,0.72249466351343,GSE29621|8,0.302325581395349,0.551397655545537,0.558563270213405,0.0416959058611216,0.509363028139813,0.728094111439948
SIG058,GSE29621,24,22,0.550946798917944,0,0.554347826086957,0.286381911717806,0.0315599639314698,0.0271493212669683,0.54463480613165,0.447552447552448,ok,0.809896983318284,GSE29621|22,0.438538205980066,0.541929666366096,0.550348662458672,0.0401823902273127,0.0148855370695659,0.80728030247529
SIG059,GSE29621,14,13,0.51487826871055,1,0.505434782608696,0.110138064281418,-0.00991884580703339,0.0271493212669683,0.547339945897205,0.852147852147852,ok,0.964695681676814,GSE29621|13,0.870431893687708,0.552299368800721,0.557373008716562,0.0394790505810977,-1.07638708075613,0.967146548541897
SIG060,GSE29621,7,6,0.538322813345356,0,0.442934782608696,0.049868091146822,-0.0135256988277728,0.0271493212669683,0.547339945897205,0.597402597402597,ok,0.867634634654302,GSE29621|6,0.59468438538206,0.549143372407574,0.55629095281034,0.0387934212316958,-0.463174911995206,0.866965846570657
SIG062,GSE29621,43,42,0.532912533814247,1,0.529891304347826,0.243272598476067,0.00180342651036969,0.0271493212669683,0.550946798917944,0.678321678321678,ok,0.904428904428904,GSE29621|42,0.637873754152824,0.54824165915239,0.554174932371506,0.0385127377984336,-0.552087433216022,0.886192191008265
SIG063,GSE29621,19,19,0.549143372407574,0,0.589673913043478,0.737196971802755,0.018034265103697,0.0271493212669683,0.547339945897205,0.484515484515485,ok,0.832985841866836,GSE29621|19,0.485049833887043,0.54643823264202,0.554153892395552,0.0387236685203747,-0.129391666116066,0.839158361018826
SIG064,GSE29621,3,3,0.578899909828675,0,0.60054347826087,0.299044797511678,0.0261496844003607,0.0271493212669683,0.549143372407574,0.273726273726274,ok,0.72249466351343,GSE29621|3,0.272425249169435,0.550495942290352,0.55809738503156,0.0403743505281281,0.515241100475965,0.721960973408656
SIG065,GSE29621,5,5,0.580703336339044,0,0.53804347826087,0.565178129036779,-0.00270513976555453,0.0271493212669683,0.551848512173129,0.277722277722278,ok,0.72249466351343,GSE29621|5,0.295681063122924,0.550495942290352,0.559537120529005,0.0414087582133456,0.511153116473252,0.727830309225658
SIG066,GSE29621,11,11,0.522091974752029,0,0.524456521739131,0.178719364005501,-0.0018034265103698,0.0452488687782806,0.549143372407574,0.766233766233766,ok,0.936482462229442,GSE29621|11,0.770764119601329,0.543733092876465,0.553183047790803,0.0382696326633095,-0.812421517402798,0.941391291116127
SIG067,GSE29621,5,5,0.51307484220018,1,0.494565217391304,-0.0350644013464768,0.0144274120829576,0.0633484162895928,0.551848512173129,0.871128871128871,ok,0.966775160323548,GSE29621|5,0.887043189368771,0.550495942290352,0.559537120529005,0.0414087582133456,-1.12203988560688,0.976041182406767
SIG068,GSE29621,5,5,0.54463480613165,0,0.47554347826087,0.282773909529886,-0.00721370604147886,0.0452488687782806,0.551848512173129,0.568431568431568,ok,0.862685195495243,GSE29621|5,0.571428571428571,0.550495942290352,0.559537120529005,0.0414087582133456,-0.359883151302812,0.861856132869487
SIG069,GSE29621,7,7,0.558160504959423,1,0.573369565217391,0.226699225398103,-0.00631199278629391,0.0633484162895928,0.550045085662759,0.443556443556444,ok,0.809048771134079,GSE29621|7,0.398671096345515,0.54643823264202,0.556402164111812,0.0434084081214454,0.0405069184451832,0.791570325732563
SIG070,GSE29621,3,3,0.632100991884581,1,0.673913043478261,0.862034853846262,0.024346257889991,0.0633484162895928,0.549143372407574,0.054945054945055,ok,0.490672118579095,GSE29621|3,0.0631229235880399,0.550495942290352,0.55809738503156,0.0403743505281281,1.83293615587609,0.477149658618254
SIG071,GSE29621,13,13,0.674481514878269,1,0.752717391304348,1.12327875767723,0.00901713255184855,0.081447963800905,0.547339945897205,0.00899100899100899,ok,0.308263165406023,GSE29621|13,0.00332225913621262,0.552299368800721,0.557373008716562,0.0394790505810977,2.96634555385631,0.212624584717608
SIG072,GSE29621,15,14,0.541929666366096,1,0.442934782608696,0.611656480366979,0,0.0271493212669683,0.545536519386835,0.542457542457543,ok,0.853685894073616,GSE29621|14,0.54485049833887,0.547790802524797,0.556197775773971,0.0407726044241067,-0.3499435370736,0.857384965096103
SIG073,GSE29621,16,16,0.558160504959423,0,0.527173913043478,1.06611784023132,0.00360685302073938,0.0452488687782806,0.550946798917944,0.446553446553447,ok,0.809896983318284,GSE29621|16,0.40531561461794,0.547339945897205,0.557760745416291,0.0421605404151604,0.00948184105790888,0.792470448132836
SIG074,GSE29621,11,11,0.510369702434626,1,0.513586956521739,0.331760130262941,0.0108205590622182,0.0452488687782806,0.549143372407574,0.887112887112887,ok,0.975481661195947,GSE29621|11,0.887043189368771,0.543733092876465,0.553183047790803,0.0382696326633095,-1.11872893405698,0.976041182406767
SIG075,GSE29621,14,13,0.603246167718666,0,0.644021739130435,0.64762048669931,0.0342651036970244,0.081447963800905,0.547339945897205,0.13986013986014,ok,0.651775409056962,GSE29621|13,0.152823920265781,0.552299368800721,0.557373008716562,0.0394790505810977,1.16196206157167,0.650602942151439
SIG076,GSE29621,9,8,0.720468890892696,0,0.785326086956522,1.45733234804111,0.0802524797114518,0.081447963800905,0.54824165915239,0.000999000999000999,ok,0.15984015984016,GSE29621|8,0.00332225913621262,0.551397655545537,0.558563270213405,0.0416959058611216,3.88301003025469,0.212624584717608
SIG077,GSE29621,7,7,0.517583408476105,0,0.567934782608696,0.182235975792973,0.00450856627592422,0.0271493212669683,0.550045085662759,0.829170829170829,ok,0.960762756094893,GSE29621|7,0.803986710963455,0.54643823264202,0.556402164111812,0.0434084081214454,-0.894268122597417,0.952694051992232
SIG078,GSE29621,6,5,0.563570784490532,1,0.47554347826087,0.212276673237341,0.00721370604147886,0.00904977375565611,0.551848512173129,0.405594405594406,ok,0.801999236602738,GSE29621|5,0.415282392026578,0.550495942290352,0.559537120529005,0.0414087582133456,0.097410889279624,0.794957320728843
SIG079,GSE29621,5,5,0.549143372407574,0,0.543478260869565,0.409944893600801,-0.00541027953110917,0.0633484162895928,0.551848512173129,0.517482517482518,ok,0.845588454099092,GSE29621|5,0.528239202657807,0.550495942290352,0.559537120529005,0.0414087582133456,-0.25100361783081,0.84871905364267
SIG080,GSE29621,8,8,0.54463480613165,1,0.597826086956522,0.530768334848637,0.00180342651036969,0.0271493212669683,0.54824165915239,0.541458541458542,ok,0.853685894073616,GSE29621|8,0.578073089700997,0.551397655545537,0.558563270213405,0.0416959058611216,-0.334048722388897,0.865756889411789
SIG081,GSE29621,5,5,0.538322813345356,0,0.565217391304348,0.149822399962128,0.0171325518485121,0.0271493212669683,0.551848512173129,0.621378621378621,ok,0.884393590101522,GSE29621|5,0.631229235880399,0.550495942290352,0.559537120529005,0.0414087582133456,-0.512314498163624,0.883997179351105
SIG082,GSE29621,6,6,0.563570784490532,0,0.592391304347826,0.312860739265366,0.0189359783588819,0.0271493212669683,0.547339945897205,0.386613386613387,ok,0.799889765407007,GSE29621|6,0.388704318936877,0.549143372407574,0.55629095281034,0.0387934212316958,0.187656346077679,0.785591886693478
SIG083,GSE29621,17,16,0.537421100090171,1,0.505434782608696,0.175688145447693,0.00180342651036969,0.0452488687782806,0.550946798917944,0.606393606393606,ok,0.876053968604759,GSE29621|16,0.654485049833887,0.547339945897205,0.557760745416291,0.0421605404151604,-0.482433221344718,0.896938826324813
SIG084,GSE29621,15,15,0.54824165915239,0,0.592391304347826,0.25829538448596,-0.00721370604147886,0.0633484162895928,0.549143372407574,0.514485514485515,ok,0.844479752329582,GSE29621|15,0.511627906976744,0.550045085662759,0.555031559963932,0.0391208824302191,-0.173562056624178,0.843922320786382
SIG085,GSE29621,7,7,0.599639314697926,1,0.671195652173913,0.490679147593572,0.0198376916140667,0.0633484162895928,0.550045085662759,0.163836163836164,ok,0.670515924753213,GSE29621|7,0.146179401993356,0.54643823264202,0.556402164111812,0.0434084081214454,0.996054738177619,0.642252750176756
SIG086,GSE29621,5,5,0.524797114517583,0,0.5625,0.0815654266837911,0.00270513976555453,0.00904977375565611,0.551848512173129,0.76023976023976,ok,0.935679704910474,GSE29621|5,0.740863787375415,0.550495942290352,0.559537120529005,0.0414087582133456,-0.838953098579654,0.929627332011923
SIG087,GSE29621,5,5,0.621280432822362,0,0.673913043478261,0.772324961849849,0.0261496844003607,0.0633484162895928,0.551848512173129,0.0989010989010989,ok,0.588833658742473,GSE29621|5,0.0996677740863787,0.550495942290352,0.559537120529005,0.0414087582133456,1.49106891772132,0.579885231048022
SIG088,GSE29621,6,6,0.619477006311993,0,0.709239130434783,0.463677157633959,0.0306582506762849,0.081447963800905,0.547339945897205,0.0989010989010989,ok,0.588833658742473,GSE29621|6,0.0664451827242525,0.549143372407574,0.55629095281034,0.0387934212316958,1.62878270323907,0.483237692540018
SIG089,GSE29621,5,5,0.577096483318305,0,0.567934782608696,0.365965480049614,0.0081154192966636,0.0452488687782806,0.551848512173129,0.307692307692308,ok,0.742715930685855,GSE29621|5,0.308970099667774,0.550495942290352,0.559537120529005,0.0414087582133456,0.424049489695654,0.733278852116349
SIG090,GSE29621,4,4,0.536519386834987,0,0.532608695652174,0.449207043321179,0.00270513976555453,0.081447963800905,0.552750225428314,0.657342657342657,ok,0.897013434326867,GSE29621|4,0.561461794019934,0.545085662759243,0.555662759242561,0.0436909880960921,-0.438153798798754,0.861027671340473
SIG091,GSE29621,7,7,0.526600541027953,1,0.535326086956522,0.354649877223697,-0.00631199278629391,0.0995475113122172,0.550045085662759,0.741258741258741,ok,0.927301121979902,GSE29621|7,0.724252491694352,0.54643823264202,0.556402164111812,0.0434084081214454,-0.686540335699072,0.920903830498779
SIG093,GSE29621,9,9,0.51307484220018,1,0.434782608695652,0.106333732984256,0.0144274120829576,0.0452488687782806,0.549143372407574,0.864135864135864,ok,0.966775160323548,GSE29621|9,0.850498338870432,0.548692515779982,0.556654643823264,0.0434004538837322,-1.00413239317341,0.963965059404504
SIG094,GSE29621,3,3,0.522091974752029,1,0.486413043478261,0.0479727885435206,0,0.00904977375565611,0.549143372407574,0.777222777222777,ok,0.940900209500462,GSE29621|3,0.794019933554817,0.550495942290352,0.55809738503156,0.0403743505281281,-0.891789212917409,0.949855621448753
SIG095,GSE29621,18,16,0.623985572587917,0,0.625,0.91930870069038,0.0324616771866546,0.0633484162895928,0.550946798917944,0.0649350649350649,ok,0.504758399495242,GSE29621|16,0.0863787375415282,0.547339945897205,0.557760745416291,0.0421605404151604,1.57077747390099,0.549162834701107
SIG096,GSE29621,11,11,0.513976555455365,0,0.502717391304348,0.29914804558856,0.00450856627592422,0.0452488687782806,0.549143372407574,0.844155844155844,ok,0.962445838185483,GSE29621|11,0.87375415282392,0.543733092876465,0.553183047790803,0.0382696326633095,-1.0244804981634,0.969155386147849
SIG097,GSE29621,14,14,0.506762849413886,1,0.5,-0.22036528250938,-0.00270513976555453,-0.00904977375565611,0.545536519386835,0.925074925074925,ok,0.98774839351336,GSE29621|14,0.93687707641196,0.547790802524797,0.556197775773971,0.0407726044241067,-1.21245446687375,0.984287199701468
SIG098,GSE29621,5,5,0.571686203787196,1,0.5625,0.287786579730135,-0.00450856627592422,0.0271493212669683,0.551848512173129,0.340659340659341,ok,0.761002338728557,GSE29621|5,0.345514950166113,0.550495942290352,0.559537120529005,0.0414087582133456,0.293394049529248,0.756429537421821
SIG099,GSE29621,11,11,0.594229035166817,1,0.519021739130435,0.516274343010053,-0.0018034265103698,0.0452488687782806,0.549143372407574,0.183816183816184,ok,0.684094062933653,GSE29621|11,0.142857142857143,0.543733092876465,0.553183047790803,0.0382696326633095,1.07254720046913,0.642252750176756
SIG101,GSE29621,10,8,0.558160504959423,1,0.548913043478261,0.515198446643307,-0.000901713255184844,0.00904977375565611,0.54824165915239,0.426573426573427,ok,0.808003590612286,GSE29621|8,0.438538205980066,0.551397655545537,0.558563270213405,0.0416959058611216,-0.00965958757015438,0.80728030247529
SIG102,GSE29621,4,4,0.543733092876465,0,0.565217391304348,0.310743208978062,-0.0081154192966636,0.0271493212669683,0.552750225428314,0.576423576423577,ok,0.863063597975745,GSE29621|4,0.504983388704319,0.545085662759243,0.555662759242561,0.0436909880960921,-0.273046385214689,0.84090902542263
SIG107,GSE29621,15,13,0.541929666366096,1,0.554347826086957,0.272703525857247,0.00631199278629391,0.00904977375565611,0.547339945897205,0.565434565434565,ok,0.862685195495243,GSE29621|13,0.604651162790698,0.552299368800721,0.557373008716562,0.0394790505810977,-0.391178159635371,0.869610661092239
SIG108,GSE29621,15,13,0.583408476104599,0,0.519021739130435,0.866949222297465,0.0162308385933273,0.0633484162895928,0.547339945897205,0.232767232767233,ok,0.706023833985919,GSE29621|13,0.235880398671096,0.552299368800721,0.557373008716562,0.0394790505810977,0.659475519416445,0.717734335100642
SIG109,GSE29621,7,7,0.603246167718666,1,0.614130434782609,0.896904853099559,0.0108205590622182,0.0633484162895928,0.550045085662759,0.143856143856144,ok,0.654511365411839,GSE29621|7,0.12624584717608,0.54643823264202,0.556402164111812,0.0434084081214454,1.07914585293698,0.624721717984724
SIG110,GSE29621,9,9,0.525698827772768,1,0.388586956521739,0.0867953606310936,-0.0108205590622182,0.0271493212669683,0.549143372407574,0.725274725274725,ok,0.923194837948936,GSE29621|9,0.744186046511628,0.548692515779982,0.556654643823264,0.0434004538837322,-0.713260191550657,0.929627332011923
SIG111,GSE29621,13,12,0.531109107303877,0,0.597826086956522,0.0178120651530591,0.00450856627592422,0.0452488687782806,0.550495942290352,0.7002997002997,ok,0.913001805496735,GSE29621|12,0.694352159468439,0.549143372407574,0.558764652840397,0.0443164238800521,-0.624047319598102,0.90876356249448
SIG112,GSE29621,4,4,0.583408476104599,0,0.638586956521739,0.420623120524489,0.0135256988277728,0.081447963800905,0.552750225428314,0.27972027972028,ok,0.72249466351343,GSE29621|4,0.255813953488372,0.545085662759243,0.555662759242561,0.0436909880960921,0.635044389497792,0.721960973408656
SIG113,GSE29621,10,10,0.578899909828675,0,0.578804347826087,0.593038732220609,0.0216411181244364,0.081447963800905,0.547790802524797,0.28971028971029,ok,0.727376519584312,GSE29621|10,0.299003322259136,0.547339945897205,0.557688608355876,0.0423930281184338,0.500348817110696,0.728094111439948
SIG114,GSE29621,20,18,0.60414788097385,0,0.546195652173913,1.08770763174205,0.0441839495040577,0.0452488687782806,0.54824165915239,0.162837162837163,ok,0.670515924753213,GSE29621|18,0.169435215946844,0.550946798917944,0.559038172527803,0.0422582012048129,1.06747819736609,0.673452369922304
SIG115,GSE29621,4,4,0.566275924256087,1,0.559782608695652,0.464822028423887,-0.0135256988277728,0.0452488687782806,0.552750225428314,0.402597402597403,ok,0.801999236602738,GSE29621|4,0.3421926910299,0.545085662759243,0.555662759242561,0.0436909880960921,0.242914282235593,0.756429537421821
SIG116,GSE29621,5,5,0.506762849413886,0,0.527173913043478,-0.173329868116898,0.00901713255184855,0.0271493212669683,0.551848512173129,0.938061938061938,ok,0.990450597437497,GSE29621|5,0.93687707641196,0.550495942290352,0.559537120529005,0.0414087582133456,-1.27447123246769,0.984287199701468
SIG117,GSE29621,4,4,0.558160504959423,1,0.470108695652174,0.563992805338687,-0.00721370604147886,0.0271493212669683,0.552750225428314,0.45954045954046,ok,0.820760634714123,GSE29621|4,0.395348837209302,0.545085662759243,0.555662759242561,0.0436909880960921,0.0571684419534913,0.791570325732563
SIG118,GSE29621,15,14,0.660955816050496,1,0.605978260869565,1.20132212650533,0.0108205590622182,0.081447963800905,0.545536519386835,0.022977022977023,ok,0.404732881797102,GSE29621|14,0.026578073089701,0.547790802524797,0.556197775773971,0.0407726044241067,2.56932422532684,0.380820151733029
SIG119,GSE29621,10,10,0.521190261496844,0,0.578804347826087,0.310310951288181,-0.00270513976555453,0.0633484162895928,0.547790802524797,0.786213786213786,ok,0.944046572564396,GSE29621|10,0.777408637873754,0.547339945897205,0.557688608355876,0.0423930281184338,-0.860951634713765,0.94529739374136
SIG120,GSE29621,4,3,0.579801623083859,0,0.597826086956522,0.450362837356413,0.0306582506762849,0.0452488687782806,0.549143372407574,0.265734265734266,ok,0.72249466351343,GSE29621|3,0.272425249169435,0.550495942290352,0.55809738503156,0.0403743505281281,0.53757491497425,0.721960973408656
SIG121,GSE29621,6,6,0.54824165915239,0,0.5,0.291286972408394,0.0252479711451757,0.0271493212669683,0.547339945897205,0.4995004995005,ok,0.84052669504028,GSE29621|6,0.518272425249169,0.549143372407574,0.55629095281034,0.0387934212316958,-0.207491203466558,0.846544204581516
SIG122,GSE29621,8,8,0.596032461677187,1,0.581521739130435,0.839807211007322,0.0369702434625788,0.0452488687782806,0.54824165915239,0.183816183816184,ok,0.684094062933653,GSE29621|8,0.20265780730897,0.551397655545537,0.558563270213405,0.0416959058611216,0.898629989922316,0.687271384945804
SIG124,GSE29621,4,4,0.596934174932372,0,0.578804347826087,0.451563765768734,0.0532010820559062,0.0633484162895928,0.552750225428314,0.194805194805195,ok,0.684094062933653,GSE29621|4,0.176079734219269,0.545085662759243,0.555662759242561,0.0436909880960921,0.944620789967956,0.673452369922304
SIG125,GSE29621,4,4,0.522091974752029,0,0.5,0.104592438327272,0.0081154192966636,0.0271493212669683,0.552750225428314,0.781218781218781,ok,0.94339788191733,GSE29621|4,0.727574750830565,0.545085662759243,0.555662759242561,0.0436909880960921,-0.768368625966934,0.922683964065181
SIG126,GSE29621,4,4,0.500450856627593,1,0.421195652173913,0.133586618810665,0.00991884580703328,0.00904977375565611,0.552750225428314,1,ok,1,GSE29621|4,0.990033222591362,0.545085662759243,0.555662759242561,0.0436909880960921,-1.26369086671918,0.99573797138576
SIG127,GSE29621,6,6,0.535617673579802,0,0.570652173913044,0.160041115836481,-0.0018034265103698,0.0452488687782806,0.547339945897205,0.617382617382617,ok,0.884393590101522,GSE29621|6,0.60797342192691,0.549143372407574,0.55629095281034,0.0387934212316958,-0.532906832503002,0.871126097089304
SIG128,GSE29621,11,11,0.504959422903517,1,0.513586956521739,0.332401952715089,0.00541027953110917,0.0452488687782806,0.549143372407574,0.95004995004995,ok,0.99081798158387,GSE29621|11,0.946843853820598,0.543733092876465,0.553183047790803,0.0382696326633095,-1.26010158789737,0.988548232373871
SIG129,GSE29621,9,9,0.602344454463481,1,0.573369565217391,0.421404314118004,0.00270513976555453,0.0633484162895928,0.549143372407574,0.130869130869131,ok,0.637737896621145,GSE29621|9,0.162790697674419,0.548692515779982,0.556654643823264,0.0434004538837322,1.05274960401607,0.660799449333792
SIG130,GSE29621,9,9,0.584310189359784,0,0.573369565217391,0.466140092967856,0.00450856627592422,0.081447963800905,0.549143372407574,0.238761238761239,ok,0.70620288802107,GSE29621|9,0.219269102990033,0.548692515779982,0.556654643823264,0.0434004538837322,0.637217887412138,0.695862277257626
SIG132,GSE29621,5,5,0.555455365193868,0,0.611413043478261,0.591190385450001,0.00541027953110917,0.0271493212669683,0.551848512173129,0.474525474525475,ok,0.826759447449103,GSE29621|5,0.485049833887043,0.550495942290352,0.559537120529005,0.0414087582133456,-0.0985722709699997,0.839158361018826
SIG133,GSE29621,5,5,0.557258791704238,0,0.478260869565217,0.183027189406085,-0.00901713255184855,0.0271493212669683,0.551848512173129,0.462537462537463,ok,0.821528148077639,GSE29621|5,0.471760797342193,0.550495942290352,0.559537120529005,0.0414087582133456,-0.0550204575811887,0.833284941027608
SIG134,GSE29621,8,8,0.533814247069432,0,0.535326086956522,0.151177164013974,0.0261496844003607,0.0271493212669683,0.54824165915239,0.63036963036963,ok,0.886024663477079,GSE29621|8,0.651162790697675,0.551397655545537,0.558563270213405,0.0416959058611216,-0.593560030243882,0.895582061704538
SIG135,GSE29621,3,3,0.609558160504959,0,0.605978260869565,0.904931507978581,0.0342651036970244,0.0633484162895928,0.549143372407574,0.128871128871129,ok,0.636073438129993,GSE29621|3,0.119601328903655,0.550495942290352,0.55809738503156,0.0403743505281281,1.27459079341839,0.613996126992023
SIG136,GSE29621,9,9,0.578899909828675,0,0.570652173913044,0.596705229105306,0.00360685302073938,0.0633484162895928,0.549143372407574,0.265734265734266,ok,0.72249466351343,GSE29621|9,0.245847176079734,0.548692515779982,0.556654643823264,0.0434004538837322,0.512558372430962,0.721960973408656
SIG138,GSE29621,5,5,0.555455365193868,0,0.578804347826087,0.411950713118053,-0.000901713255184844,0.0271493212669683,0.551848512173129,0.474525474525475,ok,0.826759447449103,GSE29621|5,0.485049833887043,0.550495942290352,0.559537120529005,0.0414087582133456,-0.0985722709699997,0.839158361018826
SIG139,GSE29621,4,4,0.556357078449053,1,0.578804347826087,0.248318667439545,-0.0162308385933273,0.0452488687782806,0.552750225428314,0.474525474525475,ok,0.826759447449103,GSE29621|4,0.415282392026578,0.545085662759243,0.555662759242561,0.0436909880960921,0.0158915885574628,0.794957320728843
SIG140,GSE29621,6,6,0.642921550946799,0,0.603260869565217,0.907574980802998,0.0270513976555455,0.0633484162895928,0.547339945897205,0.045954045954046,ok,0.464689949226032,GSE29621|6,0.0199335548172757,0.549143372407574,0.55629095281034,0.0387934212316958,2.23312601430674,0.357686217281957
SIG141,GSE29621,7,7,0.536519386834987,1,0.456521739130435,0.371178070168261,0.0108205590622182,0.0271493212669683,0.550045085662759,0.627372627372627,ok,0.88505175940885,GSE29621|7,0.59468438538206,0.54643823264202,0.556402164111812,0.0434084081214454,-0.458039770110864,0.866965846570657
SIG142,GSE29621,12,12,0.515779981965735,1,0.39945652173913,0.297788406812795,0.00991884580703328,0.0633484162895928,0.550495942290352,0.84015984015984,ok,0.962445838185483,GSE29621|12,0.840531561461794,0.549143372407574,0.558764652840397,0.0443164238800521,-0.969948996584316,0.963042079982061
SIG143,GSE29621,6,6,0.549143372407574,0,0.586956521739131,0.610540703725978,0.00991884580703328,0.0633484162895928,0.547339945897205,0.497502497502498,ok,0.838634587537134,GSE29621|6,0.518272425249169,0.549143372407574,0.55629095281034,0.0387934212316958,-0.184247229963976,0.846544204581516
SIG144,GSE29621,3,3,0.51487826871055,0,0.584239130434783,0.0851904245796089,0.00180342651036969,0.0271493212669683,0.549143372407574,0.867132867132867,ok,0.966775160323548,GSE29621|3,0.867109634551495,0.550495942290352,0.55809738503156,0.0403743505281281,-1.07045972890387,0.965130723674708
SIG145,GSE29621,12,12,0.571686203787196,0,0.614130434782609,0.410192173622017,0.0532010820559062,0.0452488687782806,0.550495942290352,0.336663336663337,ok,0.757788518632598,GSE29621|12,0.322259136212625,0.549143372407574,0.558764652840397,0.0443164238800521,0.291574766541927,0.745466917503903
SIG146,GSE29621,3,3,0.511271415689811,1,0.532608695652174,0.00149153175837549,-0.0126239855725879,0.00904977375565611,0.549143372407574,0.894105894105894,ok,0.975904413227159,GSE29621|3,0.890365448504983,0.550495942290352,0.55809738503156,0.0403743505281281,-1.15979498689709,0.976041182406767
SIG147,GSE29621,3,3,0.537421100090171,0,0.429347826086957,0.220281575836356,-0.0135256988277728,0.0633484162895928,0.549143372407574,0.611388611388611,ok,0.877985141261132,GSE29621|3,0.617940199335548,0.550495942290352,0.55809738503156,0.0403743505281281,-0.512114366446195,0.880152212703452
SIG148,GSE29621,8,6,0.581605049594229,0,0.595108695652174,0.147409879819949,0.0171325518485121,0.0271493212669683,0.547339945897205,0.26973026973027,ok,0.72249466351343,GSE29621|6,0.282392026578073,0.549143372407574,0.55629095281034,0.0387934212316958,0.652535816129737,0.721960973408656
SIG149,GSE29621,8,8,0.559963931469793,0,0.614130434782609,0.164540846569355,0.0171325518485121,0.00904977375565611,0.54824165915239,0.411588411588412,ok,0.805555300968145,GSE29621|8,0.428571428571429,0.551397655545537,0.558563270213405,0.0416959058611216,0.0335922970723489,0.798878497493903
SIG150,GSE29621,10,10,0.563570784490532,0,0.605978260869565,0.295140693194927,0.0369702434625788,0.0271493212669683,0.547790802524797,0.385614385614386,ok,0.798683517130119,GSE29621|10,0.398671096345515,0.547339945897205,0.557688608355876,0.0423930281184338,0.138753384594814,0.791570325732563
SIG151,GSE29621,8,8,0.560865644724978,0,0.570652173913044,0.587034799447874,0.0216411181244364,0.0452488687782806,0.54824165915239,0.402597402597403,ok,0.801999236602738,GSE29621|8,0.415282392026578,0.551397655545537,0.558563270213405,0.0416959058611216,0.0552182393936032,0.794957320728843
SIG152,GSE29621,8,8,0.508566275924256,1,0.456521739130435,-0.0491672830746627,-0.0126239855725879,0.0452488687782806,0.54824165915239,0.914085914085914,ok,0.982118049829298,GSE29621|8,0.900332225913621,0.551397655545537,0.558563270213405,0.0416959058611216,-1.19908641523886,0.976080109403813
SIG153,GSE29621,8,8,0.642019837691614,0,0.638586956521739,0.695874876033923,0.042380522993688,0.0452488687782806,0.54824165915239,0.046953046953047,ok,0.464689949226032,GSE29621|8,0.0332225913621263,0.551397655545537,0.558563270213405,0.0416959058611216,2.00155304830601,0.408893432149246
SIG154,GSE29621,3,3,0.601442741208296,0,0.584239130434783,0.609572734966483,0.0153291253381425,0.0633484162895928,0.549143372407574,0.162837162837163,ok,0.670515924753213,GSE29621|3,0.146179401993356,0.550495942290352,0.55809738503156,0.0403743505281281,1.07358646293364,0.642252750176756
SIG155,GSE29621,9,9,0.545536519386835,0,0.570652173913044,0.382501600207961,0.0378719567177638,0.00904977375565611,0.549143372407574,0.535464535464536,ok,0.853685894073616,GSE29621|9,0.521594684385382,0.548692515779982,0.556654643823264,0.0434004538837322,-0.256175303286325,0.846544204581516
SIG156,GSE29621,5,5,0.503155996393147,1,0.494565217391304,-0.158887207661155,-0.000901713255184844,0.00904977375565611,0.551848512173129,0.972027972027972,ok,0.994859953302878,GSE29621|5,0.960132890365449,0.550495942290352,0.559537120529005,0.0414087582133456,-1.36157485924528,0.989508936930575
SIG157,GSE29621,5,5,0.69702434625789,0,0.641304347826087,1.47963831859343,0.0613165013525699,0.081447963800905,0.551848512173129,0.004995004995005,ok,0.250184598010685,GSE29621|5,0.00332225913621262,0.550495942290352,0.559537120529005,0.0414087582133456,3.32024508005106,0.212624584717608
SIG159,GSE29621,6,6,0.503155996393147,1,0.497282608695652,-0.169246187077891,-0.0081154192966636,0.0271493212669683,0.547339945897205,0.971028971028971,ok,0.994859953302878,GSE29621|6,0.976744186046512,0.549143372407574,0.55629095281034,0.0387934212316958,-1.36968987859672,0.991949169610348
SIG161,GSE29621,4,4,0.660955816050496,0,0.649456521739131,1.03879378882039,0.0414788097385032,0.0633484162895928,0.552750225428314,0.021978021978022,ok,0.404732881797102,GSE29621|4,0.026578073089701,0.545085662759243,0.555662759242561,0.0436909880960921,2.4099490855267,0.380820151733029
SIG163,GSE29621,4,4,0.629395852119026,0,0.668478260869565,0.437912020409426,0.0297565374211001,0.081447963800905,0.552750225428314,0.0669330669330669,ok,0.510051746006802,GSE29621|4,0.0664451827242525,0.545085662759243,0.555662759242561,0.0436909880960921,1.68760415109632,0.483237692540018
SIG164,GSE29621,4,4,0.616771866546438,0,0.66304347826087,0.39031790782053,0.0126239855725879,0.081447963800905,0.552750225428314,0.107892107892108,ok,0.598707650730772,GSE29621|4,0.106312292358804,0.545085662759243,0.555662759242561,0.0436909880960921,1.39866617732417,0.59337093409565
SIG165,GSE29621,5,5,0.605049594229035,0,0.516304347826087,0.588532758110305,-0.000901713255184844,0.0271493212669683,0.551848512173129,0.153846153846154,ok,0.659340659340659,GSE29621|5,0.186046511627907,0.550495942290352,0.559537120529005,0.0414087582133456,1.0991025972221,0.679105137501105
SIG166,GSE29621,3,3,0.540126239855726,1,0.529891304347826,0.11735174479077,-0.0018034265103698,0.0452488687782806,0.549143372407574,0.584415584415584,ok,0.863063597975745,GSE29621|3,0.578073089700997,0.550495942290352,0.55809738503156,0.0403743505281281,-0.44511292295126,0.865756889411789
SIG167,GSE29621,3,3,0.522993688007214,0,0.483695652173913,0.0547498581064034,0.00901713255184855,0.0271493212669683,0.549143372407574,0.767232767232767,ok,0.936482462229442,GSE29621|3,0.777408637873754,0.550495942290352,0.55809738503156,0.0403743505281281,-0.869455398419096,0.94529739374136
SIG168,GSE29621,9,9,0.57619477006312,0,0.595108695652174,0.247265519953156,0.00270513976555453,0.0633484162895928,0.549143372407574,0.280719280719281,ok,0.72249466351343,GSE29621|9,0.259136212624585,0.548692515779982,0.556654643823264,0.0434004538837322,0.450228614940362,0.721960973408656
SIG169,GSE29621,8,8,0.557258791704238,0,0.578804347826087,0.424821839178646,0.0225428313796213,0.0271493212669683,0.54824165915239,0.431568431568432,ok,0.808003590612286,GSE29621|8,0.451827242524917,0.551397655545537,0.558563270213405,0.0416959058611216,-0.0312855298914087,0.817632710318417
SIG170,GSE29621,6,6,0.521190261496844,0,0.478260869565217,-0.024242326713849,0.00360685302073938,0.0271493212669683,0.547339945897205,0.769230769230769,ok,0.93713393205779,GSE29621|6,0.78405315614618,0.549143372407574,0.55629095281034,0.0387934212316958,-0.904810408544657,0.946186084098469
SIG171,GSE29621,4,4,0.568981064021641,1,0.60054347826087,0.335800582281048,0.0108205590622182,0.0452488687782806,0.552750225428314,0.383616383616384,ok,0.797988576970159,GSE29621|4,0.338870431893688,0.545085662759243,0.555662759242561,0.0436909880960921,0.304829562329612,0.756429537421821
SIG172,GSE29621,6,6,0.510369702434626,1,0.429347826086957,-0.0693087464699506,-0.0018034265103698,-0.00904977375565611,0.547339945897205,0.895104895104895,ok,0.975904413227159,GSE29621|6,0.893687707641196,0.549143372407574,0.55629095281034,0.0387934212316958,-1.18373809057589,0.976041182406767
SIG173,GSE29621,5,5,0.542831379621281,1,0.527173913043478,0.18400773374447,0.000901713255184844,0.00904977375565611,0.551848512173129,0.58041958041958,ok,0.863063597975745,GSE29621|5,0.578073089700997,0.550495942290352,0.559537120529005,0.0414087582133456,-0.403434964691598,0.865756889411789
SIG175,GSE29621,6,5,0.54824165915239,0,0.622282608695652,0.0465885551239524,0.00270513976555453,0.00904977375565611,0.551848512173129,0.531468531468532,ok,0.853685894073616,GSE29621|5,0.528239202657807,0.550495942290352,0.559537120529005,0.0414087582133456,-0.272779524525192,0.84871905364267
SIG176,GSE29621,8,8,0.508566275924256,1,0.519021739130435,-0.183935084723297,0.00270513976555453,0.00904977375565611,0.54824165915239,0.914085914085914,ok,0.982118049829298,GSE29621|8,0.900332225913621,0.551397655545537,0.558563270213405,0.0416959058611216,-1.19908641523886,0.976080109403813
SIG177,GSE29621,14,14,0.561767357980162,0,0.578804347826087,0.910839843075499,0.00721370604147886,0.081447963800905,0.545536519386835,0.366633366633367,ok,0.779088461207667,GSE29621|14,0.398671096345515,0.547790802524797,0.556197775773971,0.0407726044241067,0.136601089993123,0.791570325732563
SIG178,GSE29621,3,3,0.550946798917944,1,0.527173913043478,0.0948524314280601,0.011722272317403,0.0271493212669683,0.549143372407574,0.490509490509491,ok,0.833653978530304,GSE29621|3,0.501661129568106,0.550495942290352,0.55809738503156,0.0403743505281281,-0.17710714897158,0.84090902542263
SIG179,GSE29621,12,12,0.527502254283138,1,0.5625,0.558770005940857,-0.0117222723174031,0.00904977375565611,0.550495942290352,0.733266733266733,ok,0.923194837948936,GSE29621|12,0.744186046511628,0.549143372407574,0.558764652840397,0.0443164238800521,-0.705435949477204,0.929627332011923
SIG180,GSE29621,5,5,0.568079350766456,1,0.589673913043478,0.353397823930188,0.00450856627592422,0.0633484162895928,0.551848512173129,0.367632367632368,ok,0.779088461207667,GSE29621|5,0.365448504983389,0.550495942290352,0.559537120529005,0.0414087582133456,0.206290422751626,0.77151037219348
SIG181,GSE29621,5,5,0.697926059513075,1,0.717391304347826,0.944125183797073,0.0414788097385032,0.0633484162895928,0.551848512173129,0.004995004995005,ok,0.250184598010685,GSE29621|5,0.00332225913621262,0.550495942290352,0.559537120529005,0.0414087582133456,3.34202098674547,0.212624584717608
SIG182,GSE29621,3,3,0.589720468890893,1,0.665760869565217,0.743070642633191,0.0135256988277728,0.117647058823529,0.549143372407574,0.213786213786214,ok,0.688460120847433,GSE29621|3,0.20265780730897,0.550495942290352,0.55809738503156,0.0403743505281281,0.783246874455648,0.687271384945804
SIG183,GSE29621,4,4,0.520288548241659,1,0.494565217391304,0.198734929785353,-0.00270513976555453,0.0452488687782806,0.552750225428314,0.808191808191808,ok,0.953150044059135,GSE29621|4,0.767441860465116,0.545085662759243,0.555662759242561,0.0436909880960921,-0.80964547936296,0.940324423798994
SIG184,GSE29621,3,3,0.605049594229035,0,0.5,0.684619002496134,0.0153291253381425,0.0452488687782806,0.549143372407574,0.145854145854146,ok,0.656877369206136,GSE29621|3,0.136212624584718,0.550495942290352,0.55809738503156,0.0403743505281281,1.16292172092686,0.642252750176756
SIG185,GSE29621,22,22,0.517583408476105,1,0.554347826086957,0.394736104826876,-0.00991884580703339,0.00904977375565611,0.54463480613165,0.791208791208791,ok,0.946492759576872,GSE29621|22,0.737541528239203,0.541929666366096,0.550348662458672,0.0401823902273127,-0.815413264298435,0.929627332011923
SIG186,GSE29621,19,18,0.593327321911632,0,0.567934782608696,0.521648173132193,0.00991884580703328,0.0633484162895928,0.54824165915239,0.190809190809191,ok,0.684094062933653,GSE29621|18,0.209302325581395,0.550946798917944,0.559038172527803,0.0422582012048129,0.811419994373158,0.687271384945804
SIG187,GSE29621,4,4,0.629395852119026,1,0.605978260869565,0.495104051453767,0.00721370604147886,0.081447963800905,0.552750225428314,0.0669330669330669,ok,0.510051746006802,GSE29621|4,0.0664451827242525,0.545085662759243,0.555662759242561,0.0436909880960921,1.68760415109632,0.483237692540018
SIG188,GSE29621,6,6,0.619477006311993,0,0.53804347826087,0.977630310374728,0.066726780883679,0.0633484162895928,0.547339945897205,0.0989010989010989,ok,0.588833658742473,GSE29621|6,0.0664451827242525,0.549143372407574,0.55629095281034,0.0387934212316958,1.62878270323907,0.483237692540018
SIG189,GSE29621,6,6,0.561767357980162,0,0.60054347826087,0.355580056726589,0,0.0452488687782806,0.547339945897205,0.394605394605395,ok,0.801999236602738,GSE29621|6,0.40531561461794,0.549143372407574,0.55629095281034,0.0387934212316958,0.141168399072465,0.792470448132836
SIG190,GSE29621,7,7,0.650135256988278,0,0.578804347826087,1.55499175043842,0.0144274120829576,0.0995475113122172,0.550045085662759,0.031968031968032,ok,0.426240426240426,GSE29621|7,0.0431893687707641,0.54643823264202,0.556402164111812,0.0434084081214454,2.15933034480842,0.425249169435216
SIG191,GSE29621,3,3,0.557258791704238,0,0.543478260869565,0.407825576977175,0.0171325518485121,0.0452488687782806,0.549143372407574,0.437562437562438,ok,0.808585062675534,GSE29621|3,0.465116279069768,0.550495942290352,0.55809738503156,0.0403743505281281,-0.0207704474834267,0.832267712780945
SIG192,GSE29621,3,3,0.536519386834987,1,0.513586956521739,0.137785132905778,0.00541027953110917,0.0271493212669683,0.549143372407574,0.618381618381618,ok,0.884393590101522,GSE29621|3,0.617940199335548,0.550495942290352,0.55809738503156,0.0403743505281281,-0.534448180944481,0.880152212703452
SIG193,GSE29621,7,7,0.593327321911632,1,0.608695652173913,0.709150214935009,0.0297565374211001,0.0633484162895928,0.550045085662759,0.195804195804196,ok,0.684094062933653,GSE29621|7,0.176079734219269,0.54643823264202,0.556402164111812,0.0434084081214454,0.850645287348768,0.673452369922304
SIG194,GSE29621,6,6,0.597835888187556,0,0.616847826086957,0.562816339096855,0.0532010820559062,0.0452488687782806,0.547339945897205,0.172827172827173,ok,0.674234856053038,GSE29621|6,0.172757475083056,0.549143372407574,0.55629095281034,0.0387934212316958,1.07092733917658,0.673452369922304
SIG195,GSE29621,12,12,0.581605049594229,1,0.570652173913044,0.707392371212595,0.00901713255184855,0.0271493212669683,0.550495942290352,0.275724275724276,ok,0.72249466351343,GSE29621|12,0.259136212624585,0.549143372407574,0.558764652840397,0.0443164238800521,0.515393498709476,0.721960973408656
SIG196,GSE29621,4,4,0.57619477006312,0,0.557065217391304,0.416461426714577,0.000901713255184844,0.0633484162895928,0.552750225428314,0.333666333666334,ok,0.757788518632598,GSE29621|4,0.27906976744186,0.545085662759243,0.555662759242561,0.0436909880960921,0.469936975913703,0.721960973408656
SIG197,GSE29621,4,4,0.628494138863841,1,0.570652173913044,0.493597381515524,0.00991884580703328,0.0452488687782806,0.552750225428314,0.0709290709290709,ok,0.510051746006802,GSE29621|4,0.0697674418604651,0.545085662759243,0.555662759242561,0.0436909880960921,1.66696572439831,0.497968358260569
SIG198,GSE29621,3,3,0.532010820559062,0,0.513586956521739,0.101018489848182,-0.00991884580703339,0.081447963800905,0.549143372407574,0.659340659340659,ok,0.897825578676643,GSE29621|3,0.684385382059801,0.550495942290352,0.55809738503156,0.0403743505281281,-0.646117253436036,0.908099470321228
SIG199,GSE29621,5,5,0.557258791704238,1,0.551630434782609,0.105777091147053,0.0153291253381425,0.081447963800905,0.551848512173129,0.462537462537463,ok,0.821528148077639,GSE29621|5,0.471760797342193,0.550495942290352,0.559537120529005,0.0414087582133456,-0.0550204575811887,0.833284941027608
SIG200,GSE29621,3,3,0.550946798917944,0,0.529891304347826,0.145174477150546,0.024346257889991,0.0452488687782806,0.549143372407574,0.490509490509491,ok,0.833653978530304,GSE29621|3,0.501661129568106,0.550495942290352,0.55809738503156,0.0403743505281281,-0.17710714897158,0.84090902542263
SIG201,GSE29621,4,3,0.660054102795311,0,0.668478260869565,0.752267839108211,0.0297565374211001,0.081447963800905,0.549143372407574,0.01998001998002,ok,0.395480807851942,GSE29621|3,0.0199335548172757,0.550495942290352,0.55809738503156,0.0403743505281281,2.52528440532361,0.357686217281957
SIG202,GSE29621,29,29,0.592425608656447,0,0.529891304347826,1.12231577132676,0.0234445446348061,0.081447963800905,0.549143372407574,0.175824175824176,ok,0.674951291253478,GSE29621|29,0.179401993355482,0.54643823264202,0.554514577697626,0.0400340238945638,0.946970283543481,0.674674163046256
SIG203,GSE29621,5,5,0.510369702434626,0,0.440217391304348,0.0217902772789793,0.00270513976555453,0.0452488687782806,0.551848512173129,0.896103896103896,ok,0.975904413227159,GSE29621|5,0.897009966777409,0.550495942290352,0.559537120529005,0.0414087582133456,-1.18736760569007,0.976080109403813
SIG204,GSE29621,3,3,0.503155996393147,1,0.483695652173913,0.1322217554988,0.0135256988277728,0.0271493212669683,0.549143372407574,0.975024975024975,ok,0.994859953302878,GSE29621|3,0.973421926910299,0.550495942290352,0.55809738503156,0.0403743505281281,-1.36079931738187,0.991949169610348
SIG205,GSE29621,7,7,0.596934174932372,0,0.630434782608696,0.340909764375738,0.0081154192966636,0.0633484162895928,0.550045085662759,0.17982017982018,ok,0.679635325304617,GSE29621|7,0.156146179401993,0.54643823264202,0.556402164111812,0.0434084081214454,0.933736402108125,0.658902559234785
SIG206,GSE29621,11,11,0.504057709648332,0,0.4375,-0.0635626948979433,-0.00991884580703339,0.0452488687782806,0.549143372407574,0.96003996003996,ok,0.992075739115567,GSE29621|11,0.956810631229236,0.543733092876465,0.553183047790803,0.0382696326633095,-1.28366369687078,0.989508936930575
SIG207,GSE29621,13,13,0.573489630297565,0,0.60054347826087,0.708007831830788,0.00180342651036969,0.081447963800905,0.547339945897205,0.290709290709291,ok,0.727376519584312,GSE29621|13,0.282392026578073,0.552299368800721,0.557373008716562,0.0394790505810977,0.408232248338819,0.721960973408656
SIG208,GSE29621,7,6,0.545536519386835,1,0.567934782608696,0.117008363699722,-0.00631199278629391,0.00904977375565611,0.547339945897205,0.527472527472528,ok,0.85319903348547,GSE29621|6,0.54485049833887,0.549143372407574,0.55629095281034,0.0387934212316958,-0.277223123974378,0.857384965096103
SIG209,GSE29621,5,5,0.592425608656447,0,0.608695652173913,0.309872535721393,0.0405770964833183,0.0271493212669683,0.551848512173129,0.208791208791209,ok,0.684094062933653,GSE29621|5,0.255813953488372,0.550495942290352,0.559537120529005,0.0414087582133456,0.79423990350047,0.721960973408656
SIG210,GSE29621,13,13,0.592425608656447,0,0.605978260869565,0.505560234862093,0.0189359783588819,0.0633484162895928,0.547339945897205,0.187812187812188,ok,0.684094062933653,GSE29621|13,0.176079734219269,0.552299368800721,0.557373008716562,0.0394790505810977,0.887878493123349,0.673452369922304
SIG211,GSE29621,4,4,0.559963931469793,0,0.527173913043478,0.502598466428175,-0.00721370604147886,0.0633484162895928,0.552750225428314,0.444555444555445,ok,0.809048771134079,GSE29621|4,0.378737541528239,0.545085662759243,0.555662759242561,0.0436909880960921,0.0984452953495173,0.776068388190202
SIG212,GSE29621,3,3,0.503155996393147,1,0.480978260869565,0.078082105616409,0.000901713255184844,0.00904977375565611,0.549143372407574,0.975024975024975,ok,0.994859953302878,GSE29621|3,0.973421926910299,0.550495942290352,0.55809738503156,0.0403743505281281,-1.36079931738187,0.991949169610348
SIG213,GSE29621,5,5,0.608656447249775,0,0.638586956521739,0.350881488595423,0.024346257889991,0.0452488687782806,0.551848512173129,0.136863136863137,ok,0.648832648832649,GSE29621|5,0.166112956810631,0.550495942290352,0.559537120529005,0.0414087582133456,1.18620622399971,0.668630769552226
SIG214,GSE29621,5,5,0.532912533814247,1,0.586956521739131,0.160844809849876,0.00991884580703328,-0.00904977375565611,0.551848512173129,0.678321678321678,ok,0.904428904428904,GSE29621|5,0.687707641196013,0.550495942290352,0.559537120529005,0.0414087582133456,-0.642969938330033,0.908114629364749
SIG215,GSE29621,4,4,0.593327321911632,0,0.581521739130435,0.475453983015308,0.0288548241659152,0.0452488687782806,0.552750225428314,0.214785214785215,ok,0.688460120847433,GSE29621|4,0.205980066445183,0.545085662759243,0.555662759242561,0.0436909880960921,0.862067083175899,0.687271384945804
SIG216,GSE29621,4,4,0.559963931469793,1,0.622282608695652,0.364139882196765,0,0.0452488687782806,0.552750225428314,0.444555444555445,ok,0.809048771134079,GSE29621|4,0.378737541528239,0.545085662759243,0.555662759242561,0.0436909880960921,0.0984452953495173,0.776068388190202
SIG217,GSE29621,8,8,0.530207394048692,0,0.546195652173913,0.115630802625297,0.00721370604147886,0.00904977375565611,0.54824165915239,0.672327672327672,ok,0.904428904428904,GSE29621|8,0.700996677740864,0.551397655545537,0.558563270213405,0.0416959058611216,-0.680063799528894,0.910631678797333
SIG218,GSE29621,4,4,0.641118124436429,0,0.567934782608696,1.12297777955318,0.0234445446348061,0.0633484162895928,0.552750225428314,0.041958041958042,ok,0.462985290571498,GSE29621|4,0.053156146179402,0.545085662759243,0.555662759242561,0.0436909880960921,1.95590369817046,0.449602646098907
SIG219,GSE29621,8,7,0.532010820559062,1,0.554347826086957,0.313237394047191,-0.00541027953110917,0.0271493212669683,0.550045085662759,0.678321678321678,ok,0.904428904428904,GSE29621|7,0.664451827242525,0.54643823264202,0.556402164111812,0.0434084081214454,-0.561903663560059,0.899680894432756
SIG220,GSE29621,7,7,0.573489630297565,0,0.633152173913044,0.376450659652458,0.0216411181244364,0.0452488687782806,0.550045085662759,0.316683316683317,ok,0.750656750656751,GSE29621|7,0.295681063122924,0.54643823264202,0.556402164111812,0.0434084081214454,0.393644156172376,0.727830309225658
SIG221,GSE29621,4,4,0.594229035166817,1,0.603260869565217,0.700080658759268,0.00450856627592422,0.0633484162895928,0.552750225428314,0.207792207792208,ok,0.684094062933653,GSE29621|4,0.192691029900332,0.545085662759243,0.555662759242561,0.0436909880960921,0.882705509873915,0.680085987883525
SIG222,GSE29621,3,3,0.578899909828675,1,0.608695652173913,0.442698816331355,0.0351668169522091,0.0452488687782806,0.549143372407574,0.273726273726274,ok,0.72249466351343,GSE29621|3,0.272425249169435,0.550495942290352,0.55809738503156,0.0403743505281281,0.515241100475965,0.721960973408656
SIG223,GSE29621,4,4,0.521190261496844,1,0.516304347826087,-0.0484379918459384,-0.00721370604147886,0.0633484162895928,0.552750225428314,0.796203796203796,ok,0.946570457406371,GSE29621|4,0.750830564784053,0.545085662759243,0.555662759242561,0.0436909880960921,-0.789007052664947,0.934886306345903
SIG224,GSE29621,3,3,0.621280432822362,0,0.584239130434783,0.369189524434674,0.0279531109107304,0.0452488687782806,0.549143372407574,0.0929070929070929,ok,0.579161098641618,GSE29621|3,0.0830564784053156,0.550495942290352,0.55809738503156,0.0403743505281281,1.56493038189639,0.540570978095614
SIG225,GSE29621,5,5,0.580703336339044,0,0.570652173913044,0.569688153601311,0.0306582506762849,0.0633484162895928,0.551848512173129,0.277722277722278,ok,0.72249466351343,GSE29621|5,0.295681063122924,0.550495942290352,0.559537120529005,0.0414087582133456,0.511153116473252,0.727830309225658
SIG226,GSE29621,5,5,0.532010820559062,1,0.540760869565217,0.134905559143559,0.000901713255184844,0.00904977375565611,0.551848512173129,0.683316683316683,ok,0.904954742643876,GSE29621|5,0.694352159468439,0.550495942290352,0.559537120529005,0.0414087582133456,-0.664745845024437,0.90876356249448
SIG227,GSE29621,8,8,0.579801623083859,0,0.652173913043478,0.737492562415174,0.00270513976555453,0.0633484162895928,0.54824165915239,0.276723276723277,ok,0.72249466351343,GSE29621|8,0.302325581395349,0.551397655545537,0.558563270213405,0.0416959058611216,0.509363028139813,0.728094111439948
SIG228,GSE29621,6,6,0.626690712353472,1,0.551630434782609,0.719069218825095,-0.00541027953110917,0.081447963800905,0.547339945897205,0.0789210789210789,ok,0.539247229638689,GSE29621|6,0.0498338870431894,0.549143372407574,0.55629095281034,0.0387934212316958,1.81473449125989,0.436899831611523
SIG229,GSE29621,4,4,0.527502254283138,1,0.603260869565217,0.122634212385957,0.0108205590622182,0.00904977375565611,0.552750225428314,0.731268731268731,ok,0.923194837948936,GSE29621|4,0.67109634551495,0.545085662759243,0.555662759242561,0.0436909880960921,-0.644538065778872,0.90168298347705
SIG230,GSE29621,16,16,0.596032461677187,0,0.665760869565217,0.753240393670163,0.0504959422903516,0.0633484162895928,0.550946798917944,0.178821178821179,ok,0.678530955210797,GSE29621|16,0.196013289036545,0.547339945897205,0.557760745416291,0.0421605404151604,0.907761520227907,0.680552468264315
SIG231,GSE29621,3,3,0.614066726780884,1,0.576086956521739,0.765787248532396,0.0189359783588819,0.0271493212669683,0.549143372407574,0.111888111888112,ok,0.613786213786214,GSE29621|3,0.0996677740863787,0.550495942290352,0.55809738503156,0.0403743505281281,1.38625986590995,0.579885231048022
SIG232,GSE29621,7,7,0.558160504959423,1,0.551630434782609,0.486338131507789,0.0225428313796213,0.0271493212669683,0.550045085662759,0.443556443556444,ok,0.809048771134079,GSE29621|7,0.398671096345515,0.54643823264202,0.556402164111812,0.0434084081214454,0.0405069184451832,0.791570325732563
SIG233,GSE29621,10,10,0.589720468890893,0,0.60054347826087,0.789863896569829,0.0324616771866546,0.0995475113122172,0.547790802524797,0.228771228771229,ok,0.702182128489577,GSE29621|10,0.229235880398671,0.547339945897205,0.557688608355876,0.0423930281184338,0.755592651827775,0.707609148497506
SIG234,GSE29621,13,12,0.633002705139766,0,0.728260869565217,1.1732376453208,0.0207394048692516,0.0633484162895928,0.550495942290352,0.058941058941059,ok,0.502963702963703,GSE29621|12,0.0631229235880399,0.549143372407574,0.558764652840397,0.0443164238800521,1.67518147448683,0.477149658618254
SIG235,GSE29621,6,6,0.686203787195672,1,0.730978260869565,1.45029704255559,0.0378719567177638,0.117647058823529,0.547339945897205,0.012987012987013,ok,0.356215213358071,GSE29621|6,0.00332225913621262,0.549143372407574,0.55629095281034,0.0387934212316958,3.34883674243168,0.212624584717608
SIG236,GSE29621,5,5,0.591523895401262,0,0.635869565217391,0.372731763097089,0.0171325518485121,0.0452488687782806,0.551848512173129,0.20979020979021,ok,0.684797436066472,GSE29621|5,0.262458471760797,0.550495942290352,0.559537120529005,0.0414087582133456,0.772463996806066,0.721960973408656
SIG237,GSE29621,6,6,0.542831379621281,0,0.529891304347826,0.108229688105065,0.0126239855725879,0.0452488687782806,0.547339945897205,0.547452547452548,ok,0.853685894073616,GSE29621|6,0.551495016611296,0.549143372407574,0.55629095281034,0.0387934212316958,-0.346955044482172,0.857384965096103
SIG238,GSE29621,6,6,0.500450856627593,0,0.461956521739131,0.0707929321210858,0.00631199278629391,0.0452488687782806,0.547339945897205,1,ok,1,GSE29621|6,0.996677740863787,0.549143372407574,0.55629095281034,0.0387934212316958,-1.43942179910451,0.998237486937127
SIG239,GSE29621,7,7,0.519386834986474,0,0.554347826086957,0.0687219988991802,0.00360685302073938,0.0271493212669683,0.550045085662759,0.812187812187812,ok,0.956100919313672,GSE29621|7,0.794019933554817,0.54643823264202,0.556402164111812,0.0434084081214454,-0.852722565217761,0.949855621448753
SIG240,GSE29621,6,6,0.527502254283138,0,0.597826086956522,0.00945912207355852,0.0126239855725879,0.0452488687782806,0.547339945897205,0.71028971028971,ok,0.916502851986723,GSE29621|6,0.717607973421927,0.549143372407574,0.55629095281034,0.0387934212316958,-0.742102594026436,0.919150973295597
SIG241,GSE29621,4,4,0.614968440036069,0,0.60054347826087,0.48047971775333,0.0333633904418394,-0.00904977375565611,0.552750225428314,0.115884115884116,ok,0.618224750456156,GSE29621|4,0.109634551495017,0.545085662759243,0.555662759242561,0.0436909880960921,1.35738932392817,0.596312574703773
SIG242,GSE29621,6,6,0.557258791704238,0,0.540760869565217,0.288600944681177,0.0288548241659152,0.0271493212669683,0.547339945897205,0.428571428571429,ok,0.808003590612286,GSE29621|6,0.431893687707641,0.549143372407574,0.55629095281034,0.0387934212316958,0.0249485315594574,0.798878497493903
SIG243,GSE29621,8,8,0.502254283137962,0,0.540760869565217,0.158002752541701,0.00631199278629391,0.0452488687782806,0.54824165915239,0.98001998001998,ok,0.994859953302878,GSE29621|8,0.966777408637874,0.551397655545537,0.558563270213405,0.0416959058611216,-1.35046801148761,0.991949169610348
SIG244,GSE29621,13,13,0.573489630297565,0,0.589673913043478,0.959472112183512,0.00991884580703328,0.081447963800905,0.547339945897205,0.290709290709291,ok,0.727376519584312,GSE29621|13,0.282392026578073,0.552299368800721,0.557373008716562,0.0394790505810977,0.408232248338819,0.721960973408656
SIG245,GSE29621,3,3,0.559062218214608,1,0.532608695652174,0.145170971617743,-0.00450856627592422,0.0452488687782806,0.549143372407574,0.417582417582418,ok,0.808003590612286,GSE29621|3,0.445182724252492,0.550495942290352,0.55809738503156,0.0403743505281281,0.0238971815131959,0.814824433331539
SIG246,GSE29621,5,5,0.519386834986474,0,0.489130434782609,0.12258111505624,0.00180342651036969,0.0271493212669683,0.551848512173129,0.82017982017982,ok,0.956136534573845,GSE29621|5,0.800664451827243,0.550495942290352,0.559537120529005,0.0414087582133456,-0.969608538746063,0.952694051992232
SIG247,GSE29621,3,3,0.568981064021641,0,0.486413043478261,0.662664998265903,0.00991884580703328,0.081447963800905,0.549143372407574,0.33966033966034,ok,0.760965988503911,GSE29621|3,0.385382059800665,0.550495942290352,0.55809738503156,0.0403743505281281,0.269569140994566,0.781344830852456
SIG248,GSE29621,5,5,0.542831379621281,0,0.603260869565217,0.341665048985649,0.0441839495040577,0.0452488687782806,0.551848512173129,0.58041958041958,ok,0.863063597975745,GSE29621|5,0.578073089700997,0.550495942290352,0.559537120529005,0.0414087582133456,-0.403434964691598,0.865756889411789
SIG249,GSE29621,4,4,0.504959422903517,0,0.480978260869565,-0.0378322055917531,0.0135256988277728,0.0633484162895928,0.552750225428314,0.948051948051948,ok,0.99081798158387,GSE29621|4,0.940199335548173,0.545085662759243,0.555662759242561,0.0436909880960921,-1.16049873322913,0.984287199701468
SIG250,GSE29621,4,4,0.582506762849414,0,0.695652173913044,0.563065907320335,0.0306582506762849,0.0633484162895928,0.552750225428314,0.284715284715285,ok,0.72500443853229,GSE29621|4,0.259136212624585,0.545085662759243,0.555662759242561,0.0436909880960921,0.614405962799779,0.721960973408656
SIG251,GSE29621,14,13,0.547339945897205,1,0.5625,0.519589230598391,0.0306582506762849,0.0452488687782806,0.547339945897205,0.504495504495505,ok,0.840825840825841,GSE29621|13,0.54485049833887,0.552299368800721,0.557373008716562,0.0394790505810977,-0.254136375411222,0.857384965096103
SIG252,GSE29621,3,3,0.66366095581605,1,0.682065217391304,0.709246224051486,0.0252479711451757,0.081447963800905,0.549143372407574,0.018981018981019,ok,0.383616383616384,GSE29621|3,0.0132890365448505,0.550495942290352,0.55809738503156,0.0403743505281281,2.61461966331683,0.335723028501486
SIG253,GSE29621,3,3,0.699729486023445,0,0.649456521739131,1.74513071432657,0.0559062218214608,0.117647058823529,0.549143372407574,0.00999000999000999,ok,0.325098630183376,GSE29621|3,0.00332225913621262,0.550495942290352,0.55809738503156,0.0403743505281281,3.50797224324915,0.212624584717608
SIG254,GSE29621,3,3,0.541929666366096,0,0.459239130434783,0.139164818947676,0.0162308385933273,0.00904977375565611,0.549143372407574,0.562437562437563,ok,0.862685195495243,GSE29621|3,0.561461794019934,0.550495942290352,0.55809738503156,0.0403743505281281,-0.40044529395464,0.861027671340473
SIG255,GSE29621,3,2,0.591523895401262,1,0.66304347826087,0.446608045665162,0.0270513976555455,0.0452488687782806,0.552750225428314,0.215784215784216,ok,0.690509490509491,GSE29621|2,0.225913621262459,0.557258791704238,0.561568981064022,0.0409291666895328,0.731872079499265,0.707609148497506
SIG256,GSE29621,5,5,0.580703336339044,0,0.581521739130435,0.686577472385347,0.0198376916140667,0.0452488687782806,0.551848512173129,0.277722277722278,ok,0.72249466351343,GSE29621|5,0.295681063122924,0.550495942290352,0.559537120529005,0.0414087582133456,0.511153116473252,0.727830309225658
SIG257,GSE29621,4,3,0.678088367899008,0,0.646739130434783,1.03373887932499,0.0153291253381425,0.0633484162895928,0.549143372407574,0.013986013986014,ok,0.367851326755436,GSE29621|3,0.00332225913621262,0.550495942290352,0.55809738503156,0.0403743505281281,2.97196069528976,0.212624584717608
SIG258,GSE29621,6,4,0.554553651938684,1,0.459239130434783,0.632786096289785,-0.0018034265103698,0.0452488687782806,0.552750225428314,0.487512487512488,ok,0.832985841866836,GSE29621|4,0.428571428571429,0.545085662759243,0.555662759242561,0.0436909880960921,-0.0253852648385429,0.798878497493903
SIG259,GSE29621,6,5,0.511271415689811,0,0.489130434782609,-0.0063512201866998,0.000901713255184844,0.0633484162895928,0.551848512173129,0.889110889110889,ok,0.975481661195947,GSE29621|5,0.893687707641196,0.550495942290352,0.559537120529005,0.0414087582133456,-1.16559169899566,0.976041182406767
SIG260,GSE29621,5,5,0.652840396753832,0,0.584239130434783,0.902024018366451,0.0513976555455366,0.0995475113122172,0.551848512173129,0.030969030969031,ok,0.426240426240426,GSE29621|5,0.0166112956810631,0.550495942290352,0.559537120529005,0.0414087582133456,2.25322565202538,0.342942878576787
SIG261,GSE29621,14,14,0.572587917042381,0,0.584239130434783,1.26789371361962,-0.00450856627592422,0.0633484162895928,0.545536519386835,0.293706293706294,ok,0.73140866915186,GSE29621|14,0.305647840531561,0.547790802524797,0.556197775773971,0.0407726044241067,0.401989068393184,0.728094111439948
SIG262,GSE29621,6,6,0.550045085662759,1,0.581521739130435,0.392472270388667,-0.000901713255184844,0.0452488687782806,0.547339945897205,0.488511488511489,ok,0.832985841866836,GSE29621|6,0.498338870431894,0.549143372407574,0.55629095281034,0.0387934212316958,-0.16100325646137,0.84090902542263
SIG263,GSE29621,4,4,0.533814247069432,1,0.489130434782609,0.288075628863378,-0.0081154192966636,0.0452488687782806,0.552750225428314,0.674325674325674,ok,0.904428904428904,GSE29621|4,0.591362126245847,0.545085662759243,0.555662759242561,0.0436909880960921,-0.500069078892796,0.866965846570657
SIG264,GSE29621,6,6,0.626690712353472,0,0.573369565217391,0.614286602027648,0.0270513976555455,0.081447963800905,0.547339945897205,0.0789210789210789,ok,0.539247229638689,GSE29621|6,0.0498338870431894,0.549143372407574,0.55629095281034,0.0387934212316958,1.81473449125989,0.436899831611523
SIG265,GSE29621,7,7,0.649233543733093,1,0.644021739130435,1.57657272535474,0.0252479711451757,0.0995475113122172,0.550045085662759,0.031968031968032,ok,0.426240426240426,GSE29621|7,0.0431893687707641,0.54643823264202,0.556402164111812,0.0434084081214454,2.13855756611859,0.425249169435216
SIG266,GSE29621,5,5,0.633002705139766,0,0.581521739130435,0.728012534188588,0.0405770964833183,0.0633484162895928,0.551848512173129,0.0699300699300699,ok,0.510051746006802,GSE29621|5,0.0465116279069768,0.550495942290352,0.559537120529005,0.0414087582133456,1.77415570474856,0.425249169435216
SIG267,GSE29621,11,11,0.569882777276826,0,0.5625,0.757933639793693,0.00360685302073938,0.0452488687782806,0.549143372407574,0.341658341658342,ok,0.761002338728557,GSE29621|11,0.305647840531561,0.543733092876465,0.553183047790803,0.0382696326633095,0.436370258187353,0.728094111439948
SIG268,GSE29621,6,6,0.513976555455365,1,0.497282608695652,0.0511890692949759,0.0108205590622182,0.0271493212669683,0.547339945897205,0.846153846153846,ok,0.962445838185483,GSE29621|6,0.867109634551495,0.549143372407574,0.55629095281034,0.0387934212316958,-1.09076219656549,0.965130723674708
SIG269,GSE29621,3,3,0.60775473399459,0,0.554347826086957,0.510687932843191,0.024346257889991,0.0452488687782806,0.549143372407574,0.134865134865135,ok,0.645738301598651,GSE29621|3,0.122923588039867,0.550495942290352,0.55809738503156,0.0403743505281281,1.22992316442179,0.617835835174201
SIG270,GSE29621,4,4,0.602344454463481,1,0.543478260869565,0.542447008495307,0.024346257889991,0.0633484162895928,0.552750225428314,0.163836163836164,ok,0.670515924753213,GSE29621|4,0.142857142857143,0.545085662759243,0.555662759242561,0.0436909880960921,1.06845135015602,0.642252750176756
SIG271,GSE29621,5,5,0.556357078449053,0,0.684782608695652,0.163417311527148,0.0288548241659152,0.0452488687782806,0.551848512173129,0.465534465534466,ok,0.823044358955961,GSE29621|5,0.481727574750831,0.550495942290352,0.559537120529005,0.0414087582133456,-0.0767963642755929,0.839158361018826
SIG272,GSE29621,4,4,0.584310189359784,0,0.570652173913044,0.323348932334149,0.0216411181244364,0.0633484162895928,0.552750225428314,0.268731268731269,ok,0.72249466351343,GSE29621|4,0.255813953488372,0.545085662759243,0.555662759242561,0.0436909880960921,0.655682816195805,0.721960973408656
SIG273,GSE29621,4,4,0.594229035166817,1,0.586956521739131,0.451494408018666,0.0144274120829576,0.0633484162895928,0.552750225428314,0.207792207792208,ok,0.684094062933653,GSE29621|4,0.192691029900332,0.545085662759243,0.555662759242561,0.0436909880960921,0.882705509873915,0.680085987883525
SIG274,GSE29621,8,8,0.563570784490532,1,0.497282608695652,0.334051537643799,0.00901713255184855,0.0271493212669683,0.54824165915239,0.388611388611389,ok,0.801999236602738,GSE29621|8,0.411960132890365,0.551397655545537,0.558563270213405,0.0416959058611216,0.120096066357337,0.794957320728843
SIG275,GSE29621,4,4,0.506762849413886,1,0.415760869565217,-0.0548056061204392,0.00360685302073938,0.00904977375565611,0.552750225428314,0.927072927072927,ok,0.98774839351336,GSE29621|4,0.926910299003322,0.545085662759243,0.555662759242561,0.0436909880960921,-1.11922187983312,0.980533208863019
SIG276,GSE29621,12,12,0.51487826871055,0,0.486413043478261,0.0290657980356884,0.00721370604147886,0.00904977375565611,0.550495942290352,0.851148851148851,ok,0.964695681676814,GSE29621|12,0.847176079734219,0.549143372407574,0.558764652840397,0.0443164238800521,-0.990296154054099,0.963042079982061
SIG277,GSE29621,6,6,0.500450856627593,0,0.483695652173913,-0.0177076122738475,0.00180342651036969,0.0271493212669683,0.547339945897205,1,ok,1,GSE29621|6,0.996677740863787,0.549143372407574,0.55629095281034,0.0387934212316958,-1.43942179910451,0.998237486937127
SIG278,GSE29621,5,5,0.634806131650135,0,0.692934782608696,1.64691346235577,0.0522993688007213,0.0633484162895928,0.551848512173129,0.0679320679320679,ok,0.510051746006802,GSE29621|5,0.0431893687707641,0.550495942290352,0.559537120529005,0.0414087582133456,1.81770751813735,0.425249169435216
SIG279,GSE29621,7,7,0.527502254283138,1,0.543478260869565,0.0687810977736868,0.00270513976555453,0.0452488687782806,0.550045085662759,0.735264735264735,ok,0.924497898957624,GSE29621|7,0.710963455149502,0.54643823264202,0.556402164111812,0.0434084081214454,-0.665767557009232,0.915526380876622
SIG280,GSE29621,4,4,0.505861136158702,0,0.478260869565217,-0.174771131229458,0.000901713255184844,0.00904977375565611,0.552750225428314,0.942057942057942,ok,0.990450597437497,GSE29621|4,0.926910299003322,0.545085662759243,0.555662759242561,0.0436909880960921,-1.13986030653112,0.980533208863019
SIG281,GSE29621,4,4,0.519386834986474,0,0.565217391304348,0.00635772961738927,0.0162308385933273,0.00904977375565611,0.552750225428314,0.82017982017982,ok,0.956136534573845,GSE29621|4,0.780730897009967,0.545085662759243,0.555662759242561,0.0436909880960921,-0.830283906060976,0.946186084098469
SIG282,GSE29621,16,16,0.580703336339044,0,0.559782608695652,0.60811531898523,0.000901713255184844,0.0452488687782806,0.550946798917944,0.26973026973027,ok,0.72249466351343,GSE29621|16,0.26578073089701,0.547339945897205,0.557760745416291,0.0421605404151604,0.544172126278135,0.721960973408656
SIG283,GSE29621,10,10,0.573489630297565,0,0.565217391304348,0.440183611332449,0.0405770964833183,0.0271493212669683,0.547790802524797,0.316683316683317,ok,0.750656750656751,GSE29621|10,0.338870431893688,0.547339945897205,0.557688608355876,0.0423930281184338,0.372726899752131,0.756429537421821
SIG284,GSE29621,3,3,0.597835888187556,0,0.565217391304348,0.411867477245342,0.0225428313796213,0.0633484162895928,0.549143372407574,0.177822177822178,ok,0.677417820274963,GSE29621|3,0.176079734219269,0.550495942290352,0.55809738503156,0.0403743505281281,0.984251204940396,0.673452369922304
SIG285,GSE29621,9,9,0.532010820559062,0,0.567934782608696,0.276200630598055,0.0324616771866546,0.0633484162895928,0.549143372407574,0.662337662337662,ok,0.898084965881576,GSE29621|9,0.674418604651163,0.548692515779982,0.556654643823264,0.0434004538837322,-0.567824090739279,0.903617390739869
SIG286,GSE29621,5,5,0.541929666366096,0,0.478260869565217,0.363261077018061,-0.00450856627592422,0.0633484162895928,0.551848512173129,0.588411588411588,ok,0.863063597975745,GSE29621|5,0.588039867109635,0.550495942290352,0.559537120529005,0.0414087582133456,-0.425210871386005,0.866965846570657
SIG287,GSE29621,3,3,0.565374211000902,0,0.578804347826087,0.316406589060047,0.0081154192966636,0.0633484162895928,0.549143372407574,0.370629370629371,ok,0.781987243525705,GSE29621|3,0.395348837209302,0.550495942290352,0.55809738503156,0.0403743505281281,0.180233883001349,0.791570325732563
SIG288,GSE29621,5,5,0.555455365193868,1,0.551630434782609,0.351292215073346,-0.0018034265103698,0.0271493212669683,0.551848512173129,0.474525474525475,ok,0.826759447449103,GSE29621|5,0.485049833887043,0.550495942290352,0.559537120529005,0.0414087582133456,-0.0985722709699997,0.839158361018826
SIG289,GSE29621,17,16,0.54824165915239,1,0.630434782608696,0.584220139083528,0.000901713255184844,0.0452488687782806,0.550946798917944,0.520479520479521,ok,0.848319761732325,GSE29621|16,0.478405315614618,0.547339945897205,0.557760745416291,0.0421605404151604,-0.225781884438987,0.839158361018826
SIG290,GSE29621,3,3,0.599639314697926,0,0.540760869565217,0.461162102080547,0.0234445446348061,0.0452488687782806,0.549143372407574,0.167832167832168,ok,0.674234856053038,GSE29621|3,0.166112956810631,0.550495942290352,0.55809738503156,0.0403743505281281,1.02891883393702,0.668630769552226
SIG291,GSE29621,3,3,0.549143372407574,0,0.494565217391304,-0.116452350841568,-0.0117222723174031,0.0271493212669683,0.549143372407574,0.503496503496504,ok,0.840825840825841,GSE29621|3,0.514950166112957,0.550495942290352,0.55809738503156,0.0403743505281281,-0.221774777968199,0.846493423747326
SIG292,GSE29621,15,14,0.539224526600541,1,0.567934782608696,0.72320578526094,0.00991884580703328,0.0452488687782806,0.545536519386835,0.570429570429571,ok,0.862685195495243,GSE29621|14,0.571428571428571,0.547790802524797,0.556197775773971,0.0407726044241067,-0.416290531673621,0.861856132869487
SIG293,GSE29621,7,6,0.640216411181244,1,0.513586956521739,1.04037254515047,0.0108205590622182,0.0452488687782806,0.547339945897205,0.04995004995005,ok,0.470118117176941,GSE29621|6,0.0199335548172757,0.549143372407574,0.55629095281034,0.0387934212316958,2.16339409379892,0.357686217281957
SIG294,GSE29621,4,4,0.529305680793508,1,0.543478260869565,0.385135706585482,0.00631199278629391,0.0452488687782806,0.552750225428314,0.714285714285714,ok,0.919188050555343,GSE29621|4,0.644518272425249,0.545085662759243,0.555662759242561,0.0436909880960921,-0.603261212382843,0.890910786937709
SIG295,GSE29621,9,7,0.553651938683499,1,0.489130434782609,0.327297311316481,0.00360685302073938,0.0271493212669683,0.550045085662759,0.480519480519481,ok,0.832985841866836,GSE29621|7,0.438538205980066,0.54643823264202,0.556402164111812,0.0434084081214454,-0.0633569750039892,0.80728030247529
SIG296,GSE29621,11,11,0.682596934174932,1,0.622282608695652,1.19165535013705,0.0378719567177638,0.0633484162895928,0.549143372407574,0.003996003996004,ok,0.250184598010685,GSE29621|11,0.00332225913621262,0.543733092876465,0.553183047790803,0.0382696326633095,3.38163387986223,0.212624584717608
SIG297,GSE29621,11,11,0.51668169522092,1,0.551630434782609,0.123339481085915,0.00541027953110917,0.00904977375565611,0.549143372407574,0.821178821178821,ok,0.956136534573845,GSE29621|11,0.827242524916944,0.543733092876465,0.553183047790803,0.0382696326633095,-0.953794171243189,0.95854293774323
SIG298,GSE29621,9,9,0.54643823264202,1,0.521739130434783,0.264148814383606,0.0144274120829576,0.0452488687782806,0.549143372407574,0.525474525474525,ok,0.852120852120852,GSE29621|9,0.518272425249169,0.548692515779982,0.556654643823264,0.0434004538837322,-0.235398717456126,0.846544204581516
SIG300,GSE29621,5,5,0.54643823264202,0,0.608695652173913,0.260237506377044,0.0324616771866546,0.0452488687782806,0.551848512173129,0.555444555444555,ok,0.857967454910335,GSE29621|5,0.548172757475083,0.550495942290352,0.559537120529005,0.0414087582133456,-0.316331337914003,0.857384965096103
SIG301,GSE29621,7,7,0.583408476104599,1,0.611413043478261,0.492657192540838,0.0306582506762849,0.00904977375565611,0.550045085662759,0.261738261738262,ok,0.72249466351343,GSE29621|7,0.235880398671096,0.54643823264202,0.556402164111812,0.0434084081214454,0.622144721760585,0.717734335100642
SIG302,GSE29621,6,6,0.503155996393147,0,0.489130434782609,-0.0367245224799054,0.00360685302073938,0.0452488687782806,0.547339945897205,0.971028971028971,ok,0.994859953302878,GSE29621|6,0.976744186046512,0.549143372407574,0.55629095281034,0.0387934212316958,-1.36968987859672,0.991949169610348
SIG303,GSE29621,3,3,0.503155996393147,0,0.377717391304348,0.00561486422773854,-0.00541027953110917,-0.00904977375565611,0.549143372407574,0.975024975024975,ok,0.994859953302878,GSE29621|3,0.973421926910299,0.550495942290352,0.55809738503156,0.0403743505281281,-1.36079931738187,0.991949169610348
SIG304,GSE29621,4,4,0.51307484220018,0,0.516304347826087,0.137120102459344,0.00270513976555453,0.0452488687782806,0.552750225428314,0.864135864135864,ok,0.966775160323548,GSE29621|4,0.850498338870432,0.545085662759243,0.555662759242561,0.0436909880960921,-0.974752892947052,0.963965059404504
SIG305,GSE29621,7,7,0.507664562669071,0,0.524456521739131,-0.117681621549354,0.00180342651036969,0.0452488687782806,0.550045085662759,0.935064935064935,ok,0.989671121829712,GSE29621|7,0.920265780730897,0.54643823264202,0.556402164111812,0.0434084081214454,-1.12276868818562,0.978355647288661
SIG306,GSE29621,11,11,0.527502254283138,1,0.532608695652174,0.0308058386301837,0.0171325518485121,0.0271493212669683,0.549143372407574,0.724275724275724,ok,0.923194837948936,GSE29621|11,0.724252491694352,0.543733092876465,0.553183047790803,0.0382696326633095,-0.671048863562405,0.920903830498779
SIG307,GSE29621,13,13,0.509467989179441,0,0.551630434782609,-0.0104824508676524,0.0171325518485121,0.00904977375565611,0.547339945897205,0.903096903096903,ok,0.97956097956098,GSE29621|13,0.903654485049834,0.552299368800721,0.557373008716562,0.0394790505810977,-1.21342886498028,0.976374007482094
SIG308,GSE29621,5,5,0.57439134355275,0,0.622282608695652,0.307638559999077,0.00270513976555453,0.0633484162895928,0.551848512173129,0.326673326673327,ok,0.753861523092292,GSE29621|5,0.332225913621262,0.550495942290352,0.559537120529005,0.0414087582133456,0.358721769612439,0.756429537421821
SIG309,GSE29621,3,3,0.627592425608657,0,0.671195652173913,0.516023728213247,0.0270513976555455,0.081447963800905,0.549143372407574,0.0699300699300699,ok,0.510051746006802,GSE29621|3,0.0764119601328904,0.550495942290352,0.55809738503156,0.0403743505281281,1.72126708338456,0.520251643457977
SIG310,GSE29621,4,4,0.526600541027953,1,0.532608695652174,0.144232708679883,0.00180342651036969,0.0271493212669683,0.552750225428314,0.737262737262737,ok,0.926403439492445,GSE29621|4,0.674418604651163,0.545085662759243,0.555662759242561,0.0436909880960921,-0.665176492476887,0.903617390739869
SIG311,GSE29621,5,4,0.63390441839495,0,0.635869565217391,0.619865450011836,0.0622182146077547,0.081447963800905,0.552750225428314,0.058941058941059,ok,0.502963702963703,GSE29621|4,0.0598006644518272,0.545085662759243,0.555662759242561,0.0436909880960921,1.79079628458637,0.477149658618254
SIG312,GSE29621,9,9,0.513976555455365,1,0.47554347826087,0.141154722788973,0.00450856627592422,0.0271493212669683,0.549143372407574,0.855144855144855,ok,0.965810659928307,GSE29621|9,0.847176079734219,0.548692515779982,0.556654643823264,0.0434004538837322,-0.98335580734321,0.963042079982061
SIG313,GSE29621,3,3,0.610459873760144,1,0.581521739130435,0.402946193638435,0.00180342651036969,0.0452488687782806,0.549143372407574,0.124875124875125,ok,0.634404355334588,GSE29621|3,0.119601328903655,0.550495942290352,0.55809738503156,0.0403743505281281,1.2969246079167,0.613996126992023
SIG314,GSE29621,8,7,0.614066726780884,0,0.638586956521739,0.794270418816606,0.00450856627592422,0.081447963800905,0.550045085662759,0.111888111888112,ok,0.613786213786214,GSE29621|7,0.106312292358804,0.54643823264202,0.556402164111812,0.0434084081214454,1.328419197215,0.59337093409565
SIG315,GSE29621,8,8,0.581605049594229,1,0.633152173913044,0.519020759119174,-0.0081154192966636,0.0452488687782806,0.54824165915239,0.264735264735265,ok,0.72249466351343,GSE29621|8,0.292358803986711,0.551397655545537,0.558563270213405,0.0416959058611216,0.552614912782319,0.727830309225658
SIG316,GSE29621,10,10,0.598737601442741,0,0.608695652173913,0.702579188120683,0.0234445446348061,0.0452488687782806,0.547790802524797,0.180819180819181,ok,0.68073103367221,GSE29621|10,0.179401993355482,0.547339945897205,0.557688608355876,0.0423930281184338,0.968295847425333,0.674674163046256
SIG317,GSE29621,7,7,0.603246167718666,0,0.638586956521739,0.41631585426818,0.0369702434625788,0.0271493212669683,0.550045085662759,0.143856143856144,ok,0.654511365411839,GSE29621|7,0.12624584717608,0.54643823264202,0.556402164111812,0.0434084081214454,1.07914585293698,0.624721717984724
SIG318,GSE29621,4,4,0.543733092876465,1,0.529891304347826,0.0988606723700321,0,0.0271493212669683,0.552750225428314,0.576423576423577,ok,0.863063597975745,GSE29621|4,0.504983388704319,0.545085662759243,0.555662759242561,0.0436909880960921,-0.273046385214689,0.84090902542263
SIG319,GSE29621,8,8,0.561767357980162,0,0.6875,0.317841354031045,0.0153291253381425,0.0271493212669683,0.54824165915239,0.398601398601399,ok,0.801999236602738,GSE29621|8,0.415282392026578,0.551397655545537,0.558563270213405,0.0416959058611216,0.0768441817148309,0.794957320728843
SIG320,GSE29621,8,8,0.584310189359784,0,0.578804347826087,0.435619542886868,0.0216411181244364,0.0452488687782806,0.54824165915239,0.246753246753247,ok,0.708170753013802,GSE29621|8,0.26578073089701,0.551397655545537,0.558563270213405,0.0416959058611216,0.617492739746077,0.721960973408656
SIG321,GSE29621,3,3,0.562669071235347,0,0.597826086956522,0.5405811103156,0.0126239855725879,0.0633484162895928,0.549143372407574,0.38961038961039,ok,0.801999236602738,GSE29621|3,0.428571428571429,0.550495942290352,0.55809738503156,0.0403743505281281,0.113232439506416,0.798878497493903
SIG322,GSE29621,7,7,0.512173128944996,1,0.532608695652174,-0.00547979557931826,0.0153291253381425,0.0271493212669683,0.550045085662759,0.879120879120879,ok,0.971152842565012,GSE29621|7,0.863787375415283,0.54643823264202,0.556402164111812,0.0434084081214454,-1.01890479473643,0.965130723674708
SIG323,GSE29621,5,5,0.613165013525699,0,0.60054347826087,1.11370499901311,0.0162308385933273,0.0633484162895928,0.551848512173129,0.121878121878122,ok,0.629048370983855,GSE29621|5,0.142857142857143,0.550495942290352,0.559537120529005,0.0414087582133456,1.29508575747172,0.642252750176756
SIG324,GSE29621,3,3,0.655545536519387,1,0.668478260869565,0.878016280506112,0.0153291253381425,0.0633484162895928,0.549143372407574,0.022977022977023,ok,0.404732881797102,GSE29621|3,0.0299003322259136,0.550495942290352,0.55809738503156,0.0403743505281281,2.41361533283208,0.395921640508649
SIG325,GSE29621,3,3,0.608656447249775,0,0.611413043478261,0.453473522512122,0.00631199278629391,0.0271493212669683,0.549143372407574,0.12987012987013,ok,0.636098595282269,GSE29621|3,0.119601328903655,0.550495942290352,0.55809738503156,0.0403743505281281,1.2522569789201,0.613996126992023
SIG326,GSE29621,9,9,0.562669071235347,0,0.529891304347826,0.588753790072086,0.0108205590622182,0.081447963800905,0.549143372407574,0.388611388611389,ok,0.801999236602738,GSE29621|9,0.362126245847176,0.548692515779982,0.556654643823264,0.0434004538837322,0.138579827487408,0.770823051027248
SIG327,GSE29621,3,2,0.653742110009017,0,0.616847826086957,0.752484637719004,0.042380522993688,0.0995475113122172,0.552750225428314,0.035964035964036,ok,0.439814962107956,GSE29621|2,0.0299003322259136,0.557258791704238,0.561568981064022,0.0409291666895328,2.25201577261938,0.395921640508649
SIG328,GSE29621,9,9,0.654643823264202,1,0.660326086956522,0.915371668605464,0.0207394048692516,0.081447963800905,0.549143372407574,0.01998001998002,ok,0.395480807851942,GSE29621|9,0.0365448504983389,0.548692515779982,0.556654643823264,0.0434004538837322,2.25779158216747,0.420156365010842
SIG329,GSE29621,5,4,0.599639314697926,0,0.573369565217391,0.345290768380138,0.0135256988277728,0.0271493212669683,0.552750225428314,0.175824175824176,ok,0.674951291253478,GSE29621|4,0.159468438538206,0.545085662759243,0.555662759242561,0.0436909880960921,1.00653607006197,0.659869400847749
SIG330,GSE29621,16,16,0.545536519386835,1,0.551630434782609,-0.0764137782268661,-0.00360685302073949,0.0271493212669683,0.550946798917944,0.543456543456544,ok,0.853685894073616,GSE29621|16,0.53156146179402,0.547339945897205,0.557760745416291,0.0421605404151604,-0.289944718665425,0.849790180386776
SIG331,GSE29621,4,4,0.560865644724978,0,0.559782608695652,0.512326728609471,0.0216411181244364,0.0633484162895928,0.552750225428314,0.433566433566434,ok,0.808003590612286,GSE29621|4,0.372093023255814,0.545085662759243,0.555662759242561,0.0436909880960921,0.119083722047533,0.77151037219348
SIG332,GSE29621,3,3,0.578899909828675,0,0.576086956521739,0.230319875485021,0.00180342651036969,0.081447963800905,0.549143372407574,0.273726273726274,ok,0.72249466351343,GSE29621|3,0.272425249169435,0.550495942290352,0.55809738503156,0.0403743505281281,0.515241100475965,0.721960973408656
SIG334,GSE29621,4,4,0.57799819657349,0,0.546195652173913,0.473255984096831,0.0369702434625788,0.081447963800905,0.552750225428314,0.320679320679321,ok,0.750958132776315,GSE29621|4,0.27906976744186,0.545085662759243,0.555662759242561,0.0436909880960921,0.511213829309732,0.721960973408656
SIG335,GSE29621,8,7,0.526600541027953,0,0.532608695652174,0.188594327909991,0.00631199278629391,0.00904977375565611,0.550045085662759,0.741258741258741,ok,0.927301121979902,GSE29621|7,0.724252491694352,0.54643823264202,0.556402164111812,0.0434084081214454,-0.686540335699072,0.920903830498779
SIG336,GSE29621,3,3,0.502254283137962,0,0.489130434782609,0.0849623631685738,-0.00450856627592422,0.0452488687782806,0.549143372407574,0.983016983016983,ok,0.994859953302878,GSE29621|3,0.980066445182724,0.550495942290352,0.55809738503156,0.0403743505281281,-1.38313313188018,0.991949169610348
SIG337,GSE29621,4,4,0.672678088367899,1,0.605978260869565,0.927306729833069,0.0108205590622182,0.0633484162895928,0.552750225428314,0.011988011988012,ok,0.348742166923985,GSE29621|4,0.0132890365448505,0.545085662759243,0.555662759242561,0.0436909880960921,2.67824863260084,0.335723028501486
SIG338,GSE29621,3,3,0.547339945897205,0,0.448369565217391,0.130616674071917,0.000901713255184844,0.00904977375565611,0.549143372407574,0.514485514485515,ok,0.844479752329582,GSE29621|3,0.524916943521595,0.550495942290352,0.55809738503156,0.0403743505281281,-0.266442406964797,0.846924816438203
SIG001,GSE38832,4,4,0.537256562235394,0,0.57977207977208,0.00172124143886762,0.00359864521591868,0.00144648023143683,0.540643522438611,0.547452547452548,ok,0.853685894073616,GSE38832|4,0.551495016611296,0.540855207451313,0.546861416878352,0.0317932935250637,-0.302103166360725,0.857384965096103
SIG002,GSE38832,4,4,0.583827265029636,1,0.606837606837607,0.491455940926297,0.0112193056731584,0.0303760848601736,0.540643522438611,0.161838161838162,ok,0.670515924753213,GSE38832|4,0.152823920265781,0.540855207451313,0.546861416878352,0.0317932935250637,1.16269326177682,0.650602942151439
SIG003,GSE38832,13,11,0.543183742591025,1,0.482905982905983,0.570342764336693,0.00613886536833186,0.0110896817743491,0.540220152413209,0.47952047952048,ok,0.832985841866836,GSE38832|11,0.501661129568106,0.543395427603726,0.548666384419983,0.0335789004584087,-0.163276395418276,0.84090902542263
SIG004,GSE38832,9,8,0.508890770533446,1,0.505698005698006,0.118108072121842,0.00783234546994072,0.0110896817743491,0.540855207451313,0.883116883116883,ok,0.972796566600353,GSE38832|8,0.913621262458472,0.541913632514818,0.546797911374541,0.0322120093430005,-1.17680149777221,0.978073089700997
SIG005,GSE38832,6,6,0.516934801016088,0,0.562678062678063,0.471601497814988,0.00105842506350551,0.0207328833172613,0.542548687552921,0.79020979020979,ok,0.945887030675061,GSE38832|6,0.803986710963455,0.545935647756139,0.550505221563647,0.0346918494239478,-0.967674572125433,0.952694051992232
SIG006,GSE38832,8,8,0.535139712108383,1,0.623931623931624,0.480757887254753,0.00952582557154957,0.0207328833172613,0.540855207451313,0.570429570429571,ok,0.862685195495243,GSE38832|8,0.568106312292359,0.541913632514818,0.546797911374541,0.0322120093430005,-0.361920895465395,0.861856132869487
SIG007,GSE38832,15,15,0.587214225232854,1,0.565527065527066,0.646868642416902,-0.0057154953429297,0.0303760848601736,0.539585097375106,0.126873126873127,ok,0.634404355334588,GSE38832|15,0.109634551495017,0.540220152413209,0.545530623765171,0.0333763600247136,1.24889596818882,0.596312574703773
SIG009,GSE38832,6,6,0.536409822184589,0,0.415954415954416,-0.0542001988610413,0.0175698560541914,0.0207328833172613,0.542548687552921,0.56043956043956,ok,0.862685195495243,GSE38832|6,0.581395348837209,0.545935647756139,0.550505221563647,0.0346918494239478,-0.406302910139106,0.866676296403293
SIG010,GSE38832,6,6,0.531752751905165,1,0.33048433048433,0.303144703654373,0.00825571549534288,0.0207328833172613,0.542548687552921,0.604395604395604,ok,0.875803441841178,GSE38832|6,0.614617940199336,0.545935647756139,0.550505221563647,0.0346918494239478,-0.540543959744527,0.878025628856194
SIG011,GSE38832,3,3,0.603302286198137,1,0.481481481481482,0.558507864544156,0.000635055038103349,0.0496624879459981,0.54233700254022,0.0869130869130869,ok,0.563760563760564,GSE38832|3,0.116279069767442,0.542548687552921,0.550955405023991,0.0374482112455117,1.39784730520126,0.611659764256133
SIG012,GSE38832,3,3,0.510584250635055,0,0.364672364672365,0.143115607450147,-0.00402201524132084,0.0303760848601736,0.54233700254022,0.871128871128871,ok,0.966775160323548,GSE38832|3,0.86046511627907,0.542548687552921,0.550955405023991,0.0374482112455117,-1.07805294421839,0.965130723674708
SIG013,GSE38832,9,9,0.593564775613887,0,0.447293447293447,0.701471159821357,0.0162997459779848,0.0496624879459981,0.538950042337003,0.0949050949050949,ok,0.58216543839547,GSE38832|9,0.0996677740863787,0.542125317527519,0.546987016652554,0.0352208218551044,1.32244952014322,0.579885231048022
SIG014,GSE38832,15,15,0.500846740050804,1,0.47008547008547,0.030559906870611,0.00994919559695173,0.0303760848601736,0.539585097375106,0.992007992007992,ok,0.999294514509625,GSE38832|15,0.990033222591362,0.540220152413209,0.545530623765171,0.0333763600247136,-1.33878840236864,0.99573797138576
SIG015,GSE38832,3,3,0.519051651143099,1,0.316239316239316,0.0792442195409963,0.00021168501270119,0.0207328833172613,0.54233700254022,0.762237762237762,ok,0.936338134034871,GSE38832|3,0.780730897009967,0.542548687552921,0.550955405023991,0.0374482112455117,-0.851943332399241,0.946186084098469
SIG016,GSE38832,57,50,0.572819644369179,1,0.467236467236467,1.01929758484405,0.00444538526672311,0.0207328833172613,0.541066892464014,0.165834165834166,ok,0.673153484992808,GSE38832|50,0.142857142857143,0.535563082133785,0.540640699971775,0.0266747948719734,1.20634271235628,0.642252750176756
SIG018,GSE38832,9,9,0.701524132091448,0,0.733618233618234,1.57766283524532,0.0298475867908552,0.0496624879459981,0.538950042337003,0.000999000999000999,ok,0.15984015984016,GSE38832|9,0.00332225913621262,0.542125317527519,0.546987016652554,0.0352208218551044,4.38766352683781,0.212624584717608
SIG019,GSE38832,12,12,0.541066892464014,1,0.363247863247863,0.263232214989972,0.00486875529212538,0.0207328833172613,0.5385266723116,0.480519480519481,ok,0.832985841866836,GSE38832|12,0.488372093023256,0.538950042337003,0.54583545018346,0.0328124142753382,-0.145327853032456,0.839158361018826
SIG020,GSE38832,5,3,0.516934801016088,0,0.398860398860399,0.115667818323358,-0.000211685012701079,0.0207328833172613,0.54233700254022,0.786213786213786,ok,0.944046572564396,GSE38832|3,0.794019933554817,0.542548687552921,0.550955405023991,0.0374482112455117,-0.908470735354028,0.949855621448753
SIG021,GSE38832,10,8,0.537256562235394,0,0.527065527065527,0.269178712784917,0.00952582557154957,0.0207328833172613,0.540855207451313,0.53946053946054,ok,0.853685894073616,GSE38832|8,0.551495016611296,0.541913632514818,0.546797911374541,0.0322120093430005,-0.296204717860008,0.857384965096103
SIG022,GSE38832,4,4,0.508044030482642,1,0.52991452991453,0.0453823483506423,-0.00359864521591868,0.0207328833172613,0.540643522438611,0.872127872127872,ok,0.966775160323548,GSE38832|4,0.893687707641196,0.540855207451313,0.546861416878352,0.0317932935250637,-1.22093001673792,0.976041182406767
SIG023,GSE38832,9,9,0.589754445385267,0,0.396011396011396,0.8127297993727,0.0116426756985606,0.0207328833172613,0.538950042337003,0.104895104895105,ok,0.592348827642945,GSE38832|9,0.129568106312292,0.542125317527519,0.546987016652554,0.0352208218551044,1.21426549637752,0.628209000302024
SIG024,GSE38832,7,6,0.528365791701948,1,0.417378917378917,0.0210736890547113,0.00444538526672311,0.0400192864030858,0.542548687552921,0.651348651348651,ok,0.897013434326867,GSE38832|6,0.651162790697675,0.545935647756139,0.550505221563647,0.0346918494239478,-0.638173814003004,0.895582061704538
SIG025,GSE38832,13,11,0.588060965283658,0,0.50997150997151,0.662712034797362,0.00825571549534288,0.0593056894889103,0.540220152413209,0.131868131868132,ok,0.637750159160739,GSE38832|11,0.129568106312292,0.543395427603726,0.548666384419983,0.0335789004584087,1.17319448599783,0.628209000302024
SIG026,GSE38832,31,29,0.612193056731583,0,0.515669515669516,1.36733422894143,0.018839966130398,0.0400192864030858,0.535563082133785,0.033966033966034,ok,0.429044639570955,GSE38832|29,0.0232558139534884,0.536409822184589,0.542077335591307,0.0288273374468168,2.43226490374395,0.369017874303287
SIG027,GSE38832,4,4,0.571549534292972,1,0.776353276353276,0.296303939630331,0.00232853513971221,0.00144648023143683,0.540643522438611,0.225774225774226,ok,0.702182128489577,GSE38832|4,0.245847176079734,0.540855207451313,0.546861416878352,0.0317932935250637,0.776519657995099,0.721960973408656
SIG028,GSE38832,4,4,0.576206604572396,0,0.591168091168091,0.287894314377496,0.00994919559695173,0.0110896817743491,0.540643522438611,0.194805194805195,ok,0.684094062933653,GSE38832|4,0.212624584717608,0.540855207451313,0.546861416878352,0.0317932935250637,0.92299930080885,0.687271384945804
SIG029,GSE38832,5,4,0.527095681625741,0,0.356125356125356,0.228705736181909,0.00867908552074514,0.0110896817743491,0.540643522438611,0.641358641358641,ok,0.893067830070003,GSE38832|4,0.664451827242525,0.540855207451313,0.546861416878352,0.0317932935250637,-0.621695114318012,0.899680894432756
SIG030,GSE38832,7,7,0.585944115156647,0,0.34045584045584,0.451188978624502,0.0116426756985606,0.0207328833172613,0.540643522438611,0.132867132867133,ok,0.640967073127877,GSE38832|7,0.13953488372093,0.543607112616427,0.54840671747107,0.0348781176731574,1.0762449406628,0.642252750176756
SIG031,GSE38832,4,4,0.53259949195597,0,0.517094017094017,0.319624008851967,0.00910245554614741,0.0207328833172613,0.540643522438611,0.586413586413586,ok,0.863063597975745,GSE38832|4,0.601328903654485,0.540855207451313,0.546861416878352,0.0317932935250637,-0.448582809174472,0.869610661092239
SIG032,GSE38832,10,10,0.500423370025402,1,0.428774928774929,0.0742623920643822,0.000635055038103349,0.0110896817743491,0.539373412362405,0.999000999000999,ok,1,GSE38832|10,0.990033222591362,0.539796782387807,0.546854360711262,0.0341377515810924,-1.36010687685641,0.99573797138576
SIG033,GSE38832,10,9,0.585520745131245,0,0.465811965811966,0.859491623607068,0.00910245554614741,0.0400192864030858,0.538950042337003,0.127872127872128,ok,0.634404355334588,GSE38832|9,0.152823920265781,0.542125317527519,0.546987016652554,0.0352208218551044,1.09406102552675,0.650602942151439
SIG034,GSE38832,14,14,0.54233700254022,0,0.423076923076923,0.330568402347122,0.00529212531752754,0.0303760848601736,0.540220152413209,0.483516483516484,ok,0.832985841866836,GSE38832|14,0.425249169435216,0.535139712108383,0.543995201806379,0.0329050088088058,-0.0503935214177781,0.798878497493903
SIG035,GSE38832,3,2,0.539373412362405,1,0.434472934472934,0.158209836050623,-0.00698560541913629,0.0400192864030858,0.539796782387807,0.508491508491509,ok,0.842568284428749,GSE38832|2,0.551495016611296,0.54424216765453,0.549730454417161,0.0342585138383218,-0.302320237930759,0.857384965096103
SIG036,GSE38832,13,12,0.505080440304826,0,0.358974358974359,0.252609055594571,0.0179932260795936,0.0400192864030858,0.5385266723116,0.945054945054945,ok,0.990450597437497,GSE38832|12,0.953488372093023,0.538950042337003,0.54583545018346,0.0328124142753382,-1.24206068887975,0.989508936930575
SIG037,GSE38832,14,13,0.547840812870449,0,0.574074074074074,0.341373659350312,0.00825571549534288,0.0400192864030858,0.538103302286198,0.414585414585415,ok,0.808003590612286,GSE38832|13,0.362126245847176,0.535351397121084,0.543245836861417,0.0336635518339927,0.136497064590556,0.770823051027248
SIG038,GSE38832,3,3,0.588060965283658,1,0.518518518518519,0.530878679470034,0.00359864521591868,0.0496624879459981,0.54233700254022,0.13986013986014,ok,0.651775409056962,GSE38832|3,0.172757475083056,0.542548687552921,0.550955405023991,0.0374482112455117,0.990850003926805,0.673452369922304
SIG039,GSE38832,14,14,0.525825571549534,1,0.592592592592593,0.154098607731364,-0.000211685012701079,-0.00819672131147541,0.540220152413209,0.676323676323676,ok,0.904428904428904,GSE38832|14,0.67109634551495,0.535139712108383,0.543995201806379,0.0329050088088058,-0.552184330428815,0.90168298347705
SIG040,GSE38832,15,13,0.577053344623201,1,0.60968660968661,0.399283179366241,0.0302709568162574,-0.00819672131147541,0.538103302286198,0.190809190809191,ok,0.684094062933653,GSE38832|13,0.159468438538206,0.535351397121084,0.543245836861417,0.0336635518339927,1.00427631429094,0.659869400847749
SIG041,GSE38832,10,10,0.638018628281118,0,0.49002849002849,1.06746604695263,0.0150296359017782,0.0303760848601736,0.539373412362405,0.010989010989011,ok,0.345883624572149,GSE38832|10,0.0199335548172757,0.539796782387807,0.546854360711262,0.0341377515810924,2.67048248193208,0.357686217281957
SIG042,GSE38832,8,7,0.580016934801016,1,0.554131054131054,0.281699790762056,0.0129127857747672,0.0207328833172613,0.540643522438611,0.163836163836164,ok,0.670515924753213,GSE38832|7,0.172757475083056,0.543607112616427,0.54840671747107,0.0348781176731574,0.906305140264891,0.673452369922304
SIG043,GSE38832,14,14,0.506350550381033,0,0.407407407407407,0.054741379826845,0.00275190516511437,0.0207328833172613,0.540220152413209,0.928071928071928,ok,0.98774839351336,GSE38832|14,0.913621262458472,0.535139712108383,0.543995201806379,0.0329050088088058,-1.14404015644182,0.978073089700997
SIG044,GSE38832,3,3,0.570702794242168,0,0.501424501424502,0.509157544742477,0.0112193056731584,0.0400192864030858,0.54233700254022,0.240759240759241,ok,0.70620288802107,GSE38832|3,0.285714285714286,0.542548687552921,0.550955405023991,0.0374482112455117,0.52732529969756,0.723709008669431
SIG045,GSE38832,6,6,0.578323454699407,0,0.538461538461538,0.848192737162035,0.00613886536833186,0.0496624879459981,0.542548687552921,0.176823176823177,ok,0.674951291253478,GSE38832|6,0.219269102990033,0.545935647756139,0.550505221563647,0.0346918494239478,0.801866536309748,0.695862277257626
SIG046,GSE38832,5,4,0.594411515664691,1,0.581196581196581,0.514283737402368,0.0184165961049958,0.00144648023143683,0.540643522438611,0.105894105894106,ok,0.592760009669631,GSE38832|4,0.0996677740863787,0.540855207451313,0.546861416878352,0.0317932935250637,1.49560154089899,0.579885231048022
SIG047,GSE38832,4,4,0.544030482641829,0,0.353276353276353,0.174702668916066,0.0057154953429297,0.0496624879459981,0.540643522438611,0.470529470529471,ok,0.825037975722907,GSE38832|4,0.475083056478405,0.540855207451313,0.546861416878352,0.0317932935250637,-0.0890418677225427,0.836076506359797
SIG048,GSE38832,11,11,0.524555461473328,1,0.495726495726496,0.101665935568278,0.0162997459779848,0.0110896817743491,0.540220152413209,0.682317682317682,ok,0.904954742643876,GSE38832|11,0.72093023255814,0.543395427603726,0.548666384419983,0.0335789004584087,-0.718037893364591,0.920336467095497
SIG049,GSE38832,14,14,0.533869602032176,0,0.534188034188034,0.793506761037407,0.00317527519051652,0.0207328833172613,0.540220152413209,0.583416583416583,ok,0.863063597975745,GSE38832|14,0.528239202657807,0.535139712108383,0.543995201806379,0.0329050088088058,-0.307722141423434,0.84871905364267
SIG050,GSE38832,6,5,0.549534292972058,0,0.532763532763533,0.424831964130179,-0.000211685012701079,0.0110896817743491,0.541490262489416,0.422577422577423,ok,0.808003590612286,GSE38832|5,0.418604651162791,0.540855207451313,0.546881174146204,0.033894165813693,0.0782765635961587,0.798133992286552
SIG051,GSE38832,7,7,0.565198983911939,1,0.648148148148148,0.35315898358339,0.0069856054191364,0.00144648023143683,0.540643522438611,0.240759240759241,ok,0.70620288802107,GSE38832|7,0.275747508305648,0.543607112616427,0.54840671747107,0.0348781176731574,0.481455639270144,0.721960973408656
SIG052,GSE38832,20,19,0.541066892464014,1,0.532763532763533,0.796481707426132,0.00444538526672311,0.0593056894889103,0.539373412362405,0.473526473526474,ok,0.826759447449103,GSE38832|19,0.491694352159469,0.541066892464014,0.546594693762348,0.0321115384282926,-0.172143770398241,0.839158361018826
SIG053,GSE38832,11,9,0.541913632514818,1,0.50997150997151,0.690356722551609,-0.00105842506350551,0.0303760848601736,0.538950042337003,0.463536463536464,ok,0.822035107749393,GSE38832|9,0.501661129568106,0.542125317527519,0.546987016652554,0.0352208218551044,-0.144045024236171,0.84090902542263
SIG054,GSE38832,46,45,0.512701100762066,0,0.396011396011396,0.277899156910542,0.00740897544453856,0.0110896817743491,0.5385266723116,0.835164835164835,ok,0.960762756094893,GSE38832|45,0.850498338870432,0.534292972057578,0.541608806096528,0.0317262103793014,-0.911161622798862,0.963965059404504
SIG055,GSE38832,21,20,0.570702794242168,1,0.66951566951567,1.41980079031057,0.00529212531752754,0.0110896817743491,0.539796782387807,0.210789210789211,ok,0.684797436066472,GSE38832|20,0.192691029900332,0.54043183742591,0.545145357042055,0.0321791741587316,0.794222905598662,0.680085987883525
SIG056,GSE38832,7,6,0.518628281117697,0,0.415954415954416,-0.192513337244766,0.0222269263336157,0.00144648023143683,0.542548687552921,0.767232767232767,ok,0.936482462229442,GSE38832|6,0.78405315614618,0.545935647756139,0.550505221563647,0.0346918494239478,-0.918859644996181,0.946186084098469
SIG057,GSE38832,8,8,0.530482641828959,0,0.505698005698006,0.522385416098063,0.00867908552074514,0.0496624879459981,0.540855207451313,0.618381618381618,ok,0.884393590101522,GSE38832|8,0.631229235880399,0.541913632514818,0.546797911374541,0.0322120093430005,-0.506496486197239,0.883997179351105
SIG058,GSE38832,24,22,0.546570702794242,1,0.547008547008547,0.223780086287894,-0.00275190516511437,0.0207328833172613,0.5385266723116,0.40959040959041,ok,0.804420069726192,GSE38832|22,0.491694352159469,0.545512277730737,0.546802145074795,0.0321307827119061,-0.00720313235530436,0.839158361018826
SIG059,GSE38832,14,13,0.502540220152413,1,0.505698005698006,0.00309947429496173,0.00825571549534288,0.0303760848601736,0.538103302286198,0.968031968031968,ok,0.994859953302878,GSE38832|13,0.953488372093023,0.535351397121084,0.543245836861417,0.0336635518339927,-1.2091895979883,0.989508936930575
SIG060,GSE38832,7,6,0.500846740050804,0,0.401709401709402,-0.0589701564722692,0.00190516511430994,0.0303760848601736,0.542548687552921,0.988011988011988,ok,0.996838159213356,GSE38832|6,0.996677740863787,0.545935647756139,0.550505221563647,0.0346918494239478,-1.43141637985329,0.998237486937127
SIG062,GSE38832,43,42,0.509314140558848,0,0.46011396011396,0.238143653467073,-0.00105842506350551,0.0303760848601736,0.536833192209992,0.87012987012987,ok,0.966775160323548,GSE38832|42,0.847176079734219,0.537044877222693,0.541625740897544,0.0298325651695202,-1.08309829057908,0.963042079982061
SIG063,GSE38832,19,19,0.588907705334462,0,0.437321937321937,1.18430572026254,0.0162997459779848,0.0400192864030858,0.539373412362405,0.0949050949050949,ok,0.58216543839547,GSE38832|19,0.119601328903655,0.541066892464014,0.546594693762348,0.0321115384282926,1.31768870764637,0.613996126992023
SIG064,GSE38832,3,3,0.610499576629975,0,0.6994301994302,0.514345048178267,0.0129127857747672,0.0110896817743491,0.54233700254022,0.0729270729270729,ok,0.520520371821487,GSE38832|3,0.0830564784053156,0.542548687552921,0.550955405023991,0.0374482112455117,1.59004047524755,0.540570978095614
SIG065,GSE38832,5,5,0.506773920406435,1,0.49002849002849,-0.0114334115447029,0.0146062658763759,0.00144648023143683,0.541490262489416,0.908091908091908,ok,0.980018299143369,GSE38832|5,0.92358803986711,0.540855207451313,0.546881174146204,0.033894165813693,-1.18330847734172,0.980259279460946
SIG066,GSE38832,11,11,0.526672311600339,0,0.515669515669516,0.173717777359541,0.00867908552074514,0.0303760848601736,0.540220152413209,0.655344655344655,ok,0.897013434326867,GSE38832|11,0.704318936877076,0.543395427603726,0.548666384419983,0.0335789004584087,-0.65499681405251,0.913085414210695
SIG067,GSE38832,5,5,0.520321761219306,1,0.545584045584046,0.100137399987037,0.00613886536833186,0.0303760848601736,0.541490262489416,0.739260739260739,ok,0.927301121979902,GSE38832|5,0.724252491694352,0.540855207451313,0.546881174146204,0.033894165813693,-0.783598365361392,0.920903830498779
SIG068,GSE38832,5,5,0.551227773073666,0,0.457264957264957,0.440319519211718,0.00444538526672311,0.0400192864030858,0.541490262489416,0.404595404595405,ok,0.801999236602738,GSE38832|5,0.40531561461794,0.540855207451313,0.546881174146204,0.033894165813693,0.128240327593673,0.792470448132836
SIG069,GSE38832,7,7,0.559271803556308,0,0.331908831908832,0.423146987542788,0.0116426756985606,0.0207328833172613,0.540643522438611,0.288711288711289,ok,0.727376519584312,GSE38832|7,0.335548172757475,0.543607112616427,0.54840671747107,0.0348781176731574,0.311515838872239,0.756429537421821
SIG070,GSE38832,3,3,0.512701100762066,0,0.435897435897436,-0.00118625689474782,0.00740897544453856,0.0207328833172613,0.54233700254022,0.849150849150849,ok,0.963575431660538,GSE38832|3,0.837209302325582,0.542548687552921,0.550955405023991,0.0374482112455117,-1.0215255412636,0.963042079982061
SIG071,GSE38832,13,13,0.643099068585944,1,0.612535612535613,1.29960274960319,0.00656223539373413,0.0400192864030858,0.538103302286198,0.011988011988012,ok,0.348742166923985,GSE38832|13,0.0199335548172757,0.535351397121084,0.543245836861417,0.0336635518339927,2.96621200926569,0.357686217281957
SIG072,GSE38832,15,14,0.544030482641829,0,0.313390313390313,0.478684537643207,0.00740897544453856,-0.00819672131147541,0.540220152413209,0.458541458541459,ok,0.820760634714123,GSE38832|14,0.415282392026578,0.535139712108383,0.543995201806379,0.0329050088088058,0.00107220258335849,0.794957320728843
SIG073,GSE38832,16,16,0.659187129551228,0,0.702279202279202,1.94726822549063,0.0192633361558001,0.0303760848601736,0.541278577476715,0.001998001998002,ok,0.23976023976024,GSE38832|16,0.00996677740863787,0.534292972057578,0.543948631103585,0.0355478302827888,3.24178712261487,0.318936877076412
SIG074,GSE38832,11,11,0.579170194750212,1,0.586894586894587,0.798875864689969,-0.00359864521591868,0.0496624879459981,0.540220152413209,0.173826173826174,ok,0.674234856053038,GSE38832|11,0.18936877076412,0.543395427603726,0.548666384419983,0.0335789004584087,0.908421952887095,0.680085987883525
SIG075,GSE38832,14,13,0.52878916172735,0,0.548433048433048,-0.0438823329213462,0.0112193056731584,0.0207328833172613,0.538103302286198,0.625374625374625,ok,0.88505175940885,GSE38832|13,0.59468438538206,0.535351397121084,0.543245836861417,0.0336635518339927,-0.429445924344468,0.866965846570657
SIG076,GSE38832,9,8,0.518628281117697,1,0.484330484330484,0.0802244224834033,0.00275190516511437,0.0110896817743491,0.540855207451313,0.755244755244755,ok,0.933721783689588,GSE38832|8,0.794019933554817,0.541913632514818,0.546797911374541,0.0322120093430005,-0.874507080787418,0.949855621448753
SIG077,GSE38832,7,7,0.562235393734124,0,0.521367521367521,0.417646449261311,-0.00148179508890767,-0.00819672131147541,0.540643522438611,0.256743256743257,ok,0.72249466351343,GSE38832|7,0.299003322259136,0.543607112616427,0.54840671747107,0.0348781176731574,0.396485739071206,0.728094111439948
SIG078,GSE38832,6,5,0.621930567315834,1,0.648148148148148,0.867004293994935,0.00444538526672311,0.0400192864030858,0.541490262489416,0.044955044955045,ok,0.464689949226032,GSE38832|5,0.0232558139534884,0.540855207451313,0.546881174146204,0.033894165813693,2.21422747449093,0.369017874303287
SIG079,GSE38832,5,5,0.570279424216766,0,0.537037037037037,0.497721371321919,0.00190516511430994,0.0207328833172613,0.541490262489416,0.240759240759241,ok,0.70620288802107,GSE38832|5,0.245847176079734,0.540855207451313,0.546881174146204,0.033894165813693,0.690332672566014,0.721960973408656
SIG080,GSE38832,8,8,0.515664690939881,1,0.46011396011396,-0.431523045277178,-0.00698560541913629,0.0207328833172613,0.540855207451313,0.8001998001998,ok,0.948970732787904,GSE38832|8,0.847176079734219,0.541913632514818,0.546797911374541,0.0322120093430005,-0.966509729434978,0.963042079982061
SIG081,GSE38832,5,5,0.68077900084674,0,0.675213675213675,1.2496714500102,0.0184165961049958,0.0593056894889103,0.541490262489416,0.001998001998002,ok,0.23976023976024,GSE38832|5,0.00664451827242525,0.540855207451313,0.546881174146204,0.033894165813693,3.95046827340541,0.283499446290144
SIG082,GSE38832,6,6,0.623200677392041,0,0.608262108262108,0.700151688305006,0.0141828958509738,0.0400192864030858,0.542548687552921,0.031968031968032,ok,0.426240426240426,GSE38832|6,0.0332225913621263,0.545935647756139,0.550505221563647,0.0346918494239478,2.0954621052348,0.408893432149246
SIG083,GSE38832,17,16,0.516934801016088,1,0.46011396011396,0.0965684337000969,0.00444538526672311,0.0207328833172613,0.541278577476715,0.795204795204795,ok,0.946570457406371,GSE38832|16,0.730897009966777,0.534292972057578,0.543948631103585,0.0355478302827888,-0.759929083507969,0.925674313414388
SIG084,GSE38832,15,15,0.586790855207451,0,0.618233618233618,0.570438264324049,0.0069856054191364,0.0207328833172613,0.539585097375106,0.127872127872128,ok,0.634404355334588,GSE38832|15,0.112956810631229,0.540220152413209,0.545530623765171,0.0333763600247136,1.23621124088214,0.609205270820113
SIG085,GSE38832,7,7,0.555461473327688,0,0.411680911680912,0.310439131358836,0.0116426756985606,0.0207328833172613,0.540643522438611,0.336663336663337,ok,0.757788518632598,GSE38832|7,0.372093023255814,0.543607112616427,0.54840671747107,0.0348781176731574,0.202268824330727,0.77151037219348
SIG086,GSE38832,5,5,0.536409822184589,1,0.715099715099715,0.154153155456016,0.00656223539373413,0.00144648023143683,0.541490262489416,0.565434565434565,ok,0.862685195495243,GSE38832|5,0.558139534883721,0.540855207451313,0.546881174146204,0.033894165813693,-0.308942607384791,0.861027671340473
SIG087,GSE38832,5,5,0.525402201524132,0,0.58974358974359,0.113373910751954,0.0103725656223539,0.0207328833172613,0.541490262489416,0.688311688311688,ok,0.90704079722611,GSE38832|5,0.677740863787375,0.540855207451313,0.546881174146204,0.033894165813693,-0.633707073368787,0.904911306308596
SIG088,GSE38832,6,6,0.534716342082981,0,0.547008547008547,0.198631607611882,0.0116426756985606,0.0110896817743491,0.542548687552921,0.576423576423577,ok,0.863063597975745,GSE38832|6,0.598006644518272,0.545935647756139,0.550505221563647,0.0346918494239478,-0.455117837268329,0.869610661092239
SIG089,GSE38832,5,5,0.619390347163421,0,0.638176638176638,0.891326055966317,0.0133361558001694,0.0303760848601736,0.541490262489416,0.044955044955045,ok,0.464689949226032,GSE38832|5,0.026578073089701,0.540855207451313,0.546881174146204,0.033894165813693,2.13928182849463,0.380820151733029
SIG090,GSE38832,4,4,0.508044030482642,1,0.428774928774929,0.0288857660478946,0.0146062658763759,0.00144648023143683,0.540643522438611,0.872127872127872,ok,0.966775160323548,GSE38832|4,0.893687707641196,0.540855207451313,0.546861416878352,0.0317932935250637,-1.22093001673792,0.976041182406767
SIG091,GSE38832,7,7,0.534292972057578,1,0.653846153846154,0.154129919783245,-0.000635055038103349,-0.00819672131147541,0.540643522438611,0.564435564435564,ok,0.862685195495243,GSE38832|7,0.591362126245847,0.543607112616427,0.54840671747107,0.0348781176731574,-0.404659034233199,0.866965846570657
SIG093,GSE38832,9,9,0.52878916172735,0,0.497150997150997,0.158868945173065,0.0201100762066047,0.0303760848601736,0.538950042337003,0.634365634365634,ok,0.88903796932994,GSE38832|9,0.631229235880399,0.542125317527519,0.546987016652554,0.0352208218551044,-0.516678883873545,0.883997179351105
SIG094,GSE38832,3,3,0.555038103302286,1,0.478632478632479,0.204007941726464,0.00021168501270119,0.0303760848601736,0.54233700254022,0.368631368631369,ok,0.780344242306756,GSE38832|3,0.385382059800665,0.542548687552921,0.550955405023991,0.0374482112455117,0.109022517832125,0.781344830852456
SIG095,GSE38832,18,16,0.599491955969517,0,0.561253561253561,0.965206940989945,0.0196867061812024,0.0207328833172613,0.541278577476715,0.0739260739260739,ok,0.521831110066404,GSE38832|16,0.0897009966777409,0.534292972057578,0.543948631103585,0.0355478302827888,1.56249550040259,0.560996461307044
SIG096,GSE38832,11,11,0.530906011854361,1,0.454415954415954,0.333989592478487,0.00444538526672311,0.0110896817743491,0.540220152413209,0.608391608391608,ok,0.876960876960877,GSE38832|11,0.624584717607973,0.543395427603726,0.548666384419983,0.0335789004584087,-0.528914655428348,0.883997179351105
SIG097,GSE38832,14,14,0.554614733276884,1,0.47008547008547,0.636308821267834,0.00105842506350551,0.0207328833172613,0.540220152413209,0.355644355644356,ok,0.768095796217281,GSE38832|14,0.355481727574751,0.535139712108383,0.543995201806379,0.0329050088088058,0.322732977590433,0.765162462941168
SIG098,GSE38832,5,5,0.571972904318374,1,0.55982905982906,0.35374901300726,0.0137595258255716,0.0400192864030858,0.541490262489416,0.227772227772228,ok,0.702182128489577,GSE38832|5,0.242524916943522,0.540855207451313,0.546881174146204,0.033894165813693,0.740296436563528,0.721960973408656
SIG099,GSE38832,11,11,0.597798475867909,0,0.608262108262108,0.47804939677801,0.0243437764606267,0.0303760848601736,0.540220152413209,0.0919080919080919,ok,0.574799793040835,GSE38832|11,0.0930232558139535,0.543395427603726,0.548666384419983,0.0335789004584087,1.46318345083341,0.572450805008945
SIG101,GSE38832,10,8,0.502540220152413,1,0.448717948717949,0.0129489204684369,0.0103725656223539,0.0110896817743491,0.540855207451313,0.975024975024975,ok,0.994859953302878,GSE38832|8,0.970099667774086,0.541913632514818,0.546797911374541,0.0322120093430005,-1.37395003058837,0.991949169610348
SIG102,GSE38832,4,4,0.519051651143099,0,0.561253561253561,0.205535737582955,0.00317527519051652,0.0207328833172613,0.540643522438611,0.733266733266733,ok,0.923194837948936,GSE38832|4,0.78405315614618,0.540855207451313,0.546861416878352,0.0317932935250637,-0.874705406450868,0.946186084098469
SIG107,GSE38832,15,13,0.57493649449619,1,0.605413105413105,0.825984703296979,0.0158763759525826,0.0110896817743491,0.538103302286198,0.198801198801199,ok,0.684094062933653,GSE38832|13,0.162790697674419,0.535351397121084,0.543245836861417,0.0336635518339927,0.941393759964823,0.660799449333792
SIG108,GSE38832,15,13,0.526672311600339,1,0.713675213675214,0.577317408261459,0.00232853513971221,0.00144648023143683,0.538103302286198,0.654345654345654,ok,0.897013434326867,GSE38832|13,0.627906976744186,0.535351397121084,0.543245836861417,0.0336635518339927,-0.492328478670583,0.883997179351105
SIG109,GSE38832,7,7,0.61727349703641,1,0.595441595441596,0.835924378055759,-0.00444538526672311,0.0303760848601736,0.540643522438611,0.028971028971029,ok,0.426240426240426,GSE38832|7,0.0398671096345515,0.543607112616427,0.54840671747107,0.0348781176731574,1.97449817133741,0.422899726510159
SIG110,GSE38832,9,9,0.548264182895851,1,0.710826210826211,0.351397274611053,0.00656223539373413,0.0400192864030858,0.538950042337003,0.398601398601399,ok,0.801999236602738,GSE38832|9,0.448504983388704,0.542125317527519,0.546987016652554,0.0352208218551044,0.0362616820399823,0.816236557446742
SIG111,GSE38832,13,12,0.546994072819644,0,0.397435897435897,0.361079589314061,0.0175698560541914,0.0207328833172613,0.5385266723116,0.420579420579421,ok,0.808003590612286,GSE38832|12,0.428571428571429,0.538950042337003,0.54583545018346,0.0328124142753382,0.0353104964011876,0.798878497493903
SIG112,GSE38832,4,4,0.50381033022862,0,0.615384615384615,0.0153925155201287,0.018839966130398,0.0110896817743491,0.540643522438611,0.94005994005994,ok,0.990450597437497,GSE38832|4,0.953488372093023,0.540855207451313,0.546861416878352,0.0317932935250637,-1.35409332838679,0.989508936930575
SIG113,GSE38832,10,10,0.620660457239628,0,0.60968660968661,1.59713406045985,0.0141828958509738,0.0689488910318226,0.539373412362405,0.028971028971029,ok,0.426240426240426,GSE38832|10,0.0431893687707641,0.539796782387807,0.546854360711262,0.0341377515810924,2.16200813205416,0.425249169435216
SIG114,GSE38832,20,18,0.616850127011008,0,0.495726495726496,1.05275104629677,0.0162997459779848,0.0303760848601736,0.540643522438611,0.031968031968032,ok,0.426240426240426,GSE38832|18,0.0697674418604651,0.539161727349704,0.547856336438047,0.0347591103075888,1.98491244345509,0.497968358260569
SIG115,GSE38832,4,4,0.50381033022862,1,0.527065527065527,-0.0136564176855907,0.0120660457239627,-0.00819672131147541,0.540643522438611,0.94005994005994,ok,0.990450597437497,GSE38832|4,0.953488372093023,0.540855207451313,0.546861416878352,0.0317932935250637,-1.35409332838679,0.989508936930575
SIG116,GSE38832,5,5,0.52116850127011,0,0.611111111111111,0.127559490986066,0.00740897544453856,0.0207328833172613,0.541490262489416,0.733266733266733,ok,0.923194837948936,GSE38832|5,0.72093023255814,0.540855207451313,0.546881174146204,0.033894165813693,-0.758616483362632,0.920336467095497
SIG117,GSE38832,4,4,0.575359864521592,0,0.491452991452991,0.462116988246068,0.0226502963590178,0.0110896817743491,0.540643522438611,0.204795204795205,ok,0.684094062933653,GSE38832|4,0.212624584717608,0.540855207451313,0.546861416878352,0.0317932935250637,0.896366638479089,0.687271384945804
SIG118,GSE38832,15,14,0.68839966130398,1,0.710826210826211,1.38921033882595,0.00994919559695173,0.0689488910318226,0.540220152413209,0.001998001998002,ok,0.23976023976024,GSE38832|14,0.00332225913621262,0.535139712108383,0.543995201806379,0.0329050088088058,4.38852517367984,0.212624584717608
SIG119,GSE38832,10,10,0.56731583403895,0,0.472934472934473,0.374729072033782,0.0222269263336157,0.0496624879459981,0.539373412362405,0.244755244755245,ok,0.707726008930828,GSE38832|10,0.255813953488372,0.539796782387807,0.546854360711262,0.0341377515810924,0.599379642185376,0.721960973408656
SIG120,GSE38832,4,3,0.543607112616427,0,0.378917378917379,0.0844922520330829,0.00232853513971221,0.0207328833172613,0.54233700254022,0.483516483516484,ok,0.832985841866836,GSE38832|3,0.488372093023256,0.542548687552921,0.550955405023991,0.0374482112455117,-0.196225458123709,0.839158361018826
SIG121,GSE38832,6,6,0.61346316680779,1,0.584045584045584,0.673093458267465,0.020956816257409,0.0400192864030858,0.542548687552921,0.0529470529470529,ok,0.484087341230198,GSE38832|6,0.0631229235880399,0.545935647756139,0.550505221563647,0.0346918494239478,1.81477627424162,0.477149658618254
SIG122,GSE38832,8,8,0.548687552921253,0,0.418803418803419,0.508670407584483,0.00867908552074514,0.0400192864030858,0.540855207451313,0.422577422577423,ok,0.808003590612286,GSE38832|8,0.411960132890365,0.541913632514818,0.546797911374541,0.0322120093430005,0.0586626412090708,0.794957320728843
SIG124,GSE38832,4,4,0.63082133784928,0,0.623931623931624,0.585314513207911,0.0218035563082134,0.0110896817743491,0.540643522438611,0.026973026973027,ok,0.426240426240426,GSE38832|4,0.00996677740863787,0.540855207451313,0.546861416878352,0.0317932935250637,2.64080602107925,0.318936877076412
SIG125,GSE38832,4,4,0.503386960203218,0,0.598290598290598,-0.140381807624336,0.00359864521591868,0.0207328833172613,0.540643522438611,0.948051948051948,ok,0.99081798158387,GSE38832|4,0.956810631229236,0.540855207451313,0.546861416878352,0.0317932935250637,-1.36740965955167,0.989508936930575
SIG126,GSE38832,4,4,0.507197290431837,1,0.535612535612536,0.252721145984396,-0.00317527519051652,0.0207328833172613,0.540643522438611,0.888111888111888,ok,0.975481661195947,GSE38832|4,0.903654485049834,0.540855207451313,0.546861416878352,0.0317932935250637,-1.24756267906771,0.976374007482094
SIG127,GSE38832,6,6,0.511854360711262,1,0.415954415954416,0.0349353710349635,0.00359864521591868,0.0303760848601736,0.542548687552921,0.841158841158841,ok,0.962445838185483,GSE38832|6,0.867109634551495,0.545935647756139,0.550505221563647,0.0346918494239478,-1.11411935351316,0.965130723674708
SIG128,GSE38832,11,11,0.544030482641829,1,0.521367521367521,0.315706756792215,0.00444538526672311,0.0303760848601736,0.540220152413209,0.467532467532468,ok,0.823543429048016,GSE38832|11,0.501661129568106,0.543395427603726,0.548666384419983,0.0335789004584087,-0.138059963693457,0.84090902542263
SIG129,GSE38832,9,9,0.539796782387807,1,0.660968660968661,0.206262356491516,0.00783234546994072,0.0110896817743491,0.538950042337003,0.488511488511489,ok,0.832985841866836,GSE38832|9,0.504983388704319,0.542125317527519,0.546987016652554,0.0352208218551044,-0.204147259661553,0.84090902542263
SIG130,GSE38832,9,9,0.511854360711262,1,0.354700854700855,-0.0622976972671211,0.00444538526672311,0.0303760848601736,0.538950042337003,0.836163836163836,ok,0.960762756094893,GSE38832|9,0.840531561461794,0.542125317527519,0.546987016652554,0.0352208218551044,-0.997496767276618,0.963042079982061
SIG132,GSE38832,5,5,0.508467400508044,0,0.542735042735043,0.204045336889708,0.00317527519051652,0.0303760848601736,0.541490262489416,0.873126873126873,ok,0.966775160323548,GSE38832|5,0.897009966777409,0.540855207451313,0.546881174146204,0.033894165813693,-1.13334471334418,0.976080109403813
SIG133,GSE38832,5,5,0.56731583403895,0,0.494301994301994,0.502537733874771,0.0205334462320068,0.0207328833172613,0.541490262489416,0.274725274725275,ok,0.72249466351343,GSE38832|5,0.27906976744186,0.540855207451313,0.546881174146204,0.033894165813693,0.602896085570304,0.721960973408656
SIG134,GSE38832,8,8,0.534292972057578,1,0.391737891737892,0.334106854246948,0.00359864521591868,0.00144648023143683,0.540855207451313,0.577422577422578,ok,0.863063597975745,GSE38832|8,0.584717607973422,0.541913632514818,0.546797911374541,0.0322120093430005,-0.388207366507568,0.866965846570657
SIG135,GSE38832,3,3,0.538103302286198,1,0.528490028490029,0.239342286018502,-0.00105842506350551,0.0110896817743491,0.54233700254022,0.55044955044955,ok,0.853685894073616,GSE38832|3,0.548172757475083,0.542548687552921,0.550955405023991,0.0374482112455117,-0.343196705806166,0.857384965096103
SIG136,GSE38832,9,9,0.567739204064352,0,0.535612535612536,0.588951583371891,-0.000211685012701079,-0.00819672131147541,0.538950042337003,0.226773226773227,ok,0.702182128489577,GSE38832|9,0.249169435215947,0.542125317527519,0.546987016652554,0.0352208218551044,0.589202247953509,0.721960973408656
SIG138,GSE38832,5,5,0.560118543607113,1,0.552706552706553,0.162355499555356,0.0306943268416596,0.0207328833172613,0.541490262489416,0.334665334665335,ok,0.757788518632598,GSE38832|5,0.3421926910299,0.540855207451313,0.546881174146204,0.033894165813693,0.390550088580775,0.756429537421821
SIG139,GSE38832,4,4,0.581710414902625,0,0.485754985754986,0.615973559295342,0.00359864521591868,0.0400192864030858,0.540643522438611,0.16983016983017,ok,0.674234856053038,GSE38832|4,0.159468438538206,0.540855207451313,0.546861416878352,0.0317932935250637,1.09611160595239,0.659869400847749
SIG140,GSE38832,6,6,0.522015241320915,0,0.532763532763533,0.346908293062983,-0.00952582557154957,0.0110896817743491,0.542548687552921,0.725274725274725,ok,0.923194837948936,GSE38832|6,0.747508305647841,0.545935647756139,0.550505221563647,0.0346918494239478,-0.821229790737676,0.931958407041463
SIG141,GSE38832,7,7,0.61727349703641,0,0.458689458689459,1.14811040484528,0.0129127857747672,0.0207328833172613,0.540643522438611,0.028971028971029,ok,0.426240426240426,GSE38832|7,0.0398671096345515,0.543607112616427,0.54840671747107,0.0348781176731574,1.97449817133741,0.422899726510159
SIG142,GSE38832,12,12,0.590177815410669,1,0.622507122507123,0.725532229498066,0.0057154953429297,0.0303760848601736,0.5385266723116,0.111888111888112,ok,0.613786213786214,GSE38832|12,0.116279069767442,0.538950042337003,0.54583545018346,0.0328124142753382,1.35138989941793,0.611659764256133
SIG143,GSE38832,6,6,0.673581710414903,1,0.638176638176638,1.66582687197938,0.0133361558001694,0.0400192864030858,0.542548687552921,0.004995004995005,ok,0.250184598010685,GSE38832|6,0.00332225913621262,0.545935647756139,0.550505221563647,0.0346918494239478,3.54770618732988,0.212624584717608
SIG144,GSE38832,3,3,0.600338696020322,0,0.527065527065527,0.546290736357337,0.00952582557154957,0.0496624879459981,0.54233700254022,0.0979020979020979,ok,0.588833658742473,GSE38832|3,0.122923588039867,0.542548687552921,0.550955405023991,0.0374482112455117,1.31870894106457,0.617835835174201
SIG145,GSE38832,12,12,0.540643522438611,1,0.457264957264957,0.311201045444189,0.00317527519051652,0.0207328833172613,0.5385266723116,0.483516483516484,ok,0.832985841866836,GSE38832|12,0.495016611295681,0.538950042337003,0.54583545018346,0.0328124142753382,-0.15823059227774,0.84090902542263
SIG146,GSE38832,3,3,0.571549534292972,0,0.505698005698006,0.627918641318083,-0.00105842506350551,0.0207328833172613,0.54233700254022,0.235764235764236,ok,0.70620288802107,GSE38832|3,0.282392026578073,0.542548687552921,0.550955405023991,0.0374482112455117,0.549936260879464,0.721960973408656
SIG147,GSE38832,3,3,0.507197290431837,1,0.625356125356125,0.0551638997013185,0.00148179508890767,0.0207328833172613,0.54233700254022,0.91008991008991,ok,0.980018299143369,GSE38832|3,0.913621262458472,0.542548687552921,0.550955405023991,0.0374482112455117,-1.16849678894606,0.978073089700997
SIG148,GSE38832,8,6,0.654953429297206,0,0.594017094017094,1.0143672473561,0.0179932260795936,0.0593056894889103,0.542548687552921,0.00599400599400599,ok,0.250184598010685,GSE38832|6,0.00996677740863787,0.545935647756139,0.550505221563647,0.0346918494239478,3.01074198890817,0.318936877076412
SIG149,GSE38832,8,8,0.610076206604572,0,0.556980056980057,0.877695760795319,0.0264606265876376,0.0400192864030858,0.540855207451313,0.0609390609390609,ok,0.504758399495242,GSE38832|8,0.0465116279069768,0.541913632514818,0.546797911374541,0.0322120093430005,1.96443179176529,0.425249169435216
SIG150,GSE38832,10,10,0.50381033022862,1,0.531339031339031,0.0286085771639436,-0.000635055038103349,0.00144648023143683,0.539373412362405,0.961038961038961,ok,0.992573859706727,GSE38832|10,0.940199335548173,0.539796782387807,0.546854360711262,0.0341377515810924,-1.26089236956314,0.984287199701468
SIG151,GSE38832,8,8,0.555461473327688,0,0.527065527065527,0.585970304784247,0.0069856054191364,0.0303760848601736,0.540855207451313,0.367632367632368,ok,0.779088461207667,GSE38832|8,0.338870431893688,0.541913632514818,0.546797911374541,0.0322120093430005,0.268954409546302,0.756429537421821
SIG152,GSE38832,8,8,0.560965283657917,0,0.443019943019943,0.943556736126062,0.000635055038103349,0.0400192864030858,0.540855207451313,0.332667332667333,ok,0.757676487213854,GSE38832|8,0.299003322259136,0.541913632514818,0.546797911374541,0.0322120093430005,0.439816471320319,0.728094111439948
SIG153,GSE38832,8,8,0.555461473327688,0,0.447293447293447,0.426451784496962,-0.00275190516511437,0.0303760848601736,0.540855207451313,0.367632367632368,ok,0.779088461207667,GSE38832|8,0.338870431893688,0.541913632514818,0.546797911374541,0.0322120093430005,0.268954409546302,0.756429537421821
SIG154,GSE38832,3,3,0.710838272650296,0,0.737891737891738,1.06419809317519,0.0256138865368332,0.0496624879459981,0.54233700254022,0.000999000999000999,ok,0.15984015984016,GSE38832|3,0.00332225913621262,0.542548687552921,0.550955405023991,0.0374482112455117,4.26943937530441,0.212624584717608
SIG155,GSE38832,9,9,0.552921253175275,1,0.367521367521368,0.285415605008662,0.00105842506350551,0.0207328833172613,0.538950042337003,0.34965034965035,ok,0.765483091594836,GSE38832|9,0.378737541528239,0.542125317527519,0.546987016652554,0.0352208218551044,0.168486599975821,0.776068388190202
SIG156,GSE38832,5,5,0.572396274343777,1,0.517094017094017,0.351186911341907,0.0218035563082134,0.0207328833172613,0.541490262489416,0.227772227772228,ok,0.702182128489577,GSE38832|5,0.229235880398671,0.540855207451313,0.546881174146204,0.033894165813693,0.752787377562938,0.707609148497506
SIG157,GSE38832,5,5,0.665537679932261,0,0.730769230769231,1.27638415634808,0.0192633361558001,0.0303760848601736,0.541490262489416,0.00899100899100899,ok,0.308263165406023,GSE38832|5,0.00664451827242525,0.540855207451313,0.546881174146204,0.033894165813693,3.50079439742757,0.283499446290144
SIG159,GSE38832,6,6,0.521591871295512,1,0.70940170940171,0.119023165803113,0.0107959356477562,0.0110896817743491,0.542548687552921,0.729270729270729,ok,0.923194837948936,GSE38832|6,0.757475083056478,0.545935647756139,0.550505221563647,0.0346918494239478,-0.833433522520012,0.938291715786089
SIG161,GSE38832,4,4,0.556731583403895,0,0.605413105413105,0.324561529838318,0.0167231160033869,0.0303760848601736,0.540643522438611,0.341658341658342,ok,0.761002338728557,GSE38832|4,0.355481727574751,0.540855207451313,0.546861416878352,0.0317932935250637,0.310448067224061,0.765162462941168
SIG163,GSE38832,4,4,0.618966977138019,0,0.685185185185185,0.379997121074749,0.0154530059271804,0.0110896817743491,0.540643522438611,0.03996003996004,ok,0.456686170971885,GSE38832|4,0.0199335548172757,0.540855207451313,0.546861416878352,0.0317932935250637,2.26794874846244,0.357686217281957
SIG164,GSE38832,4,4,0.522015241320915,0,0.652421652421652,0.127055950972432,0.00825571549534288,0.0207328833172613,0.540643522438611,0.696303696303696,ok,0.911939356686969,GSE38832|4,0.744186046511628,0.540855207451313,0.546861416878352,0.0317932935250637,-0.781491088296641,0.929627332011923
SIG165,GSE38832,5,5,0.602032176121931,0,0.635327635327635,0.880121303910461,0.0150296359017782,0.0207328833172613,0.541490262489416,0.0819180819180819,ok,0.546120546120546,GSE38832|5,0.0664451827242525,0.540855207451313,0.546881174146204,0.033894165813693,1.62715324751987,0.483237692540018
SIG166,GSE38832,3,3,0.572396274343777,0,0.444444444444444,0.606556177767958,0.0196867061812024,0.0400192864030858,0.54233700254022,0.230769230769231,ok,0.702182128489577,GSE38832|3,0.275747508305648,0.542548687552921,0.550955405023991,0.0374482112455117,0.572547222061397,0.721960973408656
SIG167,GSE38832,3,3,0.541066892464014,1,0.592592592592593,0.345840617121002,0.00190516511430994,0.0207328833172613,0.54233700254022,0.516483516483517,ok,0.845395014192968,GSE38832|3,0.53156146179402,0.542548687552921,0.550955405023991,0.0374482112455117,-0.264058341669449,0.849790180386776
SIG168,GSE38832,9,9,0.573243014394581,0,0.648148148148148,0.308473193695086,0.0120660457239627,0.0110896817743491,0.538950042337003,0.193806193806194,ok,0.684094062933653,GSE38832|9,0.20265780730897,0.542125317527519,0.546987016652554,0.0352208218551044,0.745468060059521,0.687271384945804
SIG169,GSE38832,8,8,0.56350550381033,1,0.511396011396012,0.560293402813844,0.00359864521591868,0.0400192864030858,0.540855207451313,0.294705294705295,ok,0.732945810666018,GSE38832|8,0.272425249169435,0.541913632514818,0.546797911374541,0.0322120093430005,0.518675884446779,0.721960973408656
SIG170,GSE38832,6,6,0.502540220152413,0,0.311965811965812,-0.0697841691705891,0.00529212531752754,0.0110896817743491,0.542548687552921,0.974025974025974,ok,0.994859953302878,GSE38832|6,0.990033222591362,0.545935647756139,0.550505221563647,0.0346918494239478,-1.38260145272403,0.99573797138576
SIG171,GSE38832,4,4,0.622777307366639,1,0.596866096866097,1.20259431813844,0.00867908552074514,0.0303760848601736,0.540643522438611,0.036963036963037,ok,0.443556443556444,GSE38832|4,0.0132890365448505,0.540855207451313,0.546861416878352,0.0317932935250637,2.38779572894643,0.335723028501486
SIG172,GSE38832,6,6,0.535563082133785,0,0.319088319088319,0.240473210324513,0.00783234546994072,0.0110896817743491,0.542548687552921,0.570429570429571,ok,0.862685195495243,GSE38832|6,0.584717607973422,0.545935647756139,0.550505221563647,0.0346918494239478,-0.430710373703718,0.866965846570657
SIG173,GSE38832,5,5,0.512701100762066,0,0.602564102564103,0.0596622250071971,0.00910245554614741,0.00144648023143683,0.541490262489416,0.82017982017982,ok,0.956136534573845,GSE38832|5,0.817275747508306,0.540855207451313,0.546881174146204,0.033894165813693,-1.00843530335033,0.954877680459076
SIG175,GSE38832,6,5,0.597798475867909,0,0.408831908831909,0.667621864984585,0.0150296359017782,0.0207328833172613,0.541490262489416,0.103896103896104,ok,0.592348827642945,GSE38832|5,0.0863787375415282,0.540855207451313,0.546881174146204,0.033894165813693,1.50224383752602,0.549162834701107
SIG176,GSE38832,8,8,0.636748518204911,1,0.591168091168091,0.880111073619662,0.0120660457239627,0.0303760848601736,0.540855207451313,0.022977022977023,ok,0.404732881797102,GSE38832|8,0.0132890365448505,0.541913632514818,0.546797911374541,0.0322120093430005,2.79245562959317,0.335723028501486
SIG177,GSE38832,14,14,0.578323454699407,0,0.391737891737892,0.590428100447348,-0.0057154953429297,0.0496624879459981,0.540220152413209,0.163836163836164,ok,0.670515924753213,GSE38832|14,0.179401993355482,0.535139712108383,0.543995201806379,0.0329050088088058,1.04325311360627,0.674674163046256
SIG178,GSE38832,3,3,0.536409822184589,1,0.514245014245014,0.155347430031469,0.0171464860287891,0.00144648023143683,0.54233700254022,0.568431568431568,ok,0.862685195495243,GSE38832|3,0.561461794019934,0.542548687552921,0.550955405023991,0.0374482112455117,-0.38841862817,0.861027671340473
SIG179,GSE38832,12,12,0.673581710414903,0,0.641025641025641,2.11455484218315,0.0213801862828111,0.0496624879459981,0.5385266723116,0.002997002997003,ok,0.250184598010685,GSE38832|12,0.00664451827242525,0.538950042337003,0.54583545018346,0.0328124142753382,3.89322953073456,0.283499446290144
SIG180,GSE38832,5,5,0.598221845893311,0,0.505698005698006,0.51448963697192,0.0158763759525826,0.0207328833172613,0.541490262489416,0.0999000999000999,ok,0.588833658742473,GSE38832|5,0.0830564784053156,0.540855207451313,0.546881174146204,0.033894165813693,1.51473477852539,0.540570978095614
SIG181,GSE38832,5,5,0.54614733276884,1,0.67948717948718,0.186641548155663,0.0107959356477562,0.0207328833172613,0.541490262489416,0.452547452547453,ok,0.816626982040516,GSE38832|5,0.448504983388704,0.540855207451313,0.546881174146204,0.033894165813693,-0.021650964398932,0.816236557446742
SIG182,GSE38832,3,3,0.572396274343777,0,0.434472934472934,0.317946168119439,0.0201100762066047,0.0496624879459981,0.54233700254022,0.230769230769231,ok,0.702182128489577,GSE38832|3,0.275747508305648,0.542548687552921,0.550955405023991,0.0374482112455117,0.572547222061397,0.721960973408656
SIG183,GSE38832,4,4,0.573243014394581,0,0.492877492877493,0.368954267476743,0.025190516511431,0.0207328833172613,0.540643522438611,0.211788211788212,ok,0.686880686880687,GSE38832|4,0.229235880398671,0.540855207451313,0.546861416878352,0.0317932935250637,0.829784982654655,0.707609148497506
SIG184,GSE38832,3,3,0.548264182895851,1,0.435897435897436,0.330750155524011,0.00825571549534288,0.0496624879459981,0.54233700254022,0.440559440559441,ok,0.809048771134079,GSE38832|3,0.448504983388704,0.542548687552921,0.550955405023991,0.0374482112455117,-0.0718651716231853,0.816236557446742
SIG185,GSE38832,22,22,0.617696867061812,1,0.54985754985755,1.54810619348494,0.0069856054191364,0.0303760848601736,0.5385266723116,0.028971028971029,ok,0.426240426240426,GSE38832|22,0.0365448504983389,0.545512277730737,0.546802145074795,0.0321307827119061,2.2064424207365,0.420156365010842
SIG186,GSE38832,19,18,0.654530059271804,0,0.595441595441596,1.26790267660577,0.00740897544453856,0.0593056894889103,0.540643522438611,0.004995004995005,ok,0.250184598010685,GSE38832|18,0.00664451827242525,0.539161727349704,0.547856336438047,0.0347591103075888,3.06894284375476,0.283499446290144
SIG187,GSE38832,4,4,0.506773920406435,0,0.558404558404558,-0.0240286175473703,0.00317527519051652,0.0110896817743491,0.540643522438611,0.895104895104895,ok,0.975904413227159,GSE38832|4,0.916943521594684,0.540855207451313,0.546861416878352,0.0317932935250637,-1.26087901023259,0.978073089700997
SIG188,GSE38832,6,6,0.578323454699407,1,0.472934472934473,0.60994314516291,0.00867908552074514,0.0303760848601736,0.542548687552921,0.176823176823177,ok,0.674951291253478,GSE38832|6,0.219269102990033,0.545935647756139,0.550505221563647,0.0346918494239478,0.801866536309748,0.695862277257626
SIG189,GSE38832,6,6,0.548264182895851,0,0.5997150997151,0.272867361194637,0.0133361558001694,0.0303760848601736,0.542548687552921,0.433566433566434,ok,0.808003590612286,GSE38832|6,0.481727574750831,0.545935647756139,0.550505221563647,0.0346918494239478,-0.0645984202343703,0.839158361018826
SIG190,GSE38832,7,7,0.607959356477561,0,0.535612535612536,0.810001071741776,0.0171464860287891,0.0400192864030858,0.540643522438611,0.04995004995005,ok,0.470118117176941,GSE38832|7,0.0631229235880399,0.543607112616427,0.54840671747107,0.0348781176731574,1.70744991356927,0.477149658618254
SIG191,GSE38832,3,3,0.510160880609653,1,0.384615384615385,0.0905426699837683,-0.0023285351397121,0.00144648023143683,0.54233700254022,0.873126873126873,ok,0.966775160323548,GSE38832|3,0.86046511627907,0.542548687552921,0.550955405023991,0.0374482112455117,-1.08935842480934,0.965130723674708
SIG192,GSE38832,3,3,0.529635901778154,1,0.353276353276353,0.167098408752153,0.00444538526672311,0.0110896817743491,0.54233700254022,0.643356643356643,ok,0.893163235896425,GSE38832|3,0.661129568106312,0.542548687552921,0.550955405023991,0.0374482112455117,-0.56930631762531,0.899680894432756
SIG193,GSE38832,7,7,0.507197290431837,0,0.387464387464387,0.0480996144679008,0.00910245554614741,0.0207328833172613,0.540643522438611,0.91008991008991,ok,0.980018299143369,GSE38832|7,0.930232558139535,0.543607112616427,0.54840671747107,0.0348781176731574,-1.18152669319503,0.981883733715177
SIG194,GSE38832,6,6,0.528365791701948,1,0.414529914529915,0.190374515817261,0.00317527519051652,0.0207328833172613,0.542548687552921,0.651348651348651,ok,0.897013434326867,GSE38832|6,0.651162790697675,0.545935647756139,0.550505221563647,0.0346918494239478,-0.638173814003004,0.895582061704538
SIG195,GSE38832,12,12,0.525825571549534,1,0.531339031339031,0.184316241190084,0.0137595258255716,0.00144648023143683,0.5385266723116,0.676323676323676,ok,0.904428904428904,GSE38832|12,0.687707641196013,0.538950042337003,0.54583545018346,0.0328124142753382,-0.60982646586191,0.908114629364749
SIG196,GSE38832,4,4,0.641405588484335,0,0.576923076923077,0.731161264991589,0.0103725656223539,0.0689488910318226,0.540643522438611,0.017982017982018,ok,0.383616383616384,GSE38832|4,0.00332225913621262,0.540855207451313,0.546861416878352,0.0317932935250637,2.97371430020142,0.212624584717608
SIG197,GSE38832,4,4,0.560965283657917,1,0.608262108262108,0.229614269384612,0.00190516511430994,0.0207328833172613,0.540643522438611,0.2997002997003,ok,0.735837052972603,GSE38832|4,0.322259136212625,0.540855207451313,0.546861416878352,0.0317932935250637,0.44361137887293,0.745466917503903
SIG198,GSE38832,3,3,0.547417442845047,1,0.58974358974359,0.263267487696139,0.00740897544453856,0.0593056894889103,0.54233700254022,0.445554445554446,ok,0.809896983318284,GSE38832|3,0.451827242524917,0.542548687552921,0.550955405023991,0.0374482112455117,-0.0944761328050887,0.817632710318417
SIG199,GSE38832,5,5,0.527519051651143,0,0.505698005698006,0.36283137646851,-0.00317527519051652,0.0303760848601736,0.541490262489416,0.661338661338661,ok,0.898084965881576,GSE38832|5,0.641196013289037,0.540855207451313,0.546881174146204,0.033894165813693,-0.571252368371864,0.888878227808628
SIG200,GSE38832,3,3,0.569009314140559,0,0.735042735042735,0.365981600551566,0.0057154953429297,0.0207328833172613,0.54233700254022,0.24975024975025,ok,0.711454717389436,GSE38832|3,0.292358803986711,0.542548687552921,0.550955405023991,0.0374482112455117,0.482103377333727,0.727830309225658
SIG201,GSE38832,4,3,0.585944115156647,0,0.477207977207977,0.515202601573068,0.00486875529212538,0.0303760848601736,0.54233700254022,0.151848151848152,ok,0.659340659340659,GSE38832|3,0.196013289036545,0.542548687552921,0.550955405023991,0.0374482112455117,0.934322600972018,0.680552468264315
SIG202,GSE38832,29,29,0.57112616426757,0,0.575498575498576,1.00482861053272,0.00740897544453856,0.0207328833172613,0.535563082133785,0.197802197802198,ok,0.684094062933653,GSE38832|29,0.159468438538206,0.536409822184589,0.542077335591307,0.0288273374468168,1.00768337450016,0.659869400847749
SIG203,GSE38832,5,5,0.550804403048264,1,0.653846153846154,0.585487989781283,-0.00148179508890767,0.0496624879459981,0.541490262489416,0.407592407592408,ok,0.804293342833939,GSE38832|5,0.408637873754153,0.540855207451313,0.546881174146204,0.033894165813693,0.115749386594293,0.794957320728843
SIG204,GSE38832,3,3,0.569009314140559,0,0.471509971509972,0.473965768159378,0.00740897544453856,0.0207328833172613,0.54233700254022,0.24975024975025,ok,0.711454717389436,GSE38832|3,0.292358803986711,0.542548687552921,0.550955405023991,0.0374482112455117,0.482103377333727,0.727830309225658
SIG205,GSE38832,7,7,0.506773920406435,0,0.574074074074074,0.0926456710433386,0.00656223539373413,-0.00819672131147541,0.540643522438611,0.917082917082917,ok,0.984236557182337,GSE38832|7,0.940199335548173,0.543607112616427,0.54840671747107,0.0348781176731574,-1.1936652503663,0.984287199701468
SIG206,GSE38832,11,11,0.551651143099069,0,0.515669515669516,0.519081112343905,0.00275190516511437,0.0496624879459981,0.540220152413209,0.408591408591409,ok,0.804420069726192,GSE38832|11,0.411960132890365,0.543395427603726,0.548666384419983,0.0335789004584087,0.0888879218300478,0.794957320728843
SIG207,GSE38832,13,13,0.573666384419983,0,0.405982905982906,0.821790397381567,0.00656223539373413,0.0400192864030858,0.538103302286198,0.204795204795205,ok,0.684094062933653,GSE38832|13,0.179401993355482,0.535351397121084,0.543245836861417,0.0336635518339927,0.903664227369141,0.674674163046256
SIG208,GSE38832,7,6,0.632514817950889,0,0.545584045584046,0.882349564448334,0.0323878069432684,0.0496624879459981,0.542548687552921,0.016983016983017,ok,0.383616383616384,GSE38832|6,0.0166112956810631,0.545935647756139,0.550505221563647,0.0346918494239478,2.36394420444564,0.342942878576787
SIG209,GSE38832,5,5,0.616426756985606,1,0.481481481481482,0.612995833184345,0.0234970364098221,0.0400192864030858,0.541490262489416,0.046953046953047,ok,0.464689949226032,GSE38832|5,0.0398671096345515,0.540855207451313,0.546881174146204,0.033894165813693,2.05184524149895,0.422899726510159
SIG210,GSE38832,13,13,0.537679932260796,0,0.618233618233618,0.310089613814536,0.00190516511430994,0.0303760848601736,0.538103302286198,0.510489510489511,ok,0.843493855542048,GSE38832|13,0.458471760797342,0.535351397121084,0.543245836861417,0.0336635518339927,-0.165339196174795,0.82499135963533
SIG211,GSE38832,4,4,0.608806096528366,0,0.517094017094017,0.948507865215445,0.0268839966130399,0.0400192864030858,0.540643522438611,0.0689310689310689,ok,0.510051746006802,GSE38832|4,0.0465116279069768,0.540855207451313,0.546861416878352,0.0317932935250637,1.94835680050515,0.425249169435216
SIG212,GSE38832,3,3,0.576629974597799,1,0.515669515669516,0.396312548929183,-0.00529212531752754,0.0400192864030858,0.54233700254022,0.207792207792208,ok,0.684094062933653,GSE38832|3,0.249169435215947,0.542548687552921,0.550955405023991,0.0374482112455117,0.685602027970967,0.721960973408656
SIG213,GSE38832,5,5,0.547840812870449,0,0.568376068376068,0.348187129513653,0.0171464860287891,0.0207328833172613,0.541490262489416,0.438561438561439,ok,0.808874122995161,GSE38832|5,0.438538205980066,0.540855207451313,0.546881174146204,0.033894165813693,0.0283127995986117,0.80728030247529
SIG214,GSE38832,5,5,0.540643522438611,1,0.54985754985755,0.242259741361785,0.00867908552074514,-0.00819672131147541,0.541490262489416,0.514485514485515,ok,0.844479752329582,GSE38832|5,0.508305647840532,0.540855207451313,0.546881174146204,0.033894165813693,-0.184033197390943,0.842786566367721
SIG215,GSE38832,4,4,0.502963590177815,0,0.336182336182336,0.0312739805397512,0.00359864521591868,0.0303760848601736,0.540643522438611,0.954045954045954,ok,0.99157708204558,GSE38832|4,0.966777408637874,0.540855207451313,0.546861416878352,0.0317932935250637,-1.38072599071658,0.991949169610348
SIG216,GSE38832,4,4,0.537256562235394,0,0.373219373219373,0.0945519979886771,0.018839966130398,0.0303760848601736,0.540643522438611,0.547452547452548,ok,0.853685894073616,GSE38832|4,0.551495016611296,0.540855207451313,0.546861416878352,0.0317932935250637,-0.302103166360725,0.857384965096103
SIG217,GSE38832,8,8,0.512277730736664,0,0.552706552706553,-0.0432581932580368,0.00825571549534288,0.00144648023143683,0.540855207451313,0.835164835164835,ok,0.960762756094893,GSE38832|8,0.877076411960133,0.541913632514818,0.546797911374541,0.0322120093430005,-1.07165561360358,0.972278701480055
SIG218,GSE38832,4,4,0.560541913632515,0,0.598290598290598,0.895542822482043,-0.00613886536833186,0.0207328833172613,0.540643522438611,0.302697302697303,ok,0.738473724496596,GSE38832|4,0.322259136212625,0.540855207451313,0.546861416878352,0.0317932935250637,0.430295047708051,0.745466917503903
SIG219,GSE38832,8,7,0.526672311600339,1,0.695156695156695,0.210830335046014,0.0154530059271804,0.00144648023143683,0.540643522438611,0.652347652347652,ok,0.897013434326867,GSE38832|7,0.661129568106312,0.543607112616427,0.54840671747107,0.0348781176731574,-0.623153063316194,0.899680894432756
SIG220,GSE38832,7,7,0.513124470787468,0,0.525641025641026,-0.0870528186437432,0.0146062658763759,0.0207328833172613,0.540643522438611,0.842157842157842,ok,0.962445838185483,GSE38832|7,0.833887043189369,0.543607112616427,0.54840671747107,0.0348781176731574,-1.01158689279712,0.96102228266722
SIG221,GSE38832,4,4,0.565622353937341,1,0.720797720797721,0.505104585467644,0.00529212531752754,0.0110896817743491,0.540643522438611,0.264735264735265,ok,0.72249466351343,GSE38832|4,0.292358803986711,0.540855207451313,0.546861416878352,0.0317932935250637,0.590091021686678,0.727830309225658
SIG222,GSE38832,3,3,0.515664690939881,1,0.564102564102564,0.0657285472416831,0.00529212531752754,0.0207328833172613,0.54233700254022,0.805194805194805,ok,0.952540989509566,GSE38832|3,0.820598006644518,0.542548687552921,0.550955405023991,0.0374482112455117,-0.942387177126912,0.954877680459076
SIG223,GSE38832,4,4,0.519051651143099,0,0.368945868945869,0.0694103496535971,0.0137595258255716,0.0110896817743491,0.540643522438611,0.733266733266733,ok,0.923194837948936,GSE38832|4,0.78405315614618,0.540855207451313,0.546861416878352,0.0317932935250637,-0.874705406450868,0.946186084098469
SIG224,GSE38832,3,3,0.588907705334462,0,0.561253561253561,0.498956676416101,0.00444538526672311,0.0496624879459981,0.54233700254022,0.135864135864136,ok,0.648832648832649,GSE38832|3,0.172757475083056,0.542548687552921,0.550955405023991,0.0374482112455117,1.01346096510871,0.673452369922304
SIG225,GSE38832,5,5,0.588907705334462,0,0.467236467236467,0.762568061219661,0.0112193056731584,0.0400192864030858,0.541490262489416,0.128871128871129,ok,0.636073438129993,GSE38832|5,0.122923588039867,0.540855207451313,0.546881174146204,0.033894165813693,1.23993407653892,0.617835835174201
SIG226,GSE38832,5,5,0.638865368331922,0,0.581196581196581,0.752913504665873,0.0205334462320068,0.0593056894889103,0.541490262489416,0.018981018981019,ok,0.383616383616384,GSE38832|5,0.0132890365448505,0.540855207451313,0.546881174146204,0.033894165813693,2.71386511446632,0.335723028501486
SIG227,GSE38832,8,8,0.547840812870449,1,0.606837606837607,0.180595018692815,0.00317527519051652,0.0303760848601736,0.540855207451313,0.430569430569431,ok,0.808003590612286,GSE38832|8,0.418604651162791,0.541913632514818,0.546797911374541,0.0322120093430005,0.0323761701669255,0.798133992286552
SIG228,GSE38832,6,6,0.505503810330229,0,0.378917378917379,0.0882765981960051,0.0120660457239627,0.0207328833172613,0.542548687552921,0.936063936063936,ok,0.989671121829712,GSE38832|6,0.956810631229236,0.545935647756139,0.550505221563647,0.0346918494239478,-1.29717533024784,0.989508936930575
SIG229,GSE38832,4,4,0.575359864521592,0,0.586894586894587,0.289480953149062,0.00021168501270119,0.00144648023143683,0.540643522438611,0.204795204795205,ok,0.684094062933653,GSE38832|4,0.212624584717608,0.540855207451313,0.546861416878352,0.0317932935250637,0.896366638479089,0.687271384945804
SIG230,GSE38832,16,16,0.602455546147333,1,0.514245014245014,0.722549273324791,0.0141828958509738,0.0110896817743491,0.541278577476715,0.0649350649350649,ok,0.504758399495242,GSE38832|16,0.0764119601328904,0.534292972057578,0.543948631103585,0.0355478302827888,1.64586458803017,0.520251643457977
SIG231,GSE38832,3,3,0.599491955969517,0,0.452991452991453,0.324059609406538,0.0349280270956817,0.0207328833172613,0.54233700254022,0.100899100899101,ok,0.588833658742473,GSE38832|3,0.12624584717608,0.542548687552921,0.550955405023991,0.0374482112455117,1.29609797988264,0.624721717984724
SIG232,GSE38832,7,7,0.546994072819644,0,0.457264957264957,0.302235750483957,0.0124894157493649,0.00144648023143683,0.540643522438611,0.42957042957043,ok,0.808003590612286,GSE38832|7,0.46843853820598,0.543607112616427,0.54840671747107,0.0348781176731574,-0.0405023190948448,0.833284941027608
SIG233,GSE38832,10,10,0.528365791701948,1,0.465811965811966,0.301142266351523,0.00444538526672311,0.0207328833172613,0.539373412362405,0.637362637362637,ok,0.891286426610534,GSE38832|10,0.641196013289037,0.539796782387807,0.546854360711262,0.0341377515810924,-0.541587191687039,0.888878227808628
SIG234,GSE38832,13,12,0.510584250635055,0,0.358974358974359,0.484034018579614,0.00232853513971221,0.0207328833172613,0.5385266723116,0.862137862137862,ok,0.966775160323548,GSE38832|12,0.857142857142857,0.538950042337003,0.54583545018346,0.0328124142753382,-1.07432507869134,0.965130723674708
SIG235,GSE38832,6,6,0.582980524978832,1,0.618233618233618,0.562606480741982,0.00275190516511437,0.0400192864030858,0.542548687552921,0.14985014985015,ok,0.656877369206136,GSE38832|6,0.18936877076412,0.545935647756139,0.550505221563647,0.0346918494239478,0.936107585915197,0.680085987883525
SIG236,GSE38832,5,5,0.646486028789162,0,0.611111111111111,1.15530695845731,0.0196867061812024,0.0593056894889103,0.541490262489416,0.013986013986014,ok,0.367851326755436,GSE38832|5,0.0132890365448505,0.540855207451313,0.546881174146204,0.033894165813693,2.93870205245525,0.335723028501486
SIG237,GSE38832,6,6,0.561388653683319,0,0.566951566951567,0.371304765236496,0.00994919559695173,0.00144648023143683,0.542548687552921,0.304695304695305,ok,0.73958910874208,GSE38832|6,0.365448504983389,0.545935647756139,0.550505221563647,0.0346918494239478,0.313717265017284,0.77151037219348
SIG238,GSE38832,6,6,0.533022861981372,1,0.502849002849003,0.410915949453034,0.00910245554614741,0.0400192864030858,0.542548687552921,0.592407592407592,ok,0.865618399864975,GSE38832|6,0.604651162790698,0.545935647756139,0.550505221563647,0.0346918494239478,-0.50393276439758,0.869610661092239
SIG239,GSE38832,7,7,0.560541913632515,0,0.574074074074074,0.448009991978686,0.0124894157493649,0.0207328833172613,0.540643522438611,0.274725274725275,ok,0.72249466351343,GSE38832|7,0.312292358803987,0.543607112616427,0.54840671747107,0.0348781176731574,0.347931510386087,0.737517009721592
SIG240,GSE38832,6,6,0.54614733276884,1,0.468660968660969,0.221754768704027,-0.00402201524132084,0.0110896817743491,0.542548687552921,0.462537462537463,ok,0.821528148077639,GSE38832|6,0.501661129568106,0.545935647756139,0.550505221563647,0.0346918494239478,-0.125617079145929,0.84090902542263
SIG241,GSE38832,4,4,0.525402201524132,0,0.455840455840456,0.0536979694148879,0.00105842506350551,0.00144648023143683,0.540643522438611,0.655344655344655,ok,0.897013434326867,GSE38832|4,0.691029900332226,0.540855207451313,0.546861416878352,0.0317932935250637,-0.674960438977568,0.90876356249448
SIG242,GSE38832,6,6,0.547840812870449,1,0.592592592592593,0.842769057773413,0.0146062658763759,0.0496624879459981,0.542548687552921,0.435564435564436,ok,0.808003590612286,GSE38832|6,0.481727574750831,0.545935647756139,0.550505221563647,0.0346918494239478,-0.0768021520166775,0.839158361018826
SIG243,GSE38832,8,8,0.608806096528366,0,0.537037037037037,0.736253496975868,0.00910245554614741,0.0400192864030858,0.540855207451313,0.0649350649350649,ok,0.504758399495242,GSE38832|8,0.0465116279069768,0.541913632514818,0.546797911374541,0.0322120093430005,1.92500208520208,0.425249169435216
SIG244,GSE38832,13,13,0.561388653683319,0,0.465811965811966,0.621930303109188,0.0129127857747672,0.0110896817743491,0.538103302286198,0.301698301698302,ok,0.736972950713409,GSE38832|13,0.262458471760797,0.535351397121084,0.543245836861417,0.0336635518339927,0.538945412277676,0.721960973408656
SIG245,GSE38832,3,3,0.57874682472481,0,0.56980056980057,0.669652583672824,0.0069856054191364,0.0400192864030858,0.54233700254022,0.197802197802198,ok,0.684094062933653,GSE38832|3,0.232558139534884,0.542548687552921,0.550955405023991,0.0374482112455117,0.742129430925754,0.712139757427395
SIG246,GSE38832,5,5,0.575359864521592,1,0.70940170940171,0.532223581203584,0.018839966130398,0.0110896817743491,0.541490262489416,0.208791208791209,ok,0.684094062933653,GSE38832|5,0.205980066445183,0.540855207451313,0.546881174146204,0.033894165813693,0.840223964558619,0.687271384945804
SIG247,GSE38832,3,3,0.662997459779848,0,0.618233618233618,0.85070707321805,0.0201100762066047,0.0593056894889103,0.54233700254022,0.00799200799200799,ok,0.295089525858757,GSE38832|3,0.00996677740863787,0.542548687552921,0.550955405023991,0.0374482112455117,2.99192006852626,0.318936877076412
SIG248,GSE38832,5,5,0.64817950889077,1,0.625356125356125,0.926768347214693,0.0154530059271804,0.0207328833172613,0.541490262489416,0.013986013986014,ok,0.367851326755436,GSE38832|5,0.00996677740863787,0.540855207451313,0.546881174146204,0.033894165813693,2.98866581645277,0.318936877076412
SIG249,GSE38832,4,4,0.594411515664691,0,0.541310541310541,0.52145371241684,0.0103725656223539,0.0303760848601736,0.540643522438611,0.105894105894106,ok,0.592760009669631,GSE38832|4,0.0996677740863787,0.540855207451313,0.546861416878352,0.0317932935250637,1.49560154089899,0.579885231048022
SIG250,GSE38832,4,4,0.546570702794242,1,0.492877492877493,0.328428078172458,0.00402201524132095,0.0110896817743491,0.540643522438611,0.434565434565435,ok,0.808003590612286,GSE38832|4,0.448504983388704,0.540855207451313,0.546861416878352,0.0317932935250637,-0.00914388073322613,0.816236557446742
SIG251,GSE38832,14,13,0.604149026248942,0,0.387464387464387,0.728626220526542,0.0213801862828111,0.0207328833172613,0.538103302286198,0.0699300699300699,ok,0.510051746006802,GSE38832|13,0.0564784053156146,0.535351397121084,0.543245836861417,0.0336635518339927,1.8091730096652,0.467407492267156
SIG252,GSE38832,3,3,0.622353937341236,1,0.690883190883191,0.544045784022054,0.00783234546994072,0.0110896817743491,0.54233700254022,0.042957042957043,ok,0.464689949226032,GSE38832|3,0.0465116279069768,0.542548687552921,0.550955405023991,0.0374482112455117,1.90659393179434,0.425249169435216
SIG253,GSE38832,3,3,0.653683319220999,0,0.645299145299145,0.85223920672638,0.00910245554614741,0.0303760848601736,0.54233700254022,0.011988011988012,ok,0.348742166923985,GSE38832|3,0.0132890365448505,0.542548687552921,0.550955405023991,0.0374482112455117,2.74319949552518,0.335723028501486
SIG254,GSE38832,3,3,0.509737510584251,1,0.327635327635328,0.11956223374484,0.00105842506350551,0.0110896817743491,0.54233700254022,0.874125874125874,ok,0.966775160323548,GSE38832|3,0.867109634551495,0.542548687552921,0.550955405023991,0.0374482112455117,-1.10066390540029,0.965130723674708
SIG255,GSE38832,3,2,0.535986452159187,0,0.393162393162393,0.211479823575086,0.0243437764606267,0.0207328833172613,0.539796782387807,0.546453546453547,ok,0.853685894073616,GSE38832|2,0.591362126245847,0.54424216765453,0.549730454417161,0.0342585138383218,-0.401185011201491,0.866965846570657
SIG256,GSE38832,5,5,0.519051651143099,0,0.55982905982906,0.198975436100102,0.00190516511430994,0.00144648023143683,0.541490262489416,0.757242757242757,ok,0.935589507018078,GSE38832|5,0.754152823920266,0.540855207451313,0.546881174146204,0.033894165813693,-0.821071188359556,0.93598799090298
SIG257,GSE38832,4,3,0.533446232006774,0,0.656695156695157,0.124898585292794,0.0162997459779848,0.0207328833172613,0.54233700254022,0.605394605394606,ok,0.876053968604759,GSE38832|3,0.588039867109635,0.542548687552921,0.550955405023991,0.0374482112455117,-0.46755699230669,0.866965846570657
SIG258,GSE38832,6,4,0.541490262489416,0,0.504273504273504,0.173122630994166,0.02307366638442,0.0303760848601736,0.540643522438611,0.493506493506494,ok,0.834095481982806,GSE38832|4,0.498338870431894,0.540855207451313,0.546861416878352,0.0317932935250637,-0.168939854711856,0.84090902542263
SIG259,GSE38832,6,5,0.512277730736664,0,0.386039886039886,-0.0186914021692703,0.0179932260795936,0.0110896817743491,0.541490262489416,0.827172827172827,ok,0.959620439982978,GSE38832|5,0.817275747508306,0.540855207451313,0.546881174146204,0.033894165813693,-1.0209262443497,0.954877680459076
SIG260,GSE38832,5,5,0.582980524978832,0,0.676638176638177,0.649360586857114,-0.00994919559695173,0.0110896817743491,0.541490262489416,0.151848151848152,ok,0.659340659340659,GSE38832|5,0.146179401993356,0.540855207451313,0.546881174146204,0.033894165813693,1.06506090254755,0.642252750176756
SIG261,GSE38832,14,14,0.607112616426757,0,0.653846153846154,1.54179863622631,0.025190516511431,0.0400192864030858,0.540220152413209,0.0539460539460539,ok,0.486274289091191,GSE38832|14,0.0398671096345515,0.535139712108383,0.543995201806379,0.0329050088088058,1.91817042162551,0.422899726510159
SIG262,GSE38832,6,6,0.509737510584251,0,0.5,0.0475660219960798,0.0192633361558001,-0.00819672131147541,0.542548687552921,0.875124875124875,ok,0.967322832607807,GSE38832|6,0.906976744186047,0.545935647756139,0.550505221563647,0.0346918494239478,-1.17513801242472,0.977762688847394
SIG263,GSE38832,4,4,0.524555461473328,1,0.636752136752137,0.280289755257051,0.0057154953429297,0.0110896817743491,0.540643522438611,0.662337662337662,ok,0.898084965881576,GSE38832|4,0.691029900332226,0.540855207451313,0.546861416878352,0.0317932935250637,-0.701593101307328,0.90876356249448
SIG264,GSE38832,6,6,0.685012701100762,0,0.695156695156695,1.15489439410613,0.0171464860287891,0.0593056894889103,0.542548687552921,0.003996003996004,ok,0.250184598010685,GSE38832|6,0.00332225913621262,0.545935647756139,0.550505221563647,0.0346918494239478,3.87720694545228,0.212624584717608
SIG265,GSE38832,7,7,0.502116850127011,1,0.745014245014245,-0.141679099674205,-0.00402201524132084,-0.0274831243972999,0.540643522438611,0.979020979020979,ok,0.994859953302878,GSE38832|7,0.990033222591362,0.543607112616427,0.54840671747107,0.0348781176731574,-1.32718937925036,0.99573797138576
SIG266,GSE38832,5,5,0.511430990685859,0,0.498575498575499,0.0293500828082704,0.00867908552074514,0.0110896817743491,0.541490262489416,0.837162837162837,ok,0.961335315402301,GSE38832|5,0.837209302325582,0.540855207451313,0.546881174146204,0.033894165813693,-1.04590812634849,0.963042079982061
SIG267,GSE38832,11,11,0.574513124470788,0,0.545584045584046,0.653514510119862,-0.00994919559695173,0.0207328833172613,0.540220152413209,0.1998001998002,ok,0.684094062933653,GSE38832|11,0.219269102990033,0.543395427603726,0.548666384419983,0.0335789004584087,0.769731578400521,0.695862277257626
SIG268,GSE38832,6,6,0.541913632514818,1,0.511396011396012,-0.00839539388403288,-0.00105842506350551,0.0110896817743491,0.542548687552921,0.508491508491509,ok,0.842568284428749,GSE38832|6,0.528239202657807,0.545935647756139,0.550505221563647,0.0346918494239478,-0.247654396969046,0.84871905364267
SIG269,GSE38832,3,3,0.509737510584251,0,0.447293447293447,0.213346501859373,-0.0057154953429297,0.00144648023143683,0.54233700254022,0.874125874125874,ok,0.966775160323548,GSE38832|3,0.867109634551495,0.542548687552921,0.550955405023991,0.0374482112455117,-1.10066390540029,0.965130723674708
SIG270,GSE38832,4,4,0.511854360711262,0,0.300569800569801,-0.0122938305271855,0.0154530059271804,0.00144648023143683,0.540643522438611,0.831168831168831,ok,0.960762756094893,GSE38832|4,0.850498338870432,0.540855207451313,0.546861416878352,0.0317932935250637,-1.10108303625393,0.963965059404504
SIG271,GSE38832,5,5,0.527942421676545,0,0.393162393162393,0.0804355790452459,0.0345046570702794,0.0207328833172613,0.541490262489416,0.659340659340659,ok,0.897825578676643,GSE38832|5,0.627906976744186,0.540855207451313,0.546881174146204,0.033894165813693,-0.558761427372483,0.883997179351105
SIG272,GSE38832,4,4,0.502116850127011,1,0.41025641025641,-0.00506196726825487,0.00275190516511437,0.0400192864030858,0.540643522438611,0.971028971028971,ok,0.994859953302878,GSE38832|4,0.973421926910299,0.540855207451313,0.546861416878352,0.0317932935250637,-1.40735865304634,0.991949169610348
SIG273,GSE38832,4,4,0.544453852667231,1,0.537037037037037,0.290470863736668,-0.00825571549534288,0.0400192864030858,0.540643522438611,0.464535464535465,ok,0.822035107749393,GSE38832|4,0.471760797342193,0.540855207451313,0.546861416878352,0.0317932935250637,-0.0757255365576606,0.833284941027608
SIG274,GSE38832,8,8,0.631244707874683,1,0.602564102564103,0.699411962300664,-0.00148179508890767,0.0303760848601736,0.540855207451313,0.033966033966034,ok,0.429044639570955,GSE38832|8,0.0166112956810631,0.541913632514818,0.546797911374541,0.0322120093430005,2.62159356781919,0.342942878576787
SIG275,GSE38832,4,4,0.594834885690093,1,0.67948717948718,0.539425533226167,0.00021168501270119,0.0207328833172613,0.540643522438611,0.104895104895105,ok,0.592348827642945,GSE38832|4,0.0996677740863787,0.540855207451313,0.546861416878352,0.0317932935250637,1.50891787206388,0.579885231048022
SIG276,GSE38832,12,12,0.59229466553768,0,0.531339031339031,0.501176612794828,0.0133361558001694,0.0496624879459981,0.5385266723116,0.104895104895105,ok,0.592348827642945,GSE38832|12,0.106312292358804,0.538950042337003,0.54583545018346,0.0328124142753382,1.41590359564424,0.59337093409565
SIG277,GSE38832,6,6,0.512277730736664,0,0.441595441595442,0.17317550886668,0.00275190516511437,0.00144648023143683,0.542548687552921,0.836163836163836,ok,0.960762756094893,GSE38832|6,0.863787375415283,0.545935647756139,0.550505221563647,0.0346918494239478,-1.10191562173085,0.965130723674708
SIG278,GSE38832,5,5,0.602878916172735,0,0.611111111111111,1.18102467057457,0.00529212531752754,0.0593056894889103,0.541490262489416,0.0789210789210789,ok,0.539247229638689,GSE38832|5,0.0664451827242525,0.540855207451313,0.546881174146204,0.033894165813693,1.65213512951862,0.483237692540018
SIG279,GSE38832,7,7,0.593564775613887,0,0.501424501424502,0.630811450773004,0.0184165961049958,0.0400192864030858,0.540643522438611,0.0919080919080919,ok,0.574799793040835,GSE38832|7,0.116279069767442,0.543607112616427,0.54840671747107,0.0348781176731574,1.29473896974582,0.611659764256133
SIG280,GSE38832,4,4,0.538103302286198,0,0.377492877492877,0.0953150000250579,0.0196867061812024,0.0110896817743491,0.540643522438611,0.541458541458542,ok,0.853685894073616,GSE38832|4,0.551495016611296,0.540855207451313,0.546861416878352,0.0317932935250637,-0.275470504030964,0.857384965096103
SIG281,GSE38832,4,4,0.555038103302286,0,0.565527065527066,0.159098559432755,0.0116426756985606,0.0110896817743491,0.540643522438611,0.354645354645355,ok,0.768095796217281,GSE38832|4,0.372093023255814,0.540855207451313,0.546861416878352,0.0317932935250637,0.257182742564508,0.77151037219348
SIG282,GSE38832,16,16,0.534292972057578,0,0.676638176638177,0.704529057647258,0.0103725656223539,0.0110896817743491,0.541278577476715,0.587412587412587,ok,0.863063597975745,GSE38832|16,0.508305647840532,0.534292972057578,0.543948631103585,0.0355478302827888,-0.271624427403703,0.842786566367721
SIG283,GSE38832,10,10,0.587214225232854,1,0.437321937321937,0.639856968840448,0.0120660457239627,0.0496624879459981,0.539373412362405,0.127872127872128,ok,0.634404355334588,GSE38832|10,0.129568106312292,0.539796782387807,0.546854360711262,0.0341377515810924,1.18226487253326,0.628209000302024
SIG284,GSE38832,3,3,0.648602878916173,0,0.676638176638177,0.764936979792959,0.0116426756985606,0.0593056894889103,0.54233700254022,0.014985014985015,ok,0.368861907323446,GSE38832|3,0.0166112956810631,0.542548687552921,0.550955405023991,0.0374482112455117,2.6075337284337,0.342942878576787
SIG285,GSE38832,9,9,0.527942421676545,0,0.56980056980057,0.0501578561349066,0.0150296359017782,0.0207328833172613,0.538950042337003,0.642357642357642,ok,0.893067830070003,GSE38832|9,0.641196013289037,0.542125317527519,0.546987016652554,0.0352208218551044,-0.540719778043715,0.888878227808628
SIG286,GSE38832,5,5,0.5385266723116,1,0.544159544159544,0.618413842373663,0.00444538526672311,0.0400192864030858,0.541490262489416,0.537462537462537,ok,0.853685894073616,GSE38832|5,0.534883720930233,0.540855207451313,0.546881174146204,0.033894165813693,-0.246487902387867,0.852262858245682
SIG287,GSE38832,3,3,0.518628281117697,1,0.424501424501425,0.0694963882858227,0.0201100762066047,0.0207328833172613,0.54233700254022,0.768231768231768,ok,0.936511107939679,GSE38832|3,0.780730897009967,0.542548687552921,0.550955405023991,0.0374482112455117,-0.863248812990195,0.946186084098469
SIG288,GSE38832,5,5,0.589754445385267,0,0.433048433048433,0.549849175288518,0.0213801862828111,0.0400192864030858,0.541490262489416,0.127872127872128,ok,0.634404355334588,GSE38832|5,0.116279069767442,0.540855207451313,0.546881174146204,0.033894165813693,1.2649159585377,0.611659764256133
SIG289,GSE38832,17,16,0.623624047417443,1,0.596866096866097,1.62407589970874,0.0124894157493649,0.0303760848601736,0.541278577476715,0.017982017982018,ok,0.383616383616384,GSE38832|16,0.0332225913621263,0.534292972057578,0.543948631103585,0.0355478302827888,2.24135807108416,0.408893432149246
SIG290,GSE38832,3,3,0.644792548687553,0,0.566951566951567,1.09506750874775,0.020956816257409,0.0689488910318226,0.54233700254022,0.017982017982018,ok,0.383616383616384,GSE38832|3,0.0166112956810631,0.542548687552921,0.550955405023991,0.0374482112455117,2.50578440311508,0.342942878576787
SIG291,GSE38832,3,3,0.618120237087214,0,0.54985754985755,0.760237705105195,0.0264606265876376,0.0400192864030858,0.54233700254022,0.051948051948052,ok,0.477226123159138,GSE38832|3,0.0598006644518272,0.542548687552921,0.550955405023991,0.0374482112455117,1.79353912588476,0.477149658618254
SIG292,GSE38832,15,14,0.55969517358171,0,0.445868945868946,0.422143104911333,0.0201100762066047,0.0303760848601736,0.540220152413209,0.312687312687313,ok,0.745788373117566,GSE38832|14,0.312292358803987,0.535139712108383,0.543995201806379,0.0329050088088058,0.477130149593812,0.737517009721592
SIG293,GSE38832,7,6,0.527942421676545,1,0.688034188034188,0.312725996803546,0.00740897544453856,0.0303760848601736,0.542548687552921,0.658341658341658,ok,0.897738625011352,GSE38832|6,0.667774086378738,0.545935647756139,0.550505221563647,0.0346918494239478,-0.650377545785337,0.900369554667961
SIG294,GSE38832,4,4,0.519051651143099,0,0.508547008547009,0.153417004625266,-0.000211685012701079,0.0207328833172613,0.540643522438611,0.733266733266733,ok,0.923194837948936,GSE38832|4,0.78405315614618,0.540855207451313,0.546861416878352,0.0317932935250637,-0.874705406450868,0.946186084098469
SIG295,GSE38832,9,7,0.514394580863675,0,0.408831908831909,0.161457403996137,0.0129127857747672,0.0110896817743491,0.540643522438611,0.822177822177822,ok,0.956136534573845,GSE38832|7,0.820598006644518,0.543607112616427,0.54840671747107,0.0348781176731574,-0.975171221283278,0.954877680459076
SIG296,GSE38832,11,11,0.550381033022862,1,0.666666666666667,0.276355892502951,0.0120660457239627,0.00144648023143683,0.540220152413209,0.417582417582418,ok,0.808003590612286,GSE38832|11,0.425249169435216,0.543395427603726,0.548666384419983,0.0335789004584087,0.0510632742427866,0.798878497493903
SIG297,GSE38832,11,11,0.520745131244708,0,0.457264957264957,-0.00502890885755608,0.0205334462320068,0.0207328833172613,0.540220152413209,0.732267732267732,ok,0.923194837948936,GSE38832|11,0.774086378737542,0.543395427603726,0.548666384419983,0.0335789004584087,-0.831511836126342,0.943648156937194
SIG298,GSE38832,9,9,0.53259949195597,0,0.41025641025641,0.336263440057616,0.00317527519051652,0.0110896817743491,0.538950042337003,0.588411588411588,ok,0.863063597975745,GSE38832|9,0.59468438538206,0.542125317527519,0.546987016652554,0.0352208218551044,-0.408494860107848,0.866965846570657
SIG300,GSE38832,5,5,0.506773920406435,0,0.455840455840456,-0.121019261854849,-0.00190516511430983,0.0207328833172613,0.541490262489416,0.908091908091908,ok,0.980018299143369,GSE38832|5,0.92358803986711,0.540855207451313,0.546881174146204,0.033894165813693,-1.18330847734172,0.980259279460946
SIG301,GSE38832,7,7,0.571972904318374,1,0.700854700854701,0.345626504510397,0.00867908552074514,0.00144648023143683,0.540643522438611,0.207792207792208,ok,0.684094062933653,GSE38832|7,0.232558139534884,0.543607112616427,0.54840671747107,0.0348781176731574,0.675672554010593,0.712139757427395
SIG302,GSE38832,6,6,0.523285351397121,1,0.554131054131054,0.262614144135433,0.0120660457239627,-0.00819672131147541,0.542548687552921,0.707292707292707,ok,0.915712743089682,GSE38832|6,0.740863787375415,0.545935647756139,0.550505221563647,0.0346918494239478,-0.784618595390761,0.929627332011923
SIG303,GSE38832,3,3,0.62108382726503,1,0.670940170940171,0.735674659519634,0.0150296359017782,0.0303760848601736,0.54233700254022,0.045954045954046,ok,0.464689949226032,GSE38832|3,0.0465116279069768,0.542548687552921,0.550955405023991,0.0374482112455117,1.87267749002148,0.425249169435216
SIG304,GSE38832,4,4,0.581287044877223,1,0.55982905982906,0.465961160491329,0.0124894157493649,0.00144648023143683,0.540643522438611,0.171828171828172,ok,0.674234856053038,GSE38832|4,0.162790697674419,0.540855207451313,0.546861416878352,0.0317932935250637,1.08279527478751,0.660799449333792
SIG305,GSE38832,7,7,0.550804403048264,0,0.464387464387464,0.300700912692541,0.0192633361558001,0.0303760848601736,0.540643522438611,0.382617382617383,ok,0.796773725190211,GSE38832|7,0.421926910299003,0.543607112616427,0.54840671747107,0.0348781176731574,0.068744695446667,0.798878497493903
SIG306,GSE38832,11,11,0.576206604572396,1,0.574074074074074,0.631263789274896,0.00994919559695173,0.0207328833172613,0.540220152413209,0.190809190809191,ok,0.684094062933653,GSE38832|11,0.205980066445183,0.543395427603726,0.548666384419983,0.0335789004584087,0.820164441850164,0.687271384945804
SIG307,GSE38832,13,13,0.536833192209992,1,0.514245014245014,0.132394903221521,0.00105842506350551,0.0207328833172613,0.538103302286198,0.522477522477522,ok,0.84941307633941,GSE38832|13,0.481727574750831,0.535351397121084,0.543245836861417,0.0336635518339927,-0.190492217905228,0.839158361018826
SIG308,GSE38832,5,5,0.524555461473328,0,0.612535612535613,0.0937482101364085,0.00656223539373413,0.0110896817743491,0.541490262489416,0.695304695304695,ok,0.911875010235666,GSE38832|5,0.677740863787375,0.540855207451313,0.546881174146204,0.033894165813693,-0.658688955367544,0.904911306308596
SIG309,GSE38832,3,3,0.558001693480102,0,0.67948717948718,0.280589359217048,0.0112193056731584,-0.00819672131147541,0.54233700254022,0.350649350649351,ok,0.765923496298923,GSE38832|3,0.365448504983389,0.542548687552921,0.550955405023991,0.0374482112455117,0.188160881968842,0.77151037219348
SIG310,GSE38832,4,4,0.501270110076207,1,0.43019943019943,0.100147850627331,0.00910245554614741,0.0110896817743491,0.540643522438611,0.987012987012987,ok,0.996353803924782,GSE38832|4,0.973421926910299,0.540855207451313,0.546861416878352,0.0317932935250637,-1.4339913153761,0.991949169610348
SIG311,GSE38832,5,4,0.538103302286198,1,0.4002849002849,0.174617454997759,-0.00486875529212538,0.0400192864030858,0.540643522438611,0.541458541458542,ok,0.853685894073616,GSE38832|4,0.551495016611296,0.540855207451313,0.546861416878352,0.0317932935250637,-0.275470504030964,0.857384965096103
SIG312,GSE38832,9,9,0.554191363251482,0,0.44017094017094,0.584309215386481,0.00529212531752754,0.0496624879459981,0.538950042337003,0.336663336663337,ok,0.757788518632598,GSE38832|9,0.368770764119601,0.542125317527519,0.546987016652554,0.0352208218551044,0.204547941231063,0.77151037219348
SIG313,GSE38832,3,3,0.569432684165961,1,0.515669515669516,0.25323970325594,0.00656223539373413,-0.00819672131147541,0.54233700254022,0.245754245754246,ok,0.708170753013802,GSE38832|3,0.292358803986711,0.542548687552921,0.550955405023991,0.0374482112455117,0.49340885792468,0.727830309225658
SIG314,GSE38832,8,7,0.535563082133785,0,0.591168091168091,0.269546960246008,0.00656223539373413,0.0110896817743491,0.540643522438611,0.55044955044955,ok,0.853685894073616,GSE38832|7,0.568106312292359,0.543607112616427,0.54840671747107,0.0348781176731574,-0.368243362719351,0.861856132869487
SIG315,GSE38832,8,8,0.558001693480102,1,0.474358974358974,0.413542743493781,0.0133361558001694,0.0303760848601736,0.540855207451313,0.353646353646354,ok,0.768095796217281,GSE38832|8,0.318936877076412,0.541913632514818,0.546797911374541,0.0322120093430005,0.34781382267279,0.744962048645634
SIG316,GSE38832,10,10,0.612193056731583,0,0.682336182336182,0.757956552766973,0.0175698560541914,0.0207328833172613,0.539373412362405,0.045954045954046,ok,0.464689949226032,GSE38832|10,0.0498338870431894,0.539796782387807,0.546854360711262,0.0341377515810924,1.91397186382099,0.436899831611523
SIG317,GSE38832,7,7,0.569856054191363,1,0.431623931623932,0.545723929049675,0.00613886536833186,0.0400192864030858,0.540643522438611,0.214785214785215,ok,0.688460120847433,GSE38832|7,0.242524916943522,0.543607112616427,0.54840671747107,0.0348781176731574,0.614979768154201,0.721960973408656
SIG318,GSE38832,4,4,0.613886536833192,0,0.531339031339031,0.771892877961855,0.0311176968670619,0.0303760848601736,0.540643522438611,0.054945054945055,ok,0.490672118579095,GSE38832|4,0.0332225913621263,0.540855207451313,0.546861416878352,0.0317932935250637,2.10815277448378,0.408893432149246
SIG319,GSE38832,8,8,0.542760372565622,1,0.52991452991453,0.124405231914999,0.00740897544453856,0.0110896817743491,0.540855207451313,0.482517482517483,ok,0.832985841866836,GSE38832|8,0.491694352159469,0.541913632514818,0.546797911374541,0.0322120093430005,-0.125342656086019,0.839158361018826
SIG320,GSE38832,8,8,0.608382726502964,0,0.492877492877493,1.20024549061292,0.00994919559695173,0.0400192864030858,0.540855207451313,0.0649350649350649,ok,0.504758399495242,GSE38832|8,0.0465116279069768,0.541913632514818,0.546797911374541,0.0322120093430005,1.911858849681,0.425249169435216
SIG321,GSE38832,3,3,0.52116850127011,1,0.561253561253561,0.216325354802988,-0.00105842506350551,0.0400192864030858,0.54233700254022,0.741258741258741,ok,0.927301121979902,GSE38832|3,0.754152823920266,0.542548687552921,0.550955405023991,0.0374482112455117,-0.795415929444455,0.93598799090298
SIG322,GSE38832,7,7,0.546570702794242,1,0.491452991452991,0.383297117045209,-0.00317527519051652,0.0207328833172613,0.540643522438611,0.432567432567433,ok,0.808003590612286,GSE38832|7,0.471760797342193,0.543607112616427,0.54840671747107,0.0348781176731574,-0.0526408762661157,0.833284941027608
SIG323,GSE38832,5,5,0.604572396274344,0,0.537037037037037,0.771410202114238,0.0112193056731584,0.0593056894889103,0.541490262489416,0.0709290709290709,ok,0.510051746006802,GSE38832|5,0.0631229235880399,0.540855207451313,0.546881174146204,0.033894165813693,1.70209889351617,0.477149658618254
SIG324,GSE38832,3,3,0.572396274343777,0,0.441595441595442,0.242781027826272,0.0196867061812024,0.0400192864030858,0.54233700254022,0.230769230769231,ok,0.702182128489577,GSE38832|3,0.275747508305648,0.542548687552921,0.550955405023991,0.0374482112455117,0.572547222061397,0.721960973408656
SIG325,GSE38832,3,3,0.687552921253175,0,0.668091168091168,1.075950501521,0.0243437764606267,0.0496624879459981,0.54233700254022,0.002997002997003,ok,0.250184598010685,GSE38832|3,0.00664451827242525,0.542548687552921,0.550955405023991,0.0374482112455117,3.64763794280176,0.283499446290144
SIG326,GSE38832,9,9,0.53259949195597,1,0.452991452991453,0.107780280355706,0.0158763759525826,0.0207328833172613,0.538950042337003,0.588411588411588,ok,0.863063597975745,GSE38832|9,0.59468438538206,0.542125317527519,0.546987016652554,0.0352208218551044,-0.408494860107848,0.866965846570657
SIG327,GSE38832,3,2,0.552074513124471,0,0.636752136752137,0.231902568178188,0.0146062658763759,0.00144648023143683,0.539796782387807,0.397602397602398,ok,0.801999236602738,GSE38832|2,0.421926910299003,0.54424216765453,0.549730454417161,0.0342585138383218,0.0684226618344512,0.798878497493903
SIG328,GSE38832,9,9,0.62701100762066,1,0.723646723646724,0.685582305211734,0.00486875529212538,0.0400192864030858,0.538950042337003,0.030969030969031,ok,0.426240426240426,GSE38832|9,0.0365448504983389,0.542125317527519,0.546987016652554,0.0352208218551044,2.27206483986426,0.420156365010842
SIG329,GSE38832,5,4,0.569432684165961,0,0.578347578347578,0.333668737086609,0.0103725656223539,0.0303760848601736,0.540643522438611,0.244755244755245,ok,0.707726008930828,GSE38832|4,0.262458471760797,0.540855207451313,0.546861416878352,0.0317932935250637,0.709938002170668,0.721960973408656
SIG330,GSE38832,16,16,0.549534292972058,0,0.481481481481482,0.552871760324822,0.00952582557154957,0.0496624879459981,0.541278577476715,0.410589410589411,ok,0.804420069726192,GSE38832|16,0.372093023255814,0.534292972057578,0.543948631103585,0.0355478302827888,0.157130880395194,0.77151037219348
SIG331,GSE38832,4,4,0.502116850127011,0,0.57977207977208,0.35228615799755,0.0141828958509738,-0.00819672131147541,0.540643522438611,0.971028971028971,ok,0.994859953302878,GSE38832|4,0.973421926910299,0.540855207451313,0.546861416878352,0.0317932935250637,-1.40735865304634,0.991949169610348
SIG332,GSE38832,3,3,0.580016934801016,0,0.602564102564103,0.428347021687485,0.00613886536833186,0.0400192864030858,0.54233700254022,0.190809190809191,ok,0.684094062933653,GSE38832|3,0.229235880398671,0.542548687552921,0.550955405023991,0.0374482112455117,0.776045872698611,0.707609148497506
SIG334,GSE38832,4,4,0.511430990685859,0,0.507122507122507,0.126315955354813,0.0103725656223539,0.0207328833172613,0.540643522438611,0.836163836163836,ok,0.960762756094893,GSE38832|4,0.86046511627907,0.540855207451313,0.546861416878352,0.0317932935250637,-1.11439936741885,0.965130723674708
SIG335,GSE38832,8,7,0.512701100762066,0,0.405982905982906,0.0552365605306717,0.00740897544453856,0.0110896817743491,0.540643522438611,0.843156843156843,ok,0.962445838185483,GSE38832|7,0.843853820598007,0.543607112616427,0.54840671747107,0.0348781176731574,-1.0237254499684,0.963042079982061
SIG336,GSE38832,3,3,0.628704487722269,0,0.461538461538462,0.712834971948563,0.0234970364098221,0.0400192864030858,0.54233700254022,0.032967032967033,ok,0.429044639570955,GSE38832|3,0.0398671096345515,0.542548687552921,0.550955405023991,0.0374482112455117,2.0761761406587,0.422899726510159
SIG337,GSE38832,4,4,0.531752751905165,1,0.716524216524217,0.209521784257543,0.0146062658763759,0.0207328833172613,0.540643522438611,0.594405594405594,ok,0.865901928117406,GSE38832|4,0.614617940199336,0.540855207451313,0.546861416878352,0.0317932935250637,-0.475215471504264,0.878025628856194
SIG338,GSE38832,3,3,0.50762066045724,1,0.646723646723647,0.0736338489929318,-0.00529212531752754,0.0110896817743491,0.54233700254022,0.901098901098901,ok,0.97956097956098,GSE38832|3,0.893687707641196,0.542548687552921,0.550955405023991,0.0374482112455117,-1.15719130835508,0.976041182406767
SIG001,GSE39582,4,4,0.512844365888341,1,0.509798453542908,0.0253026217819166,0.0002131116971682,0.028345016763182,0.520120403471235,0.66033966033966,ok,0.897912286014269,GSE39582|4,0.704318936877076,0.521349688359669,0.524395479775495,0.0183313202136557,-0.630129949863023,0.913085414210695
SIG002,GSE39582,4,4,0.533536220713118,1,0.540144505006972,0.140125893496012,0.00466181837555602,0.0242812150767043,0.520120403471235,0.255744255744256,ok,0.72249466351343,GSE39582|4,0.269102990033223,0.521349688359669,0.524395479775495,0.0183313202136557,0.498640623320396,0.721960973408656
SIG003,GSE39582,13,11,0.534360173827528,1,0.540144505006972,0.420740725983397,0.000839127307600052,0.0181855125469877,0.519954283891717,0.273726273726274,ok,0.72249466351343,GSE39582|11,0.282392026578073,0.523117200685742,0.525129241032865,0.0164128567521538,0.562420846904155,0.721960973408656
SIG004,GSE39582,9,8,0.54189535795447,1,0.541158575231335,0.383878287940795,0.000879085750819186,0.0324088184496597,0.519356253405451,0.156843156843157,ok,0.666236418448808,GSE39582|8,0.156146179401993,0.520485866546175,0.524098059280326,0.0179014191414366,0.994183675245538,0.658902559234785
SIG005,GSE39582,6,6,0.529283559477454,0,0.548409177335531,0.269561019887291,0.00524787554276884,0.0303769176064208,0.521575610987814,0.332667332667333,ok,0.757676487213854,GSE39582|6,0.352159468438538,0.52273844804444,0.52504006804258,0.0185413788604497,0.228866011897635,0.763144672011279
SIG006,GSE39582,8,8,0.570467925631587,1,0.577918620864495,0.783642090303325,0.00475505474306726,0.0425683226658539,0.519356253405451,0.011988011988012,ok,0.348742166923985,GSE39582|8,0.0232558139534884,0.520485866546175,0.524098059280326,0.0179014191414366,2.59028996443799,0.369017874303287
SIG007,GSE39582,15,15,0.540553111751964,1,0.553885156547091,0.30416234380872,0.00564745997495941,0.0486640251955705,0.520000797373982,0.168831168831169,ok,0.674234856053038,GSE39582|15,0.232558139534884,0.522685289778995,0.526574525673227,0.0193532117816421,0.722287661420437,0.712139757427395
SIG009,GSE39582,6,6,0.503608117267134,0,0.513778679173533,0.112788925088421,0.00251738192280027,0.0263131159199431,0.521575610987814,0.917082917082917,ok,0.984236557182337,GSE39582|6,0.897009966777409,0.52273844804444,0.52504006804258,0.0185413788604497,-1.15589843326927,0.976080109403813
SIG010,GSE39582,6,6,0.503076534612676,1,0.529420712384333,0.0883741755773203,-0.000599376648285799,0.028345016763182,0.521575610987814,0.928071928071928,ok,0.98774839351336,GSE39582|6,0.903654485049834,0.52273844804444,0.52504006804258,0.0185413788604497,-1.18456850459778,0.976374007482094
SIG011,GSE39582,3,3,0.522027456244103,1,0.533578400304221,0.141251921633211,0.00150510136125093,0.0263131159199431,0.519774874745837,0.456543456543457,ok,0.820752281426439,GSE39582|3,0.488372093023256,0.5207184339575,0.523495111654507,0.0161708905683617,-0.0907590960559208,0.839158361018826
SIG012,GSE39582,3,3,0.546320783552833,1,0.55720623653188,0.195071059540524,0.00134526758837472,0.0344407192928985,0.519774874745837,0.114885114885115,ok,0.617869525432551,GSE39582|3,0.0897009966777409,0.5207184339575,0.523495111654507,0.0161708905683617,1.41152843758554,0.560996461307044
SIG013,GSE39582,9,9,0.573232155434768,0,0.589326910888579,0.517393059025569,0.0113881563174298,0.054759727725287,0.51980145387856,0.016983016983017,ok,0.383616383616384,GSE39582|9,0.00996677740863787,0.520951001368825,0.524831244656487,0.0176516290363585,2.7420081556544,0.318936877076412
SIG014,GSE39582,15,15,0.50017940914588,0,0.498390163518824,-0.0166334163836905,-0.00051945976184764,0.0324088184496597,0.520000797373982,0.995004995004995,ok,1,GSE39582|15,0.996677740863787,0.522685289778995,0.526574525673227,0.0193532117816421,-1.36386233071582,0.998237486937127
SIG015,GSE39582,3,3,0.516299653142318,0,0.508125237672709,0.0676625540642063,-0.000253070140387335,0.0263131159199431,0.519774874745837,0.586413586413586,ok,0.863063597975745,GSE39582|3,0.601328903654485,0.5207184339575,0.523495111654507,0.0161708905683617,-0.444963651307283,0.869610661092239
SIG016,GSE39582,57,50,0.515143460868872,1,0.499505640765623,0.0986986397010657,-0.000213111697168311,0.0324088184496597,0.52411391816285,0.699300699300699,ok,0.913001805496735,GSE39582|50,0.737541528239203,0.528353289832153,0.529827412831519,0.0189171977339564,-0.776222364916644,0.929627332011923
SIG018,GSE39582,9,9,0.536034659189071,0,0.549347192293066,0.29114518349515,-0.000692613015796928,0.0425683226658539,0.51980145387856,0.233766233766234,ok,0.70620288802107,GSE39582|9,0.242524916943522,0.520951001368825,0.524831244656487,0.0176516290363585,0.634695784140235,0.721960973408656
SIG019,GSE39582,12,12,0.509588422129786,1,0.517834960070985,0.0458684549349136,0.000386264951117488,0.0466321243523316,0.521263306178319,0.751248751248751,ok,0.931816570526248,GSE39582|12,0.740863787375415,0.520333036533018,0.523359823868947,0.016686740491469,-0.825290100616225,0.929627332011923
SIG020,GSE39582,5,3,0.550440549124882,1,0.542679680567879,0.18394487385484,-0.00443538719731484,0.0303769176064208,0.519774874745837,0.0799200799200799,ok,0.543232990785438,GSE39582|3,0.0631229235880399,0.5207184339575,0.523495111654507,0.0161708905683617,1.66629273486607,0.477149658618254
SIG021,GSE39582,10,8,0.522120483208633,0,0.540423374318672,0.269763922723225,-0.00283704946855279,0.0425683226658539,0.519356253405451,0.442557442557443,ok,0.809048771134079,GSE39582|8,0.461794019933555,0.520485866546175,0.524098059280326,0.0179014191414366,-0.110470351879264,0.828639736703201
SIG022,GSE39582,4,4,0.520685210041596,1,0.522144758524528,-0.0389861030250654,-0.000626015610431852,0.0222493142334654,0.520120403471235,0.492507492507493,ok,0.834095481982806,GSE39582|4,0.514950166112957,0.521349688359669,0.524395479775495,0.0183313202136557,-0.202400574026035,0.846493423747326
SIG023,GSE39582,9,9,0.510718035270509,0,0.534769932817848,0.160509353135892,0.00113215589120652,0.0324088184496597,0.51980145387856,0.724275724275724,ok,0.923194837948936,GSE39582|9,0.774086378737542,0.520951001368825,0.524831244656487,0.0176516290363585,-0.799541467640624,0.943648156937194
SIG024,GSE39582,7,6,0.537137693197071,0,0.558879452402079,0.171297011462373,-0.00394256639761315,0.0364726201361374,0.521575610987814,0.214785214785215,ok,0.688460120847433,GSE39582|6,0.242524916943522,0.52273844804444,0.52504006804258,0.0185413788604497,0.65246631577636,0.721960973408656
SIG025,GSE39582,13,11,0.508259465493641,1,0.495956394980352,0.255279807440589,-0.000652654572577904,0.0263131159199431,0.519954283891717,0.792207792207792,ok,0.946570457406371,GSE39582|11,0.813953488372093,0.523117200685742,0.525129241032865,0.0164128567521538,-1.02783907725328,0.954877680459076
SIG026,GSE39582,31,29,0.560195090834186,1,0.566028647483838,1.23583533434649,0.000346306507898353,0.0608554302550036,0.522545749332199,0.045954045954046,ok,0.464689949226032,GSE39582|29,0.053156146179402,0.522439432801308,0.524941370863069,0.0178332087318749,1.97685792283164,0.449602646098907
SIG027,GSE39582,4,4,0.523861416401983,0,0.526454556978071,0.0396656733877445,0.00174485202056518,0.0324088184496597,0.520120403471235,0.430569430569431,ok,0.808003590612286,GSE39582|4,0.448504983388704,0.521349688359669,0.524395479775495,0.0183313202136557,-0.0291339285598247,0.816236557446742
SIG028,GSE39582,4,4,0.544898799952158,0,0.55527950310559,0.261720609369066,-0.00102560004262231,0.0405364218226151,0.520120403471235,0.118881118881119,ok,0.623638656425542,GSE39582|4,0.13953488372093,0.521349688359669,0.524395479775495,0.0183313202136557,1.11848573576219,0.642252750176756
SIG029,GSE39582,5,4,0.505455366991375,1,0.488655089364939,0.0541185248370983,0.000293028583606358,0.0303769176064208,0.520120403471235,0.852147852147852,ok,0.964695681676814,GSE39582|4,0.863787375415283,0.521349688359669,0.524395479775495,0.0183313202136557,-1.03321051421112,0.965130723674708
SIG030,GSE39582,7,7,0.533669116376733,0,0.558499176067943,0.29407477387328,0.000146514291803124,0.0466321243523316,0.519203423392295,0.243756243756244,ok,0.706966749262822,GSE39582|7,0.259136212624585,0.520831395271572,0.52361804014335,0.0168295128291058,0.597229185149082,0.721960973408656
SIG031,GSE39582,4,4,0.550121599532207,1,0.553961211813918,0.11844961201134,0.00115879485335246,0.0425683226658539,0.520120403471235,0.0849150849150849,ok,0.556440146883833,GSE39582|4,0.106312292358804,0.521349688359669,0.524395479775495,0.0183313202136557,1.40339699797222,0.59337093409565
SIG032,GSE39582,10,10,0.516817946230415,1,0.509367473697554,0.137825235363874,0.000332987026825382,0.0324088184496597,0.519077172511861,0.545454545454545,ok,0.853685894073616,GSE39582|10,0.624584717607973,0.521867981447765,0.52502230432221,0.0178608397776461,-0.459348955252554,0.883997179351105
SIG033,GSE39582,10,9,0.512645022392919,0,0.53307136519204,0.300033526687572,0.0019579637177336,0.0222493142334654,0.51980145387856,0.674325674325674,ok,0.904428904428904,GSE39582|9,0.707641196013289,0.520951001368825,0.524831244656487,0.0176516290363585,-0.690373802806922,0.913085414210695
SIG034,GSE39582,14,14,0.552925698034473,1,0.554113322347573,0.120358464709688,-0.000825807826527081,0.0324088184496597,0.523236806782995,0.0919080919080919,ok,0.574799793040835,GSE39582|14,0.0730897009966778,0.520592183077066,0.524059076552332,0.0181742850196208,1.58832226142468,0.514037457559052
SIG035,GSE39582,3,2,0.502717716320916,1,0.497908480162251,-0.0796819084339518,-0.000865766269746215,0.0202174133902266,0.519555596900873,0.93006993006993,ok,0.988199197154421,GSE39582|2,0.933554817275748,0.520984225284729,0.52410288782277,0.0182926330905659,-1.16905922706575,0.983228331963486
SIG036,GSE39582,13,12,0.529482902972876,0,0.512435036126252,0.372438800684565,0.00314339753323201,0.0242812150767043,0.521263306178319,0.336663336663337,ok,0.757788518632598,GSE39582|12,0.335548172757475,0.520333036533018,0.523359823868947,0.016686740491469,0.366942789519574,0.756429537421821
SIG037,GSE39582,14,13,0.54391537204141,0,0.559994929648878,0.322144309621123,-0.00350302352220355,0.0446002235090928,0.522047390593645,0.138861138861139,ok,0.651775409056962,GSE39582|13,0.18936877076412,0.522618841947187,0.5259104903407,0.0181920536854635,0.989711332871495,0.680085987883525
SIG038,GSE39582,3,3,0.541855489255386,0,0.556572442641653,0.184203173878495,0.000293028583606358,0.0466321243523316,0.519774874745837,0.152847152847153,ok,0.659340659340659,GSE39582|3,0.142857142857143,0.5207184339575,0.523495111654507,0.0161708905683617,1.13539681214597,0.642252750176756
SIG039,GSE39582,14,14,0.526545908806996,1,0.513449106350615,0.459860206714201,-0.00282372998747971,0.0303769176064208,0.523236806782995,0.423576423576424,ok,0.808003590612286,GSE39582|14,0.368770764119601,0.520592183077066,0.524059076552332,0.0181742850196208,0.136832466970733,0.77151037219348
SIG040,GSE39582,15,13,0.602841309288078,1,0.619064520218025,1.32198708975377,0.0202056527877674,0.0527278268820482,0.522047390593645,0.000999000999000999,ok,0.15984015984016,GSE39582|13,0.00332225913621262,0.522618841947187,0.5259104903407,0.0181920536854635,4.22881441960837,0.212624584717608
SIG041,GSE39582,10,10,0.566201974829561,0,0.580935479781975,0.465316025416358,0.00839127307600096,0.0486640251955705,0.519077172511861,0.018981018981019,ok,0.383616383616384,GSE39582|10,0.0299003322259136,0.521867981447765,0.52502230432221,0.0178608397776461,2.30558422896161,0.395921640508649
SIG042,GSE39582,8,7,0.565138809520645,1,0.572949676765116,0.30295682542349,0.00462185993233699,0.0446002235090928,0.519203423392295,0.017982017982018,ok,0.383616383616384,GSE39582|7,0.0166112956810631,0.520831395271572,0.52361804014335,0.0168295128291058,2.46714030280704,0.342942878576787
SIG043,GSE39582,14,14,0.558002312384547,1,0.552440106477374,0.285404057358299,0.00221103385812094,0.0364726201361374,0.523236806782995,0.0599400599400599,ok,0.504758399495242,GSE39582|14,0.0465116279069768,0.520592183077066,0.524059076552332,0.0181742850196208,1.86765178358158,0.425249169435216
SIG044,GSE39582,3,3,0.531197257033503,0,0.520116618075802,0.168707586119153,0.00996297184261696,0.0161536117037489,0.519774874745837,0.290709290709291,ok,0.727376519584312,GSE39582|3,0.295681063122924,0.5207184339575,0.523495111654507,0.0161708905683617,0.476296920471745,0.727830309225658
SIG045,GSE39582,6,6,0.542652863237073,0,0.551147166941311,0.474563304039726,0.0040757612083433,0.0446002235090928,0.521575610987814,0.147852147852148,ok,0.656877369206136,GSE39582|6,0.182724252491694,0.52273844804444,0.52504006804258,0.0185413788604497,0.949918305809648,0.674674163046256
SIG046,GSE39582,5,4,0.574189004212793,1,0.572341234630498,0.416068159225607,0.00729907562801357,0.0446002235090928,0.520120403471235,0.012987012987013,ok,0.356215213358071,GSE39582|4,0.0166112956810631,0.521349688359669,0.524395479775495,0.0183313202136557,2.71630869227874,0.342942878576787
SIG047,GSE39582,4,4,0.527728680213165,1,0.529040436050197,0.170861134402615,0.00150510136125093,0.0222493142334654,0.520120403471235,0.353646353646354,ok,0.768095796217281,GSE39582|4,0.368770764119601,0.521349688359669,0.524395479775495,0.0183313202136557,0.181830899183519,0.77151037219348
SIG048,GSE39582,11,11,0.510199742182413,0,0.515908226644695,-0.0573676492333851,-2.66389621460528e-05,0.01412171086051,0.519954283891717,0.746253746253746,ok,0.92798393316528,GSE39582|11,0.78405315614618,0.523117200685742,0.525129241032865,0.0164128567521538,-0.909622198980863,0.946186084098469
SIG049,GSE39582,14,14,0.526386434010658,0,0.548865508936494,0.347612588883487,0.00186472735022236,0.0242812150767043,0.523236806782995,0.427572427572428,ok,0.808003590612286,GSE39582|14,0.372093023255814,0.520592183077066,0.524059076552332,0.0181742850196208,0.12805771758357,0.77151037219348
SIG050,GSE39582,6,5,0.517070447991282,1,0.514235010774496,0.102914491956366,0.00426223394336556,0.028345016763182,0.519695137347668,0.567432567432567,ok,0.862685195495243,GSE39582|5,0.578073089700997,0.52081146092203,0.523523817117848,0.0165263685979499,-0.390489240774045,0.865756889411789
SIG051,GSE39582,7,7,0.514359376453546,1,0.525770059576626,0.197750609233657,0.000772529902234975,0.0263131159199431,0.519203423392295,0.621378621378621,ok,0.884393590101522,GSE39582|7,0.644518272425249,0.520831395271572,0.52361804014335,0.0168295128291058,-0.550144486285529,0.890910786937709
SIG052,GSE39582,20,19,0.529815142131912,1,0.52675877804538,0.240597389463622,0.0013053091451557,0.0263131159199431,0.52172844100097,0.354645354645355,ok,0.768095796217281,GSE39582|19,0.358803986710964,0.522080614509549,0.524324026207025,0.0176406188216088,0.311276831069035,0.768008533428149
SIG053,GSE39582,11,9,0.528924741185695,1,0.54075294714159,0.160749723602336,0.000665974053650875,0.0263131159199431,0.51980145387856,0.32967032967033,ok,0.75581561295847,GSE39582|9,0.3421926910299,0.520951001368825,0.524831244656487,0.0176516290363585,0.23190474492617,0.756429537421821
SIG054,GSE39582,46,45,0.508671442050846,1,0.506046393712765,-0.130622437413103,0.0001065558485841,0.0222493142334654,0.526373144444297,0.847152847152847,ok,0.962445838185483,GSE39582|45,0.86046511627907,0.525589060028971,0.526995051851458,0.017190613174159,-1.06590786582042,0.965130723674708
SIG055,GSE39582,21,20,0.550746209151195,1,0.564152617568767,0.815319056093196,0.00214443645275575,0.0405364218226151,0.52163541403644,0.0999000999000999,ok,0.588833658742473,GSE39582|20,0.122923588039867,0.521256661395139,0.525454658214502,0.0190112458132553,1.33034684760419,0.617835835174201
SIG056,GSE39582,7,6,0.522811540659428,1,0.513119533527697,0.146712547436275,0.000879085750819186,0.0364726201361374,0.521575610987814,0.467532467532468,ok,0.823543429048016,GSE39582|6,0.498338870431894,0.52273844804444,0.52504006804258,0.0185413788604497,-0.12019210652695,0.84090902542263
SIG057,GSE39582,8,8,0.53107765093625,1,0.531981239700849,-0.0124596039584658,0.000959002637257234,0.0202174133902266,0.519356253405451,0.291708291708292,ok,0.727376519584312,GSE39582|8,0.295681063122924,0.520485866546175,0.524098059280326,0.0179014191414366,0.389890410407105,0.727830309225658
SIG058,GSE39582,24,22,0.561856286629367,1,0.554417543414882,0.171033381650131,0.000892405231892157,0.0405364218226151,0.522725158478079,0.046953046953047,ok,0.464689949226032,GSE39582|22,0.0431893687707641,0.522466011934031,0.525214560048906,0.0179953077710777,2.03618226743265,0.425249169435216
SIG059,GSE39582,14,13,0.51475806344439,0,0.506071745468374,0.0817925046753032,-0.0023975065931432,0.0344407192928985,0.522047390593645,0.65034965034965,ok,0.897013434326867,GSE39582|13,0.667774086378738,0.522618841947187,0.5259104903407,0.0181920536854635,-0.613038367692458,0.900369554667961
SIG060,GSE39582,7,6,0.537616117586083,1,0.528431993915579,0.0725365483908904,-0.000479501318628728,0.0263131159199431,0.521575610987814,0.208791208791209,ok,0.684094062933653,GSE39582|6,0.232558139534884,0.52273844804444,0.52504006804258,0.0185413788604497,0.678269379972003,0.712139757427395
SIG062,GSE39582,43,42,0.515302935665209,0,0.530003802763341,0.346764275619887,0.00143850395588585,0.0364726201361374,0.525648863077598,0.702297702297702,ok,0.913001805496735,GSE39582|42,0.694352159468439,0.522818185442609,0.52665390868296,0.018630306594696,-0.609274622511165,0.90876356249448
SIG063,GSE39582,19,19,0.503010086780868,0,0.524198250728863,0.275087195047691,0.00110551692906036,0.01412171086051,0.52172844100097,0.939060939060939,ok,0.990450597437497,GSE39582|19,0.903654485049834,0.522080614509549,0.524324026207025,0.0176406188216088,-1.20823082464933,0.976374007482094
SIG064,GSE39582,3,3,0.566760136616742,0,0.573431360121688,0.209728052882788,0.00269053517674944,0.0446002235090928,0.519774874745837,0.023976023976024,ok,0.40738023038908,GSE39582|3,0.0232558139534884,0.5207184339575,0.523495111654507,0.0161708905683617,2.67548808022257,0.369017874303287
SIG065,GSE39582,5,5,0.592541895357955,1,0.605678793256433,0.688539490992484,0.00895069128106774,0.0425683226658539,0.519695137347668,0.003996003996004,ok,0.250184598010685,GSE39582|5,0.00332225913621262,0.52081146092203,0.523523817117848,0.0165263685979499,4.17623979708824,0.212624584717608
SIG066,GSE39582,11,11,0.511329355323136,0,0.505691469134238,0.0695197921510583,-0.00360957937078776,0.0364726201361374,0.519954283891717,0.712287712287712,ok,0.917847253417723,GSE39582|11,0.760797342192691,0.523117200685742,0.525129241032865,0.0164128567521538,-0.840797304096267,0.93864979817754
SIG067,GSE39582,5,5,0.504312464284291,1,0.470756749904931,-0.0729198663349595,0.000559418205066775,0.0364726201361374,0.519695137347668,0.893106893106893,ok,0.975904413227159,GSE39582|5,0.897009966777409,0.52081146092203,0.523523817117848,0.0165263685979499,-1.16246667982098,0.976080109403813
SIG068,GSE39582,5,5,0.507156431485641,0,0.514919508175941,0.0574771712052415,-0.000692613015796928,0.0324088184496597,0.519695137347668,0.82017982017982,ok,0.956136534573845,GSE39582|5,0.807308970099668,0.52081146092203,0.523523817117848,0.0165263685979499,-0.990380042366768,0.952694051992232
SIG069,GSE39582,7,7,0.502571531090941,0,0.51111674483458,0.00318800779883312,0.000439542875409593,0.0202174133902266,0.519203423392295,0.94005994005994,ok,0.990450597437497,GSE39582|7,0.916943521594684,0.520831395271572,0.52361804014335,0.0168295128291058,-1.25057149699606,0.978073089700997
SIG070,GSE39582,3,3,0.51421319122357,1,0.514235010774496,0.124518837251074,0.00215775593382883,0.0242812150767043,0.519774874745837,0.642357642357642,ok,0.893067830070003,GSE39582|3,0.654485049833887,0.5207184339575,0.523495111654507,0.0161708905683617,-0.573989440575198,0.896938826324813
SIG071,GSE39582,13,13,0.539303892513987,1,0.547369755355558,0.340773427168785,0.00362289885186073,0.0263131159199431,0.522047390593645,0.193806193806194,ok,0.684094062933653,GSE39582|13,0.239202657807309,0.522618841947187,0.5259104903407,0.0181920536854635,0.736222660995606,0.721960973408656
SIG072,GSE39582,15,14,0.524924581710899,0,0.544961338572696,0.27832122235742,0.00435547031087669,0.0446002235090928,0.523236806782995,0.456543456543457,ok,0.820752281426439,GSE39582|14,0.398671096345515,0.520592183077066,0.524059076552332,0.0181742850196208,0.047622514868259,0.791570325732563
SIG073,GSE39582,16,16,0.518837960317355,0,0.521181391811383,0.269023567678971,0.00245078451743519,0.0344407192928985,0.520931067019283,0.541458541458542,ok,0.853685894073616,GSE39582|16,0.568106312292359,0.521761664916874,0.524672079950031,0.0177991265328679,-0.327775614264157,0.861856132869487
SIG074,GSE39582,11,11,0.521110476165163,1,0.522220813791355,0.132909054297453,0.000399584432190458,0.0324088184496597,0.519954283891717,0.472527472527473,ok,0.826759447449103,GSE39582|11,0.538205980066445,0.523117200685742,0.525129241032865,0.0164128567521538,-0.244854684860067,0.856135444679018
SIG075,GSE39582,14,13,0.535635972198227,0,0.542806439345925,0.241364460316412,0.00101228056154934,0.0385045209793762,0.522047390593645,0.237762237762238,ok,0.70620288802107,GSE39582|13,0.305647840531561,0.522618841947187,0.5259104903407,0.0181920536854635,0.534600547342165,0.728094111439948
SIG076,GSE39582,9,8,0.524047470331043,1,0.508023830650273,0.179612484955842,0.00163829617198108,0.0405364218226151,0.519356253405451,0.405594405594406,ok,0.801999236602738,GSE39582|8,0.431893687707641,0.520485866546175,0.524098059280326,0.0179014191414366,-0.00282597423606332,0.798878497493903
SIG077,GSE39582,7,7,0.562906162371922,1,0.572949676765116,0.527679949899889,0.00675297690401977,0.0506959260388093,0.519203423392295,0.020979020979021,ok,0.404732881797102,GSE39582|7,0.0166112956810631,0.520831395271572,0.52361804014335,0.0168295128291058,2.33447768972998,0.342942878576787
SIG078,GSE39582,6,5,0.586986856618869,1,0.606921029281278,0.577111296776026,0.0115613095713791,0.0527278268820482,0.519695137347668,0.003996003996004,ok,0.250184598010685,GSE39582|5,0.00332225913621262,0.52081146092203,0.523523817117848,0.0165263685979499,3.84010795383653,0.212624584717608
SIG079,GSE39582,5,5,0.506305899238508,0,0.515730764355432,0.120987938330128,0.00205120008524462,0.0303769176064208,0.519695137347668,0.841158841158841,ok,0.962445838185483,GSE39582|5,0.833887043189369,0.52081146092203,0.523523817117848,0.0165263685979499,-1.04184520496992,0.96102228266722
SIG080,GSE39582,8,8,0.516193336611426,1,0.518443402205603,0.137419018767118,0.000572737686139746,0.0303769176064208,0.519356253405451,0.572427572427572,ok,0.862685195495243,GSE39582|8,0.604651162790698,0.520485866546175,0.524098059280326,0.0179014191414366,-0.441569610009444,0.869610661092239
SIG081,GSE39582,5,5,0.541629566627241,0,0.55885410064647,0.21796028980302,0.00568741841817833,0.0364726201361374,0.519695137347668,0.148851148851149,ok,0.656877369206136,GSE39582|5,0.162790697674419,0.52081146092203,0.523523817117848,0.0165263685979499,1.09556732939139,0.660799449333792
SIG082,GSE39582,6,6,0.531316863130756,0,0.521992647990873,0.170116042360037,-0.000772529902234975,0.0446002235090928,0.521575610987814,0.311688311688312,ok,0.745257233426598,GSE39582|6,0.32890365448505,0.52273844804444,0.52504006804258,0.0185413788604497,0.33852903472919,0.75357400550274
SIG083,GSE39582,17,16,0.507156431485641,0,0.505792876156674,0.0132395156216362,-0.000226431178241393,0.028345016763182,0.520931067019283,0.822177822177822,ok,0.956136534573845,GSE39582|16,0.833887043189369,0.521761664916874,0.524672079950031,0.0177991265328679,-0.984073484282823,0.96102228266722
SIG084,GSE39582,15,15,0.540181003893843,0,0.54843452909114,0.284334312433711,-0.00138522603159386,0.0385045209793762,0.520000797373982,0.170829170829171,ok,0.674234856053038,GSE39582|15,0.239202657807309,0.522685289778995,0.526574525673227,0.0193532117816421,0.703060472552805,0.721960973408656
SIG085,GSE39582,7,7,0.520379550015283,0,0.526860185067816,0.167617788291914,0.00143850395588585,0.0405364218226151,0.519203423392295,0.470529470529471,ok,0.825037975722907,GSE39582|7,0.518272425249169,0.520831395271572,0.52361804014335,0.0168295128291058,-0.192429226024077,0.846544204581516
SIG086,GSE39582,5,5,0.535822026127288,1,0.52399543668399,0.16264448448642,-0.00207783904739078,0.0263131159199431,0.519695137347668,0.222777222777223,ok,0.697768789122786,GSE39582|5,0.239202657807309,0.52081146092203,0.523523817117848,0.0165263685979499,0.744156765991906,0.721960973408656
SIG087,GSE39582,5,5,0.517841242840246,0,0.542628977056661,0.103790582696847,0.00110551692906036,0.0303769176064208,0.519695137347668,0.545454545454545,ok,0.853685894073616,GSE39582|5,0.561461794019934,0.52081146092203,0.523523817117848,0.0165263685979499,-0.343848937164961,0.861027671340473
SIG088,GSE39582,6,6,0.535782157428203,0,0.563594878945367,0.18757464904993,0.000919044194038099,0.0202174133902266,0.521575610987814,0.230769230769231,ok,0.702182128489577,GSE39582|6,0.26578073089701,0.52273844804444,0.52504006804258,0.0185413788604497,0.579357633888655,0.721960973408656
SIG089,GSE39582,5,5,0.567052507076694,0,0.574698947902142,0.618262482057651,0.0104424731612456,0.0425683226658539,0.519695137347668,0.021978021978022,ok,0.404732881797102,GSE39582|5,0.00996677740863787,0.52081146092203,0.523523817117848,0.0165263685979499,2.6338932053256,0.318936877076412
SIG090,GSE39582,4,4,0.547104867968158,0,0.557992140955761,0.369271361912524,0.0034763845600575,0.0405364218226151,0.520120403471235,0.101898101898102,ok,0.591070560859081,GSE39582|4,0.119601328903655,0.521349688359669,0.524395479775495,0.0183313202136557,1.23882993303155,0.613996126992023
SIG091,GSE39582,7,7,0.501867184073784,0,0.50645202180251,0.00569918726467595,0.000146514291803124,0.028345016763182,0.519203423392295,0.95004995004995,ok,0.99081798158387,GSE39582|7,0.950166112956811,0.520831395271572,0.52361804014335,0.0168295128291058,-1.29242339278825,0.989508936930575
SIG093,GSE39582,9,9,0.528286842000346,0,0.544657117505387,0.189816545517019,0.00306348064679396,0.0364726201361374,0.51980145387856,0.343656343656344,ok,0.761917066766951,GSE39582|9,0.345514950166113,0.520951001368825,0.524831244656487,0.0176516290363585,0.195766483464011,0.756429537421821
SIG094,GSE39582,3,3,0.508299334192725,0,0.494587400177462,0.0479575336128369,-0.00310343909001309,0.0364726201361374,0.519774874745837,0.783216783216783,ok,0.94339788191733,GSE39582|3,0.823920265780731,0.5207184339575,0.523495111654507,0.0161708905683617,-0.939699480219858,0.95700357549849
SIG095,GSE39582,18,16,0.544287479899531,0,0.556420332107999,0.4090039125055,0.00283704946855268,0.0425683226658539,0.520931067019283,0.152847152847153,ok,0.659340659340659,GSE39582|16,0.142857142857143,0.521761664916874,0.524672079950031,0.0177991265328679,1.10204283975834,0.642252750176756
SIG096,GSE39582,11,11,0.507528539343761,0,0.479579160856889,-0.0444531687140867,-0.00131862862622878,0.0242812150767043,0.519954283891717,0.808191808191808,ok,0.953150044059135,GSE39582|11,0.827242524916944,0.523117200685742,0.525129241032865,0.0164128567521538,-1.07237283276688,0.95854293774323
SIG097,GSE39582,14,14,0.504099831222507,1,0.492736722018,-0.0247890876269054,0.00239750659314308,0.028345016763182,0.523236806782995,0.906093906093906,ok,0.97956097956098,GSE39582|14,0.890365448504983,0.520592183077066,0.524059076552332,0.0181742850196208,-1.09821350926747,0.976041182406767
SIG098,GSE39582,5,5,0.518293088096535,1,0.525034858663963,0.105119919376573,0.00150510136125093,0.0344407192928985,0.519695137347668,0.53946053946054,ok,0.853685894073616,GSE39582|5,0.554817275747508,0.52081146092203,0.523523817117848,0.0165263685979499,-0.316508069532068,0.8597652699235
SIG099,GSE39582,11,11,0.531622523157069,0,0.534136138927621,0.169763586876817,0.00137190655052077,0.0385045209793762,0.519954283891717,0.308691308691309,ok,0.742715930685855,GSE39582|11,0.338870431893688,0.523117200685742,0.525129241032865,0.0164128567521538,0.395621689889658,0.756429537421821
SIG101,GSE39582,10,8,0.526957885364201,0,0.537583977690455,0.169331221559593,0.00226431178241293,0.0385045209793762,0.519356253405451,0.346653346653347,ok,0.763273423823883,GSE39582|8,0.3421926910299,0.520485866546175,0.524098059280326,0.0179014191414366,0.159754154756121,0.756429537421821
SIG102,GSE39582,4,4,0.535489786968251,0,0.534567118772975,0.207479489079776,-0.000173153253949288,0.0385045209793762,0.520120403471235,0.225774225774226,ok,0.702182128489577,GSE39582|4,0.245847176079734,0.521349688359669,0.524395479775495,0.0183313202136557,0.605210484757746,0.721960973408656
SIG107,GSE39582,15,13,0.572713862346672,1,0.578527062999113,0.690963976414612,0.0132395641865792,0.0446002235090928,0.522047390593645,0.00999000999000999,ok,0.325098630183376,GSE39582|13,0.0166112956810631,0.522618841947187,0.5259104903407,0.0181920536854635,2.57273713101288,0.342942878576787
SIG108,GSE39582,15,13,0.517881111539331,1,0.499733806566105,0.145084928902045,0.000239750659314253,0.0364726201361374,0.522047390593645,0.59040959040959,ok,0.865333140142301,GSE39582|13,0.588039867109635,0.522618841947187,0.5259104903407,0.0181920536854635,-0.441367365125194,0.866965846570657
SIG109,GSE39582,7,7,0.588807527210387,1,0.625022182786158,0.692328015756399,0.0135059538080395,0.0446002235090928,0.519203423392295,0.001998001998002,ok,0.23976023976024,GSE39582|7,0.00332225913621262,0.520831395271572,0.52361804014335,0.0168295128291058,3.87352193310641,0.212624584717608
SIG110,GSE39582,9,9,0.532353449306949,1,0.527722144758525,0.445516270642592,-0.000732571459015952,0.0364726201361374,0.51980145387856,0.274725274725275,ok,0.72249466351343,GSE39582|9,0.285714285714286,0.520951001368825,0.524831244656487,0.0176516290363585,0.426147900285461,0.723709008669431
SIG111,GSE39582,13,12,0.55656703921751,0,0.578628470021549,0.526915205694999,0.00155837928554303,0.0466321243523316,0.521263306178319,0.04995004995005,ok,0.470118117176941,GSE39582|12,0.0431893687707641,0.520333036533018,0.523359823868947,0.016686740491469,1.99003606279728,0.425249169435216
SIG112,GSE39582,4,4,0.53180857708613,0,0.541259982253771,0.166163006435421,0.000705932496869899,0.0385045209793762,0.520120403471235,0.280719280719281,ok,0.72249466351343,GSE39582|4,0.299003322259136,0.521349688359669,0.524395479775495,0.0183313202136557,0.404395167627523,0.728094111439948
SIG113,GSE39582,10,10,0.52007388998897,0,0.542197997211307,0.280279118998879,0.00302352220357494,0.0303769176064208,0.519077172511861,0.481518481518482,ok,0.832985841866836,GSE39582|10,0.548172757475083,0.521867981447765,0.52502230432221,0.0178608397776461,-0.27705384488322,0.857384965096103
SIG114,GSE39582,20,18,0.514292928621739,1,0.491114209659019,-0.0742308411209428,-0.000119875329657182,0.0344407192928985,0.521622124470079,0.641358641358641,ok,0.893067830070003,GSE39582|18,0.687707641196013,0.522618841947187,0.525598761412415,0.0174075969855825,-0.649476938146026,0.908114629364749
SIG115,GSE39582,4,4,0.514399245152631,1,0.526251742933198,0.0782807932079223,0.00175817150163826,0.0303769176064208,0.520120403471235,0.632367632367632,ok,0.887533519112466,GSE39582|4,0.654485049833887,0.521349688359669,0.524395479775495,0.0183313202136557,-0.545309039739392,0.896938826324813
SIG116,GSE39582,5,5,0.530134091724587,0,0.528279883381924,0.242675700707791,0.00262393777138437,0.0385045209793762,0.519695137347668,0.2997002997003,ok,0.735837052972603,GSE39582|5,0.322259136212625,0.52081146092203,0.523523817117848,0.0165263685979499,0.399983491083431,0.745466917503903
SIG117,GSE39582,4,4,0.510864220500485,0,0.497376093294461,0.0655295498503734,0.000479501318628617,0.0446002235090928,0.520120403471235,0.717282717282717,ok,0.920576749453755,GSE39582|4,0.737541528239203,0.521349688359669,0.524395479775495,0.0183313202136557,-0.738149741387966,0.929627332011923
SIG118,GSE39582,15,14,0.543689449413266,1,0.555533020661681,0.450100183795361,0.00600708596393085,0.0303769176064208,0.523236806782995,0.181818181818182,ok,0.681818181818182,GSE39582|14,0.162790697674419,0.520592183077066,0.524059076552332,0.0181742850196208,1.08011802608692,0.660799449333792
SIG119,GSE39582,10,10,0.528924741185695,0,0.545189504373178,0.43605998248702,0.00400916380297822,0.0385045209793762,0.519077172511861,0.311688311688312,ok,0.745257233426598,GSE39582|10,0.355481727574751,0.521867981447765,0.52502230432221,0.0178608397776461,0.21849123065138,0.765162462941168
SIG120,GSE39582,4,3,0.54977607080681,1,0.543009253390797,0.210588605216663,0.00285036894962576,0.0385045209793762,0.519774874745837,0.0849150849150849,ok,0.556440146883833,GSE39582|3,0.0631229235880399,0.5207184339575,0.523495111654507,0.0161708905683617,1.62520171917569,0.477149658618254
SIG121,GSE39582,6,6,0.564248408574428,1,0.55773862339967,0.359673103597092,0.00320999493859719,0.0466321243523316,0.521575610987814,0.028971028971029,ok,0.426240426240426,GSE39582|6,0.0431893687707641,0.52273844804444,0.52504006804258,0.0185413788604497,2.11463995353026,0.425249169435216
SIG122,GSE39582,8,8,0.501495076215663,1,0.501052097857777,0.169297027257606,-0.000359625988971546,0.0181855125469877,0.519356253405451,0.966033966033966,ok,0.994859953302878,GSE39582|8,0.970099667774086,0.520485866546175,0.524098059280326,0.0179014191414366,-1.26263638017074,0.991949169610348
SIG124,GSE39582,4,4,0.54262628410435,0,0.578628470021549,0.270035406303715,0.00191800527451447,0.0324088184496597,0.520120403471235,0.133866133866134,ok,0.644167862212975,GSE39582|4,0.152823920265781,0.521349688359669,0.524395479775495,0.0183313202136557,0.994516713273831,0.650602942151439
SIG125,GSE39582,4,4,0.543317341555145,1,0.561845607808341,0.257739573480099,0.00135858706944769,0.0405364218226151,0.520120403471235,0.127872127872128,ok,0.634404355334588,GSE39582|4,0.13953488372093,0.521349688359669,0.524395479775495,0.0183313202136557,1.03221489555097,0.642252750176756
SIG126,GSE39582,4,4,0.507674724573737,1,0.475015844847256,-0.0855984817745505,0.00071925197794287,0.028345016763182,0.520120403471235,0.789210789210789,ok,0.945280546029142,GSE39582|4,0.79734219269103,0.521349688359669,0.524395479775495,0.0183313202136557,-0.91214135189794,0.950867708053899
SIG127,GSE39582,6,6,0.526559198373357,0,0.532615033591076,0.111733343122834,-0.00466181837555613,0.0364726201361374,0.521575610987814,0.392607392607393,ok,0.801999236602738,GSE39582|6,0.398671096345515,0.52273844804444,0.52504006804258,0.0185413788604497,0.0819318963390392,0.791570325732563
SIG128,GSE39582,11,11,0.517482424548487,1,0.522879959437191,0.343113537608822,0.00221103385812094,0.0344407192928985,0.519954283891717,0.55044955044955,ok,0.853685894073616,GSE39582|11,0.634551495016611,0.523117200685742,0.525129241032865,0.0164128567521538,-0.46590405313655,0.885420690720853
SIG129,GSE39582,9,9,0.509096708174412,0,0.516465965268095,0.0491818887836831,0.00101228056154934,0.0303769176064208,0.51980145387856,0.762237762237762,ok,0.936338134034871,GSE39582|9,0.813953488372093,0.520951001368825,0.524831244656487,0.0176516290363585,-0.891392882190374,0.954877680459076
SIG130,GSE39582,9,9,0.528127367204008,0,0.545924705285841,0.239074750500567,-0.00230427022563207,0.0364726201361374,0.51980145387856,0.345654345654346,ok,0.763273423823883,GSE39582|9,0.345514950166113,0.520951001368825,0.524831244656487,0.0176516290363585,0.186731918098426,0.756429537421821
SIG132,GSE39582,5,5,0.516153467912342,1,0.513525161617442,0.204283054886647,0.000879085750819186,0.0181855125469877,0.519695137347668,0.591408591408591,ok,0.865475987427207,GSE39582|5,0.604651162790698,0.52081146092203,0.523523817117848,0.0165263685979499,-0.445975119205547,0.869610661092239
SIG133,GSE39582,5,5,0.529137374247478,0,0.543440233236152,0.185055953306636,0.0011987532965716,0.0364726201361374,0.519695137347668,0.318681318681319,ok,0.750958132776315,GSE39582|5,0.338870431893688,0.52081146092203,0.523523817117848,0.0165263685979499,0.339672753657866,0.756429537421821
SIG134,GSE39582,8,8,0.560633646524114,1,0.529446064139942,0.417871745853295,0.00590053011534675,0.0405364218226151,0.519356253405451,0.034965034965035,ok,0.438776909365145,GSE39582|8,0.053156146179402,0.520485866546175,0.524098059280326,0.0179014191414366,2.04093245094848,0.449602646098907
SIG135,GSE39582,3,3,0.526971174930562,1,0.52097857776651,0.121372915642739,0.000479501318628617,0.0344407192928985,0.519774874745837,0.362637362637363,ok,0.777080062794349,GSE39582|3,0.365448504983389,0.5207184339575,0.523495111654507,0.0161708905683617,0.214958060680729,0.77151037219348
SIG136,GSE39582,9,9,0.535596103499143,0,0.552795031055901,0.3214815620148,0.00177149098271134,0.0385045209793762,0.51980145387856,0.236763236763237,ok,0.70620288802107,GSE39582|9,0.242524916943522,0.520951001368825,0.524831244656487,0.0176516290363585,0.609850729384967,0.721960973408656
SIG138,GSE39582,5,5,0.515621885257884,0,0.532361516034985,0.17303233772275,0.00114547537227949,0.0242812150767043,0.519695137347668,0.608391608391608,ok,0.876960876960877,GSE39582|5,0.631229235880399,0.52081146092203,0.523523817117848,0.0165263685979499,-0.478140845832503,0.883997179351105
SIG139,GSE39582,4,4,0.50706340452111,1,0.507973127139054,0.0396228805627807,0.0002131116971682,0.0324088184496597,0.520120403471235,0.808191808191808,ok,0.953150044059135,GSE39582|4,0.807308970099668,0.521349688359669,0.524395479775495,0.0183313202136557,-0.945489743912367,0.952694051992232
SIG140,GSE39582,6,6,0.526253538347044,0,0.54349093674737,0.164590422236171,0.000932363675111181,0.0303769176064208,0.521575610987814,0.3996003996004,ok,0.801999236602738,GSE39582|6,0.401993355481728,0.52273844804444,0.52504006804258,0.0185413788604497,0.0654466053251689,0.792470448132836
SIG141,GSE39582,7,7,0.514106874692679,1,0.508125237672709,0.17474307221465,0.00105223900476836,0.0242812150767043,0.519203423392295,0.627372627372627,ok,0.88505175940885,GSE39582|7,0.651162790697675,0.520831395271572,0.52361804014335,0.0168295128291058,-0.565147996097786,0.895582061704538
SIG142,GSE39582,12,12,0.526439592276104,1,0.520015211053365,0.288073054174647,0.00106555848584133,0.0303769176064208,0.521263306178319,0.391608391608392,ok,0.801999236602738,GSE39582|12,0.385382059800665,0.520333036533018,0.523359823868947,0.016686740491469,0.184563810333802,0.781344830852456
SIG143,GSE39582,6,6,0.659441572421492,1,0.686398783115731,1.39461111636156,0.0357494871999786,0.068983033627959,0.521575610987814,0.000999000999000999,ok,0.15984015984016,GSE39582|6,0.00332225913621262,0.52273844804444,0.52504006804258,0.0185413788604497,7.24873297668286,0.212624584717608
SIG144,GSE39582,3,3,0.519515728201789,0,0.518037774115858,0.153332783183603,0.00193132475558744,0.0344407192928985,0.519774874745837,0.509490509490509,ok,0.842568284428749,GSE39582|3,0.534883720930233,0.5207184339575,0.523495111654507,0.0161708905683617,-0.246083135365673,0.852262858245682
SIG145,GSE39582,12,12,0.543875503342326,1,0.54622892635315,0.131640684940362,0.00150510136125093,0.0344407192928985,0.521263306178319,0.143856143856144,ok,0.654511365411839,GSE39582|12,0.13953488372093,0.520333036533018,0.523359823868947,0.016686740491469,1.2294599705597,0.642252750176756
SIG146,GSE39582,3,3,0.547158026233604,0,0.560020281404487,0.136459385958326,-0.000452862356482564,0.0405364218226151,0.519774874745837,0.103896103896104,ok,0.592348827642945,GSE39582|3,0.0830564784053156,0.5207184339575,0.523495111654507,0.0161708905683617,1.46330311735544,0.540570978095614
SIG147,GSE39582,3,3,0.544579850359483,1,0.545595132462923,0.194816454850031,0.00286368843069873,0.0425683226658539,0.519774874745837,0.131868131868132,ok,0.637750159160739,GSE39582|3,0.109634551495017,0.5207184339575,0.523495111654507,0.0161708905683617,1.30386997647665,0.596312574703773
SIG148,GSE39582,8,6,0.559304689887969,0,0.571225757383699,0.416499354408321,0.00955006792935342,0.0405364218226151,0.521575610987814,0.040959040959041,ok,0.46259622730211,GSE39582|6,0.0598006644518272,0.52273844804444,0.52504006804258,0.0185413788604497,1.84800829017515,0.477149658618254
SIG149,GSE39582,8,8,0.537044666232541,0,0.534998098618329,0.357140970813066,-0.000665974053650875,0.0425683226658539,0.519356253405451,0.201798201798202,ok,0.684094062933653,GSE39582|8,0.196013289036545,0.520485866546175,0.524098059280326,0.0179014191414366,0.723216793591947,0.680552468264315
SIG150,GSE39582,10,10,0.555038739085944,1,0.548738750158448,0.138616044971395,-0.000559418205066775,0.0425683226658539,0.519077172511861,0.0579420579420579,ok,0.502963702963703,GSE39582|10,0.0764119601328904,0.521867981447765,0.52502230432221,0.0178608397776461,1.68057242198104,0.520251643457977
SIG151,GSE39582,8,8,0.533243850253166,1,0.510913930789707,0.169710823155568,0.000239750659314253,0.028345016763182,0.519356253405451,0.250749250749251,ok,0.713242313242313,GSE39582|8,0.255813953488372,0.520485866546175,0.524098059280326,0.0179014191414366,0.510897538378421,0.721960973408656
SIG152,GSE39582,8,8,0.504432070381544,1,0.502319685638231,-0.015408074029853,0.00118543381549852,0.0222493142334654,0.519356253405451,0.889110889110889,ok,0.975481661195947,GSE39582|8,0.890365448504983,0.520485866546175,0.524098059280326,0.0179014191414366,-1.09857150114209,0.976041182406767
SIG153,GSE39582,8,8,0.515993993116005,1,0.512232222081379,0.0968715308571173,-0.000199792216095229,0.0181855125469877,0.519356253405451,0.575424575424576,ok,0.863063597975745,GSE39582|8,0.604651162790698,0.520485866546175,0.524098059280326,0.0179014191414366,-0.452705235282835,0.869610661092239
SIG154,GSE39582,3,3,0.54015442476112,0,0.557840030422107,0.213090699035005,-0.000546098723993804,0.0385045209793762,0.519774874745837,0.171828171828172,ok,0.674234856053038,GSE39582|3,0.162790697674419,0.5207184339575,0.523495111654507,0.0161708905683617,1.03020381197849,0.660799449333792
SIG155,GSE39582,9,9,0.51595412441692,1,0.512536443148688,0.1092904905099,0.000452862356482564,0.0303769176064208,0.51980145387856,0.6003996003996,ok,0.871328218266994,GSE39582|9,0.621262458471761,0.520951001368825,0.524831244656487,0.0176516290363585,-0.502906571471786,0.882266213214335
SIG156,GSE39582,5,5,0.629965314231797,1,0.648041576879199,0.847787930760391,0.0162098084658622,0.0750787361576755,0.519695137347668,0.000999000999000999,ok,0.15984015984016,GSE39582|5,0.00332225913621262,0.52081146092203,0.523523817117848,0.0165263685979499,6.44070695162602,0.212624584717608
SIG157,GSE39582,5,5,0.553988863343389,0,0.57147927493979,0.534220773970159,0.00330323130610832,0.0344407192928985,0.519695137347668,0.0649350649350649,ok,0.504758399495242,GSE39582|5,0.053156146179402,0.52081146092203,0.523523817117848,0.0165263685979499,1.84342047346813,0.449602646098907
SIG159,GSE39582,6,6,0.501003362260289,1,0.484117125110914,0.0904339789728498,0.000173153253949176,0.0161536117037489,0.521575610987814,0.979020979020979,ok,0.994859953302878,GSE39582|6,0.980066445182724,0.52273844804444,0.52504006804258,0.0185413788604497,-1.29638178277901,0.991949169610348
SIG161,GSE39582,4,4,0.537735723683336,0,0.564634300925339,0.15033079181438,-0.000972322118330315,0.0161536117037489,0.520120403471235,0.196803196803197,ok,0.684094062933653,GSE39582|4,0.20265780730897,0.521349688359669,0.524395479775495,0.0183313202136557,0.727729577158516,0.687271384945804
SIG163,GSE39582,4,4,0.530811859609021,0,0.538674103181645,0.225549770546628,-0.000372945470044517,0.0344407192928985,0.520120403471235,0.298701298701299,ok,0.735264735264735,GSE39582|4,0.318936877076412,0.521349688359669,0.524395479775495,0.0183313202136557,0.350022789343139,0.744962048645634
SIG164,GSE39582,4,4,0.515103592169788,0,0.51139561414628,0.108906228271045,-0.000119875329657182,0.0405364218226151,0.520120403471235,0.623376623376623,ok,0.88505175940885,GSE39582|4,0.637873754152824,0.521349688359669,0.524395479775495,0.0183313202136557,-0.506885892418435,0.886192191008265
SIG165,GSE39582,5,5,0.547702898454423,0,0.559082266446952,0.311921957701363,0.000692613015796928,0.0344407192928985,0.519695137347668,0.102897102897103,ok,0.592348827642945,GSE39582|5,0.102990033222591,0.52081146092203,0.523523817117848,0.0165263685979499,1.46306075610434,0.585032141382768
SIG166,GSE39582,3,3,0.508870785546268,1,0.485638230447458,0.0332926683364259,0.000426223394336511,0.0222493142334654,0.519774874745837,0.77022977022977,ok,0.937161697617971,GSE39582|3,0.803986710963455,0.5207184339575,0.523495111654507,0.0161708905683617,-0.904361206726064,0.952694051992232
SIG167,GSE39582,3,3,0.505189575664146,1,0.518671568006084,0.0733222903264335,0.000359625988971435,0.0364726201361374,0.519774874745837,0.861138861138861,ok,0.966775160323548,GSE39582|3,0.900332225913621,0.5207184339575,0.523495111654507,0.0161708905683617,-1.13200543365097,0.976080109403813
SIG168,GSE39582,9,9,0.538174279373264,0,0.555380910128026,0.23139893482776,-0.00177149098271134,0.0405364218226151,0.51980145387856,0.20979020979021,ok,0.684797436066472,GSE39582|9,0.212624584717608,0.520951001368825,0.524831244656487,0.0176516290363585,0.75590953612799,0.687271384945804
SIG169,GSE39582,8,8,0.556699934881125,1,0.553530231968564,0.642438954887433,0.0128532992354617,0.0486640251955705,0.519356253405451,0.050949050949051,ok,0.472570907353516,GSE39582|8,0.0664451827242525,0.520485866546175,0.524098059280326,0.0179014191414366,1.8211894455527,0.483237692540018
SIG170,GSE39582,6,6,0.552766223238136,1,0.547242996577513,0.330368735010549,0.00314339753323201,0.0364726201361374,0.521575610987814,0.0679320679320679,ok,0.510051746006802,GSE39582|6,0.109634551495017,0.52273844804444,0.52504006804258,0.0185413788604497,1.49536641283451,0.596312574703773
SIG171,GSE39582,4,4,0.556274668757558,1,0.574597540879706,0.35908442331253,0.00460854045126402,0.0385045209793762,0.520120403471235,0.04995004995005,ok,0.470118117176941,GSE39582|4,0.0730897009966778,0.521349688359669,0.524395479775495,0.0183313202136557,1.7390558132477,0.514037457559052
SIG172,GSE39582,6,6,0.50742222281287,1,0.498187349473951,0.0423661091549726,0.000119875329657182,0.0263131159199431,0.521575610987814,0.825174825174825,ok,0.957881296454453,GSE39582|6,0.787375415282392,0.52273844804444,0.52504006804258,0.0185413788604497,-0.950190671487226,0.947812412126767
SIG173,GSE39582,5,5,0.521628769253259,0,0.524223602484472,0.162617261633675,0.00101228056154934,0.0344407192928985,0.519695137347668,0.458541458541459,ok,0.820760634714123,GSE39582|5,0.491694352159469,0.52081146092203,0.523523817117848,0.0165263685979499,-0.114668134947903,0.839158361018826
SIG175,GSE39582,6,5,0.502119685834651,0,0.509595639498035,-0.0314299453359291,-0.000466181837555646,0.0263131159199431,0.519695137347668,0.948051948051948,ok,0.99081798158387,GSE39582|5,0.943521594684385,0.52081146092203,0.523523817117848,0.0165263685979499,-1.29515030215722,0.98561559401198
SIG176,GSE39582,8,8,0.545988544393796,1,0.557180884776271,0.354016172208,0.0046751378566291,0.0466321243523316,0.519356253405451,0.114885114885115,ok,0.617869525432551,GSE39582|8,0.136212624584718,0.520485866546175,0.524098059280326,0.0179014191414366,1.22283518086005,0.642252750176756
SIG177,GSE39582,14,14,0.54043350565471,1,0.525034858663963,0.183407721431355,-0.000146514291803235,0.0303769176064208,0.523236806782995,0.220779220779221,ok,0.697197539302803,GSE39582|14,0.212624584717608,0.520592183077066,0.524059076552332,0.0181742850196208,0.900966892766358,0.687271384945804
SIG178,GSE39582,3,3,0.554055311175196,1,0.574775003168969,0.233334708035097,0.00641998987719439,0.0344407192928985,0.519774874745837,0.0639360639360639,ok,0.504758399495242,GSE39582|3,0.0398671096345515,0.5207184339575,0.523495111654507,0.0161708905683617,1.88982786022189,0.422899726510159
SIG179,GSE39582,12,12,0.500883756163036,0,0.510051971098999,-0.201053222366835,-0.000932363675111292,0.0222493142334654,0.521263306178319,0.976023976023976,ok,0.994859953302878,GSE39582|12,0.980066445182724,0.520333036533018,0.523359823868947,0.016686740491469,-1.34694176597293,0.991949169610348
SIG180,GSE39582,5,5,0.569245285526333,1,0.575763721637723,0.296095430944126,0.00133194810730175,0.028345016763182,0.519695137347668,0.017982017982018,ok,0.383616383616384,GSE39582|5,0.00664451827242525,0.52081146092203,0.523523817117848,0.0165263685979499,2.76657682766179,0.283499446290144
SIG181,GSE39582,5,5,0.520127048254416,1,0.528685511471669,0.132050784314063,0.000239750659314253,0.0303769176064208,0.519695137347668,0.486513486513487,ok,0.832985841866836,GSE39582|5,0.511627906976744,0.52081146092203,0.523523817117848,0.0165263685979499,-0.205536312669004,0.843922320786382
SIG182,GSE39582,3,3,0.530147381290949,0,0.533147420458867,0.194608378948967,0.00351634300327652,0.0303769176064208,0.519774874745837,0.305694305694306,ok,0.740142581252291,GSE39582|3,0.305647840531561,0.5207184339575,0.523495111654507,0.0161708905683617,0.411373115680927,0.728094111439948
SIG183,GSE39582,4,4,0.528260262867623,0,0.526099632399544,0.24220001344121,0.00170489357734627,0.0446002235090928,0.520120403471235,0.342657342657343,ok,0.761917066766951,GSE39582|4,0.365448504983389,0.521349688359669,0.524395479775495,0.0183313202136557,0.21082950093518,0.77151037219348
SIG184,GSE39582,3,3,0.523276675482079,1,0.529040436050197,0.14716663955878,0.00178481046378431,0.0324088184496597,0.519774874745837,0.432567432567433,ok,0.808003590612286,GSE39582|3,0.458471760797342,0.5207184339575,0.523495111654507,0.0161708905683617,-0.01350798655796,0.82499135963533
SIG185,GSE39582,22,22,0.5616037848685,1,0.56460894916973,0.618804199939622,0.00267721569567647,0.0446002235090928,0.522725158478079,0.047952047952048,ok,0.469734347285368,GSE39582|22,0.0465116279069768,0.522466011934031,0.525214560048906,0.0179953077710777,2.02215073409746,0.425249169435216
SIG186,GSE39582,19,18,0.568075803686526,0,0.583648117632146,0.62460878379052,0.0111217666959695,0.0425683226658539,0.521622124470079,0.021978021978022,ok,0.404732881797102,GSE39582|18,0.0166112956810631,0.522618841947187,0.525598761412415,0.0174075969855825,2.44014393883841,0.342942878576787
SIG187,GSE39582,4,4,0.500724281366699,0,0.488832551654202,0.00791049959596448,0.000199792216095229,0.0344407192928985,0.520120403471235,0.982017982017982,ok,0.994859953302878,GSE39582|4,0.976744186046512,0.521349688359669,0.524395479775495,0.0183313202136557,-1.2912980698009,0.991949169610348
SIG188,GSE39582,6,6,0.511688173614895,0,0.521485612878692,0.136041020666786,-0.000119875329657182,0.0344407192928985,0.521575610987814,0.714285714285714,ok,0.919188050555343,GSE39582|6,0.714285714285714,0.52273844804444,0.52504006804258,0.0185413788604497,-0.720113349075963,0.918572385417663
SIG189,GSE39582,6,6,0.541470091830904,0,0.540626188363544,0.414947249741603,-0.00418231705692751,0.0303769176064208,0.521575610987814,0.158841158841159,ok,0.67027478016489,GSE39582|6,0.18936877076412,0.52273844804444,0.52504006804258,0.0185413788604497,0.886127397103721,0.680085987883525
SIG190,GSE39582,7,7,0.521123765731524,1,0.499987324122196,0.0119167818178253,0.00384933003010202,0.0425683226658539,0.519203423392295,0.451548451548452,ok,0.815590806183469,GSE39582|7,0.495016611295681,0.520831395271572,0.52361804014335,0.0168295128291058,-0.148208354998395,0.84090902542263
SIG191,GSE39582,3,3,0.517854532406608,0,0.521079984788947,0.09886388284874,0.000825807826527081,0.0263131159199431,0.519774874745837,0.552447552447552,ok,0.854713376872926,GSE39582|3,0.568106312292359,0.5207184339575,0.523495111654507,0.0161708905683617,-0.348810674591696,0.861856132869487
SIG192,GSE39582,3,3,0.519409411670897,1,0.525060210419572,0.0801909143184532,-0.000479501318628728,0.0181855125469877,0.519774874745837,0.511488511488512,ok,0.843692390084143,GSE39582|3,0.538205980066445,0.5207184339575,0.523495111654507,0.0161708905683617,-0.252657697876164,0.856135444679018
SIG193,GSE39582,7,7,0.532287001475142,0,0.535758651286602,0.152388288701498,-0.000119875329657182,0.0364726201361374,0.519203423392295,0.258741258741259,ok,0.72249466351343,GSE39582|7,0.289036544850498,0.520831395271572,0.52361804014335,0.0168295128291058,0.515104710387061,0.727830309225658
SIG194,GSE39582,6,6,0.552380825813654,1,0.548409177335531,0.176084525898746,0.000199792216095229,0.0405364218226151,0.521575610987814,0.0709290709290709,ok,0.510051746006802,GSE39582|6,0.109634551495017,0.52273844804444,0.52504006804258,0.0185413788604497,1.47458061112134,0.596312574703773
SIG195,GSE39582,12,12,0.506996956689303,1,0.503130941817721,0.0238558079580323,-0.000279709102533388,0.0202174133902266,0.521263306178319,0.813186813186813,ok,0.956104520097172,GSE39582|12,0.817275747508306,0.520333036533018,0.523359823868947,0.016686740491469,-0.98059097808884,0.954877680459076
SIG196,GSE39582,4,4,0.534453200792058,0,0.538699454937254,0.161074635108364,0.00302352220357494,0.0242812150767043,0.520120403471235,0.241758241758242,ok,0.70620288802107,GSE39582|4,0.262458471760797,0.521349688359669,0.524395479775495,0.0183313202136557,0.548663211342013,0.721960973408656
SIG197,GSE39582,4,4,0.511316065756774,1,0.507846368361009,0.0558120527351004,-0.000293028583606469,0.0405364218226151,0.520120403471235,0.703296703296703,ok,0.913001805496735,GSE39582|4,0.737541528239203,0.521349688359669,0.524395479775495,0.0183313202136557,-0.713500929899067,0.929627332011923
SIG198,GSE39582,3,3,0.562627081478331,1,0.552414754721765,0.160491861034811,0.0002131116971682,0.0364726201361374,0.519774874745837,0.035964035964036,ok,0.439814962107956,GSE39582|3,0.0232558139534884,0.5207184339575,0.523495111654507,0.0161708905683617,2.4199019626282,0.369017874303287
SIG199,GSE39582,5,5,0.517203343654897,0,0.537685384712891,0.0452166045614271,3.99584432190236e-05,0.0344407192928985,0.519695137347668,0.565434565434565,ok,0.862685195495243,GSE39582|5,0.571428571428571,0.52081146092203,0.523523817117848,0.0165263685979499,-0.382447809117278,0.861856132869487
SIG200,GSE39582,3,3,0.545403803473893,0,0.543085308657625,0.255377743958802,-0.00591384959641972,0.0466321243523316,0.519774874745837,0.125874125874126,ok,0.634404355334588,GSE39582|3,0.0996677740863787,0.5207184339575,0.523495111654507,0.0161708905683617,1.35482283593277,0.579885231048022
SIG201,GSE39582,4,3,0.527768548912249,1,0.519178603118266,0.00200412993373832,0.000932363675111181,0.0263131159199431,0.519774874745837,0.348651348651349,ok,0.764167339509805,GSE39582|3,0.358803986710964,0.5207184339575,0.523495111654507,0.0161708905683617,0.264267279509224,0.768008533428149
SIG202,GSE39582,29,29,0.501043230959374,1,0.483660793509951,-0.0410455794249876,-1.33194810729709e-05,0.0242812150767043,0.522545749332199,0.978021978021978,ok,0.994859953302878,GSE39582|29,0.960132890365449,0.522439432801308,0.524941370863069,0.0178332087318749,-1.34009197464163,0.989508936930575
SIG203,GSE39582,5,5,0.507648145441014,0,0.510685764989225,0.201971469884585,0.00781853538986121,0.0303769176064208,0.519695137347668,0.802197802197802,ok,0.949580628988767,GSE39582|5,0.803986710963455,0.52081146092203,0.523523817117848,0.0165263685979499,-0.960626745236874,0.952694051992232
SIG204,GSE39582,3,3,0.513150025914654,0,0.538927620737736,0.0977958456027907,0.000426223394336511,0.0425683226658539,0.519774874745837,0.662337662337662,ok,0.898084965881576,GSE39582|3,0.684385382059801,0.5207184339575,0.523495111654507,0.0161708905683617,-0.63973506567986,0.908099470321228
SIG205,GSE39582,7,7,0.534187409464829,0,0.547217644821904,0.189702689442105,-0.000332987026825493,0.0303769176064208,0.519203423392295,0.235764235764236,ok,0.70620288802107,GSE39582|7,0.245847176079734,0.520831395271572,0.52361804014335,0.0168295128291058,0.628025863184805,0.721960973408656
SIG206,GSE39582,11,11,0.526824989700586,0,0.512232222081379,0.145579706595073,-0.00310343909001309,0.0385045209793762,0.519954283891717,0.382617382617383,ok,0.796773725190211,GSE39582|11,0.425249169435216,0.523117200685742,0.525129241032865,0.0164128567521538,0.103318312791489,0.798878497493903
SIG207,GSE39582,13,13,0.532353449306949,0,0.566104702750666,0.358053915043023,0.00320999493859719,0.0425683226658539,0.522047390593645,0.28971028971029,ok,0.727376519584312,GSE39582|13,0.345514950166113,0.522618841947187,0.5259104903407,0.0181920536854635,0.354163365920423,0.756429537421821
SIG208,GSE39582,7,6,0.575717304344359,0,0.587197363417417,0.494280483378511,0.00586057167212761,0.0486640251955705,0.521575610987814,0.00899100899100899,ok,0.308263165406023,GSE39582|6,0.0132890365448505,0.52273844804444,0.52504006804258,0.0185413788604497,2.73319674244282,0.335723028501486
SIG209,GSE39582,5,5,0.505442077425014,1,0.506071745468374,0.0748223990921292,0.000159833772876206,0.0364726201361374,0.519695137347668,0.868131868131868,ok,0.966775160323548,GSE39582|5,0.863787375415283,0.52081146092203,0.523523817117848,0.0165263685979499,-1.09411451073871,0.965130723674708
SIG210,GSE39582,13,13,0.542679442369796,0,0.545899353530232,0.26841510952585,-0.00366285729507987,0.0405364218226151,0.522047390593645,0.152847152847153,ok,0.659340659340659,GSE39582|13,0.20265780730897,0.522618841947187,0.5259104903407,0.0181920536854635,0.921773446749182,0.687271384945804
SIG211,GSE39582,4,4,0.563411165893657,0,0.559031562935733,0.530997032254024,-0.00159833772876206,0.0446002235090928,0.520120403471235,0.027972027972028,ok,0.426240426240426,GSE39582|4,0.0431893687707641,0.521349688359669,0.524395479775495,0.0183313202136557,2.12836204176379,0.425249169435216
SIG212,GSE39582,3,3,0.528246973301261,1,0.535353023196856,0.0949425818042845,0.000785849383307946,0.0324088184496597,0.519774874745837,0.343656343656344,ok,0.761917066766951,GSE39582|3,0.3421926910299,0.5207184339575,0.523495111654507,0.0161708905683617,0.29385281080631,0.756429537421821
SIG213,GSE39582,5,5,0.532353449306949,0,0.524730637596654,0.162254571666421,0.00162497669090811,0.0364726201361374,0.519695137347668,0.260739260739261,ok,0.72249466351343,GSE39582|5,0.285714285714286,0.52081146092203,0.523523817117848,0.0165263685979499,0.534275399750967,0.723709008669431
SIG214,GSE39582,5,5,0.569936342977129,1,0.601825326403854,0.404901621067901,0.0106555848584139,0.0466321243523316,0.519695137347668,0.014985014985015,ok,0.368861907323446,GSE39582|5,0.00664451827242525,0.52081146092203,0.523523817117848,0.0165263685979499,2.80839227227687,0.283499446290144
SIG215,GSE39582,4,4,0.565577365210573,1,0.566383572062365,0.14047716828154,-0.00159833772876206,0.0425683226658539,0.520120403471235,0.024975024975025,ok,0.416974330017808,GSE39582|4,0.0398671096345515,0.521349688359669,0.524395479775495,0.0183313202136557,2.24653134390179,0.422899726510159
SIG216,GSE39582,4,4,0.534400042526612,0,0.546888071998986,0.227145688765975,0.00203788060417165,0.0466321243523316,0.520120403471235,0.243756243756244,ok,0.706966749262822,GSE39582|4,0.262458471760797,0.521349688359669,0.524395479775495,0.0183313202136557,0.545763351166833,0.721960973408656
SIG217,GSE39582,8,8,0.524127207729212,0,0.518595512739257,0.184199691201048,-0.00343642611683848,0.0324088184496597,0.519356253405451,0.405594405594406,ok,0.801999236602738,GSE39582|8,0.421926910299003,0.520485866546175,0.524098059280326,0.0179014191414366,0.00162827587332281,0.798878497493903
SIG218,GSE39582,4,4,0.525615639161694,0,0.533198123970085,0.364344220887834,0.00462185993233699,0.0181855125469877,0.520120403471235,0.392607392607393,ok,0.801999236602738,GSE39582|4,0.401993355481728,0.521349688359669,0.524395479775495,0.0183313202136557,0.0665614572206354,0.792470448132836
SIG219,GSE39582,8,7,0.506173003574893,1,0.489238179743947,0.0946837914431824,0.000173153253949176,0.0364726201361374,0.519203423392295,0.833166833166833,ok,0.960762756094893,GSE39582|7,0.857142857142857,0.520831395271572,0.52361804014335,0.0168295128291058,-1.03657406756818,0.965130723674708
SIG220,GSE39582,7,7,0.507913936768243,1,0.497984535429078,-0.0148018786108799,0.000133194810730153,0.0161536117037489,0.519203423392295,0.788211788211788,ok,0.944673304223866,GSE39582|7,0.807308970099668,0.520831395271572,0.52361804014335,0.0168295128291058,-0.933128815704496,0.952694051992232
SIG221,GSE39582,4,4,0.552593458875437,1,0.562251235898086,0.281711334898927,0.00466181837555602,0.0324088184496597,0.520120403471235,0.0699300699300699,ok,0.510051746006802,GSE39582|4,0.0863787375415282,0.521349688359669,0.524395479775495,0.0183313202136557,1.53824049611747,0.549162834701107
SIG222,GSE39582,3,3,0.530652384812684,1,0.556775256686526,0.239842911112423,0.00122539225871754,0.0242812150767043,0.519774874745837,0.298701298701299,ok,0.735264735264735,GSE39582|3,0.295681063122924,0.5207184339575,0.523495111654507,0.0161708905683617,0.442602287605634,0.727830309225658
SIG223,GSE39582,4,4,0.502053238002844,1,0.508302699961972,0.0454872086153254,0.00133194810730175,0.0263131159199431,0.520120403471235,0.944055944055944,ok,0.990450597437497,GSE39582|4,0.943521594684385,0.521349688359669,0.524395479775495,0.0183313202136557,-1.21880156542175,0.98561559401198
SIG224,GSE39582,3,3,0.55931797945433,0,0.555913296995817,0.227089637970078,0.00215775593382883,0.0405364218226151,0.519774874745837,0.046953046953047,ok,0.464689949226032,GSE39582|3,0.026578073089701,0.5207184339575,0.523495111654507,0.0161708905683617,2.21526870448995,0.380820151733029
SIG225,GSE39582,5,5,0.528898162052972,0,0.556547090886044,0.341971489152909,0.00133194810730175,0.028345016763182,0.519695137347668,0.323676323676324,ok,0.752371115567241,GSE39582|5,0.3421926910299,0.52081146092203,0.523523817117848,0.0165263685979499,0.325198176675744,0.756429537421821
SIG226,GSE39582,5,5,0.58773107233511,0,0.614070224363037,0.566209609450046,0.0190868163776339,0.0446002235090928,0.519695137347668,0.003996003996004,ok,0.250184598010685,GSE39582|5,0.00332225913621262,0.52081146092203,0.523523817117848,0.0165263685979499,3.88513997111426,0.212624584717608
SIG227,GSE39582,8,8,0.509096708174412,1,0.506147800735201,0.0791760246047055,-0.000865766269746215,0.0303769176064208,0.519356253405451,0.752247752247752,ok,0.931816570526248,GSE39582|8,0.777408637873754,0.520485866546175,0.524098059280326,0.0179014191414366,-0.837997869743743,0.94529739374136
SIG228,GSE39582,6,6,0.504777599106941,0,0.501635188236786,0.0295380627881915,0.00139854551266683,0.0364726201361374,0.521575610987814,0.894105894105894,ok,0.975904413227159,GSE39582|6,0.863787375415283,0.52273844804444,0.52504006804258,0.0185413788604497,-1.09282427634658,0.965130723674708
SIG229,GSE39582,4,4,0.530931465706274,0,0.542831791101534,0.194087785255029,0.00699272756333413,0.0446002235090928,0.520120403471235,0.297702297702298,ok,0.735264735264735,GSE39582|4,0.318936877076412,0.521349688359669,0.524395479775495,0.0183313202136557,0.356547474737262,0.744962048645634
SIG230,GSE39582,16,16,0.557058753172884,1,0.545975408797059,0.299232776897045,0.00331655078718129,0.0263131159199431,0.520931067019283,0.058941058941059,ok,0.502963702963703,GSE39582|16,0.0697674418604651,0.521761664916874,0.524672079950031,0.0177991265328679,1.81956531198582,0.497968358260569
SIG231,GSE39582,3,3,0.515023854771619,1,0.504753454176702,0.200969409555236,7.99168864380473e-05,0.0344407192928985,0.519774874745837,0.619380619380619,ok,0.884393590101522,GSE39582|3,0.627906976744186,0.5207184339575,0.523495111654507,0.0161708905683617,-0.523858401432857,0.883997179351105
SIG232,GSE39582,7,7,0.553683203317076,0,0.567727215109646,0.353984193870372,0.000319667545752411,0.028345016763182,0.519203423392295,0.0619380619380619,ok,0.504758399495242,GSE39582|7,0.0730897009966778,0.520831395271572,0.52361804014335,0.0168295128291058,1.78645475237582,0.514037457559052
SIG233,GSE39582,10,10,0.576102701768841,1,0.579870706046394,0.403269234078674,0.0076054236926929,0.0405364218226151,0.519077172511861,0.00599400599400599,ok,0.250184598010685,GSE39582|10,0.0132890365448505,0.521867981447765,0.52502230432221,0.0178608397776461,2.85991017681941,0.335723028501486
SIG234,GSE39582,13,12,0.50824617592728,0,0.527367220179998,0.0633184944624656,-0.000253070140387335,0.0202174133902266,0.521263306178319,0.786213786213786,ok,0.944046572564396,GSE39582|12,0.770764119601329,0.520333036533018,0.523359823868947,0.016686740491469,-0.905727990999438,0.941391291116127
SIG235,GSE39582,6,6,0.520220075218946,1,0.522068703257701,0.152264540328812,-0.000226431178241393,0.0202174133902266,0.521575610987814,0.532467532467532,ok,0.853685894073616,GSE39582|6,0.554817275747508,0.52273844804444,0.52504006804258,0.0185413788604497,-0.259958704253394,0.8597652699235
SIG236,GSE39582,5,5,0.570281871702527,0,0.586969197616935,0.230704551569162,0.0014651429180319,0.0446002235090928,0.519695137347668,0.014985014985015,ok,0.368861907323446,GSE39582|5,0.00664451827242525,0.52081146092203,0.523523817117848,0.0165263685979499,2.82929999458441,0.283499446290144
SIG237,GSE39582,6,6,0.520299812617114,0,0.531600963366713,0.056056409861574,0.00281041050640662,0.0263131159199431,0.521575610987814,0.531468531468532,ok,0.853685894073616,GSE39582|6,0.551495016611296,0.52273844804444,0.52504006804258,0.0185413788604497,-0.255658193554154,0.857384965096103
SIG238,GSE39582,6,6,0.530147381290949,1,0.521663075167955,0.28013888756549,0.000879085750819186,0.0181855125469877,0.521575610987814,0.324675324675325,ok,0.75287031808771,GSE39582|6,0.3421926910299,0.52273844804444,0.52504006804258,0.0185413788604497,0.275454877806501,0.756429537421821
SIG239,GSE39582,7,7,0.508020253299135,1,0.503612625174293,0.00354274481065332,-1.33194810729709e-05,0.0263131159199431,0.519203423392295,0.786213786213786,ok,0.944046572564396,GSE39582|7,0.803986710963455,0.520831395271572,0.52361804014335,0.0168295128291058,-0.926811548415087,0.952694051992232
SIG240,GSE39582,6,6,0.539410209044879,1,0.532285460768158,0.151571825150199,0.00419563653800048,0.0324088184496597,0.521575610987814,0.184815184815185,ok,0.684094062933653,GSE39582|6,0.209302325581395,0.52273844804444,0.52504006804258,0.0185413788604497,0.775030870705737,0.687271384945804
SIG241,GSE39582,4,4,0.507541828910123,1,0.499505640765623,0.0967109523483295,0.0001065558485841,0.0263131159199431,0.520120403471235,0.793206793206793,ok,0.946570457406371,GSE39582|4,0.800664451827243,0.521349688359669,0.524395479775495,0.0183313202136557,-0.919391002335826,0.952694051992232
SIG242,GSE39582,6,6,0.506345767937592,1,0.496209912536443,0.00301807569094979,-9.32363675111292e-05,0.0263131159199431,0.521575610987814,0.847152847152847,ok,0.962445838185483,GSE39582|6,0.820598006644518,0.52273844804444,0.52504006804258,0.0185413788604497,-1.00824756592748,0.954877680459076
SIG243,GSE39582,8,8,0.579531409890095,1,0.595436683990366,0.4904380450034,0.00488824955379741,0.054759727725287,0.519356253405451,0.00699300699300699,ok,0.274011702583131,GSE39582|8,0.00996677740863787,0.520485866546175,0.524098059280326,0.0179014191414366,3.09658972687015,0.318936877076412
SIG244,GSE39582,13,13,0.564474331202573,0,0.587222715173026,0.50982276149734,-0.000346306507898464,0.0385045209793762,0.522047390593645,0.022977022977023,ok,0.404732881797102,GSE39582|13,0.0199335548172757,0.522618841947187,0.5259104903407,0.0181920536854635,2.11981789019716,0.357686217281957
SIG245,GSE39582,3,3,0.513482265073691,1,0.492052224616555,0.0806513885059875,0.000546098723993693,0.028345016763182,0.519774874745837,0.655344655344655,ok,0.897013434326867,GSE39582|3,0.674418604651163,0.5207184339575,0.523495111654507,0.0161708905683617,-0.619189557834607,0.903617390739869
SIG246,GSE39582,5,5,0.550759498717557,1,0.549042971225757,0.399575418944565,0.000879085750819186,0.0364726201361374,0.519695137347668,0.0809190809190809,ok,0.543232990785438,GSE39582|5,0.0631229235880399,0.52081146092203,0.523523817117848,0.0165263685979499,1.64801368420938,0.477149658618254
SIG247,GSE39582,3,3,0.585963560009037,0,0.600050703511218,0.506991893432884,0.0180612163350116,0.0446002235090928,0.519774874745837,0.003996003996004,ok,0.250184598010685,GSE39582|3,0.00332225913621262,0.5207184339575,0.523495111654507,0.0161708905683617,3.86301843367549,0.212624584717608
SIG248,GSE39582,5,5,0.588701210679496,1,0.598402839396628,0.641156509987363,0.0122539225871759,0.0466321243523316,0.519695137347668,0.003996003996004,ok,0.250184598010685,GSE39582|5,0.00332225913621262,0.52081146092203,0.523523817117848,0.0165263685979499,3.94384242220847,0.212624584717608
SIG249,GSE39582,4,4,0.52035297088256,0,0.532564330079858,0.138300070248403,0.000879085750819186,0.0425683226658539,0.520120403471235,0.495504495504496,ok,0.836735823543211,GSE39582|4,0.521594684385382,0.521349688359669,0.524395479775495,0.0183313202136557,-0.220524700120806,0.846544204581516
SIG250,GSE39582,4,4,0.504020093824338,0,0.516998352135885,0.0518389085840405,0.000119875329657182,0.028345016763182,0.520120403471235,0.889110889110889,ok,0.975481661195947,GSE39582|4,0.890365448504983,0.521349688359669,0.524395479775495,0.0183313202136557,-1.11150673894063,0.976041182406767
SIG251,GSE39582,14,13,0.521376267492392,0,0.523437698060591,0.177640417278724,0.0014651429180319,0.0242812150767043,0.522047390593645,0.515484515484515,ok,0.844479752329582,GSE39582|13,0.524916943521595,0.522618841947187,0.5259104903407,0.0181920536854635,-0.249241945230806,0.846924816438203
SIG252,GSE39582,3,3,0.532313580607865,1,0.550310559006211,0.153108234134794,0.00061269612935877,0.0344407192928985,0.519774874745837,0.267732267732268,ok,0.72249466351343,GSE39582|3,0.275747508305648,0.5207184339575,0.523495111654507,0.0161708905683617,0.545329826831657,0.721960973408656
SIG253,GSE39582,3,3,0.520233364785307,0,0.544378248193687,0.225590088021037,0.00103891952369528,0.0303769176064208,0.519774874745837,0.491508491508492,ok,0.833653978530304,GSE39582|3,0.508305647840532,0.5207184339575,0.523495111654507,0.0161708905683617,-0.201704838420047,0.842786566367721
SIG254,GSE39582,3,3,0.516366100974125,1,0.536798073266574,0.0861589610421352,0.00315671701430509,0.028345016763182,0.519774874745837,0.586413586413586,ok,0.863063597975745,GSE39582|3,0.601328903654485,0.5207184339575,0.523495111654507,0.0161708905683617,-0.440854549738251,0.869610661092239
SIG255,GSE39582,3,2,0.546148019190134,0,0.541944479655216,0.1618801509013,-0.00271717413889561,0.0344407192928985,0.519555596900873,0.118881118881119,ok,0.623638656425542,GSE39582|2,0.129568106312292,0.520984225284729,0.52410288782277,0.0182926330905659,1.20513713133693,0.628209000302024
SIG256,GSE39582,5,5,0.517562161946656,0,0.53360375205983,0.215983802869759,-0.00327659234396238,0.0242812150767043,0.519695137347668,0.554445554445555,ok,0.857113900592161,GSE39582|5,0.571428571428571,0.52081146092203,0.523523817117848,0.0165263685979499,-0.360735943644084,0.861856132869487
SIG257,GSE39582,4,3,0.5155820165588,0,0.515325136265687,0.0992219166819916,0.0002131116971682,0.028345016763182,0.519774874745837,0.609390609390609,ok,0.8770839355547,GSE39582|3,0.621262458471761,0.5207184339575,0.523495111654507,0.0161708905683617,-0.489341948252909,0.882266213214335
SIG258,GSE39582,6,4,0.510385796111473,1,0.507592850804918,0.156729846838199,0.000266389621460306,0.0181855125469877,0.520120403471235,0.731268731268731,ok,0.923194837948936,GSE39582|4,0.737541528239203,0.521349688359669,0.524395479775495,0.0183313202136557,-0.764248482964453,0.929627332011923
SIG259,GSE39582,6,5,0.543583132882374,1,0.546634554442895,0.202149660431567,-0.000705932496869899,0.028345016763182,0.519695137347668,0.130869130869131,ok,0.637737896621145,GSE39582|5,0.146179401993356,0.52081146092203,0.523523817117848,0.0165263685979499,1.21377637474545,0.642252750176756
SIG260,GSE39582,5,5,0.523914574667429,1,0.519457472429966,-0.0126515497270768,-0.000679293534723957,0.0303769176064208,0.519695137347668,0.410589410589411,ok,0.804420069726192,GSE39582|5,0.425249169435216,0.52081146092203,0.523523817117848,0.0165263685979499,0.0236444895480539,0.798878497493903
SIG261,GSE39582,14,14,0.521748375350512,0,0.538344530358727,0.258659580618311,0.000359625988971435,0.0303769176064208,0.523236806782995,0.537462537462537,ok,0.853685894073616,GSE39582|14,0.478405315614618,0.520592183077066,0.524059076552332,0.0181742850196208,-0.127141243758721,0.839158361018826
SIG262,GSE39582,6,6,0.559078767259824,1,0.572239827608062,0.434121218914495,0.000399584432190458,0.0344407192928985,0.521575610987814,0.041958041958042,ok,0.462985290571498,GSE39582|6,0.0598006644518272,0.52273844804444,0.52504006804258,0.0185413788604497,1.83582350986051,0.477149658618254
SIG263,GSE39582,4,4,0.523675362472923,1,0.535302319685638,0.202785206853088,0.0043421508298036,0.028345016763182,0.520120403471235,0.434565434565435,ok,0.808003590612286,GSE39582|4,0.451827242524917,0.521349688359669,0.524395479775495,0.0183313202136557,-0.039283439172891,0.817632710318417
SIG264,GSE39582,6,6,0.559650218613367,0,0.543288122702497,0.350872376371196,0.000919044194038099,0.0385045209793762,0.521575610987814,0.038961038961039,ok,0.450633703645752,GSE39582|6,0.0598006644518272,0.52273844804444,0.52504006804258,0.0185413788604497,1.86664383653869,0.477149658618254
SIG265,GSE39582,7,7,0.54271931106888,1,0.549347192293066,0.419167013461751,0.0014118649937398,0.0263131159199431,0.519203423392295,0.138861138861139,ok,0.651775409056962,GSE39582|7,0.142857142857143,0.520831395271572,0.52361804014335,0.0168295128291058,1.13498656315798,0.642252750176756
SIG266,GSE39582,5,5,0.521057317899717,1,0.495601470401825,0.0248803801616743,0.000146514291803124,0.0303769176064208,0.519695137347668,0.471528471528472,ok,0.826035278590023,GSE39582|5,0.501661129568106,0.52081146092203,0.523523817117848,0.0165263685979499,-0.14924629107186,0.84090902542263
SIG267,GSE39582,11,11,0.524299972091911,0,0.540169856762581,0.29528826989799,-0.00350302352220355,0.0405364218226151,0.519954283891717,0.426573426573427,ok,0.808003590612286,GSE39582|11,0.485049833887043,0.523117200685742,0.525129241032865,0.0164128567521538,-0.0505255698917381,0.839158361018826
SIG268,GSE39582,6,6,0.524871423445453,0,0.5229053111928,0.183879633331779,0.00301020272250185,0.0385045209793762,0.521575610987814,0.421578421578422,ok,0.808003590612286,GSE39582|6,0.425249169435216,0.52273844804444,0.52504006804258,0.0185413788604497,-0.00909558012896578,0.798878497493903
SIG269,GSE39582,3,3,0.509322630802557,0,0.511497021168716,0.0152619419521499,-0.000732571459015952,0.0202174133902266,0.519774874745837,0.76023976023976,ok,0.935679704910474,GSE39582|3,0.780730897009967,0.5207184339575,0.523495111654507,0.0161708905683617,-0.876419316056598,0.946186084098469
SIG270,GSE39582,4,4,0.506744454928436,0,0.514742045886678,0.0277001820228713,0.000692613015796928,0.0303769176064208,0.520120403471235,0.821178821178821,ok,0.956136534573845,GSE39582|4,0.820598006644518,0.521349688359669,0.524395479775495,0.0183313202136557,-0.96288890496332,0.954877680459076
SIG271,GSE39582,5,5,0.506305899238508,0,0.513271644061351,-0.0170273794676487,0.0001065558485841,0.0202174133902266,0.519695137347668,0.841158841158841,ok,0.962445838185483,GSE39582|5,0.833887043189369,0.52081146092203,0.523523817117848,0.0165263685979499,-1.04184520496992,0.96102228266722
SIG272,GSE39582,4,4,0.532605951067817,0,0.550665483584738,0.12195339522789,-0.00103891952369539,0.0385045209793762,0.520120403471235,0.270729270729271,ok,0.72249466351343,GSE39582|4,0.27906976744186,0.521349688359669,0.524395479775495,0.0183313202136557,0.447893070255016,0.721960973408656
SIG273,GSE39582,4,4,0.512724759791088,1,0.541488148054253,0.107603941414548,-0.000426223394336622,0.0263131159199431,0.520120403471235,0.663336663336663,ok,0.898804794358782,GSE39582|4,0.714285714285714,0.521349688359669,0.524395479775495,0.0183313202136557,-0.636654635257146,0.918572385417663
SIG274,GSE39582,8,8,0.531781997953407,1,0.536240334643174,0.171881250430201,0.0042355949812195,0.0303769176064208,0.519356253405451,0.281718281718282,ok,0.724095181926507,GSE39582|8,0.27906976744186,0.520485866546175,0.524098059280326,0.0179014191414366,0.42923628637325,0.721960973408656
SIG275,GSE39582,4,4,0.502943638949061,1,0.491773355304855,0.0141164680070795,-0.000293028583606469,0.0263131159199431,0.520120403471235,0.931068931068931,ok,0.988199197154421,GSE39582|4,0.916943521594684,0.521349688359669,0.524395479775495,0.0183313202136557,-1.17022890748772,0.978073089700997
SIG276,GSE39582,12,12,0.530266987388202,0,0.541259982253771,0.235680749700314,-0.000599376648285799,0.0405364218226151,0.521263306178319,0.32967032967033,ok,0.75581561295847,GSE39582|12,0.325581395348837,0.520333036533018,0.523359823868947,0.016686740491469,0.413931260139514,0.75134168157424
SIG277,GSE39582,6,6,0.516033861815089,0,0.527747496514134,0.132963692175421,-0.000532779242920722,0.0202174133902266,0.521575610987814,0.623376623376623,ok,0.88505175940885,GSE39582|6,0.621262458471761,0.52273844804444,0.52504006804258,0.0185413788604497,-0.485735515965411,0.882266213214335
SIG278,GSE39582,5,5,0.536539662710806,1,0.538496640892382,0.301788236390238,0.00114547537227949,0.0425683226658539,0.519695137347668,0.210789210789211,ok,0.684797436066472,GSE39582|5,0.225913621262459,0.52081146092203,0.523523817117848,0.0165263685979499,0.78758049693828,0.707609148497506
SIG279,GSE39582,7,7,0.552460563211823,0,0.556547090886044,0.381507533967226,0.00988305495617881,0.0466321243523316,0.519203423392295,0.0649350649350649,ok,0.504758399495242,GSE39582|7,0.0764119601328904,0.520831395271572,0.52361804014335,0.0168295128291058,1.71380617854792,0.520251643457977
SIG280,GSE39582,4,4,0.507435512379231,0,0.524984155152744,-0.0207034945967262,7.99168864380473e-05,0.0161536117037489,0.520120403471235,0.796203796203796,ok,0.946570457406371,GSE39582|4,0.803986710963455,0.521349688359669,0.524395479775495,0.0183313202136557,-0.92519072268618,0.952694051992232
SIG281,GSE39582,4,4,0.537802171515144,0,0.541513499809862,0.22386272275937,0.00137190655052077,0.0385045209793762,0.520120403471235,0.196803196803197,ok,0.684094062933653,GSE39582|4,0.199335548172757,0.521349688359669,0.524395479775495,0.0183313202136557,0.731354402377514,0.685885757153574
SIG282,GSE39582,16,16,0.518200061132005,1,0.526632019267334,0.0428583985763254,-0.000359625988971546,0.0222493142334654,0.520931067019283,0.548451548451548,ok,0.853685894073616,GSE39582|16,0.588039867109635,0.521761664916874,0.524672079950031,0.0177991265328679,-0.363614405801034,0.866965846570657
SIG283,GSE39582,10,10,0.532885031961407,1,0.545595132462923,0.281265786169452,0.000319667545752411,0.0303769176064208,0.519077172511861,0.257742257742258,ok,0.72249466351343,GSE39582|10,0.302325581395349,0.521867981447765,0.52502230432221,0.0178608397776461,0.440221609794502,0.728094111439948
SIG284,GSE39582,3,3,0.561178518744933,0,0.56268221574344,0.314451099397254,0.00576733530461648,0.0506959260388093,0.519774874745837,0.037962037962038,ok,0.447160201761429,GSE39582|3,0.0232558139534884,0.5207184339575,0.523495111654507,0.0161708905683617,2.3303235484231,0.369017874303287
SIG285,GSE39582,9,9,0.528991189017502,0,0.534364304728102,0.195032371256364,0.000546098723993693,0.028345016763182,0.51980145387856,0.32967032967033,ok,0.75581561295847,GSE39582|9,0.338870431893688,0.520951001368825,0.524831244656487,0.0176516290363585,0.2356691471618,0.756429537421821
SIG286,GSE39582,5,5,0.504830757372387,0,0.510178729877044,0.130175308003094,-0.00265057673353053,0.0303769176064208,0.519695137347668,0.881118881118881,ok,0.971152842565012,GSE39582|5,0.883720930232558,0.52081146092203,0.523523817117848,0.0165263685979499,-1.13110509635973,0.976041182406767
SIG287,GSE39582,3,3,0.544101425970471,0,0.537938902268982,0.314637268088075,-0.00139854551266683,0.0344407192928985,0.519774874745837,0.131868131868132,ok,0.637750159160739,GSE39582|3,0.112956810631229,0.5207184339575,0.523495111654507,0.0161708905683617,1.27428444517957,0.609205270820113
SIG288,GSE39582,5,5,0.524060759897405,0,0.534820636329066,0.171506612344532,0.00586057167212761,0.0263131159199431,0.519695137347668,0.40959040959041,ok,0.804420069726192,GSE39582|5,0.421926910299003,0.52081146092203,0.523523817117848,0.0165263685979499,0.0324900643704706,0.798878497493903
SIG289,GSE39582,17,16,0.564593937299826,1,0.562783622765877,0.895268249648589,0.00462185993233699,0.0425683226658539,0.520931067019283,0.030969030969031,ok,0.426240426240426,GSE39582|16,0.0365448504983389,0.521761664916874,0.524672079950031,0.0177991265328679,2.24291103701494,0.420156365010842
SIG290,GSE39582,3,3,0.552274509282762,0,0.54019520851819,0.21507267926611,0.00388928847332104,0.0486640251955705,0.519774874745837,0.0689310689310689,ok,0.510051746006802,GSE39582|3,0.0498338870431894,0.5207184339575,0.523495111654507,0.0161708905683617,1.7797039381716,0.436899831611523
SIG291,GSE39582,3,3,0.559703376878812,0,0.567524401064774,0.374394125421507,0.00531447294813392,0.0486640251955705,0.519774874745837,0.043956043956044,ok,0.464689949226032,GSE39582|3,0.026578073089701,0.5207184339575,0.523495111654507,0.0161708905683617,2.23910149359038,0.380820151733029
SIG292,GSE39582,15,14,0.534532938190227,0,0.545823298263405,0.279978112222596,0.00177149098271134,0.0385045209793762,0.523236806782995,0.282717282717283,ok,0.72500443853229,GSE39582|14,0.255813953488372,0.520592183077066,0.524059076552332,0.0181742850196208,0.576301165442677,0.721960973408656
SIG293,GSE39582,7,6,0.509043549908967,0,0.515984281911522,-0.0143533161615914,0.000692613015796928,0.0303769176064208,0.521575610987814,0.776223776223776,ok,0.940877304513668,GSE39582|6,0.760797342192691,0.52273844804444,0.52504006804258,0.0185413788604497,-0.862746953935265,0.93864979817754
SIG294,GSE39582,4,4,0.541908647520832,0,0.580098871846875,0.319962301998394,5.32779242921055e-05,0.0405364218226151,0.520120403471235,0.142857142857143,ok,0.654511365411839,GSE39582|4,0.156146179401993,0.521349688359669,0.524395479775495,0.0183313202136557,0.955368600909104,0.658902559234785
SIG295,GSE39582,9,7,0.521788244049597,0,0.535733299530993,0.19765527663696,0.00050614028077467,0.0425683226658539,0.519203423392295,0.437562437562438,ok,0.808585062675534,GSE39582|7,0.481727574750831,0.520831395271572,0.52361804014335,0.0168295128291058,-0.108725434439705,0.839158361018826
SIG296,GSE39582,11,11,0.5086182837854,0,0.491443782481937,-0.0556096528782112,-0.00105223900476847,0.0202174133902266,0.519954283891717,0.782217782217782,ok,0.94339788191733,GSE39582|11,0.807308970099668,0.523117200685742,0.525129241032865,0.0164128567521538,-1.00597705181936,0.952694051992232
SIG297,GSE39582,11,11,0.531436469228009,0,0.55664849790848,0.186173853689449,0.00121207277764457,0.0344407192928985,0.519954283891717,0.30969030969031,ok,0.744186976977966,GSE39582|11,0.348837209302326,0.523117200685742,0.525129241032865,0.0164128567521538,0.384285824849857,0.760235461816646
SIG298,GSE39582,9,9,0.505920501814026,0,0.519508175941184,0.0247514605468421,0.00239750659314308,0.0303769176064208,0.51980145387856,0.835164835164835,ok,0.960762756094893,GSE39582|9,0.870431893687708,0.520951001368825,0.524831244656487,0.0176516290363585,-1.07133130905419,0.967146548541897
SIG300,GSE39582,5,5,0.563158664132789,1,0.5530739003676,0.217504712216394,-0.000679293534723957,0.0405364218226151,0.519695137347668,0.030969030969031,ok,0.426240426240426,GSE39582|5,0.0199335548172757,0.52081146092203,0.523523817117848,0.0165263685979499,2.39827925778313,0.357686217281957
SIG301,GSE39582,7,7,0.545576567836592,1,0.562479401698568,0.237978712958329,0.00395588587868612,0.0303769176064208,0.519203423392295,0.113886113886114,ok,0.617869525432551,GSE39582|7,0.122923588039867,0.520831395271572,0.52361804014335,0.0168295128291058,1.30476312156023,0.617835835174201
SIG302,GSE39582,6,6,0.54345023721876,1,0.557865382177716,0.356882556207563,0.00571405738032449,0.0303769176064208,0.521575610987814,0.140859140859141,ok,0.653159789850437,GSE39582|6,0.172757475083056,0.52273844804444,0.52504006804258,0.0185413788604497,0.992923412802412,0.673452369922304
SIG303,GSE39582,3,3,0.500710991800338,0,0.508480162251236,0.0187457922184981,0.000186472735022258,0.0120898100172712,0.519774874745837,0.976023976023976,ok,0.994859953302878,GSE39582|3,0.980066445182724,0.5207184339575,0.523495111654507,0.0161708905683617,-1.40895887940432,0.991949169610348
SIG304,GSE39582,4,4,0.551570162265605,1,0.543364177969324,0.343724579339342,0.00386264951117499,0.0405364218226151,0.520120403471235,0.0759240759240759,ok,0.530088093724457,GSE39582|4,0.0930232558139535,0.521349688359669,0.524395479775495,0.0183313202136557,1.4824181877455,0.572450805008945
SIG305,GSE39582,7,7,0.531728839687961,0,0.540727595385981,0.21933514559444,-0.00039958443219057,0.0364726201361374,0.519203423392295,0.265734265734266,ok,0.72249466351343,GSE39582|7,0.302325581395349,0.520831395271572,0.52361804014335,0.0168295128291058,0.481939057117786,0.728094111439948
SIG306,GSE39582,11,11,0.534320305128444,1,0.536291038154392,0.335377974183583,0.00265057673353042,0.028345016763182,0.519954283891717,0.274725274725275,ok,0.72249466351343,GSE39582|11,0.282392026578073,0.523117200685742,0.525129241032865,0.0164128567521538,0.559991732967072,0.721960973408656
SIG307,GSE39582,13,13,0.511754621446702,0,0.51659272404614,0.103200053825997,0.000279709102533277,0.0405364218226151,0.522047390593645,0.721278721278721,ok,0.922007420010083,GSE39582|13,0.724252491694352,0.522618841947187,0.5259104903407,0.0181920536854635,-0.778134736118849,0.920903830498779
SIG308,GSE39582,5,5,0.535888473959095,0,0.55555837241729,0.197970271844475,-0.00299688324142888,0.0425683226658539,0.519695137347668,0.222777222777223,ok,0.697768789122786,GSE39582|5,0.239202657807309,0.52081146092203,0.523523817117848,0.0165263685979499,0.74817748182026,0.721960973408656
SIG309,GSE39582,3,3,0.536566241843529,0,0.545189504373178,0.215340269968377,-0.000626015610431852,0.0385045209793762,0.519774874745837,0.212787212787213,ok,0.688460120847433,GSE39582|3,0.212624584717608,0.5207184339575,0.523495111654507,0.0161708905683617,0.808312327250294,0.687271384945804
SIG310,GSE39582,4,4,0.508671442050846,0,0.506908353403473,0.0209902886470034,9.32363675110182e-05,0.0263131159199431,0.520120403471235,0.767232767232767,ok,0.936482462229442,GSE39582|4,0.770764119601329,0.521349688359669,0.524395479775495,0.0183313202136557,-0.857768973613556,0.941391291116127
SIG311,GSE39582,5,4,0.508857495979906,1,0.485283305868931,0.00539857478863994,0.000466181837555535,0.028345016763182,0.520120403471235,0.763236763236763,ok,0.936367147229767,GSE39582|4,0.764119601328904,0.521349688359669,0.524395479775495,0.0183313202136557,-0.84761946300049,0.93864979817754
SIG312,GSE39582,9,9,0.523090621553019,0,0.537381163645582,0.282384080829077,-0.00143850395588596,0.0385045209793762,0.51980145387856,0.428571428571429,ok,0.808003590612286,GSE39582|9,0.45514950166113,0.520951001368825,0.524831244656487,0.0176516290363585,-0.0986097713634585,0.822095054740704
SIG313,GSE39582,3,3,0.504259306018845,0,0.510128026365826,-0.0218331953837759,-7.99168864381583e-05,0.0263131159199431,0.519774874745837,0.881118881118881,ok,0.971152842565012,GSE39582|3,0.920265780730897,0.5207184339575,0.523495111654507,0.0161708905683617,-1.18953285561751,0.978355647288661
SIG314,GSE39582,8,7,0.516751498398607,1,0.529471415895551,0.164691019775735,-0.000639335091504822,0.0324088184496597,0.519203423392295,0.551448551448551,ok,0.853855821597757,GSE39582|7,0.60797342192691,0.520831395271572,0.52361804014335,0.0168295128291058,-0.40800597227436,0.871126097089304
SIG315,GSE39582,8,8,0.500126250880434,0,0.479731271390544,-0.0433475919958838,0.000133194810730153,0.0222493142334654,0.519356253405451,0.998001998001998,ok,1,GSE39582|8,0.993355481727575,0.520485866546175,0.524098059280326,0.0179014191414366,-1.33910100704831,0.997511780814301
SIG316,GSE39582,10,10,0.552500431910907,0,0.56405121054633,0.508039149818241,0.00173153253949221,0.0466321243523316,0.519077172511861,0.0789210789210789,ok,0.539247229638689,GSE39582|10,0.0930232558139535,0.521867981447765,0.52502230432221,0.0178608397776461,1.53845664206045,0.572450805008945
SIG317,GSE39582,7,7,0.533084375456829,1,0.53058689314235,0.217162669854471,-0.000599376648285799,0.0344407192928985,0.519203423392295,0.248751248751249,ok,0.710717853574996,GSE39582|7,0.26578073089701,0.520831395271572,0.52361804014335,0.0168295128291058,0.562484215057451,0.721960973408656
SIG318,GSE39582,4,4,0.538918495089505,0,0.567777918620864,0.185695256143842,0.00314339753323201,0.0303769176064208,0.520120403471235,0.173826173826174,ok,0.674234856053038,GSE39582|4,0.182724252491694,0.521349688359669,0.524395479775495,0.0183313202136557,0.79225146605596,0.674674163046256
SIG319,GSE39582,8,8,0.513123446781932,0,0.516364558245659,0.0708097047819914,5.32779242921055e-05,0.028345016763182,0.519356253405451,0.649350649350649,ok,0.897013434326867,GSE39582|8,0.684385382059801,0.520485866546175,0.524098059280326,0.0179014191414366,-0.613058239220301,0.908099470321228
SIG320,GSE39582,8,8,0.538347043735963,1,0.542603625301052,0.39831726902681,0.0016782546152001,0.0364726201361374,0.519356253405451,0.188811188811189,ok,0.684094062933653,GSE39582|8,0.192691029900332,0.520485866546175,0.524098059280326,0.0179014191414366,0.795969545378389,0.680085987883525
SIG321,GSE39582,3,3,0.505455366991375,1,0.518367346938776,0.0564914535789777,-0.000359625988971546,0.0344407192928985,0.519774874745837,0.857142857142857,ok,0.966775160323548,GSE39582|3,0.890365448504983,0.5207184339575,0.523495111654507,0.0161708905683617,-1.1155690273748,0.976041182406767
SIG322,GSE39582,7,7,0.521735085784151,1,0.542983901635188,0.166879558344366,0.00162497669090811,0.0202174133902266,0.519203423392295,0.438561438561439,ok,0.808874122995161,GSE39582|7,0.485049833887043,0.520831395271572,0.52361804014335,0.0168295128291058,-0.111884068084413,0.839158361018826
SIG323,GSE39582,5,5,0.514704905178944,0,0.522119406768919,0.175673820075273,0.00179812994485729,0.0303769176064208,0.519695137347668,0.631368631368631,ok,0.886779643180521,GSE39582|5,0.651162790697675,0.52081146092203,0.523523817117848,0.0165263685979499,-0.533626724264005,0.895582061704538
SIG324,GSE39582,3,3,0.504897205204194,0,0.504728102421093,-0.0292461872434283,0.000133194810730153,0.0202174133902266,0.519774874745837,0.867132867132867,ok,0.966775160323548,GSE39582|3,0.903654485049834,0.5207184339575,0.523495111654507,0.0161708905683617,-1.15008548055476,0.976374007482094
SIG325,GSE39582,3,3,0.605632118223982,0,0.616833565724426,0.653825764476779,0.0171554916220464,0.0588235294117647,0.519774874745837,0.000999000999000999,ok,0.15984015984016,GSE39582|3,0.00332225913621262,0.5207184339575,0.523495111654507,0.0161708905683617,5.07931249811164,0.212624584717608
SIG326,GSE39582,9,9,0.511262907491329,1,0.493877551020408,0.00799547876058877,-0.000332987026825493,0.0303769176064208,0.51980145387856,0.707292707292707,ok,0.915712743089682,GSE39582|9,0.754152823920266,0.520951001368825,0.524831244656487,0.0176516290363585,-0.768673369308301,0.93598799090298
SIG327,GSE39582,3,2,0.550001993434954,0,0.560907592850805,0.202845391392969,0.000119875329657182,0.0303769176064208,0.519555596900873,0.0919080919080919,ok,0.574799793040835,GSE39582|2,0.0996677740863787,0.520984225284729,0.52410288782277,0.0182926330905659,1.41582163070557,0.579885231048022
SIG328,GSE39582,9,9,0.517734926309355,1,0.545037393839523,0.192485217192814,0.00170489357734627,0.0222493142334654,0.51980145387856,0.556443556443557,ok,0.858819636954685,GSE39582|9,0.591362126245847,0.520951001368825,0.524831244656487,0.0176516290363585,-0.402020591556451,0.866965846570657
SIG329,GSE39582,5,4,0.50073757093306,0,0.50891114209659,-0.071217014890498,-1.33194810729709e-05,0.0202174133902266,0.520120403471235,0.982017982017982,ok,0.994859953302878,GSE39582|4,0.976744186046512,0.521349688359669,0.524395479775495,0.0183313202136557,-1.29057310475713,0.991949169610348
SIG330,GSE39582,16,16,0.552952277167196,0,0.561059703384459,0.319800266218175,0.000665974053650875,0.0405364218226151,0.520931067019283,0.0849150849150849,ok,0.556440146883833,GSE39582|16,0.0930232558139535,0.521761664916874,0.524672079950031,0.0177991265328679,1.5888530914673,0.572450805008945
SIG331,GSE39582,4,4,0.530997913538081,1,0.51606033717835,0.130373898402112,0.00399584432190525,0.0324088184496597,0.520120403471235,0.295704295704296,ok,0.734111249575167,GSE39582|4,0.315614617940199,0.521349688359669,0.524395479775495,0.0183313202136557,0.360172299956206,0.7408069271946
SIG332,GSE39582,3,3,0.564248408574428,0,0.572391938141716,0.246077331295079,0.0019579637177336,0.0486640251955705,0.519774874745837,0.028971028971029,ok,0.426240426240426,GSE39582|3,0.0232558139534884,0.5207184339575,0.523495111654507,0.0161708905683617,2.52016404091282,0.369017874303287
SIG334,GSE39582,4,4,0.508724600316292,0,0.527088350868298,0.0545092471808385,-0.000772529902234975,0.0202174133902266,0.520120403471235,0.765234765234765,ok,0.936482462229442,GSE39582|4,0.770764119601329,0.521349688359669,0.524395479775495,0.0183313202136557,-0.854869113438383,0.941391291116127
SIG335,GSE39582,8,7,0.515794649620583,0,0.546761313220941,0.0844582048338897,0.000879085750819186,0.0303769176064208,0.519203423392295,0.576423576423577,ok,0.863063597975745,GSE39582|7,0.621262458471761,0.520831395271572,0.52361804014335,0.0168295128291058,-0.464861377878806,0.882266213214335
SIG336,GSE39582,3,3,0.577883503661276,0,0.612092787425529,0.498228744733584,0.0110684887716774,0.0405364218226151,0.519774874745837,0.004995004995005,ok,0.250184598010685,GSE39582|3,0.00996677740863787,0.5207184339575,0.523495111654507,0.0161708905683617,3.36335168288011,0.318936877076412
SIG337,GSE39582,4,4,0.525708666126224,1,0.516820889846622,0.121656385662183,-7.99168864381583e-05,0.028345016763182,0.520120403471235,0.391608391608392,ok,0.801999236602738,GSE39582|4,0.401993355481728,0.521349688359669,0.524395479775495,0.0183313202136557,0.0716362125271716,0.792470448132836
SIG338,GSE39582,3,3,0.502425345860965,1,0.500190138167068,-0.0767181215126904,0.00110551692906036,0.0222493142334654,0.519774874745837,0.934065934065934,ok,0.989671121829712,GSE39582|3,0.953488372093023,0.5207184339575,0.523495111654507,0.0161708905683617,-1.30294405892305,0.989508936930575
SIG001,GSE72970,4,4,0.58560794044665,1,0.619791666666667,0.177945269210083,0.0490074441687345,0.0298861480075901,0.555831265508685,0.304695304695305,ok,0.73958910874208,GSE72970|4,0.315614617940199,0.557692307692308,0.567001654259719,0.0493090733272404,0.377340009280853,0.7408069271946
SIG002,GSE72970,4,4,0.544665012406948,1,0.609375,0.285110684091032,0.0415632754342432,0.0109108159392789,0.555831265508685,0.585414585414585,ok,0.863063597975745,GSE72970|4,0.601328903654485,0.557692307692308,0.567001654259719,0.0493090733272404,-0.452992529478974,0.869610661092239
SIG003,GSE72970,13,11,0.56575682382134,1,0.71875,0.921631988436114,0.0452853598014888,0.0203984819734345,0.555831265508685,0.431568431568432,ok,0.808003590612286,GSE72970|11,0.395348837209302,0.552109181141439,0.561840363937138,0.0451215219638136,0.0867980447854302,0.791570325732563
SIG004,GSE72970,9,8,0.584367245657568,0,0.411458333333333,0.192413904033939,0.0068238213399503,-0.0175521821631879,0.555831265508685,0.308691308691309,ok,0.742715930685855,GSE72970|8,0.322259136212625,0.559553349875931,0.56706782464847,0.0494566434755113,0.349789629732234,0.745466917503903
SIG005,GSE72970,6,6,0.529776674937965,0,0.458333333333333,0.080299867829259,0.00310173697270466,0.00142314990512334,0.557071960297767,0.742257742257742,ok,0.927301121979902,GSE72970|6,0.79734219269103,0.558312655086849,0.56697270471464,0.0469349529197814,-0.792501695703171,0.950867708053899
SIG006,GSE72970,8,8,0.637717121588089,0,0.541666666666667,0.334996767637639,0.00558312655086846,0.00142314990512334,0.555831265508685,0.0779220779220779,ok,0.539247229638689,GSE72970|8,0.0996677740863787,0.559553349875931,0.56706782464847,0.0494566434755113,1.42850974054884,0.579885231048022
SIG007,GSE72970,15,15,0.6712158808933,0,0.677083333333333,0.87296423399372,0.0812655086848635,0.00142314990512334,0.558312655086849,0.033966033966034,ok,0.429044639570955,GSE72970|15,0.0332225913621263,0.560794044665012,0.565314309346567,0.0471208886959442,2.24744427529967,0.408893432149246
SIG009,GSE72970,6,6,0.600496277915633,1,0.75,0.789128766170318,0.0415632754342432,0.0109108159392789,0.557071960297767,0.232767232767233,ok,0.706023833985919,GSE72970|6,0.222591362126246,0.558312655086849,0.56697270471464,0.0469349529197814,0.714256031284177,0.702920090924987
SIG010,GSE72970,6,6,0.516129032258065,1,0.614583333333333,0.221918151325136,0.0192307692307692,0.0203984819734345,0.557071960297767,0.871128871128871,ok,0.966775160323548,GSE72970|6,0.867109634551495,0.558312655086849,0.56697270471464,0.0469349529197814,-1.08327950266562,0.965130723674708
SIG011,GSE72970,3,3,0.60545905707196,1,0.640625,0.444278228231112,0.0477667493796526,0.0203984819734345,0.559553349875931,0.21978021978022,ok,0.697197539302803,GSE72970|3,0.182724252491694,0.554590570719603,0.562981803143094,0.0451118546133812,0.941598484320945,0.674674163046256
SIG012,GSE72970,3,3,0.54590570719603,0,0.630208333333333,0.175848820268004,0.0390818858560794,0.00142314990512334,0.559553349875931,0.621378621378621,ok,0.884393590101522,GSE72970|3,0.588039867109635,0.554590570719603,0.562981803143094,0.0451118546133812,-0.378527907872762,0.866965846570657
SIG013,GSE72970,9,9,0.506203473945409,0,0.645833333333333,0.220044820161804,0.0353598014888338,0.0109108159392789,0.555831265508685,0.959040959040959,ok,0.99157708204558,GSE72970|9,0.926910299003322,0.558312655086849,0.563651778329198,0.0455056359487766,-1.26244372122291,0.980533208863019
SIG014,GSE72970,15,15,0.534739454094293,1,0.635416666666667,0.299570531412657,0.0229528535980149,0.0203984819734345,0.558312655086849,0.684315684315684,ok,0.904954742643876,GSE72970|15,0.67109634551495,0.560794044665012,0.565314309346567,0.0471208886959442,-0.648859902655148,0.90168298347705
SIG015,GSE72970,3,3,0.540942928039702,1,0.604166666666667,0.407795576839187,0.0514888337468983,0.0298861480075901,0.559553349875931,0.665334665334665,ok,0.899691026273305,GSE72970|3,0.634551495016611,0.554590570719603,0.562981803143094,0.0451118546133812,-0.488538440555583,0.885420690720853
SIG016,GSE72970,57,50,0.563275434243176,1,0.59375,1.17784806320065,0.0403225806451613,0.0203984819734345,0.562034739454094,0.493506493506494,ok,0.834095481982806,GSE72970|50,0.548172757475083,0.570719602977668,0.575434243176179,0.0493174775924732,-0.246541581738525,0.857384965096103
SIG018,GSE72970,9,9,0.563275434243176,1,0.588541666666667,0.350963555407201,0.0142679900744417,0.0298861480075901,0.555831265508685,0.444555444555445,ok,0.809048771134079,GSE72970|9,0.46843853820598,0.558312655086849,0.563651778329198,0.0455056359487766,-0.00827027417977937,0.833284941027608
SIG019,GSE72970,12,12,0.559553349875931,1,0.619791666666667,0.850717120978633,0.0440446650124069,0.0203984819734345,0.557071960297767,0.486513486513487,ok,0.832985841866836,GSE72970|12,0.501661129568106,0.560173697270471,0.569586435070306,0.0458076268195327,-0.219026522240548,0.84090902542263
SIG020,GSE72970,5,3,0.560794044665012,1,0.760416666666667,0.277579040555506,0.0266749379652606,0.0203984819734345,0.559553349875931,0.4995004995005,ok,0.84052669504028,GSE72970|3,0.461794019933555,0.554590570719603,0.562981803143094,0.0451118546133812,-0.0484963098243461,0.828639736703201
SIG021,GSE72970,10,8,0.562034739454094,1,0.71875,0.775235876079285,0.0676178660049628,0.00142314990512334,0.555831265508685,0.458541458541459,ok,0.820760634714123,GSE72970|8,0.488372093023256,0.559553349875931,0.56706782464847,0.0494566434755113,-0.101767625958442,0.839158361018826
SIG022,GSE72970,4,4,0.646401985111663,1,0.734375,0.705060734644053,0.0738213399503722,0.0298861480075901,0.555831265508685,0.0659340659340659,ok,0.510051746006802,GSE72970|4,0.0830564784053156,0.557692307692308,0.567001654259719,0.0493090733272404,1.6102580213788,0.540570978095614
SIG023,GSE72970,9,9,0.534739454094293,1,0.442708333333333,-0.194666258876113,0.000620347394540977,0.0203984819734345,0.555831265508685,0.705294705294705,ok,0.914976914976915,GSE72970|9,0.697674418604651,0.558312655086849,0.563651778329198,0.0455056359487766,-0.635356997701334,0.909392317529484
SIG024,GSE72970,7,6,0.619106699751861,1,0.671875,0.456880915616119,0.0911910669975187,0.0203984819734345,0.557071960297767,0.147852147852148,ok,0.656877369206136,GSE72970|6,0.149501661129568,0.558312655086849,0.56697270471464,0.0469349529197814,1.11077122259663,0.650602942151439
SIG025,GSE72970,13,11,0.622828784119107,0,0.5,0.438775541036451,0.0279156327543424,-0.0175521821631879,0.555831265508685,0.12987012987013,ok,0.636098595282269,GSE72970|11,0.12624584717608,0.552109181141439,0.561840363937138,0.0451215219638136,1.35164811663224,0.624721717984724
SIG026,GSE72970,31,29,0.581885856079405,0,0.5,1.13263833879358,0.0353598014888338,-0.00806451612903226,0.555210918114144,0.330669330669331,ok,0.75581561295847,GSE72970|29,0.365448504983389,0.561414392059553,0.5683788254756,0.0467556127675915,0.288885757330245,0.77151037219348
SIG027,GSE72970,4,4,0.54590570719603,0,0.359375,0.0435645954310893,0.00558312655086846,0.0109108159392789,0.555831265508685,0.583416583416583,ok,0.863063597975745,GSE72970|4,0.588039867109635,0.557692307692308,0.567001654259719,0.0493090733272404,-0.427830937395339,0.866965846570657
SIG028,GSE72970,4,4,0.666253101736973,1,0.802083333333333,0.598978477126866,0.13833746898263,0.0203984819734345,0.555831265508685,0.030969030969031,ok,0.426240426240426,GSE72970|4,0.0398671096345515,0.557692307692308,0.567001654259719,0.0493090733272404,2.01284349471689,0.422899726510159
SIG029,GSE72970,5,4,0.578163771712159,0,0.567708333333333,0.48149791295819,0.0279156327543424,-0.0175521821631879,0.555831265508685,0.353646353646354,ok,0.768095796217281,GSE72970|4,0.352159468438538,0.557692307692308,0.567001654259719,0.0493090733272404,0.226370456779073,0.763144672011279
SIG030,GSE72970,7,7,0.553349875930521,1,0.661458333333333,0.251528091181132,-0.0068238213399503,0.0109108159392789,0.559553349875931,0.557442557442557,ok,0.859670450031896,GSE72970|7,0.558139534883721,0.558312655086849,0.566877584780811,0.0462026791562428,-0.292790571831197,0.861027671340473
SIG031,GSE72970,4,4,0.615384615384615,1,0.619791666666667,0.427125803979375,0.0676178660049628,0.0109108159392789,0.555831265508685,0.14985014985015,ok,0.656877369206136,GSE72970|4,0.169435215946844,0.557692307692308,0.567001654259719,0.0493090733272404,0.981218219287997,0.673452369922304
SIG032,GSE72970,10,10,0.533498759305211,1,0.651041666666667,0.441830345081095,0.0502481389578164,0.0109108159392789,0.554590570719603,0.678321678321678,ok,0.904428904428904,GSE72970|10,0.694352159468439,0.549627791563276,0.562564102564103,0.0471838081839024,-0.616002488514859,0.90876356249448
SIG033,GSE72970,10,9,0.506203473945409,0,0.364583333333333,-0.474858640403252,0.0142679900744417,-0.00806451612903226,0.555831265508685,0.959040959040959,ok,0.99157708204558,GSE72970|9,0.926910299003322,0.558312655086849,0.563651778329198,0.0455056359487766,-1.26244372122291,0.980533208863019
SIG034,GSE72970,14,14,0.599255583126551,1,0.640625,0.483692161631388,0.0353598014888338,0.0203984819734345,0.555831265508685,0.222777222777223,ok,0.697768789122786,GSE72970|14,0.186046511627907,0.559553349875931,0.565450785773366,0.0465466865831934,0.726255719464906,0.679105137501105
SIG035,GSE72970,3,2,0.621588089330025,1,0.682291666666667,0.683237033621917,0.0676178660049628,0.0203984819734345,0.555831265508685,0.147852147852148,ok,0.656877369206136,GSE72970|2,0.119601328903655,0.560794044665012,0.566058726220017,0.0447467306441336,1.24097028566462,0.613996126992023
SIG036,GSE72970,13,12,0.615384615384615,1,0.666666666666667,0.547324816056019,0.0341191066997518,0.0393738140417457,0.557071960297767,0.161838161838162,ok,0.670515924753213,GSE72970|12,0.179401993355482,0.560173697270471,0.569586435070306,0.0458076268195327,0.999793778768306,0.674674163046256
SIG037,GSE72970,14,13,0.61166253101737,1,0.666666666666667,0.639788677155156,0.0949131513647643,0.0203984819734345,0.559553349875931,0.162837162837163,ok,0.670515924753213,GSE72970|13,0.156146179401993,0.555831265508685,0.563341604631927,0.0453262902386992,1.0660684148421,0.658902559234785
SIG038,GSE72970,3,3,0.67741935483871,1,0.614583333333333,0.732116543515214,0.101116625310174,0.0109108159392789,0.559553349875931,0.027972027972028,ok,0.426240426240426,GSE72970|3,0.0199335548172757,0.554590570719603,0.562981803143094,0.0451118546133812,2.5367512082217,0.357686217281957
SIG039,GSE72970,14,14,0.599255583126551,0,0.46875,0.579560183968943,0.0291563275434243,0.0203984819734345,0.555831265508685,0.222777222777223,ok,0.697768789122786,GSE72970|14,0.186046511627907,0.559553349875931,0.565450785773366,0.0465466865831934,0.726255719464906,0.679105137501105
SIG040,GSE72970,15,13,0.509925558312655,0,0.328125,-0.511643359083028,0.0179900744416873,-0.00806451612903226,0.559553349875931,0.926073926073926,ok,0.98774839351336,GSE72970|13,0.900332225913621,0.555831265508685,0.563341604631927,0.0453262902386992,-1.17847823058032,0.976080109403813
SIG041,GSE72970,10,10,0.502481389578164,0,0.494791666666667,0.0083267246016933,0.0068238213399503,0.0203984819734345,0.554590570719603,0.98001998001998,ok,0.994859953302878,GSE72970|10,0.990033222591362,0.549627791563276,0.562564102564103,0.0471838081839024,-1.27337566208649,0.99573797138576
SIG042,GSE72970,8,7,0.522332506203474,1,0.572916666666667,0.0836944334101479,0.0167493796526055,0.0109108159392789,0.559553349875931,0.807192807192807,ok,0.953150044059135,GSE72970|7,0.790697674418605,0.558312655086849,0.566877584780811,0.0462026791562428,-0.964123280095929,0.949855621448753
SIG043,GSE72970,14,14,0.534739454094293,1,0.588541666666667,0.314170557681002,-0.00186104218362282,0.00142314990512334,0.555831265508685,0.689310689310689,ok,0.90711207914772,GSE72970|14,0.687707641196013,0.559553349875931,0.565450785773366,0.0465466865831934,-0.659796302024262,0.908114629364749
SIG044,GSE72970,3,3,0.564516129032258,0,0.494791666666667,0.226637789629536,0.0291563275434243,0.0203984819734345,0.559553349875931,0.470529470529471,ok,0.825037975722907,GSE72970|3,0.441860465116279,0.554590570719603,0.562981803143094,0.0451118546133812,0.0340115896877683,0.81183932346723
SIG045,GSE72970,6,6,0.580645161290323,1,0.723958333333333,0.365309898749016,0.0527295285359801,0.0109108159392789,0.557071960297767,0.343656343656344,ok,0.761917066766951,GSE72970|6,0.335548172757475,0.558312655086849,0.56697270471464,0.0469349529197814,0.291306493884226,0.756429537421821
SIG046,GSE72970,5,4,0.558312655086849,0,0.442708333333333,-0.126437615021512,0.00558312655086846,0.0109108159392789,0.555831265508685,0.491508491508492,ok,0.833653978530304,GSE72970|4,0.491694352159469,0.557692307692308,0.567001654259719,0.0493090733272404,-0.176215016559024,0.839158361018826
SIG047,GSE72970,4,4,0.635235732009926,0,0.677083333333333,1.04676442438952,0.0998759305210918,0.0203984819734345,0.555831265508685,0.100899100899101,ok,0.588833658742473,GSE72970|4,0.102990033222591,0.557692307692308,0.567001654259719,0.0493090733272404,1.38380369262611,0.585032141382768
SIG048,GSE72970,11,11,0.521091811414392,1,0.619791666666667,0.393989324807251,0.0179900744416873,0.0393738140417457,0.555831265508685,0.816183816183816,ok,0.956136534573845,GSE72970|11,0.810631229235881,0.552109181141439,0.561840363937138,0.0451215219638136,-0.903084620138158,0.954877680459076
SIG049,GSE72970,14,14,0.586848635235732,1,0.78125,0.920094321076428,0.0452853598014888,0.0109108159392789,0.555831265508685,0.276723276723277,ok,0.72249466351343,GSE72970|14,0.269102990033223,0.559553349875931,0.565450785773366,0.0465466865831934,0.45970725379391,0.721960973408656
SIG050,GSE72970,6,5,0.580645161290323,1,0.739583333333333,0.732197317793921,0.0366004962779156,-0.00806451612903226,0.559553349875931,0.346653346653347,ok,0.763273423823883,GSE72970|5,0.322259136212625,0.557071960297767,0.563912324234905,0.0496260771064696,0.337178314931459,0.745466917503903
SIG051,GSE72970,7,7,0.59181141439206,0,0.557291666666667,0.639428320332128,0.0688585607940446,0.0109108159392789,0.559553349875931,0.267732267732268,ok,0.72249466351343,GSE72970|7,0.295681063122924,0.558312655086849,0.566877584780811,0.0462026791562428,0.539661986417088,0.727830309225658
SIG052,GSE72970,20,19,0.646401985111663,1,0.828125,1.00530344258553,0.0911910669975187,0.0298861480075901,0.558312655086849,0.0619380619380619,ok,0.504758399495242,GSE72970|19,0.0631229235880399,0.554590570719603,0.562588916459884,0.0459667395066589,1.82334160637252,0.477149658618254
SIG053,GSE72970,11,9,0.553349875930521,1,0.666666666666667,0.343117630979666,0.0353598014888338,0.0203984819734345,0.555831265508685,0.527472527472528,ok,0.85319903348547,GSE72970|9,0.541528239202658,0.558312655086849,0.563651778329198,0.0455056359487766,-0.22638739540467,0.857384965096103
SIG054,GSE72970,46,45,0.642679900744417,1,0.869791666666667,2.74498028546828,0.106079404466501,0.00142314990512334,0.560794044665012,0.0709290709290709,ok,0.510051746006802,GSE72970|45,0.0963455149501661,0.558312655086849,0.566947890818859,0.0466424689734358,1.62367069309067,0.576272238954265
SIG055,GSE72970,21,20,0.524813895781638,0,0.40625,0.173585550498272,0.000620347394540977,0.0203984819734345,0.559553349875931,0.765234765234765,ok,0.936482462229442,GSE72970|20,0.72093023255814,0.553349875930521,0.561381306865178,0.0447970695948294,-0.81629024876575,0.920336467095497
SIG056,GSE72970,7,6,0.508684863523573,1,0.505208333333333,-0.0551752905670881,-0.00310173697270466,0.00142314990512334,0.557071960297767,0.928071928071928,ok,0.98774839351336,GSE72970|6,0.940199335548173,0.558312655086849,0.56697270471464,0.0469349529197814,-1.24188557919062,0.984287199701468
SIG057,GSE72970,8,8,0.549627791563276,1,0.697916666666667,0.255504916714958,0.0527295285359801,0.00142314990512334,0.555831265508685,0.54945054945055,ok,0.853685894073616,GSE72970|8,0.568106312292359,0.559553349875931,0.56706782464847,0.0494566434755113,-0.352632768008798,0.861856132869487
SIG058,GSE72970,24,22,0.547146401985112,1,0.651041666666667,0.298844857571567,0.0552109181141439,0.00142314990512334,0.554590570719603,0.576423576423577,ok,0.863063597975745,GSE72970|22,0.571428571428571,0.555831265508685,0.563928866832093,0.0459832362726811,-0.364969197632382,0.861856132869487
SIG059,GSE72970,14,13,0.590570719602978,1,0.786458333333333,0.75154035403229,0.0812655086848635,0.0109108159392789,0.559553349875931,0.286713286713287,ok,0.727376519584312,GSE72970|13,0.252491694352159,0.555831265508685,0.563341604631927,0.0453262902386992,0.60073557371794,0.721960973408656
SIG060,GSE72970,7,6,0.635235732009926,1,0.864583333333333,1.12684257993308,0.0552109181141439,0.0203984819734345,0.557071960297767,0.100899100899101,ok,0.588833658742473,GSE72970|6,0.0897009966777409,0.558312655086849,0.56697270471464,0.0469349529197814,1.4544177217341,0.560996461307044
SIG062,GSE72970,43,42,0.617866004962779,1,0.796875,2.02546549509981,0.0924317617866005,0.0393738140417457,0.561414392059553,0.147852147852148,ok,0.656877369206136,GSE72970|42,0.132890365448505,0.55893300248139,0.565475599669148,0.0447972879490873,1.16949948740587,0.637873754152824
SIG063,GSE72970,19,19,0.52605459057072,1,0.567708333333333,0.171023440073951,0.000620347394540977,0.0109108159392789,0.558312655086849,0.783216783216783,ok,0.94339788191733,GSE72970|19,0.740863787375415,0.554590570719603,0.562588916459884,0.0459667395066589,-0.794799158723704,0.929627332011923
SIG064,GSE72970,3,3,0.665012406947891,1,0.682291666666667,0.505249222293247,0.0949131513647643,0.00142314990512334,0.559553349875931,0.042957042957043,ok,0.464689949226032,GSE72970|3,0.026578073089701,0.554590570719603,0.562981803143094,0.0451118546133812,2.26172487651467,0.380820151733029
SIG065,GSE72970,5,5,0.509925558312655,0,0.510416666666667,0.283280116841313,-0.00806451612903225,0.0203984819734345,0.559553349875931,0.921078921078921,ok,0.986319870870903,GSE72970|5,0.900332225913621,0.557071960297767,0.563912324234905,0.0496260771064696,-1.08787091525338,0.976080109403813
SIG066,GSE72970,11,11,0.558312655086849,1,0.796875,0.679731918962403,0.0713399503722084,-0.00806451612903226,0.555831265508685,0.47952047952048,ok,0.832985841866836,GSE72970|11,0.431893687707641,0.552109181141439,0.561840363937138,0.0451215219638136,-0.0781823993684925,0.798878497493903
SIG067,GSE72970,5,5,0.504962779156328,1,0.583333333333333,0.0918164960171475,0.0117866004962779,-0.00806451612903226,0.559553349875931,0.958041958041958,ok,0.99157708204558,GSE72970|5,0.930232558139535,0.557071960297767,0.563912324234905,0.0496260771064696,-1.18787437000318,0.981883733715177
SIG068,GSE72970,5,5,0.614143920595534,1,0.817708333333333,0.538362487452088,0.0862282878411911,0.00142314990512334,0.559553349875931,0.173826173826174,ok,0.674234856053038,GSE72970|5,0.146179401993356,0.557071960297767,0.563912324234905,0.0496260771064696,1.0122016344927,0.642252750176756
SIG069,GSE72970,7,7,0.542183622828784,0,0.557291666666667,0.0460495685291019,0.0241935483870968,0.0203984819734345,0.559553349875931,0.641358641358641,ok,0.893067830070003,GSE72970|7,0.637873754152824,0.558312655086849,0.566877584780811,0.0462026791562428,-0.534470346806503,0.886192191008265
SIG070,GSE72970,3,3,0.6575682382134,0,0.609375,0.583998486433161,0.108560794044665,0.0488614800759013,0.559553349875931,0.0539460539460539,ok,0.486274289091191,GSE72970|3,0.0365448504983389,0.554590570719603,0.562981803143094,0.0451118546133812,2.09670907749047,0.420156365010842
SIG071,GSE72970,13,13,0.502481389578164,1,0.661458333333333,0.507681397056587,0.0279156327543424,0.0109108159392789,0.559553349875931,0.99000999000999,ok,0.997805344262037,GSE72970|13,0.960132890365449,0.555831265508685,0.563341604631927,0.0453262902386992,-1.34271335097707,0.989508936930575
SIG072,GSE72970,15,14,0.521091811414392,0,0.609375,0.0815113836612291,0.00806451612903225,0.00142314990512334,0.555831265508685,0.802197802197802,ok,0.949580628988767,GSE72970|14,0.833887043189369,0.559553349875931,0.565450785773366,0.0465466865831934,-0.952999614262362,0.96102228266722
SIG073,GSE72970,16,16,0.513647642679901,1,0.635416666666667,0.638336374132982,0.0217121588089331,0.0203984819734345,0.557071960297767,0.873126873126873,ok,0.966775160323548,GSE72970|16,0.86046511627907,0.553349875930521,0.564164598842018,0.0468929801917458,-1.07728184379736,0.965130723674708
SIG074,GSE72970,11,11,0.607940446650124,0,0.322916666666667,0.186547995385971,-0.0217121588089331,-0.00806451612903226,0.555831265508685,0.18981018981019,ok,0.684094062933653,GSE72970|11,0.149501661129568,0.552109181141439,0.561840363937138,0.0451215219638136,1.02168722832437,0.650602942151439
SIG075,GSE72970,14,13,0.615384615384615,1,0.645833333333333,0.465620515100128,0.042803970223325,0.0109108159392789,0.559553349875931,0.150849150849151,ok,0.659340659340659,GSE72970|13,0.149501661129568,0.555831265508685,0.563341604631927,0.0453262902386992,1.14818597504046,0.650602942151439
SIG076,GSE72970,9,8,0.533498759305211,1,0.515625,0.316641101626667,0.0117866004962779,-0.0175521821631879,0.555831265508685,0.682317682317682,ok,0.904954742643876,GSE72970|8,0.694352159468439,0.559553349875931,0.56706782464847,0.0494566434755113,-0.678757452674296,0.90876356249448
SIG077,GSE72970,7,7,0.5,0,0.520833333333333,-0.134068942468441,-0.00186104218362282,0.00142314990512334,0.559553349875931,1,ok,1,GSE72970|7,1,0.558312655086849,0.566877584780811,0.0462026791562428,-1.44748283004654,1
SIG078,GSE72970,6,5,0.667493796526055,0,0.671875,0.694415334627973,0.0725806451612903,0.0203984819734345,0.559553349875931,0.02997002997003,ok,0.426240426240426,GSE72970|5,0.0398671096345515,0.557071960297767,0.563912324234905,0.0496260771064696,2.08723877305318,0.422899726510159
SIG079,GSE72970,5,5,0.682382133995037,1,0.84375,1.07236292999472,0.127171215880893,0.0298861480075901,0.559553349875931,0.017982017982018,ok,0.383616383616384,GSE72970|5,0.026578073089701,0.557071960297767,0.563912324234905,0.0496260771064696,2.38724913730261,0.380820151733029
SIG080,GSE72970,8,8,0.529776674937965,1,0.8125,0.889268380893338,0.0192307692307692,0.0109108159392789,0.555831265508685,0.709290709290709,ok,0.91644560016027,GSE72970|8,0.744186046511628,0.559553349875931,0.56706782464847,0.0494566434755113,-0.754016995289414,0.929627332011923
SIG081,GSE72970,5,5,0.544665012406948,0,0.723958333333333,0.453442461814867,0.0378411910669976,0.0109108159392789,0.559553349875931,0.62037962037962,ok,0.884393590101522,GSE72970|5,0.571428571428571,0.557071960297767,0.563912324234905,0.0496260771064696,-0.387846732004689,0.861856132869487
SIG082,GSE72970,6,6,0.645161290322581,1,0.796875,0.681042432399762,0.0899503722084367,0.0298861480075901,0.557071960297767,0.0719280719280719,ok,0.515305589932456,GSE72970|6,0.0730897009966778,0.558312655086849,0.56697270471464,0.0469349529197814,1.66589249043408,0.514037457559052
SIG083,GSE72970,17,16,0.573200992555831,1,0.619791666666667,0.490718405678045,0.0539702233250621,0.0298861480075901,0.557071960297767,0.393606393606394,ok,0.801999236602738,GSE72970|16,0.372093023255814,0.553349875930521,0.564164598842018,0.0468929801917458,0.192702482906033,0.77151037219348
SIG084,GSE72970,15,15,0.693548387096774,1,0.859375,0.888916037676219,0.132133995037221,0.00142314990512334,0.558312655086849,0.014985014985015,ok,0.368861907323446,GSE72970|15,0.0132890365448505,0.560794044665012,0.565314309346567,0.0471208886959442,2.721384958965,0.335723028501486
SIG085,GSE72970,7,7,0.574441687344913,0,0.520833333333333,0.219635778319908,0.0452853598014888,0.0203984819734345,0.559553349875931,0.395604395604396,ok,0.801999236602738,GSE72970|7,0.415282392026578,0.558312655086849,0.566877584780811,0.0462026791562428,0.163715669788822,0.794957320728843
SIG086,GSE72970,5,5,0.601736972704715,1,0.744791666666667,0.764286607955659,0.0490074441687345,0.0298861480075901,0.559553349875931,0.235764235764236,ok,0.70620288802107,GSE72970|5,0.18936877076412,0.557071960297767,0.563912324234905,0.0496260771064696,0.762192997618163,0.680085987883525
SIG087,GSE72970,5,5,0.573200992555831,1,0.677083333333333,0.755751633235756,0.0415632754342432,0.0109108159392789,0.559553349875931,0.3996003996004,ok,0.801999236602738,GSE72970|5,0.372093023255814,0.557071960297767,0.563912324234905,0.0496260771064696,0.187173132806727,0.77151037219348
SIG088,GSE72970,6,6,0.595533498759305,0,0.625,0.700997442901946,0.0825062034739455,0.00142314990512334,0.557071960297767,0.252747252747253,ok,0.716801662148782,GSE72970|6,0.26578073089701,0.558312655086849,0.56697270471464,0.0469349529197814,0.608518646934178,0.721960973408656
SIG089,GSE72970,5,5,0.615384615384615,1,0.75,0.840144462984944,0.0862282878411911,0.0203984819734345,0.559553349875931,0.170829170829171,ok,0.674234856053038,GSE72970|5,0.146179401993356,0.557071960297767,0.563912324234905,0.0496260771064696,1.03720249818013,0.642252750176756
SIG090,GSE72970,4,4,0.679900744416873,1,0.822916666666667,0.846698519661441,0.106079404466501,0.0203984819734345,0.555831265508685,0.018981018981019,ok,0.383616383616384,GSE72970|4,0.0299003322259136,0.557692307692308,0.567001654259719,0.0493090733272404,2.28962100763682,0.395921640508649
SIG091,GSE72970,7,7,0.544665012406948,0,0.411458333333333,0.0613405968282295,0.000620347394540977,0.0203984819734345,0.559553349875931,0.627372627372627,ok,0.88505175940885,GSE72970|7,0.617940199335548,0.558312655086849,0.566877584780811,0.0462026791562428,-0.480763730145319,0.880152212703452
SIG093,GSE72970,9,9,0.564516129032258,1,0.635416666666667,0.355017917745934,0.0502481389578164,0.0393738140417457,0.555831265508685,0.433566433566434,ok,0.808003590612286,GSE72970|9,0.458471760797342,0.558312655086849,0.563651778329198,0.0455056359487766,0.0189943659733335,0.82499135963533
SIG094,GSE72970,3,3,0.570719602977668,1,0.71875,0.392914281559398,0.0738213399503722,0.0109108159392789,0.559553349875931,0.436563436563437,ok,0.808585062675534,GSE72970|3,0.385382059800665,0.554590570719603,0.562981803143094,0.0451118546133812,0.171524755541293,0.781344830852456
SIG095,GSE72970,18,16,0.601736972704715,1,0.760416666666667,0.985265205854945,0.0415632754342432,0.0203984819734345,0.557071960297767,0.230769230769231,ok,0.702182128489577,GSE72970|16,0.219269102990033,0.553349875930521,0.564164598842018,0.0468929801917458,0.80123663945143,0.695862277257626
SIG096,GSE72970,11,11,0.627791563275434,0,0.46875,0.735040881737344,0.0527295285359801,0.00142314990512334,0.555831265508685,0.117882117882118,ok,0.621795786630952,GSE72970|11,0.116279069767442,0.552109181141439,0.561840363937138,0.0451215219638136,1.46163507940152,0.611659764256133
SIG097,GSE72970,14,14,0.502481389578164,1,0.661458333333333,0.133246849194231,0.0303970223325062,0.0109108159392789,0.555831265508685,0.982017982017982,ok,0.994859953302878,GSE72970|14,0.966777408637874,0.559553349875931,0.565450785773366,0.0465466865831934,-1.35282231276885,0.991949169610348
SIG098,GSE72970,5,5,0.522332506203474,0,0.4375,-0.200587166552299,0.0142679900744417,0.0203984819734345,0.559553349875931,0.793206793206793,ok,0.946570457406371,GSE72970|5,0.744186046511628,0.557071960297767,0.563912324234905,0.0496260771064696,-0.837862278378845,0.929627332011923
SIG099,GSE72970,11,11,0.557071960297767,1,0.6875,0.44257642021774,0.0502481389578164,0.0393738140417457,0.555831265508685,0.48951048951049,ok,0.833653978530304,GSE72970|11,0.438538205980066,0.552109181141439,0.561840363937138,0.0451215219638136,-0.105679140060818,0.80728030247529
SIG101,GSE72970,10,8,0.56575682382134,1,0.692708333333333,0.358993479355209,0.0564516129032258,0.0298861480075901,0.555831265508685,0.432567432567433,ok,0.808003590612286,GSE72970|8,0.445182724252492,0.559553349875931,0.56706782464847,0.0494566434755113,-0.0265080833433231,0.814824433331539
SIG102,GSE72970,4,4,0.612903225806452,1,0.651041666666667,0.946037721455524,0.0514888337468983,0.0298861480075901,0.555831265508685,0.158841158841159,ok,0.67027478016489,GSE72970|4,0.176079734219269,0.557692307692308,0.567001654259719,0.0493090733272404,0.93089503512075,0.673452369922304
SIG107,GSE72970,15,13,0.593052109181141,0,0.395833333333333,0.204205287020821,0.00806451612903225,0.0203984819734345,0.559553349875931,0.268731268731269,ok,0.72249466351343,GSE72970|13,0.249169435215947,0.555831265508685,0.563341604631927,0.0453262902386992,0.655480613850178,0.721960973408656
SIG108,GSE72970,15,13,0.593052109181141,1,0.651041666666667,0.701402103505136,0.0229528535980149,0.0298861480075901,0.559553349875931,0.268731268731269,ok,0.72249466351343,GSE72970|13,0.249169435215947,0.555831265508685,0.563341604631927,0.0453262902386992,0.655480613850178,0.721960973408656
SIG109,GSE72970,7,7,0.538461538461538,0,0.401041666666667,-0.189019788768926,0.0241935483870968,0.0298861480075901,0.559553349875931,0.666333666333666,ok,0.899691026273305,GSE72970|7,0.677740863787375,0.558312655086849,0.566877584780811,0.0462026791562428,-0.615030271798278,0.904911306308596
SIG110,GSE72970,9,9,0.569478908188586,1,0.703125,0.369563757257744,0.0217121588089331,-0.0175521821631879,0.555831265508685,0.3996003996004,ok,0.801999236602738,GSE72970|9,0.378737541528239,0.558312655086849,0.563651778329198,0.0455056359487766,0.12805292658579,0.776068388190202
SIG111,GSE72970,13,12,0.527295285359801,1,0.625,0.0703276550310815,-0.0093052109181142,0.0298861480075901,0.557071960297767,0.744255744255744,ok,0.927301121979902,GSE72970|12,0.820598006644518,0.560173697270471,0.569586435070306,0.0458076268195327,-0.923233807267917,0.954877680459076
SIG112,GSE72970,4,4,0.638957816377171,1,0.6875,0.538261741333521,0.0899503722084367,0.0298861480075901,0.555831265508685,0.0909090909090909,ok,0.574799793040835,GSE72970|4,0.0963455149501661,0.557692307692308,0.567001654259719,0.0493090733272404,1.45928846887699,0.576272238954265
SIG113,GSE72970,10,10,0.708436724565757,1,0.838541666666667,1.4638112718764,0.139578163771712,0.0203984819734345,0.554590570719603,0.00899100899100899,ok,0.308263165406023,GSE72970|10,0.0132890365448505,0.549627791563276,0.562564102564103,0.0471838081839024,3.09158221042916,0.335723028501486
SIG114,GSE72970,20,18,0.656327543424318,1,0.828125,1.64962007260106,0.0738213399503722,0.0203984819734345,0.554590570719603,0.0599400599400599,ok,0.504758399495242,GSE72970|18,0.0365448504983389,0.555831265508685,0.563589743589744,0.0441149745443382,2.10218414024851,0.420156365010842
SIG115,GSE72970,4,4,0.588089330024814,0,0.510416666666667,0.0891154659720949,-0.00806451612903225,0.0298861480075901,0.555831265508685,0.290709290709291,ok,0.727376519584312,GSE72970|4,0.302325581395349,0.557692307692308,0.567001654259719,0.0493090733272404,0.42766319344812,0.728094111439948
SIG116,GSE72970,5,5,0.589330024813896,1,0.619791666666667,0.5175813615294,0.0552109181141439,0.0203984819734345,0.559553349875931,0.296703296703297,ok,0.734111249575167,GSE72970|5,0.249169435215947,0.557071960297767,0.563912324234905,0.0496260771064696,0.512184360743627,0.721960973408656
SIG117,GSE72970,4,4,0.584367245657568,0,0.541666666666667,0.451030016700029,0.0241935483870968,0.0298861480075901,0.555831265508685,0.311688311688312,ok,0.745257233426598,GSE72970|4,0.325581395348837,0.557692307692308,0.567001654259719,0.0493090733272404,0.35217841719722,0.75134168157424
SIG118,GSE72970,15,14,0.564516129032258,0,0.458333333333333,0.111635456164043,-0.00434243176178661,0.0109108159392789,0.555831265508685,0.422577422577423,ok,0.808003590612286,GSE72970|14,0.451827242524917,0.559553349875931,0.565450785773366,0.0465466865831934,-0.020079984413882,0.817632710318417
SIG119,GSE72970,10,10,0.569478908188586,1,0.666666666666667,0.90357341443694,0.0341191066997518,0.0109108159392789,0.554590570719603,0.400599400599401,ok,0.801999236602738,GSE72970|10,0.358803986710964,0.549627791563276,0.562564102564103,0.0471838081839024,0.146550392828244,0.768008533428149
SIG120,GSE72970,4,3,0.56575682382134,0,0.703125,0.459575564196775,0.0465260545905707,0.0203984819734345,0.559553349875931,0.464535464535465,ok,0.822035107749393,GSE72970|3,0.431893687707641,0.554590570719603,0.562981803143094,0.0451118546133812,0.0615142228584722,0.798878497493903
SIG121,GSE72970,6,6,0.543424317617866,1,0.651041666666667,0.443107590696077,0.0539702233250621,0.00142314990512334,0.557071960297767,0.624375624375624,ok,0.88505175940885,GSE72970|6,0.637873754152824,0.558312655086849,0.56697270471464,0.0469349529197814,-0.501723888740696,0.886192191008265
SIG122,GSE72970,8,8,0.562034739454094,0,0.447916666666667,0.0311361721254782,-0.0142679900744417,0.0109108159392789,0.555831265508685,0.458541458541459,ok,0.820760634714123,GSE72970|8,0.488372093023256,0.559553349875931,0.56706782464847,0.0494566434755113,-0.101767625958442,0.839158361018826
SIG124,GSE72970,4,4,0.579404466501241,1,0.703125,0.691757819814583,0.0353598014888338,0.0109108159392789,0.555831265508685,0.344655344655345,ok,0.76325059024021,GSE72970|4,0.345514950166113,0.557692307692308,0.567001654259719,0.0493090733272404,0.251532048862706,0.756429537421821
SIG125,GSE72970,4,4,0.562034739454094,0,0.5625,0.269159913090742,0.00806451612903225,0.0109108159392789,0.555831265508685,0.462537462537463,ok,0.821528148077639,GSE72970|4,0.471760797342193,0.557692307692308,0.567001654259719,0.0493090733272404,-0.100730240308144,0.833284941027608
SIG126,GSE72970,4,4,0.548387096774194,1,0.442708333333333,0.126688040048614,0.0254342431761787,0.00142314990512334,0.555831265508685,0.563436563436564,ok,0.862685195495243,GSE72970|4,0.568106312292359,0.557692307692308,0.567001654259719,0.0493090733272404,-0.377507753228074,0.861856132869487
SIG127,GSE72970,6,6,0.662531017369727,1,0.765625,0.400144826793506,0.103598014888338,0.0298861480075901,0.557071960297767,0.045954045954046,ok,0.464689949226032,GSE72970|6,0.0431893687707641,0.558312655086849,0.56697270471464,0.0469349529197814,2.03597333565903,0.425249169435216
SIG128,GSE72970,11,11,0.552109181141439,1,0.697916666666667,1.72460070418268,-0.0068238213399503,0.0109108159392789,0.555831265508685,0.533466533466534,ok,0.853685894073616,GSE72970|11,0.511627906976744,0.552109181141439,0.561840363937138,0.0451215219638136,-0.215666102830114,0.843922320786382
SIG129,GSE72970,9,9,0.548387096774194,1,0.734375,0.468174291551633,0.0676178660049628,0.0109108159392789,0.555831265508685,0.576423576423577,ok,0.863063597975745,GSE72970|9,0.581395348837209,0.558312655086849,0.563651778329198,0.0455056359487766,-0.335445956017105,0.866676296403293
SIG130,GSE72970,9,9,0.673697270471464,1,0.822916666666667,0.956755561236497,0.112282878411911,0.0203984819734345,0.555831265508685,0.023976023976024,ok,0.40738023038908,GSE72970|9,0.0232558139534884,0.558312655086849,0.563651778329198,0.0455056359487766,2.41828269944714,0.369017874303287
SIG132,GSE72970,5,5,0.524813895781638,0,0.421875,0.155313021600265,0.0142679900744417,0.00142314990512334,0.559553349875931,0.77022977022977,ok,0.937161697617971,GSE72970|5,0.710963455149502,0.557071960297767,0.563912324234905,0.0496260771064696,-0.787860551003936,0.915526380876622
SIG133,GSE72970,5,5,0.635235732009926,1,0.869791666666667,1.13968655954082,0.0700992555831266,0.0298861480075901,0.559553349875931,0.104895104895105,ok,0.592348827642945,GSE72970|5,0.102990033222591,0.557071960297767,0.563912324234905,0.0496260771064696,1.4372163171794,0.585032141382768
SIG134,GSE72970,8,8,0.552109181141439,0,0.661458333333333,0.30220838811392,-0.00310173697270466,0.00142314990512334,0.555831265508685,0.528471528471529,ok,0.853685894073616,GSE72970|8,0.554817275747508,0.559553349875931,0.56706782464847,0.0494566434755113,-0.302459739598739,0.8597652699235
SIG135,GSE72970,3,3,0.616625310173697,0,0.59375,0.587415839497752,0.0378411910669976,0.0109108159392789,0.559553349875931,0.16983016983017,ok,0.674234856053038,GSE72970|3,0.12624584717608,0.554590570719603,0.562981803143094,0.0451118546133812,1.18912218285727,0.624721717984724
SIG136,GSE72970,9,9,0.698511166253102,1,0.739583333333333,0.909359346701817,0.109801488833747,0.0298861480075901,0.555831265508685,0.00699300699300699,ok,0.274011702583131,GSE72970|9,0.0132890365448505,0.558312655086849,0.563651778329198,0.0455056359487766,2.96357550250937,0.335723028501486
SIG138,GSE72970,5,5,0.674937965260546,1,0.84375,1.20439985612538,0.11848635235732,0.0109108159392789,0.559553349875931,0.022977022977023,ok,0.404732881797102,GSE72970|5,0.0299003322259136,0.557071960297767,0.563912324234905,0.0496260771064696,2.23724395517789,0.395921640508649
SIG139,GSE72970,4,4,0.521091811414392,1,0.682291666666667,0.446355288879115,0.0241935483870968,0.0203984819734345,0.555831265508685,0.807192807192807,ok,0.953150044059135,GSE72970|4,0.807308970099668,0.557692307692308,0.567001654259719,0.0493090733272404,-0.931062779067971,0.952694051992232
SIG140,GSE72970,6,6,0.564516129032258,1,0.578125,0.381839409259416,0.0303970223325062,0.0298861480075901,0.557071960297767,0.437562437562438,ok,0.808585062675534,GSE72970|6,0.451827242524917,0.558312655086849,0.56697270471464,0.0469349529197814,-0.0523400052532462,0.817632710318417
SIG141,GSE72970,7,7,0.5,0,0.432291666666667,-0.132785659693062,-0.000620347394540977,0.0203984819734345,0.559553349875931,1,ok,1,GSE72970|7,1,0.558312655086849,0.566877584780811,0.0462026791562428,-1.44748283004654,1
SIG142,GSE72970,12,12,0.514888337468983,1,0.583333333333333,0.455641459417959,0.0217121588089331,0.0109108159392789,0.557071960297767,0.853146853146853,ok,0.965250170665121,GSE72970|12,0.893687707641196,0.560173697270471,0.569586435070306,0.0458076268195327,-1.19408276304765,0.976041182406767
SIG143,GSE72970,6,6,0.559553349875931,0,0.557291666666667,0.193982614280557,-0.00806451612903225,0.0393738140417457,0.557071960297767,0.485514485514486,ok,0.832985841866836,GSE72970|6,0.481727574750831,0.558312655086849,0.56697270471464,0.0469349529197814,-0.158077389603224,0.839158361018826
SIG144,GSE72970,3,3,0.538461538461538,0,0.494791666666667,-0.488704843161789,-0.0192307692307692,-0.00806451612903226,0.559553349875931,0.695304695304695,ok,0.911875010235666,GSE72970|3,0.667774086378738,0.554590570719603,0.562981803143094,0.0451118546133812,-0.543543706896993,0.900369554667961
SIG145,GSE72970,12,12,0.579404466501241,1,0.713541666666667,0.736750538955102,0.031637717121588,0.0109108159392789,0.557071960297767,0.328671328671329,ok,0.75581561295847,GSE72970|12,0.385382059800665,0.560173697270471,0.569586435070306,0.0458076268195327,0.214331807007048,0.781344830852456
SIG146,GSE72970,3,3,0.56575682382134,0,0.645833333333333,0.251181947288775,0.0117866004962779,0.0203984819734345,0.559553349875931,0.464535464535465,ok,0.822035107749393,GSE72970|3,0.431893687707641,0.554590570719603,0.562981803143094,0.0451118546133812,0.0615142228584722,0.798878497493903
SIG147,GSE72970,3,3,0.576923076923077,0,0.421875,-0.0909335683697795,-0.010545905707196,0.0109108159392789,0.559553349875931,0.397602397602398,ok,0.801999236602738,GSE72970|3,0.335548172757475,0.554590570719603,0.562981803143094,0.0451118546133812,0.309037921394796,0.756429537421821
SIG148,GSE72970,8,6,0.642679900744417,0,0.583333333333333,0.907185861837091,0.0899503722084367,0.0203984819734345,0.557071960297767,0.0809190809190809,ok,0.543232990785438,GSE72970|6,0.0830564784053156,0.558312655086849,0.56697270471464,0.0469349529197814,1.61302379825908,0.540570978095614
SIG149,GSE72970,8,8,0.508684863523573,1,0.546875,0.242107079616027,-0.0117866004962779,0.0298861480075901,0.555831265508685,0.925074925074925,ok,0.98774839351336,GSE72970|8,0.920265780730897,0.559553349875931,0.56706782464847,0.0494566434755113,-1.18048773677505,0.978355647288661
SIG150,GSE72970,10,10,0.518610421836228,1,0.651041666666667,0.17524934698731,0.0204714640198511,0.0109108159392789,0.554590570719603,0.81018981018981,ok,0.954334009548733,GSE72970|10,0.843853820598007,0.549627791563276,0.562564102564103,0.0471838081839024,-0.931541611829251,0.963042079982061
SIG151,GSE72970,8,8,0.614143920595534,1,0.822916666666667,1.69504942895293,0.0725806451612903,0.0203984819734345,0.555831265508685,0.145854145854146,ok,0.656877369206136,GSE72970|8,0.182724252491694,0.559553349875931,0.56706782464847,0.0494566434755113,0.951865970653147,0.674674163046256
SIG152,GSE72970,8,8,0.529776674937965,1,0.541666666666667,0.270795797183984,-0.000620347394540977,0.0109108159392789,0.555831265508685,0.709290709290709,ok,0.91644560016027,GSE72970|8,0.744186046511628,0.559553349875931,0.56706782464847,0.0494566434755113,-0.754016995289414,0.929627332011923
SIG153,GSE72970,8,8,0.527295285359801,1,0.635416666666667,0.404172044323895,-0.010545905707196,0.0109108159392789,0.555831265508685,0.732267732267732,ok,0.923194837948936,GSE72970|8,0.764119601328904,0.559553349875931,0.56706782464847,0.0494566434755113,-0.804190023699494,0.93864979817754
SIG154,GSE72970,3,3,0.640198511166253,1,0.692708333333333,0.778681843429072,0.0663771712158809,0.00142314990512334,0.559553349875931,0.0939060939060939,ok,0.58216543839547,GSE72970|3,0.0598006644518272,0.554590570719603,0.562981803143094,0.0451118546133812,1.71167221310062,0.477149658618254
SIG155,GSE72970,9,9,0.54590570719603,1,0.53125,0.310197328616127,0.0452853598014888,0.0203984819734345,0.555831265508685,0.606393606393606,ok,0.876053968604759,GSE72970|9,0.604651162790698,0.558312655086849,0.563651778329198,0.0455056359487766,-0.389975236323331,0.869610661092239
SIG156,GSE72970,5,5,0.531017369727047,0,0.494791666666667,0.0798199098614413,-0.00558312655086846,0.0203984819734345,0.559553349875931,0.728271728271728,ok,0.923194837948936,GSE72970|5,0.694352159468439,0.557071960297767,0.563912324234905,0.0496260771064696,-0.662856232566677,0.90876356249448
SIG157,GSE72970,5,5,0.558312655086849,1,0.572916666666667,0.106927142149981,-0.00186104218362282,0.0109108159392789,0.559553349875931,0.509490509490509,ok,0.842568284428749,GSE72970|5,0.488372093023256,0.557071960297767,0.563912324234905,0.0496260771064696,-0.112837231442698,0.839158361018826
SIG159,GSE72970,6,6,0.544665012406948,1,0.588541666666667,-0.0712620141305948,-0.00434243176178661,0.00142314990512334,0.557071960297767,0.611388611388611,ok,0.877985141261132,GSE72970|6,0.60797342192691,0.558312655086849,0.56697270471464,0.0469349529197814,-0.475289542653197,0.871126097089304
SIG161,GSE72970,4,4,0.532258064516129,0,0.708333333333333,-0.13715737047776,0.0142679900744417,0.0298861480075901,0.555831265508685,0.697302697302697,ok,0.912625207103735,GSE72970|4,0.727574750830565,0.557692307692308,0.567001654259719,0.0493090733272404,-0.704608450315289,0.922683964065181
SIG163,GSE72970,4,4,0.589330024813896,1,0.666666666666667,0.477121391139671,0.0638957816377172,0.0109108159392789,0.555831265508685,0.284715284715285,ok,0.72500443853229,GSE72970|4,0.285714285714286,0.557692307692308,0.567001654259719,0.0493090733272404,0.452824785531753,0.723709008669431
SIG164,GSE72970,4,4,0.707196029776675,1,0.895833333333333,0.676833370554933,0.154466501240695,0.0109108159392789,0.555831265508685,0.00599400599400599,ok,0.250184598010685,GSE72970|4,0.0132890365448505,0.557692307692308,0.567001654259719,0.0493090733272404,2.84317603347672,0.335723028501486
SIG165,GSE72970,5,5,0.616625310173697,1,0.661458333333333,0.750594714516413,0.0490074441687345,0.0393738140417457,0.559553349875931,0.168831168831169,ok,0.674234856053038,GSE72970|5,0.146179401993356,0.557071960297767,0.563912324234905,0.0496260771064696,1.06220336186759,0.642252750176756
SIG166,GSE72970,3,3,0.596774193548387,0,0.833333333333333,0.576088935093518,0.0725806451612903,0.0393738140417457,0.559553349875931,0.270729270729271,ok,0.72249466351343,GSE72970|3,0.235880398671096,0.554590570719603,0.562981803143094,0.0451118546133812,0.749080052126032,0.717734335100642
SIG167,GSE72970,3,3,0.615384615384615,1,0.75,0.583947020804651,0.042803970223325,0.0203984819734345,0.559553349875931,0.176823176823177,ok,0.674951291253478,GSE72970|3,0.132890365448505,0.554590570719603,0.562981803143094,0.0451118546133812,1.16161954968656,0.637873754152824
SIG168,GSE72970,9,9,0.693548387096774,1,0.817708333333333,0.655003232094115,0.14454094292804,0.0203984819734345,0.555831265508685,0.00799200799200799,ok,0.295089525858757,GSE72970|9,0.0132890365448505,0.558312655086849,0.563651778329198,0.0455056359487766,2.85451694189692,0.335723028501486
SIG169,GSE72970,8,8,0.537220843672457,1,0.536458333333333,0.403982330101658,0.0279156327543424,0.0203984819734345,0.555831265508685,0.65034965034965,ok,0.897013434326867,GSE72970|8,0.664451827242525,0.559553349875931,0.56706782464847,0.0494566434755113,-0.603497910059175,0.899680894432756
SIG170,GSE72970,6,6,0.615384615384615,0,0.583333333333333,0.301955315476345,0.0490074441687345,0.0109108159392789,0.557071960297767,0.15984015984016,ok,0.670515924753213,GSE72970|6,0.159468438538206,0.558312655086849,0.56697270471464,0.0469349529197814,1.03146818433413,0.659869400847749
SIG171,GSE72970,4,4,0.529776674937965,1,0.6875,0.446757400310215,0.0229528535980149,-0.00806451612903226,0.555831265508685,0.721278721278721,ok,0.922007420010083,GSE72970|4,0.744186046511628,0.557692307692308,0.567001654259719,0.0493090733272404,-0.754931634482556,0.929627332011923
SIG172,GSE72970,6,6,0.601736972704715,0,0.541666666666667,0.568822818094085,0.0552109181141439,0.0109108159392789,0.557071960297767,0.21978021978022,ok,0.697197539302803,GSE72970|6,0.209302325581395,0.558312655086849,0.56697270471464,0.0469349529197814,0.740690377371678,0.687271384945804
SIG173,GSE72970,5,5,0.566997518610422,1,0.708333333333333,0.515301193870286,0.0465260545905707,0.0109108159392789,0.559553349875931,0.442557442557443,ok,0.809048771134079,GSE72970|5,0.401993355481728,0.557071960297767,0.563912324234905,0.0496260771064696,0.0621688143694704,0.792470448132836
SIG175,GSE72970,6,5,0.529776674937965,0,0.666666666666667,0.552491178802714,0.03287841191067,0.0109108159392789,0.559553349875931,0.733266733266733,ok,0.923194837948936,GSE72970|5,0.697674418604651,0.557071960297767,0.563912324234905,0.0496260771064696,-0.687857096254134,0.909392317529484
SIG176,GSE72970,8,8,0.619106699751861,0,0.609375,0.796927653416198,0.0465260545905707,0.0109108159392789,0.555831265508685,0.126873126873127,ok,0.634404355334588,GSE72970|8,0.176079734219269,0.559553349875931,0.56706782464847,0.0494566434755113,1.05221202747328,0.673452369922304
SIG177,GSE72970,14,14,0.593052109181141,0,0.614583333333333,0.451821674813866,0.0539702233250621,0.0203984819734345,0.555831265508685,0.251748251748252,ok,0.715024620350064,GSE72970|14,0.259136212624585,0.559553349875931,0.565450785773366,0.0465466865831934,0.592981486629397,0.721960973408656
SIG178,GSE72970,3,3,0.508684863523573,0,0.4375,-0.209182571359223,0.0179900744416873,0.0109108159392789,0.559553349875931,0.944055944055944,ok,0.990450597437497,GSE72970|3,0.916943521594684,0.554590570719603,0.562981803143094,0.0451118546133812,-1.20360690299385,0.978073089700997
SIG179,GSE72970,12,12,0.501240694789082,0,0.4375,-0.150979897621088,-0.00186104218362282,0.00142314990512334,0.557071960297767,0.996003996003996,ok,1,GSE72970|12,0.990033222591362,0.560173697270471,0.569586435070306,0.0458076268195327,-1.49201661440538,0.99573797138576
SIG180,GSE72970,5,5,0.614143920595534,0,0.713541666666667,0.524527336967606,0.0552109181141439,0.00142314990512334,0.559553349875931,0.173826173826174,ok,0.674234856053038,GSE72970|5,0.146179401993356,0.557071960297767,0.563912324234905,0.0496260771064696,1.0122016344927,0.642252750176756
SIG181,GSE72970,5,5,0.534739454094293,0,0.479166666666667,-0.212217915595931,-0.03287841191067,0.0109108159392789,0.559553349875931,0.707292707292707,ok,0.915712743089682,GSE72970|5,0.661129568106312,0.557071960297767,0.563912324234905,0.0496260771064696,-0.587853641504311,0.899680894432756
SIG182,GSE72970,3,3,0.669975186104218,0,0.614583333333333,1.12690365710819,0.076302729528536,0.0109108159392789,0.559553349875931,0.031968031968032,ok,0.426240426240426,GSE72970|3,0.026578073089701,0.554590570719603,0.562981803143094,0.0451118546133812,2.37173540919747,0.380820151733029
SIG183,GSE72970,4,4,0.504962779156328,1,0.661458333333333,-0.00768436358973679,-0.00310173697270466,0.0298861480075901,0.555831265508685,0.959040959040959,ok,0.99157708204558,GSE72970|4,0.933554817275748,0.557692307692308,0.567001654259719,0.0493090733272404,-1.25816347615517,0.983228331963486
SIG184,GSE72970,3,3,0.666253101736973,0,0.651041666666667,0.7271939268009,0.0837468982630273,0.0203984819734345,0.559553349875931,0.037962037962038,ok,0.447160201761429,GSE72970|3,0.026578073089701,0.554590570719603,0.562981803143094,0.0451118546133812,2.28922750968538,0.380820151733029
SIG185,GSE72970,22,22,0.54590570719603,0,0.385416666666667,-0.245377128146619,0.0167493796526055,0.0203984819734345,0.554590570719603,0.586413586413586,ok,0.863063597975745,GSE72970|22,0.574750830564784,0.555831265508685,0.563928866832093,0.0459832362726811,-0.391950656304073,0.865507133085792
SIG186,GSE72970,19,18,0.648883374689826,1,0.734375,0.88490845628213,0.0899503722084367,0.0393738140417457,0.554590570719603,0.0699300699300699,ok,0.510051746006802,GSE72970|18,0.0398671096345515,0.555831265508685,0.563589743589744,0.0441149745443382,1.9334394268857,0.422899726510159
SIG187,GSE72970,4,4,0.527295285359801,0,0.46875,-0.0112939847415648,-0.0068238213399503,0.0203984819734345,0.555831265508685,0.748251748251748,ok,0.929264784374745,GSE72970|4,0.764119601328904,0.557692307692308,0.567001654259719,0.0493090733272404,-0.805254818649824,0.93864979817754
SIG188,GSE72970,6,6,0.555831265508685,1,0.5625,0.401923703729104,0.0341191066997518,0.0109108159392789,0.557071960297767,0.513486513486514,ok,0.844479752329582,GSE72970|6,0.518272425249169,0.558312655086849,0.56697270471464,0.0469349529197814,-0.237380427865722,0.846544204581516
SIG189,GSE72970,6,6,0.518610421836228,1,0.5625,0.196752599088699,0.031637717121588,-0.00806451612903226,0.557071960297767,0.849150849150849,ok,0.963575431660538,GSE72970|6,0.86046511627907,0.558312655086849,0.56697270471464,0.0469349529197814,-1.03041081049065,0.965130723674708
SIG190,GSE72970,7,7,0.569478908188586,1,0.630208333333333,-0.0793599730411111,-0.0303970223325062,0.0109108159392789,0.559553349875931,0.435564435564436,ok,0.808003590612286,GSE72970|7,0.431893687707641,0.558312655086849,0.566877584780811,0.0462026791562428,0.0563024364664777,0.798878497493903
SIG191,GSE72970,3,3,0.509925558312655,1,0.536458333333333,-0.0181851019221679,0.00310173697270466,0.0109108159392789,0.559553349875931,0.936063936063936,ok,0.989671121829712,GSE72970|3,0.893687707641196,0.554590570719603,0.562981803143094,0.0451118546133812,-1.17610426982314,0.976041182406767
SIG192,GSE72970,3,3,0.508684863523573,1,0.635416666666667,-0.1021258497033,-0.00310173697270466,0.0203984819734345,0.559553349875931,0.944055944055944,ok,0.990450597437497,GSE72970|3,0.916943521594684,0.554590570719603,0.562981803143094,0.0451118546133812,-1.20360690299385,0.978073089700997
SIG193,GSE72970,7,7,0.535980148883375,0,0.546875,0.650366857845189,0.0192307692307692,0.0488614800759013,0.559553349875931,0.69030969030969,ok,0.90780452424288,GSE72970|7,0.691029900332226,0.558312655086849,0.566877584780811,0.0462026791562428,-0.668736888459441,0.90876356249448
SIG194,GSE72970,6,6,0.534739454094293,0,0.588541666666667,0.14531936965084,-0.0241935483870968,0.0298861480075901,0.557071960297767,0.695304695304695,ok,0.911875010235666,GSE72970|6,0.707641196013289,0.558312655086849,0.56697270471464,0.0469349529197814,-0.686764311353172,0.913085414210695
SIG195,GSE72970,12,12,0.506203473945409,0,0.348958333333333,-0.257293345538879,0.00310173697270466,0.00142314990512334,0.557071960297767,0.943056943056943,ok,0.990450597437497,GSE72970|12,0.970099667774086,0.560173697270471,0.569586435070306,0.0458076268195327,-1.38367703209349,0.991949169610348
SIG196,GSE72970,4,4,0.555831265508685,1,0.546875,0.129179197412313,0.0117866004962779,0.0109108159392789,0.555831265508685,0.504495504495505,ok,0.840825840825841,GSE72970|4,0.521594684385382,0.557692307692308,0.567001654259719,0.0493090733272404,-0.226538200726292,0.846544204581516
SIG197,GSE72970,4,4,0.524813895781638,1,0.625,0.399506636837533,0.0254342431761787,0.00142314990512334,0.555831265508685,0.768231768231768,ok,0.936511107939679,GSE72970|4,0.777408637873754,0.557692307692308,0.567001654259719,0.0493090733272404,-0.855578002817071,0.94529739374136
SIG198,GSE72970,3,3,0.508684863523573,0,0.447916666666667,-0.349776519063586,-0.00186104218362282,-0.00806451612903226,0.559553349875931,0.944055944055944,ok,0.990450597437497,GSE72970|3,0.916943521594684,0.554590570719603,0.562981803143094,0.0451118546133812,-1.20360690299385,0.978073089700997
SIG199,GSE72970,5,5,0.511166253101737,1,0.427083333333333,-0.096599134312708,0.000620347394540977,0.00142314990512334,0.559553349875931,0.906093906093906,ok,0.97956097956098,GSE72970|5,0.893687707641196,0.557071960297767,0.563912324234905,0.0496260771064696,-1.06287005156592,0.976041182406767
SIG200,GSE72970,3,3,0.626550868486352,1,0.708333333333333,0.39999922416748,0.0800248138957817,0.0109108159392789,0.559553349875931,0.137862137862138,ok,0.651775409056962,GSE72970|3,0.0930232558139535,0.554590570719603,0.562981803143094,0.0451118546133812,1.40914324822289,0.572450805008945
SIG201,GSE72970,4,3,0.668734491315137,1,0.765625,0.910232949383851,0.102357320099256,0.0298861480075901,0.559553349875931,0.032967032967033,ok,0.429044639570955,GSE72970|3,0.026578073089701,0.554590570719603,0.562981803143094,0.0451118546133812,2.34423277602679,0.380820151733029
SIG202,GSE72970,29,29,0.51985111662531,1,0.760416666666667,0.824754310492302,0.0279156327543424,0.00142314990512334,0.555210918114144,0.83016983016983,ok,0.960762756094893,GSE72970|29,0.837209302325582,0.561414392059553,0.5683788254756,0.0467556127675915,-1.03790124816686,0.963042079982061
SIG203,GSE72970,5,5,0.570719602977668,0,0.296875,0.159042241705341,0.00310173697270466,-0.00806451612903226,0.559553349875931,0.417582417582418,ok,0.808003590612286,GSE72970|5,0.388704318936877,0.557071960297767,0.563912324234905,0.0496260771064696,0.137171405431836,0.785591886693478
SIG204,GSE72970,3,3,0.574441687344913,1,0.53125,0.240442809308673,-0.00558312655086846,0.0109108159392789,0.559553349875931,0.410589410589411,ok,0.804420069726192,GSE72970|3,0.368770764119601,0.554590570719603,0.562981803143094,0.0451118546133812,0.254032655053385,0.77151037219348
SIG205,GSE72970,7,7,0.633995037220844,1,0.640625,0.383476919345975,0.0911910669975187,0.0203984819734345,0.559553349875931,0.0999000999000999,ok,0.588833658742473,GSE72970|7,0.0897009966777409,0.558312655086849,0.566877584780811,0.0462026791562428,1.45267446965713,0.560996461307044
SIG206,GSE72970,11,11,0.583126550868486,1,0.729166666666667,0.616762904433459,0.031637717121588,0.0109108159392789,0.555831265508685,0.326673326673327,ok,0.753861523092292,GSE72970|11,0.27906976744186,0.552109181141439,0.561840363937138,0.0451215219638136,0.471752414477927,0.721960973408656
SIG207,GSE72970,13,13,0.571960297766749,0,0.713541666666667,0.751741427198751,0.0440446650124069,-0.00806451612903226,0.559553349875931,0.416583416583417,ok,0.808003590612286,GSE72970|13,0.375415282392027,0.555831265508685,0.563341604631927,0.0453262902386992,0.19014777272602,0.772558780485199
SIG208,GSE72970,7,6,0.516129032258065,1,0.572916666666667,0.188841384688861,-0.00558312655086846,0.0109108159392789,0.557071960297767,0.871128871128871,ok,0.966775160323548,GSE72970|6,0.867109634551495,0.558312655086849,0.56697270471464,0.0469349529197814,-1.08327950266562,0.965130723674708
SIG209,GSE72970,5,5,0.588089330024814,0,0.572916666666667,0.161347280971217,0.0130272952853598,0.0393738140417457,0.559553349875931,0.307692307692308,ok,0.742715930685855,GSE72970|5,0.255813953488372,0.557071960297767,0.563912324234905,0.0496260771064696,0.487183497056173,0.721960973408656
SIG210,GSE72970,13,13,0.635235732009926,1,0.713541666666667,0.700180876810626,0.0837468982630273,0.0393738140417457,0.559553349875931,0.0859140859140859,ok,0.559169643915407,GSE72970|13,0.0963455149501661,0.555831265508685,0.563341604631927,0.0453262902386992,1.58614629609851,0.576272238954265
SIG211,GSE72970,4,4,0.702233250620347,1,0.734375,0.734143480710855,0.116004962779156,0.0298861480075901,0.555831265508685,0.00699300699300699,ok,0.274011702583131,GSE72970|4,0.0132890365448505,0.557692307692308,0.567001654259719,0.0493090733272404,2.74252966514219,0.335723028501486
SIG212,GSE72970,3,3,0.542183622828784,1,0.59375,0.414043931405649,0.0514888337468983,0.0203984819734345,0.559553349875931,0.657342657342657,ok,0.897013434326867,GSE72970|3,0.627906976744186,0.554590570719603,0.562981803143094,0.0451118546133812,-0.461035807384879,0.883997179351105
SIG213,GSE72970,5,5,0.60545905707196,1,0.708333333333333,0.572101385284121,0.0713399503722084,0.0298861480075901,0.559553349875931,0.213786213786214,ok,0.688460120847433,GSE72970|5,0.176079734219269,0.557071960297767,0.563912324234905,0.0496260771064696,0.837195588680509,0.673452369922304
SIG214,GSE72970,5,5,0.553349875930521,0,0.40625,0.153621172528595,0.00186104218362282,0.0203984819734345,0.559553349875931,0.547452547452548,ok,0.853685894073616,GSE72970|5,0.53156146179402,0.557071960297767,0.563912324234905,0.0496260771064696,-0.21284068619252,0.849790180386776
SIG215,GSE72970,4,4,0.641439205955335,1,0.807291666666667,0.631614779870945,0.0936724565756824,0.0203984819734345,0.555831265508685,0.0839160839160839,ok,0.555582348685797,GSE72970|4,0.0963455149501661,0.557692307692308,0.567001654259719,0.0493090733272404,1.50961165304426,0.576272238954265
SIG216,GSE72970,4,4,0.674937965260546,0,0.71875,1.61243172489112,0.0998759305210918,0.0109108159392789,0.555831265508685,0.021978021978022,ok,0.404732881797102,GSE72970|4,0.0332225913621263,0.557692307692308,0.567001654259719,0.0493090733272404,2.18897463930231,0.408893432149246
SIG217,GSE72970,8,8,0.598014888337469,1,0.677083333333333,0.72017654558704,0.0626550868486353,0.0393738140417457,0.555831265508685,0.22977022977023,ok,0.702182128489577,GSE72970|8,0.255813953488372,0.559553349875931,0.56706782464847,0.0494566434755113,0.62574128598765,0.721960973408656
SIG218,GSE72970,4,4,0.558312655086849,1,0.6875,0.34556547018339,0.0192307692307692,0.0298861480075901,0.555831265508685,0.491508491508492,ok,0.833653978530304,GSE72970|4,0.491694352159469,0.557692307692308,0.567001654259719,0.0493090733272404,-0.176215016559024,0.839158361018826
SIG219,GSE72970,8,7,0.555831265508685,0,0.442708333333333,0.0158098530928663,0.000620347394540977,0.00142314990512334,0.559553349875931,0.532467532467532,ok,0.853685894073616,GSE72970|7,0.524916943521595,0.558312655086849,0.566877584780811,0.0462026791562428,-0.239083955170013,0.846924816438203
SIG220,GSE72970,7,7,0.584367245657568,1,0.651041666666667,0.932513303258024,0.065136476426799,0.0298861480075901,0.559553349875931,0.322677322677323,ok,0.750958132776315,GSE72970|7,0.358803986710964,0.558312655086849,0.566877584780811,0.0462026791562428,0.378542136433537,0.768008533428149
SIG221,GSE72970,4,4,0.606699751861042,0,0.614583333333333,0.162356204269413,0.0254342431761787,0.00142314990512334,0.555831265508685,0.195804195804196,ok,0.684094062933653,GSE72970|4,0.212624584717608,0.557692307692308,0.567001654259719,0.0493090733272404,0.805087074702583,0.687271384945804
SIG222,GSE72970,3,3,0.620347394540943,0,0.604166666666667,0.505019787592927,0.0626550868486353,0.00142314990512334,0.559553349875931,0.154845154845155,ok,0.660672660672661,GSE72970|3,0.119601328903655,0.554590570719603,0.562981803143094,0.0451118546133812,1.27163008236938,0.613996126992023
SIG223,GSE72970,4,4,0.580645161290323,0,0.536458333333333,1.0126480492099,0.0341191066997518,0.0393738140417457,0.555831265508685,0.334665334665335,ok,0.757788518632598,GSE72970|4,0.332225913621262,0.557692307692308,0.567001654259719,0.0493090733272404,0.276693640946338,0.756429537421821
SIG224,GSE72970,3,3,0.710918114143921,1,0.885416666666667,0.866980608508516,0.117245657568238,0.0298861480075901,0.559553349875931,0.00599400599400599,ok,0.250184598010685,GSE72970|3,0.0132890365448505,0.554590570719603,0.562981803143094,0.0451118546133812,3.27932230383067,0.335723028501486
SIG225,GSE72970,5,5,0.614143920595534,1,0.78125,1.45043082725141,0.076302729528536,0.0203984819734345,0.559553349875931,0.173826173826174,ok,0.674234856053038,GSE72970|5,0.146179401993356,0.557071960297767,0.563912324234905,0.0496260771064696,1.0122016344927,0.642252750176756
SIG226,GSE72970,5,5,0.575682382133995,1,0.609375,0.234655899727745,-0.00186104218362282,0.0298861480075901,0.559553349875931,0.373626373626374,ok,0.78695921146687,GSE72970|5,0.352159468438538,0.557071960297767,0.563912324234905,0.0496260771064696,0.237174860181639,0.763144672011279
SIG227,GSE72970,8,8,0.52605459057072,1,0.744791666666667,0.79890405483044,0.0204714640198511,-0.00806451612903226,0.555831265508685,0.752247752247752,ok,0.931816570526248,GSE72970|8,0.764119601328904,0.559553349875931,0.56706782464847,0.0494566434755113,-0.829276537904513,0.93864979817754
SIG228,GSE72970,6,6,0.502481389578164,0,0.453125,-0.193929016377847,0.0204714640198511,0.00142314990512334,0.557071960297767,0.978021978021978,ok,0.994859953302878,GSE72970|6,0.963455149501661,0.558312655086849,0.56697270471464,0.0469349529197814,-1.3740573096281,0.99133648823322
SIG229,GSE72970,4,4,0.606699751861042,0,0.53125,0.288133196666333,0.0527295285359801,0.0109108159392789,0.555831265508685,0.195804195804196,ok,0.684094062933653,GSE72970|4,0.212624584717608,0.557692307692308,0.567001654259719,0.0493090733272404,0.805087074702583,0.687271384945804
SIG230,GSE72970,16,16,0.533498759305211,1,0.484375,0.762812968345571,0.0440446650124069,0.0109108159392789,0.557071960297767,0.702297702297702,ok,0.913001805496735,GSE72970|16,0.697674418604651,0.553349875930521,0.564164598842018,0.0468929801917458,-0.653953734896233,0.909392317529484
SIG231,GSE72970,3,3,0.615384615384615,0,0.526041666666667,0.736783933724312,0.0949131513647643,0.0109108159392789,0.559553349875931,0.176823176823177,ok,0.674951291253478,GSE72970|3,0.132890365448505,0.554590570719603,0.562981803143094,0.0451118546133812,1.16161954968656,0.637873754152824
SIG232,GSE72970,7,7,0.509925558312655,1,0.619791666666667,0.282344469496887,-0.0130272952853598,0.0109108159392789,0.559553349875931,0.924075924075924,ok,0.98774839351336,GSE72970|7,0.920265780730897,0.558312655086849,0.566877584780811,0.0462026791562428,-1.23265636340183,0.978355647288661
SIG233,GSE72970,10,10,0.53970223325062,1,0.46875,0.281709359180566,0.0254342431761787,0.0109108159392789,0.554590570719603,0.626373626373626,ok,0.88505175940885,GSE72970|10,0.604651162790698,0.549627791563276,0.562564102564103,0.0471838081839024,-0.484527853800542,0.869610661092239
SIG234,GSE72970,13,12,0.504962779156328,1,0.479166666666667,-0.541738458004046,0.00434243176178661,0.0393738140417457,0.557071960297767,0.951048951048951,ok,0.991321382200861,GSE72970|12,0.970099667774086,0.560173697270471,0.569586435070306,0.0458076268195327,-1.41076192767144,0.991949169610348
SIG235,GSE72970,6,6,0.51985111662531,1,0.588541666666667,0.293614026072305,0.0179900744416873,-0.0175521821631879,0.557071960297767,0.839160839160839,ok,0.962445838185483,GSE72970|6,0.843853820598007,0.558312655086849,0.56697270471464,0.0469349529197814,-1.00397646440314,0.963042079982061
SIG236,GSE72970,5,5,0.571960297766749,0,0.682291666666667,0.206302576961882,0.0167493796526055,-0.00806451612903226,0.559553349875931,0.40959040959041,ok,0.804420069726192,GSE72970|5,0.388704318936877,0.557071960297767,0.563912324234905,0.0496260771064696,0.162172269119271,0.785591886693478
SIG237,GSE72970,6,6,0.566997518610422,0,0.59375,0.0974346810584041,0.0241935483870968,-0.00806451612903226,0.557071960297767,0.426573426573427,ok,0.808003590612286,GSE72970|6,0.415282392026578,0.558312655086849,0.56697270471464,0.0469349529197814,0.000528686921753283,0.794957320728843
SIG238,GSE72970,6,6,0.555831265508685,1,0.697916666666667,0.349351398676685,0.0576923076923077,0.0109108159392789,0.557071960297767,0.513486513486514,ok,0.844479752329582,GSE72970|6,0.518272425249169,0.558312655086849,0.56697270471464,0.0469349529197814,-0.237380427865722,0.846544204581516
SIG239,GSE72970,7,7,0.516129032258065,1,0.588541666666667,0.380930119505653,0.00558312655086846,0.0109108159392789,0.559553349875931,0.862137862137862,ok,0.966775160323548,GSE72970|7,0.840531561461794,0.558312655086849,0.566877584780811,0.0462026791562428,-1.09838982174887,0.963042079982061
SIG240,GSE72970,6,6,0.54590570719603,1,0.661458333333333,0.568066168996302,0.042803970223325,0.00142314990512334,0.557071960297767,0.596403596403596,ok,0.867496140223413,GSE72970|6,0.59468438538206,0.558312655086849,0.56697270471464,0.0469349529197814,-0.448855196565696,0.866965846570657
SIG241,GSE72970,4,4,0.501240694789082,1,0.302083333333333,-0.362820968635177,0.0279156327543424,0.0109108159392789,0.555831265508685,0.994005994005994,ok,1,GSE72970|4,0.996677740863787,0.557692307692308,0.567001654259719,0.0493090733272404,-1.33364825240607,0.998237486937127
SIG242,GSE72970,6,6,0.566997518610422,1,0.583333333333333,0.440457150580691,0.0415632754342432,0.0298861480075901,0.557071960297767,0.426573426573427,ok,0.808003590612286,GSE72970|6,0.415282392026578,0.558312655086849,0.56697270471464,0.0469349529197814,0.000528686921753283,0.794957320728843
SIG243,GSE72970,8,8,0.538461538461538,1,0.75,0.753354482380439,0.0241935483870968,-0.00806451612903226,0.555831265508685,0.638361638361638,ok,0.892033730461678,GSE72970|8,0.664451827242525,0.559553349875931,0.56706782464847,0.0494566434755113,-0.578411395854156,0.899680894432756
SIG244,GSE72970,13,13,0.578163771712159,1,0.635416666666667,0.773812491772852,0.0254342431761787,0.0298861480075901,0.559553349875931,0.36963036963037,ok,0.781597257368182,GSE72970|13,0.322259136212625,0.555831265508685,0.563341604631927,0.0453262902386992,0.327010373056669,0.745466917503903
SIG245,GSE72970,3,3,0.531017369727047,0,0.40625,0.506600643075139,0.00558312655086846,0.0109108159392789,0.559553349875931,0.758241758241758,ok,0.935619650272607,GSE72970|3,0.717607973421927,0.554590570719603,0.562981803143094,0.0451118546133812,-0.708559505921199,0.919150973295597
SIG246,GSE72970,5,5,0.542183622828784,1,0.53125,-0.134387458479971,-0.00558312655086846,-0.00806451612903226,0.559553349875931,0.648351648351648,ok,0.897013434326867,GSE72970|5,0.59468438538206,0.557071960297767,0.563912324234905,0.0496260771064696,-0.4378484593796,0.866965846570657
SIG247,GSE72970,3,3,0.601736972704715,1,0.46875,0.173584845015982,0.0204714640198511,0.0203984819734345,0.559553349875931,0.242757242757243,ok,0.70620288802107,GSE72970|3,0.192691029900332,0.554590570719603,0.562981803143094,0.0451118546133812,0.859090584808853,0.680085987883525
SIG248,GSE72970,5,5,0.528535980148883,0,0.453125,-0.215396413627761,0.0155086848635235,-0.00806451612903226,0.559553349875931,0.742257742257742,ok,0.927301121979902,GSE72970|5,0.697674418604651,0.557071960297767,0.563912324234905,0.0496260771064696,-0.712857959941588,0.909392317529484
SIG249,GSE72970,4,4,0.638957816377171,1,0.822916666666667,1.50832564385506,0.0490074441687345,0.00142314990512334,0.555831265508685,0.0909090909090909,ok,0.574799793040835,GSE72970|4,0.0963455149501661,0.557692307692308,0.567001654259719,0.0493090733272404,1.45928846887699,0.576272238954265
SIG250,GSE72970,4,4,0.571960297766749,1,0.796875,0.327917044896753,0.0514888337468983,0.0109108159392789,0.555831265508685,0.400599400599401,ok,0.801999236602738,GSE72970|4,0.39202657807309,0.557692307692308,0.567001654259719,0.0493090733272404,0.100562496360903,0.790641838130601
SIG251,GSE72970,14,13,0.559553349875931,1,0.697916666666667,0.975674298805092,-0.0130272952853598,0.0393738140417457,0.559553349875931,0.506493506493507,ok,0.842568284428749,GSE72970|13,0.481727574750831,0.555831265508685,0.563341604631927,0.0453262902386992,-0.08357742793523,0.839158361018826
SIG252,GSE72970,3,3,0.617866004962779,0,0.53125,0.0792530672483659,0.00558312655086846,0.00142314990512334,0.559553349875931,0.164835164835165,ok,0.670515924753213,GSE72970|3,0.122923588039867,0.554590570719603,0.562981803143094,0.0451118546133812,1.21662481602797,0.617835835174201
SIG253,GSE72970,3,3,0.63151364764268,1,0.463541666666667,0.576889061574393,0.0837468982630273,0.0203984819734345,0.559553349875931,0.122877122877123,ok,0.632504224997523,GSE72970|3,0.0764119601328904,0.554590570719603,0.562981803143094,0.0451118546133812,1.51915378090571,0.520251643457977
SIG254,GSE72970,3,3,0.601736972704715,1,0.713541666666667,0.60399230264763,0.0452853598014888,0.0109108159392789,0.559553349875931,0.242757242757243,ok,0.70620288802107,GSE72970|3,0.192691029900332,0.554590570719603,0.562981803143094,0.0451118546133812,0.859090584808853,0.680085987883525
SIG255,GSE72970,3,2,0.508684863523573,0,0.510416666666667,-0.0392005630779035,0.000620347394540977,-0.0175521821631879,0.555831265508685,0.93006993006993,ok,0.988199197154421,GSE72970|2,0.940199335548173,0.560794044665012,0.566058726220017,0.0447467306441336,-1.28219116504247,0.984287199701468
SIG256,GSE72970,5,5,0.569478908188586,1,0.739583333333333,0.470288451223242,0.0303970223325062,0.0203984819734345,0.559553349875931,0.425574425574426,ok,0.808003590612286,GSE72970|5,0.395348837209302,0.557071960297767,0.563912324234905,0.0496260771064696,0.112170541744382,0.791570325732563
SIG257,GSE72970,4,3,0.578163771712159,1,0.567708333333333,0.428583745662847,0.0241935483870968,0.0203984819734345,0.559553349875931,0.390609390609391,ok,0.801999236602738,GSE72970|3,0.32890365448505,0.554590570719603,0.562981803143094,0.0451118546133812,0.336540554565502,0.75357400550274
SIG258,GSE72970,6,4,0.527295285359801,0,0.421875,-0.600040038853052,0.0353598014888338,0.00142314990512334,0.555831265508685,0.748251748251748,ok,0.929264784374745,GSE72970|4,0.764119601328904,0.557692307692308,0.567001654259719,0.0493090733272404,-0.805254818649824,0.93864979817754
SIG259,GSE72970,6,5,0.538461538461538,1,0.744791666666667,0.485769595492345,0.0564516129032258,0.0203984819734345,0.559553349875931,0.681318681318681,ok,0.904954742643876,GSE72970|5,0.631229235880399,0.557071960297767,0.563912324234905,0.0496260771064696,-0.512851050441966,0.883997179351105
SIG260,GSE72970,5,5,0.523573200992556,1,0.609375,0.330877467284292,0.0378411910669976,-0.00806451612903226,0.559553349875931,0.783216783216783,ok,0.94339788191733,GSE72970|5,0.73421926910299,0.557071960297767,0.563912324234905,0.0496260771064696,-0.812861414691391,0.928656783055165
SIG261,GSE72970,14,14,0.549627791563276,0,0.520833333333333,0.32694853177998,-0.00434243176178661,0.00142314990512334,0.555831265508685,0.561438561438561,ok,0.862685195495243,GSE72970|14,0.591362126245847,0.559553349875931,0.565450785773366,0.0465466865831934,-0.339938143219061,0.866965846570657
SIG262,GSE72970,6,6,0.553349875930521,0,0.463541666666667,-0.0157154571000567,0.00434243176178661,0.0203984819734345,0.557071960297767,0.534465534465535,ok,0.853685894073616,GSE72970|6,0.558139534883721,0.558312655086849,0.56697270471464,0.0469349529197814,-0.290249120040722,0.861027671340473
SIG263,GSE72970,4,4,0.638957816377171,0,0.546875,0.391831225056482,0.0502481389578164,0.00142314990512334,0.555831265508685,0.0909090909090909,ok,0.574799793040835,GSE72970|4,0.0963455149501661,0.557692307692308,0.567001654259719,0.0493090733272404,1.45928846887699,0.576272238954265
SIG264,GSE72970,6,6,0.531017369727047,1,0.552083333333333,0.0794839764535678,-0.00310173697270466,0.0203984819734345,0.557071960297767,0.73026973026973,ok,0.923194837948936,GSE72970|6,0.78405315614618,0.558312655086849,0.56697270471464,0.0469349529197814,-0.76606734961567,0.946186084098469
SIG265,GSE72970,7,7,0.662531017369727,0,0.625,1.30346904836842,0.114764267990074,0.0488614800759013,0.559553349875931,0.044955044955045,ok,0.464689949226032,GSE72970|7,0.0398671096345515,0.558312655086849,0.566877584780811,0.0462026791562428,2.07030056126068,0.422899726510159
SIG266,GSE72970,5,5,0.584367245657568,1,0.645833333333333,0.713036349689086,0.0390818858560794,0.0109108159392789,0.559553349875931,0.322677322677323,ok,0.750958132776315,GSE72970|5,0.289036544850498,0.557071960297767,0.563912324234905,0.0496260771064696,0.412180905993807,0.727830309225658
SIG267,GSE72970,11,11,0.584367245657568,1,0.791666666666667,1.04020642845893,0.0564516129032258,0.0488614800759013,0.555831265508685,0.320679320679321,ok,0.750958132776315,GSE72970|11,0.26578073089701,0.552109181141439,0.561840363937138,0.0451215219638136,0.499249155170253,0.721960973408656
SIG268,GSE72970,6,6,0.60545905707196,1,0.661458333333333,0.51337751538993,0.0800248138957817,0.0203984819734345,0.557071960297767,0.205794205794206,ok,0.684094062933653,GSE72970|6,0.196013289036545,0.558312655086849,0.56697270471464,0.0469349529197814,0.819993415634155,0.680552468264315
SIG269,GSE72970,3,3,0.568238213399504,0,0.635416666666667,0.653727358767736,0.031637717121588,0.00142314990512334,0.559553349875931,0.447552447552448,ok,0.809896983318284,GSE72970|3,0.408637873754153,0.554590570719603,0.562981803143094,0.0451118546133812,0.116519489199883,0.794957320728843
SIG270,GSE72970,4,4,0.602977667493797,1,0.645833333333333,0.516552184759325,0.0130272952853598,0.0203984819734345,0.555831265508685,0.218781218781219,ok,0.696616816019801,GSE72970|4,0.222591362126246,0.557692307692308,0.567001654259719,0.0493090733272404,0.729602298451703,0.702920090924987
SIG271,GSE72970,5,5,0.555831265508685,1,0.510416666666667,0.245682007092191,0.00806451612903225,0.0203984819734345,0.559553349875931,0.521478521478522,ok,0.849227108769093,GSE72970|5,0.511627906976744,0.557071960297767,0.563912324234905,0.0496260771064696,-0.162838958817609,0.843922320786382
SIG272,GSE72970,4,4,0.621588089330025,1,0.65625,0.382104461560297,0.0825062034739455,0.0203984819734345,0.555831265508685,0.12987012987013,ok,0.636098595282269,GSE72970|4,0.146179401993356,0.557692307692308,0.567001654259719,0.0493090733272404,1.10702617970616,0.642252750176756
SIG273,GSE72970,4,4,0.548387096774194,1,0.734375,0.697266294009664,0.03287841191067,0.00142314990512334,0.555831265508685,0.563436563436564,ok,0.862685195495243,GSE72970|4,0.568106312292359,0.557692307692308,0.567001654259719,0.0493090733272404,-0.377507753228074,0.861856132869487
SIG274,GSE72970,8,8,0.503722084367246,1,0.640625,0.262929504491868,0.0179900744416873,0.00142314990512334,0.555831265508685,0.968031968031968,ok,0.994859953302878,GSE72970|8,0.960132890365449,0.559553349875931,0.56706782464847,0.0494566434755113,-1.28083379359519,0.989508936930575
SIG275,GSE72970,4,4,0.51985111662531,1,0.645833333333333,0.403126710849244,-0.00310173697270466,0.0203984819734345,0.555831265508685,0.821178821178821,ok,0.956136534573845,GSE72970|4,0.820598006644518,0.557692307692308,0.567001654259719,0.0493090733272404,-0.956224371151604,0.954877680459076
SIG276,GSE72970,12,12,0.570719602977668,1,0.692708333333333,0.573090380827397,0.0303970223325062,0.0203984819734345,0.557071960297767,0.38961038961039,ok,0.801999236602738,GSE72970|12,0.418604651162791,0.560173697270471,0.569586435070306,0.0458076268195327,0.024737537961228,0.798133992286552
SIG277,GSE72970,6,6,0.579404466501241,1,0.796875,0.829752447947125,0.065136476426799,0.00142314990512334,0.557071960297767,0.350649350649351,ok,0.765923496298923,GSE72970|6,0.348837209302326,0.558312655086849,0.56697270471464,0.0469349529197814,0.264872147796727,0.760235461816646
SIG278,GSE72970,5,5,0.51985111662531,0,0.421875,0.237644704124817,-0.0130272952853598,-0.00806451612903226,0.559553349875931,0.821178821178821,ok,0.956136534573845,GSE72970|5,0.794019933554817,0.557071960297767,0.563912324234905,0.0496260771064696,-0.887864005753757,0.949855621448753
SIG279,GSE72970,7,7,0.610421836228288,1,0.713541666666667,0.527799912024448,0.0266749379652606,-0.00806451612903226,0.559553349875931,0.184815184815185,ok,0.684094062933653,GSE72970|7,0.182724252491694,0.558312655086849,0.566877584780811,0.0462026791562428,0.942461611375925,0.674674163046256
SIG280,GSE72970,4,4,0.625310173697271,0,0.604166666666667,0.514071868107038,0.0353598014888338,0.0109108159392789,0.555831265508685,0.120879120879121,ok,0.627264627264627,GSE72970|4,0.136212624584718,0.557692307692308,0.567001654259719,0.0493090733272404,1.18251095595707,0.642252750176756
SIG281,GSE72970,4,4,0.616625310173697,1,0.6875,0.471230036071167,0.0936724565756824,0.0393738140417457,0.555831265508685,0.144855144855145,ok,0.655947825759147,GSE72970|4,0.166112956810631,0.557692307692308,0.567001654259719,0.0493090733272404,1.00637981137163,0.668630769552226
SIG282,GSE72970,16,16,0.652605459057072,1,0.770833333333333,1.26580954818778,0.0887096774193549,0.0203984819734345,0.557071960297767,0.0539460539460539,ok,0.486274289091191,GSE72970|16,0.0431893687707641,0.553349875930521,0.564164598842018,0.0468929801917458,1.88601491851058,0.425249169435216
SIG283,GSE72970,10,10,0.518610421836228,1,0.520833333333333,0.255319997064226,0.0291563275434243,0.0203984819734345,0.554590570719603,0.81018981018981,ok,0.954334009548733,GSE72970|10,0.843853820598007,0.549627791563276,0.562564102564103,0.0471838081839024,-0.931541611829251,0.963042079982061
SIG284,GSE72970,3,3,0.643920595533499,1,0.661458333333333,0.422566145716471,0.0837468982630273,0.0203984819734345,0.559553349875931,0.0859140859140859,ok,0.559169643915407,GSE72970|3,0.053156146179402,0.554590570719603,0.562981803143094,0.0451118546133812,1.79418011261273,0.449602646098907
SIG285,GSE72970,9,9,0.596774193548387,1,0.755208333333333,0.896489100115968,0.0229528535980149,0.0109108159392789,0.555831265508685,0.225774225774226,ok,0.702182128489577,GSE72970|9,0.212624584717608,0.558312655086849,0.563651778329198,0.0455056359487766,0.72787500995423,0.687271384945804
SIG286,GSE72970,5,5,0.532258064516129,1,0.666666666666667,0.604114214219114,0.0266749379652606,0.00142314990512334,0.559553349875931,0.72027972027972,ok,0.921958041958042,GSE72970|5,0.681063122923588,0.557071960297767,0.563912324234905,0.0496260771064696,-0.637855368879223,0.906824685168717
SIG287,GSE72970,3,3,0.727047146401985,1,0.90625,1.08582325055224,0.142059553349876,0.0203984819734345,0.559553349875931,0.003996003996004,ok,0.250184598010685,GSE72970|3,0.00332225913621262,0.554590570719603,0.562981803143094,0.0451118546133812,3.63685653504979,0.212624584717608
SIG288,GSE72970,5,5,0.602977667493797,0,0.625,0.437233054965143,0.0787841191066998,0.0298861480075901,0.559553349875931,0.228771228771229,ok,0.702182128489577,GSE72970|5,0.182724252491694,0.557071960297767,0.563912324234905,0.0496260771064696,0.787193861305618,0.674674163046256
SIG289,GSE72970,17,16,0.524813895781638,0,0.28125,-0.473715039645466,0.00558312655086846,0.0109108159392789,0.557071960297767,0.765234765234765,ok,0.936482462229442,GSE72970|16,0.770764119601329,0.553349875930521,0.564164598842018,0.0468929801917458,-0.839159782540476,0.941391291116127
SIG290,GSE72970,3,3,0.544665012406948,0,0.432291666666667,0.0784155477682389,0.0440446650124069,0.00142314990512334,0.559553349875931,0.63036963036963,ok,0.886024663477079,GSE72970|3,0.59468438538206,0.554590570719603,0.562981803143094,0.0451118546133812,-0.406030541043468,0.866965846570657
SIG291,GSE72970,3,3,0.555831265508685,0,0.453125,0.220751625211499,0.0353598014888338,-0.00806451612903226,0.559553349875931,0.53946053946054,ok,0.853685894073616,GSE72970|3,0.485049833887043,0.554590570719603,0.562981803143094,0.0451118546133812,-0.158506842507145,0.839158361018826
SIG292,GSE72970,15,14,0.564516129032258,1,0.734375,1.04561183189362,0.0155086848635235,0.0109108159392789,0.555831265508685,0.422577422577423,ok,0.808003590612286,GSE72970|14,0.451827242524917,0.559553349875931,0.565450785773366,0.0465466865831934,-0.020079984413882,0.817632710318417
SIG293,GSE72970,7,6,0.563275434243176,0,0.572916666666667,0.527093596872862,0.0403225806451613,0.0109108159392789,0.557071960297767,0.451548451548452,ok,0.815590806183469,GSE72970|6,0.458471760797342,0.558312655086849,0.56697270471464,0.0469349529197814,-0.0787743513407448,0.82499135963533
SIG294,GSE72970,4,4,0.59181141439206,1,0.479166666666667,0.605937837227732,0.031637717121588,0.0488614800759013,0.555831265508685,0.271728271728272,ok,0.72249466351343,GSE72970|4,0.27906976744186,0.557692307692308,0.567001654259719,0.0493090733272404,0.503147969699021,0.721960973408656
SIG295,GSE72970,9,7,0.586848635235732,0,0.546875,0.17247102833267,0.0291563275434243,0.0298861480075901,0.559553349875931,0.298701298701299,ok,0.735264735264735,GSE72970|7,0.3421926910299,0.558312655086849,0.566877584780811,0.0462026791562428,0.432248753094722,0.756429537421821
SIG296,GSE72970,11,11,0.544665012406948,0,0.453125,-0.094059758919464,-0.00806451612903225,0.00142314990512334,0.555831265508685,0.594405594405594,ok,0.865901928117406,GSE72970|11,0.588039867109635,0.552109181141439,0.561840363937138,0.0451215219638136,-0.380646546984039,0.866965846570657
SIG297,GSE72970,11,11,0.599255583126551,1,0.822916666666667,1.40884210815181,0.0862282878411911,0.0583491461100569,0.555831265508685,0.240759240759241,ok,0.70620288802107,GSE72970|11,0.179401993355482,0.552109181141439,0.561840363937138,0.0451215219638136,0.829210043478123,0.674674163046256
SIG298,GSE72970,9,9,0.527295285359801,0,0.546875,0.597725582059393,0.0204714640198511,0.0109108159392789,0.555831265508685,0.775224775224775,ok,0.940259992692084,GSE72970|9,0.760797342192691,0.558312655086849,0.563651778329198,0.0455056359487766,-0.798944838620019,0.93864979817754
SIG300,GSE72970,5,5,0.517369727047147,1,0.619791666666667,0.126022540442069,0.0167493796526055,0.00142314990512334,0.559553349875931,0.846153846153846,ok,0.962445838185483,GSE72970|5,0.807308970099668,0.557071960297767,0.563912324234905,0.0496260771064696,-0.937865733128648,0.952694051992232
SIG301,GSE72970,7,7,0.65136476426799,0,0.614583333333333,0.519971399353917,0.0800248138957817,0.00142314990512334,0.559553349875931,0.0629370629370629,ok,0.504758399495242,GSE72970|7,0.0498338870431894,0.558312655086849,0.566877584780811,0.0462026791562428,1.82862078628537,0.436899831611523
SIG302,GSE72970,6,6,0.642679900744417,0,0.567708333333333,0.601438936327591,0.0812655086848635,0.00142314990512334,0.557071960297767,0.0809190809190809,ok,0.543232990785438,GSE72970|6,0.0830564784053156,0.558312655086849,0.56697270471464,0.0469349529197814,1.61302379825908,0.540570978095614
SIG303,GSE72970,3,3,0.616625310173697,1,0.630208333333333,0.678930661773143,0.0576923076923077,0.0298861480075901,0.559553349875931,0.16983016983017,ok,0.674234856053038,GSE72970|3,0.12624584717608,0.554590570719603,0.562981803143094,0.0451118546133812,1.18912218285727,0.624721717984724
SIG304,GSE72970,4,4,0.609181141439206,0,0.567708333333333,0.568615603232786,0.0353598014888338,0.0203984819734345,0.555831265508685,0.176823176823177,ok,0.674951291253478,GSE72970|4,0.199335548172757,0.557692307692308,0.567001654259719,0.0493090733272404,0.85541025886985,0.685885757153574
SIG305,GSE72970,7,7,0.53970223325062,1,0.666666666666667,0.531346217269863,0.0254342431761787,0.0203984819734345,0.559553349875931,0.654345654345654,ok,0.897013434326867,GSE72970|7,0.6578073089701,0.558312655086849,0.566877584780811,0.0462026791562428,-0.588176963467687,0.897647500513569
SIG306,GSE72970,11,11,0.529776674937965,1,0.765625,0.486545134593507,0.0279156327543424,0.00142314990512334,0.555831265508685,0.716283716283716,ok,0.919909521916211,GSE72970|11,0.744186046511628,0.552109181141439,0.561840363937138,0.0451215219638136,-0.710607435291909,0.929627332011923
SIG307,GSE72970,13,13,0.547146401985112,1,0.651041666666667,0.358298584291727,0.0403225806451613,0.0109108159392789,0.559553349875931,0.606393606393606,ok,0.876053968604759,GSE72970|13,0.571428571428571,0.555831265508685,0.563341604631927,0.0453262902386992,-0.357302628596502,0.861856132869487
SIG308,GSE72970,5,5,0.658808933002481,1,0.75,0.628264740846371,0.106079404466501,0.0298861480075901,0.559553349875931,0.041958041958042,ok,0.462985290571498,GSE72970|5,0.0631229235880399,0.557071960297767,0.563912324234905,0.0496260771064696,1.91223272724099,0.477149658618254
SIG309,GSE72970,3,3,0.656327543424318,1,0.703125,0.462170419651028,0.106079404466501,0.0298861480075901,0.559553349875931,0.056943056943057,ok,0.501516831792061,GSE72970|3,0.0431893687707641,0.554590570719603,0.562981803143094,0.0451118546133812,2.06920644431976,0.425249169435216
SIG310,GSE72970,4,4,0.517369727047147,1,0.552083333333333,0.224684734800353,0.0192307692307692,0.0393738140417457,0.555831265508685,0.836163836163836,ok,0.960762756094893,GSE72970|4,0.830564784053156,0.557692307692308,0.567001654259719,0.0493090733272404,-1.00654755531885,0.96102228266722
SIG311,GSE72970,5,4,0.508684863523573,1,0.473958333333333,0.679634784136803,0.0303970223325062,0.0109108159392789,0.555831265508685,0.926073926073926,ok,0.98774839351336,GSE72970|4,0.913621262458472,0.557692307692308,0.567001654259719,0.0493090733272404,-1.18267869990429,0.978073089700997
SIG312,GSE72970,9,9,0.560794044665012,1,0.713541666666667,0.711331974132084,0.031637717121588,0.00142314990512334,0.555831265508685,0.468531468531469,ok,0.824546672392685,GSE72970|9,0.488372093023256,0.558312655086849,0.563651778329198,0.0455056359487766,-0.0627995544860076,0.839158361018826
SIG313,GSE72970,3,3,0.508684863523573,0,0.354166666666667,-0.222325353328155,-0.0167493796526055,0.0203984819734345,0.559553349875931,0.944055944055944,ok,0.990450597437497,GSE72970|3,0.916943521594684,0.554590570719603,0.562981803143094,0.0451118546133812,-1.20360690299385,0.978073089700997
SIG314,GSE72970,8,7,0.606699751861042,1,0.59375,1.01131214914868,0.0465260545905707,0.0393738140417457,0.559553349875931,0.200799200799201,ok,0.684094062933653,GSE72970|7,0.205980066445183,0.558312655086849,0.566877584780811,0.0462026791562428,0.861901686384147,0.687271384945804
SIG315,GSE72970,8,8,0.531017369727047,0,0.5,-0.0582581845749892,-0.00310173697270466,0.0109108159392789,0.555831265508685,0.701298701298701,ok,0.913001805496735,GSE72970|8,0.727574750830565,0.559553349875931,0.56706782464847,0.0494566434755113,-0.728930481084373,0.922683964065181
SIG316,GSE72970,10,10,0.601736972704715,1,0.760416666666667,0.861571389005263,0.0676178660049628,0.0203984819734345,0.554590570719603,0.204795204795205,ok,0.684094062933653,GSE72970|10,0.196013289036545,0.549627791563276,0.562564102564103,0.0471838081839024,0.830218493342743,0.680552468264315
SIG317,GSE72970,7,7,0.514888337468983,0,0.473958333333333,-0.135803536001852,0.0117866004962779,-0.00806451612903226,0.559553349875931,0.871128871128871,ok,0.966775160323548,GSE72970|7,0.863787375415283,0.558312655086849,0.566877584780811,0.0462026791562428,-1.12524313007946,0.965130723674708
SIG318,GSE72970,4,4,0.569478908188586,0,0.6875,0.584360378047939,0.0266749379652606,0.0298861480075901,0.555831265508685,0.417582417582418,ok,0.808003590612286,GSE72970|4,0.401993355481728,0.557692307692308,0.567001654259719,0.0493090733272404,0.0502393121936582,0.792470448132836
SIG319,GSE72970,8,8,0.511166253101737,0,0.447916666666667,-0.120165501349028,0.0142679900744417,0.0109108159392789,0.555831265508685,0.898101898101898,ok,0.976972036462122,GSE72970|8,0.887043189368771,0.559553349875931,0.56706782464847,0.0494566434755113,-1.13031470836497,0.976041182406767
SIG320,GSE72970,8,8,0.621588089330025,1,0.71875,1.13523677058335,0.0502481389578164,0.0298861480075901,0.555831265508685,0.11988011988012,ok,0.625461495026713,GSE72970|8,0.152823920265781,0.559553349875931,0.56706782464847,0.0494566434755113,1.10238505588336,0.650602942151439
SIG321,GSE72970,3,3,0.553349875930521,0,0.515625,0.22215840985645,0.00806451612903225,0.0109108159392789,0.559553349875931,0.565434565434565,ok,0.862685195495243,GSE72970|3,0.524916943521595,0.554590570719603,0.562981803143094,0.0451118546133812,-0.213512108848555,0.846924816438203
SIG322,GSE72970,7,7,0.501240694789082,1,0.697916666666667,-0.235461202945012,-0.00558312655086846,0.00142314990512334,0.559553349875931,0.996003996003996,ok,1,GSE72970|7,0.993355481727575,0.558312655086849,0.566877584780811,0.0462026791562428,-1.42062952171595,0.997511780814301
SIG323,GSE72970,5,5,0.523573200992556,1,0.479166666666667,-0.143693071051022,-0.00434243176178661,-0.00806451612903226,0.559553349875931,0.783216783216783,ok,0.94339788191733,GSE72970|5,0.73421926910299,0.557071960297767,0.563912324234905,0.0496260771064696,-0.812861414691391,0.928656783055165
SIG324,GSE72970,3,3,0.617866004962779,0,0.604166666666667,0.407598564303691,0.0576923076923077,0.0298861480075901,0.559553349875931,0.164835164835165,ok,0.670515924753213,GSE72970|3,0.122923588039867,0.554590570719603,0.562981803143094,0.0451118546133812,1.21662481602797,0.617835835174201
SIG325,GSE72970,3,3,0.588089330024814,1,0.661458333333333,0.366859574667573,0.0303970223325062,0.0298861480075901,0.559553349875931,0.321678321678322,ok,0.750958132776315,GSE72970|3,0.26578073089701,0.554590570719603,0.562981803143094,0.0451118546133812,0.556561619931119,0.721960973408656
SIG326,GSE72970,9,9,0.508684863523573,1,0.651041666666667,0.41554327979646,0.0093052109181142,0.0203984819734345,0.555831265508685,0.934065934065934,ok,0.989671121829712,GSE72970|9,0.913621262458472,0.558312655086849,0.563651778329198,0.0455056359487766,-1.20791444091668,0.978073089700997
SIG327,GSE72970,3,2,0.51985111662531,1,0.484375,-0.0220565198590054,0.0093052109181142,0.0298861480075901,0.555831265508685,0.818181818181818,ok,0.956136534573845,GSE72970|2,0.840531561461794,0.560794044665012,0.566058726220017,0.0447467306441336,-1.03264772486265,0.963042079982061
SIG328,GSE72970,9,9,0.581885856079405,0,0.447916666666667,-0.0594490185553736,-0.0229528535980149,0.00142314990512334,0.555831265508685,0.324675324675325,ok,0.75287031808771,GSE72970|9,0.305647840531561,0.558312655086849,0.563651778329198,0.0455056359487766,0.400699328116907,0.728094111439948
SIG329,GSE72970,5,4,0.719602977667494,0,0.807291666666667,1.24209115370772,0.125930521091811,0.0109108159392789,0.555831265508685,0.003996003996004,ok,0.250184598010685,GSE72970|4,0.00996677740863787,0.557692307692308,0.567001654259719,0.0493090733272404,3.09479195431304,0.318936877076412
SIG330,GSE72970,16,16,0.560794044665012,1,0.666666666666667,0.50617249822404,0.0353598014888338,0.0298861480075901,0.557071960297767,0.486513486513487,ok,0.832985841866836,GSE72970|16,0.45514950166113,0.553349875930521,0.564164598842018,0.0468929801917458,-0.0718775851571799,0.822095054740704
SIG331,GSE72970,4,4,0.562034739454094,1,0.723958333333333,0.666404978296973,0.0353598014888338,0.0109108159392789,0.555831265508685,0.462537462537463,ok,0.821528148077639,GSE72970|4,0.471760797342193,0.557692307692308,0.567001654259719,0.0493090733272404,-0.100730240308144,0.833284941027608
SIG332,GSE72970,3,3,0.715880893300248,1,0.838541666666667,0.727077989583042,0.154466501240695,0.0298861480075901,0.559553349875931,0.003996003996004,ok,0.250184598010685,GSE72970|3,0.00664451827242525,0.554590570719603,0.562981803143094,0.0451118546133812,3.38933283651347,0.283499446290144
SIG334,GSE72970,4,4,0.550868486352357,0,0.520833333333333,0.163156338555836,0.0155086848635235,0.0109108159392789,0.555831265508685,0.53946053946054,ok,0.853685894073616,GSE72970|4,0.561461794019934,0.557692307692308,0.567001654259719,0.0493090733272404,-0.327184569060826,0.861027671340473
SIG335,GSE72970,8,7,0.544665012406948,1,0.484375,0.469881919464458,0.0204714640198511,0.0298861480075901,0.559553349875931,0.627372627372627,ok,0.88505175940885,GSE72970|7,0.617940199335548,0.558312655086849,0.566877584780811,0.0462026791562428,-0.480763730145319,0.880152212703452
SIG336,GSE72970,3,3,0.578163771712159,0,0.619791666666667,0.163901171273483,0.0378411910669976,0.0109108159392789,0.559553349875931,0.390609390609391,ok,0.801999236602738,GSE72970|3,0.32890365448505,0.554590570719603,0.562981803143094,0.0451118546133812,0.336540554565502,0.75357400550274
SIG337,GSE72970,4,4,0.615384615384615,0,0.614583333333333,0.109611666063771,0.00310173697270466,0.00142314990512334,0.555831265508685,0.14985014985015,ok,0.656877369206136,GSE72970|4,0.169435215946844,0.557692307692308,0.567001654259719,0.0493090733272404,0.981218219287997,0.673452369922304
SIG338,GSE72970,3,3,0.535980148883375,1,0.697916666666667,0.202903365366094,0.0068238213399503,0.0298861480075901,0.559553349875931,0.712287712287712,ok,0.917847253417723,GSE72970|3,0.681063122923588,0.554590570719603,0.562981803143094,0.0451118546133812,-0.598548973238381,0.906824685168717
