cohort,sig_id,n_gene,n_measured,n_case,n_ctrl,C_clinical,C_plus_sig,NRI,NRI_z,NRI_p,IDI,IDI_z,IDI_p,p_up_case,p_down_case,p_up_ctrl,p_down_ctrl
GSE17536,SIG001,4,4,67,52,0.7617,0.7628,0.3307,1.818,0.06907,0.01342,1.7447,0.08103,0.6269,0.3731,0.4615,0.5385
GSE17536,SIG002,4,4,67,52,0.7617,0.7713,0.3823,2.1289,0.03327,0.02298,1.6169,0.1059,0.5373,0.4627,0.3462,0.6538
GSE17536,SIG003,13,11,67,52,0.7617,0.7627,0.0189,0.1033,0.9177,0.00446,0.6905,0.4899,0.5672,0.4328,0.5577,0.4423
GSE17536,SIG004,9,8,67,52,0.7617,0.7668,0.3054,1.6799,0.09298,0.0075,1.491,0.136,0.5373,0.4627,0.3846,0.6154
GSE17536,SIG005,6,6,67,52,0.7617,0.775,0.5017,2.8147,0.004882,0.02661,1.8412,0.0656,0.597,0.403,0.3462,0.6538
GSE17536,SIG006,8,8,67,52,0.7617,0.7696,0.0235,0.1274,0.8986,0.00951,1.023,0.3063,0.4925,0.5075,0.4808,0.5192
GSE17536,SIG007,15,15,67,52,0.7617,0.7618,-0.19,-1.0333,0.3015,-0.00055,-0.4059,0.6848,0.4627,0.5373,0.5577,0.4423
GSE17536,SIG009,6,6,67,52,0.7617,0.7741,0.3352,1.8463,0.06484,0.03747,2.5073,0.01217,0.5522,0.4478,0.3846,0.6154
GSE17536,SIG010,6,6,67,52,0.7617,0.7696,0.2583,1.4106,0.1584,0.0083,0.9625,0.3358,0.5522,0.4478,0.4231,0.5769
GSE17536,SIG011,3,3,67,52,0.7617,0.7652,0.2285,1.2461,0.2127,0.0012,0.3639,0.7159,0.5373,0.4627,0.4231,0.5769
GSE17536,SIG012,3,3,67,52,0.7617,0.7587,0.3352,1.8463,0.06484,0.00634,1.4551,0.1456,0.5522,0.4478,0.3846,0.6154
GSE17536,SIG013,9,9,67,52,0.7617,0.7603,0.1177,0.6443,0.5194,-0.00132,-0.4266,0.6697,0.4627,0.5373,0.4038,0.5962
GSE17536,SIG014,15,15,67,52,0.7617,0.768,0.1946,1.0765,0.2817,0.00812,1.5841,0.1132,0.4627,0.5373,0.3654,0.6346
GSE17536,SIG015,3,3,67,52,0.7617,0.7657,-0.1005,-0.5456,0.5853,-0.00251,-0.486,0.627,0.5075,0.4925,0.5577,0.4423
GSE17536,SIG016,57,50,67,52,0.7617,0.7753,0.4248,2.3538,0.01858,0.04042,2.2043,0.0275,0.597,0.403,0.3846,0.6154
GSE17536,SIG018,9,9,67,52,0.7617,0.7758,0.4208,2.3608,0.01824,0.02313,1.7076,0.08771,0.5373,0.4627,0.3269,0.6731
GSE17536,SIG019,12,12,67,52,0.7617,0.7762,0.399,2.2063,0.02736,0.02999,1.9163,0.05533,0.6418,0.3582,0.4423,0.5577
GSE17536,SIG020,5,3,67,52,0.7617,0.7761,0.2153,1.182,0.2372,0.01138,0.759,0.4479,0.6269,0.3731,0.5192,0.4808
GSE17536,SIG021,10,8,67,52,0.7617,0.7713,0.4036,2.2388,0.02517,0.01761,1.2538,0.2099,0.5672,0.4328,0.3654,0.6346
GSE17536,SIG022,4,4,67,52,0.7617,0.7634,0.2411,1.3145,0.1887,0.00735,1.0952,0.2734,0.5821,0.4179,0.4615,0.5385
GSE17536,SIG023,9,9,67,52,0.7617,0.7622,-0.0448,-0.2424,0.8085,0.00831,1.1849,0.236,0.4776,0.5224,0.5,0.5
GSE17536,SIG024,7,6,67,52,0.7617,0.7796,0.4845,2.7012,0.006908,0.03069,1.7692,0.07685,0.6269,0.3731,0.3846,0.6154
GSE17536,SIG025,13,11,67,52,0.7617,0.7626,0.1602,0.8703,0.3842,0.00014,0.0713,0.9431,0.5224,0.4776,0.4423,0.5577
GSE17536,SIG026,31,29,67,52,0.7617,0.7614,-0.0235,-0.1274,0.8986,0.00087,0.1811,0.8563,0.5075,0.4925,0.5192,0.4808
GSE17536,SIG027,4,4,67,52,0.7617,0.7757,0.3519,1.9471,0.05152,0.02604,1.892,0.05849,0.6567,0.3433,0.4808,0.5192
GSE17536,SIG028,4,4,67,52,0.7617,0.7804,0.4845,2.7012,0.006908,0.02494,1.5134,0.1302,0.6269,0.3731,0.3846,0.6154
GSE17536,SIG029,5,4,67,52,0.7617,0.767,0.5316,2.9909,0.002781,0.02,1.6019,0.1092,0.6119,0.3881,0.3462,0.6538
GSE17536,SIG030,7,7,67,52,0.7617,0.7621,-0.1389,-0.7568,0.4492,0.00058,0.2407,0.8098,0.5075,0.4925,0.5769,0.4231
GSE17536,SIG031,4,4,67,52,0.7617,0.761,-0.0321,-0.1743,0.8616,-2e-04,-0.3692,0.712,0.5224,0.4776,0.5385,0.4615
GSE17536,SIG032,10,10,67,52,0.7617,0.7611,0.1045,0.5667,0.5709,2e-05,0.0536,0.9573,0.5522,0.4478,0.5,0.5
GSE17536,SIG033,10,9,67,52,0.7617,0.774,0.4891,2.7712,0.005584,0.03446,2.0076,0.04469,0.5522,0.4478,0.3077,0.6923
GSE17536,SIG034,14,14,67,52,0.7617,0.7595,0.442,2.4684,0.01357,0.00744,1.5159,0.1296,0.5672,0.4328,0.3462,0.6538
GSE17536,SIG035,3,2,67,52,0.7617,0.7723,0.8175,4.8409,1.293e-06,0.03429,2.2985,0.02153,0.7164,0.2836,0.3077,0.6923
GSE17536,SIG036,13,12,67,52,0.7617,0.764,0.1217,0.6599,0.5093,-0.00164,-0.4299,0.6672,0.5224,0.4776,0.4615,0.5385
GSE17536,SIG037,14,13,67,52,0.7617,0.7741,0.4208,2.3608,0.01824,0.02621,1.8769,0.06053,0.5373,0.4627,0.3269,0.6731
GSE17536,SIG038,3,3,67,52,0.7617,0.7731,0.3565,1.9611,0.04986,0.02365,2.0018,0.04531,0.5821,0.4179,0.4038,0.5962
GSE17536,SIG039,14,14,67,52,0.7617,0.7611,0.2371,1.297,0.1946,0.00116,1.1055,0.2689,0.5224,0.4776,0.4038,0.5962
GSE17536,SIG040,15,13,67,52,0.7617,0.774,0.5786,3.2998,0.0009674,0.03065,2.1111,0.03477,0.597,0.403,0.3077,0.6923
GSE17536,SIG041,10,10,67,52,0.7617,0.7626,0.0878,0.4814,0.6302,-0.00031,-0.2533,0.8,0.4478,0.5522,0.4038,0.5962
GSE17536,SIG042,8,7,67,52,0.7617,0.7626,-0.0281,-0.1547,0.877,0.00113,0.4805,0.6309,0.5821,0.4179,0.5962,0.4038
GSE17536,SIG043,14,14,67,52,0.7617,0.7656,0.0321,0.1743,0.8616,0.00282,0.3714,0.7103,0.4776,0.5224,0.4615,0.5385
GSE17536,SIG044,3,3,67,52,0.7617,0.7602,0.0109,0.0594,0.9526,-0.00057,-0.3467,0.7288,0.4478,0.5522,0.4423,0.5577
GSE17536,SIG045,6,6,67,52,0.7617,0.7623,-0.0918,-0.4978,0.6186,7e-04,0.7982,0.4248,0.4925,0.5075,0.5385,0.4615
GSE17536,SIG046,5,4,67,52,0.7617,0.763,0.1091,0.5944,0.5522,-0.00025,-0.0494,0.9606,0.4776,0.5224,0.4231,0.5769
GSE17536,SIG047,4,4,67,52,0.7617,0.7714,0.0786,0.4307,0.6667,0.00353,0.3,0.7642,0.597,0.403,0.5577,0.4423
GSE17536,SIG048,11,11,67,52,0.7617,0.7686,0.3398,1.9215,0.05467,0.01834,2.4209,0.01548,0.4776,0.5224,0.3077,0.6923
GSE17536,SIG049,14,14,67,52,0.7617,0.7723,0.2796,1.5275,0.1266,0.01936,1.362,0.1732,0.5821,0.4179,0.4423,0.5577
GSE17536,SIG050,6,5,67,52,0.7617,0.7638,0.1091,0.5944,0.5522,-0.00108,-0.166,0.8682,0.4776,0.5224,0.4231,0.5769
GSE17536,SIG051,7,7,67,52,0.7617,0.7774,0.2239,1.2249,0.2206,0.01152,1.0371,0.2997,0.6119,0.3881,0.5,0.5
GSE17536,SIG052,20,19,67,52,0.7617,0.7666,0.2968,1.6268,0.1038,0.00956,1.1433,0.2529,0.5522,0.4478,0.4038,0.5962
GSE17536,SIG053,11,9,67,52,0.7617,0.7687,0.2796,1.5275,0.1266,0.01226,1.0821,0.2792,0.5821,0.4179,0.4423,0.5577
GSE17536,SIG054,46,45,67,52,0.7617,0.7761,0.4546,2.5265,0.01152,0.03254,2.3057,0.02113,0.6119,0.3881,0.3846,0.6154
GSE17536,SIG055,21,20,67,52,0.7617,0.7653,0.2669,1.4614,0.1439,0.00204,0.3921,0.695,0.5373,0.4627,0.4038,0.5962
GSE17536,SIG056,7,6,67,52,0.7617,0.7617,-0.0746,-0.4043,0.686,-5e-05,-0.5616,0.5744,0.4627,0.5373,0.5,0.5
GSE17536,SIG057,8,8,67,52,0.7617,0.7703,0.3479,1.911,0.05601,0.01671,1.2801,0.2005,0.597,0.403,0.4231,0.5769
GSE17536,SIG058,24,22,67,52,0.7617,0.764,0.271,1.4808,0.1387,0.01134,1.5298,0.1261,0.597,0.403,0.4615,0.5385
GSE17536,SIG059,14,13,67,52,0.7617,0.7654,0.3823,2.1289,0.03327,0.00583,0.9434,0.3455,0.5373,0.4627,0.3462,0.6538
GSE17536,SIG060,7,6,67,52,0.7617,0.7651,0.1263,0.6955,0.4867,0.01009,1.2903,0.1969,0.4478,0.5522,0.3846,0.6154
GSE17536,SIG062,43,42,67,52,0.7617,0.762,0.2457,1.3499,0.1771,0.00042,0.1526,0.8787,0.5075,0.4925,0.3846,0.6154
GSE17536,SIG063,19,19,67,52,0.7617,0.7618,0.1005,0.5456,0.5853,0.00595,0.7844,0.4328,0.4925,0.5075,0.4423,0.5577
GSE17536,SIG064,3,3,67,52,0.7617,0.7693,0.2968,1.6268,0.1038,0.00785,1.2399,0.215,0.5522,0.4478,0.4038,0.5962
GSE17536,SIG065,5,5,67,52,0.7617,0.761,-0.2842,-1.57,0.1164,-0.00145,-0.8118,0.4169,0.4925,0.5075,0.6346,0.3654
GSE17536,SIG066,11,11,67,52,0.7617,0.7732,0.1688,0.9194,0.3579,0.00959,0.8929,0.3719,0.5075,0.4925,0.4231,0.5769
GSE17536,SIG067,5,5,67,52,0.7617,0.7754,0.2755,1.5145,0.1299,0.029,1.6475,0.09945,0.5224,0.4776,0.3846,0.6154
GSE17536,SIG068,5,5,67,52,0.7617,0.7603,0.2113,1.1495,0.2503,-0.00208,-0.6352,0.5253,0.5672,0.4328,0.4615,0.5385
GSE17536,SIG069,7,7,67,52,0.7617,0.7619,0.0149,0.0808,0.9356,-0.00016,-0.0283,0.9774,0.5075,0.4925,0.5,0.5
GSE17536,SIG070,3,3,67,52,0.7617,0.7672,0.4633,2.5816,0.009833,0.01814,1.8541,0.06372,0.597,0.403,0.3654,0.6346
GSE17536,SIG071,13,13,67,52,0.7617,0.764,0.0235,0.1274,0.8986,0.00199,0.5854,0.5583,0.4925,0.5075,0.4808,0.5192
GSE17536,SIG072,15,14,67,52,0.7617,0.7617,0.1688,0.9194,0.3579,0.00015,0.3656,0.7146,0.5075,0.4925,0.4231,0.5769
GSE17536,SIG073,16,16,67,52,0.7617,0.7637,0.2285,1.2461,0.2127,0.00834,1.5307,0.1258,0.5373,0.4627,0.4231,0.5769
GSE17536,SIG074,11,11,67,52,0.7617,0.7782,0.3266,1.7933,0.07292,0.02071,1.5201,0.1285,0.5672,0.4328,0.4038,0.5962
GSE17536,SIG075,14,13,67,52,0.7617,0.7821,0.3054,1.6799,0.09298,0.02994,1.6938,0.0903,0.5373,0.4627,0.3846,0.6154
GSE17536,SIG076,9,8,67,52,0.7617,0.774,0.4759,2.6502,0.008045,0.03349,1.7835,0.0745,0.6418,0.3582,0.4038,0.5962
GSE17536,SIG077,7,7,67,52,0.7617,0.7672,0.0149,0.0808,0.9356,0.01235,1.861,0.06274,0.5075,0.4925,0.5,0.5
GSE17536,SIG078,6,5,67,52,0.7617,0.7644,0.2158,1.1859,0.2357,0.00691,0.9601,0.337,0.4925,0.5075,0.3846,0.6154
GSE17536,SIG079,5,5,67,52,0.7617,0.7615,0.0918,0.4978,0.6186,-0.00079,-0.2262,0.821,0.5075,0.4925,0.4615,0.5385
GSE17536,SIG080,8,8,67,52,0.7617,0.762,0.2882,1.5761,0.115,0.00621,1.0164,0.3094,0.5672,0.4328,0.4231,0.5769
GSE17536,SIG081,5,5,67,52,0.7617,0.7651,0.314,1.7356,0.08263,0.00842,0.8975,0.3694,0.5224,0.4776,0.3654,0.6346
GSE17536,SIG082,6,6,67,52,0.7617,0.7746,0.3398,1.9215,0.05467,0.01453,1.2446,0.2133,0.4776,0.5224,0.3077,0.6923
GSE17536,SIG083,17,16,67,52,0.7617,0.7644,0.4036,2.2388,0.02517,0.00595,1.3826,0.1668,0.5672,0.4328,0.3654,0.6346
GSE17536,SIG084,15,15,67,52,0.7617,0.7727,0.2968,1.6268,0.1038,0.0096,0.9308,0.352,0.5522,0.4478,0.4038,0.5962
GSE17536,SIG085,7,7,67,52,0.7617,0.7628,0.2755,1.5145,0.1299,0.00846,1.0082,0.3134,0.5224,0.4776,0.3846,0.6154
GSE17536,SIG086,5,5,67,52,0.7617,0.7639,0.1091,0.5944,0.5522,0.00146,0.3794,0.7044,0.4776,0.5224,0.4231,0.5769
GSE17536,SIG087,5,5,67,52,0.7617,0.774,0.4248,2.3538,0.01858,0.02993,1.7684,0.07699,0.597,0.403,0.3846,0.6154
GSE17536,SIG088,6,6,67,52,0.7617,0.7907,0.7537,4.4736,7.693e-06,0.06,3.1618,0.001568,0.6269,0.3731,0.25,0.75
GSE17536,SIG089,5,5,67,52,0.7617,0.7711,0.4719,2.6406,0.008276,0.00162,0.1327,0.8945,0.5821,0.4179,0.3462,0.6538
GSE17536,SIG090,4,4,67,52,0.7617,0.7686,0.3226,1.7942,0.07278,0.02215,1.4845,0.1377,0.5075,0.4925,0.3462,0.6538
GSE17536,SIG091,7,7,67,52,0.7617,0.7614,0.1131,0.6129,0.5399,6e-04,0.6884,0.4912,0.5373,0.4627,0.4808,0.5192
GSE17536,SIG093,9,9,67,52,0.7617,0.7836,0.5534,3.2736,0.001062,0.04389,2.4621,0.01381,0.5075,0.4925,0.2308,0.7692
GSE17536,SIG094,3,3,67,52,0.7617,0.7676,0.1389,0.7568,0.4492,0.0041,0.8343,0.4041,0.4925,0.5075,0.4231,0.5769
GSE17536,SIG095,18,16,67,52,0.7617,0.7866,0.5913,3.3509,0.0008055,0.03728,2.2886,0.0221,0.6418,0.3582,0.3462,0.6538
GSE17536,SIG096,11,11,67,52,0.7617,0.7648,0.1986,1.0824,0.2791,0.00977,1.0132,0.311,0.5224,0.4776,0.4231,0.5769
GSE17536,SIG097,14,14,67,52,0.7617,0.7718,0.1217,0.6599,0.5093,0.00123,0.1492,0.8814,0.5224,0.4776,0.4615,0.5385
GSE17536,SIG098,5,5,67,52,0.7617,0.7679,0.2755,1.5145,0.1299,0.00924,1.7935,0.07289,0.5224,0.4776,0.3846,0.6154
GSE17536,SIG099,11,11,67,52,0.7617,0.7625,0.2245,1.2406,0.2147,0.00281,1.2006,0.2299,0.4776,0.5224,0.3654,0.6346
GSE17536,SIG101,10,8,67,52,0.7617,0.7636,0.1217,0.6599,0.5093,0.00217,0.8223,0.4109,0.5224,0.4776,0.4615,0.5385
GSE17536,SIG102,4,4,67,52,0.7617,0.7635,0.2968,1.6268,0.1038,0.0143,1.4238,0.1545,0.5522,0.4478,0.4038,0.5962
GSE17536,SIG107,15,13,67,52,0.7617,0.7605,0.1602,0.8703,0.3842,0.00108,1.0861,0.2774,0.5224,0.4776,0.4423,0.5577
GSE17536,SIG108,15,13,67,52,0.7617,0.7617,0.2669,1.4614,0.1439,0.00119,1.8068,0.0708,0.5373,0.4627,0.4038,0.5962
GSE17536,SIG109,7,7,67,52,0.7617,0.759,0.0746,0.4043,0.686,0.00469,0.5369,0.5913,0.5373,0.4627,0.5,0.5
GSE17536,SIG110,9,9,67,52,0.7617,0.7623,-0.1774,-0.97,0.3321,-0.00092,-0.3855,0.6999,0.5075,0.4925,0.5962,0.4038
GSE17536,SIG111,13,12,67,52,0.7617,0.7647,0.3014,1.6895,0.09113,0.00666,0.929,0.3529,0.4776,0.5224,0.3269,0.6731
GSE17536,SIG112,4,4,67,52,0.7617,0.7848,0.4076,2.2525,0.02429,0.03505,2.1928,0.02832,0.6269,0.3731,0.4231,0.5769
GSE17536,SIG113,10,10,67,52,0.7617,0.7744,0.3737,2.0698,0.03847,0.01119,0.8354,0.4035,0.5522,0.4478,0.3654,0.6346
GSE17536,SIG114,20,18,67,52,0.7617,0.7737,0.2285,1.2461,0.2127,0.01678,1.1081,0.2678,0.5373,0.4627,0.4231,0.5769
GSE17536,SIG115,4,4,67,52,0.7617,0.7613,0.2887,1.6549,0.09795,0.00848,2.0498,0.04038,0.4328,0.5672,0.2885,0.7115
GSE17536,SIG116,5,5,67,52,0.7617,0.7696,0.4036,2.2388,0.02517,0.01643,1.6115,0.1071,0.5672,0.4328,0.3654,0.6346
GSE17536,SIG117,4,4,67,52,0.7617,0.7639,0.1986,1.0824,0.2791,0.00124,0.5097,0.6103,0.5224,0.4776,0.4231,0.5769
GSE17536,SIG118,15,14,67,52,0.7617,0.7628,0.1257,0.6846,0.4936,0.00055,0.0689,0.9451,0.5821,0.4179,0.5192,0.4808
GSE17536,SIG119,10,10,67,52,0.7617,0.7697,0.3439,1.9021,0.05715,0.00372,0.3248,0.7454,0.5373,0.4627,0.3654,0.6346
GSE17536,SIG120,4,3,67,52,0.7617,0.7655,0.3008,1.6485,0.09924,0.00763,0.9352,0.3497,0.6119,0.3881,0.4615,0.5385
GSE17536,SIG121,6,6,67,52,0.7617,0.7631,0.1946,1.0765,0.2817,5e-05,0.0443,0.9647,0.4627,0.5373,0.3654,0.6346
GSE17536,SIG122,8,8,67,52,0.7617,0.7639,0.3823,2.1289,0.03327,0.01177,1.2104,0.2261,0.5373,0.4627,0.3462,0.6538
GSE17536,SIG124,4,4,67,52,0.7617,0.7782,0.446,2.4748,0.01333,0.0388,2.1397,0.03238,0.6269,0.3731,0.4038,0.5962
GSE17536,SIG125,4,4,67,52,0.7617,0.7621,0.1257,0.6846,0.4936,0.00149,0.3626,0.7169,0.5821,0.4179,0.5192,0.4808
GSE17536,SIG126,4,4,67,52,0.7617,0.7587,-0.0706,-0.3837,0.7012,0.0012,0.2615,0.7937,0.5224,0.4776,0.5577,0.4423
GSE17536,SIG127,6,6,67,52,0.7617,0.7733,0.5614,3.1696,0.001527,0.01988,1.5106,0.1309,0.6269,0.3731,0.3462,0.6538
GSE17536,SIG128,11,11,67,52,0.7617,0.7673,-0.1217,-0.6599,0.5093,-0.00264,-0.6432,0.5201,0.4776,0.5224,0.5385,0.4615
GSE17536,SIG129,9,9,67,52,0.7617,0.7611,-0.3226,-1.7942,0.07278,-0.00052,-0.7026,0.4823,0.4925,0.5075,0.6538,0.3462
GSE17536,SIG130,9,9,67,52,0.7617,0.7735,0.2755,1.5145,0.1299,0.01259,0.9909,0.3218,0.5224,0.4776,0.3846,0.6154
GSE17536,SIG132,5,5,67,52,0.7617,0.7636,-0.1091,-0.5944,0.5522,-0.00024,-0.1784,0.8584,0.5224,0.4776,0.5769,0.4231
GSE17536,SIG133,5,5,67,52,0.7617,0.7681,0.1131,0.6129,0.5399,-0.00211,-0.2464,0.8054,0.5373,0.4627,0.4808,0.5192
GSE17536,SIG134,8,8,67,52,0.7617,0.7612,-0.0534,-0.289,0.7726,0.00018,0.1365,0.8914,0.4925,0.5075,0.5192,0.4808
GSE17536,SIG135,3,3,67,52,0.7617,0.7636,0.1131,0.6129,0.5399,-0.00058,-0.1498,0.8809,0.5373,0.4627,0.4808,0.5192
GSE17536,SIG136,9,9,67,52,0.7617,0.7727,0.4805,2.7037,0.006858,0.02308,1.5479,0.1216,0.5672,0.4328,0.3269,0.6731
GSE17536,SIG138,5,5,67,52,0.7617,0.7638,0.1602,0.8703,0.3842,0.0151,1.4719,0.141,0.5224,0.4776,0.4423,0.5577
GSE17536,SIG139,4,4,67,52,0.7617,0.762,-0.1045,-0.5667,0.5709,-0.00028,-0.5816,0.5608,0.4478,0.5522,0.5,0.5
GSE17536,SIG140,6,6,67,52,0.7617,0.7707,0.1429,0.7756,0.438,0.01171,0.9296,0.3526,0.5522,0.4478,0.4808,0.5192
GSE17536,SIG141,7,7,67,52,0.7617,0.7588,-0.0063,-0.0342,0.9727,-0.00103,-0.1557,0.8763,0.4776,0.5224,0.4808,0.5192
GSE17536,SIG142,12,12,67,52,0.7617,0.7666,0.4036,2.2388,0.02517,0.00641,1.415,0.1571,0.5672,0.4328,0.3654,0.6346
GSE17536,SIG143,6,6,67,52,0.7617,0.7632,0.3312,1.856,0.06345,7e-04,0.5002,0.617,0.4925,0.5075,0.3269,0.6731
GSE17536,SIG144,3,3,67,52,0.7617,0.7614,0.2113,1.1495,0.2503,0.00616,0.9848,0.3247,0.5672,0.4328,0.4615,0.5385
GSE17536,SIG145,12,12,67,52,0.7617,0.7602,0.3479,1.911,0.05601,0.00357,0.7498,0.4534,0.597,0.403,0.4231,0.5769
GSE17536,SIG146,3,3,67,52,0.7617,0.7628,0.0706,0.3837,0.7012,0.00384,0.5759,0.5647,0.4776,0.5224,0.4423,0.5577
GSE17536,SIG147,3,3,67,52,0.7617,0.7799,0.4891,2.7712,0.005584,0.03355,2.088,0.03679,0.5522,0.4478,0.3077,0.6923
GSE17536,SIG148,8,6,67,52,0.7617,0.7699,0.3949,2.1831,0.02903,0.01191,0.9545,0.3398,0.5821,0.4179,0.3846,0.6154
GSE17536,SIG149,8,8,67,52,0.7617,0.7618,0.2629,1.4628,0.1435,0.00111,0.3849,0.7003,0.4776,0.5224,0.3462,0.6538
GSE17536,SIG150,10,10,67,52,0.7617,0.7621,0.3605,1.9893,0.04667,0.01265,1.603,0.1089,0.6418,0.3582,0.4615,0.5385
GSE17536,SIG151,8,8,67,52,0.7617,0.763,-0.0832,-0.4508,0.6522,0.00097,0.4651,0.6418,0.4776,0.5224,0.5192,0.4808
GSE17536,SIG152,8,8,67,52,0.7617,0.7666,-0.2457,-1.3499,0.1771,0.00305,0.426,0.6701,0.4925,0.5075,0.6154,0.3846
GSE17536,SIG153,8,8,67,52,0.7617,0.7638,0.399,2.2063,0.02736,0.00835,1.1005,0.2711,0.6418,0.3582,0.4423,0.5577
GSE17536,SIG154,3,3,67,52,0.7617,0.7699,0.3737,2.0698,0.03847,0.0157,1.2326,0.2177,0.5522,0.4478,0.3654,0.6346
GSE17536,SIG155,9,9,67,52,0.7617,0.7725,0.3525,1.961,0.04988,0.03157,2.4994,0.01244,0.5224,0.4776,0.3462,0.6538
GSE17536,SIG156,5,5,67,52,0.7617,0.7659,0.2199,1.197,0.2313,0.0056,0.9411,0.3466,0.5522,0.4478,0.4423,0.5577
GSE17536,SIG157,5,5,67,52,0.7617,0.7619,0.1814,0.9855,0.3244,0.00893,1.0718,0.2838,0.5522,0.4478,0.4615,0.5385
GSE17536,SIG159,6,6,67,52,0.7617,0.7604,0.1131,0.6129,0.5399,1e-04,0.0863,0.9312,0.5373,0.4627,0.4808,0.5192
GSE17536,SIG161,4,4,67,52,0.7617,0.7936,0.4076,2.2525,0.02429,0.03532,1.7641,0.07771,0.6269,0.3731,0.4231,0.5769
GSE17536,SIG163,4,4,67,52,0.7617,0.7824,0.3439,1.9021,0.05715,0.03686,2.5031,0.01231,0.5373,0.4627,0.3654,0.6346
GSE17536,SIG164,4,4,67,52,0.7617,0.7721,0.2842,1.57,0.1164,0.01254,1.0868,0.2771,0.5075,0.4925,0.3654,0.6346
GSE17536,SIG165,5,5,67,52,0.7617,0.7769,0.3863,2.1305,0.03313,0.03976,2.3107,0.02085,0.597,0.403,0.4038,0.5962
GSE17536,SIG166,3,3,67,52,0.7617,0.7673,0.2882,1.5761,0.115,0.00677,0.6465,0.5179,0.5672,0.4328,0.4231,0.5769
GSE17536,SIG167,3,3,67,52,0.7617,0.78,0.0189,0.1033,0.9177,0.02139,1.3571,0.1747,0.5672,0.4328,0.5577,0.4423
GSE17536,SIG168,9,9,67,52,0.7617,0.779,0.4248,2.3538,0.01858,0.02312,1.5266,0.1269,0.597,0.403,0.3846,0.6154
GSE17536,SIG169,8,8,67,52,0.7617,0.7761,0.1475,0.8071,0.4196,0.0148,1.1862,0.2356,0.4776,0.5224,0.4038,0.5962
GSE17536,SIG170,6,6,67,52,0.7617,0.7613,0.1005,0.5456,0.5853,0.00356,1.1646,0.2442,0.4925,0.5075,0.4423,0.5577
GSE17536,SIG171,4,4,67,52,0.7617,0.7755,0.5276,3.0182,0.002542,0.03464,2.1518,0.03141,0.5522,0.4478,0.2885,0.7115
GSE17536,SIG172,6,6,67,52,0.7617,0.7647,-0.0706,-0.3837,0.7012,0.00432,0.6215,0.5343,0.5224,0.4776,0.5577,0.4423
GSE17536,SIG173,5,5,67,52,0.7617,0.7649,0.4891,2.7712,0.005584,0.0057,1.006,0.3144,0.5522,0.4478,0.3077,0.6923
GSE17536,SIG175,6,5,67,52,0.7617,0.7623,0.066,0.3582,0.7202,0.00062,0.229,0.8189,0.5522,0.4478,0.5192,0.4808
GSE17536,SIG176,8,8,67,52,0.7617,0.7653,0.1521,0.86,0.3898,0.00302,1.0484,0.2944,0.403,0.597,0.3269,0.6731
GSE17536,SIG177,14,14,67,52,0.7617,0.7623,0.1343,0.7297,0.4656,0.00228,0.3501,0.7262,0.5672,0.4328,0.5,0.5
GSE17536,SIG178,3,3,67,52,0.7617,0.7778,0.5103,2.8777,0.004006,0.03784,2.5468,0.01087,0.5821,0.4179,0.3269,0.6731
GSE17536,SIG179,12,12,67,52,0.7617,0.7704,0.1774,0.97,0.3321,0.01297,1.4994,0.1338,0.4925,0.5075,0.4038,0.5962
GSE17536,SIG180,5,5,67,52,0.7617,0.7845,0.3054,1.6799,0.09298,0.022,1.3133,0.1891,0.5373,0.4627,0.3846,0.6154
GSE17536,SIG181,5,5,67,52,0.7617,0.7824,0.3134,1.7336,0.083,0.02297,1.1753,0.2399,0.6567,0.3433,0.5,0.5
GSE17536,SIG182,3,3,67,52,0.7617,0.7642,0.4334,2.4093,0.01598,0.0224,1.7242,0.08468,0.5821,0.4179,0.3654,0.6346
GSE17536,SIG183,4,4,67,52,0.7617,0.7638,0.3352,1.8463,0.06484,0.00321,0.9578,0.3382,0.5522,0.4478,0.3846,0.6154
GSE17536,SIG184,3,3,67,52,0.7617,0.761,-0.2928,-1.6282,0.1035,-0.00184,-0.6863,0.4925,0.5075,0.4925,0.6538,0.3462
GSE17536,SIG185,22,22,67,52,0.7617,0.763,0.2026,1.1034,0.2698,3e-05,0.0071,0.9944,0.5821,0.4179,0.4808,0.5192
GSE17536,SIG186,19,18,67,52,0.7617,0.7696,0.3737,2.0698,0.03847,0.0097,0.7728,0.4396,0.5522,0.4478,0.3654,0.6346
GSE17536,SIG187,4,4,67,52,0.7617,0.762,-0.2331,-1.2978,0.1944,-0.00139,-0.6652,0.5059,0.5373,0.4627,0.6538,0.3462
GSE17536,SIG188,6,6,67,52,0.7617,0.7664,0.2457,1.3499,0.1771,0.01965,1.727,0.08417,0.5075,0.4925,0.3846,0.6154
GSE17536,SIG189,6,6,67,52,0.7617,0.7606,0.1814,0.9855,0.3244,-0.00073,-0.4443,0.6568,0.5522,0.4478,0.4615,0.5385
GSE17536,SIG190,7,7,67,52,0.7617,0.7645,0.1475,0.8071,0.4196,0.00987,2.033,0.04205,0.4776,0.5224,0.4038,0.5962
GSE17536,SIG191,3,3,67,52,0.7617,0.7607,0.0706,0.3837,0.7012,-2e-05,-0.0061,0.9951,0.4776,0.5224,0.4423,0.5577
GSE17536,SIG192,3,3,67,52,0.7617,0.7666,0.1986,1.0824,0.2791,0.00782,1.601,0.1094,0.5224,0.4776,0.4231,0.5769
GSE17536,SIG193,7,7,67,52,0.7617,0.7644,-0.1515,-0.8224,0.4109,0.0015,0.2525,0.8006,0.4627,0.5373,0.5385,0.4615
GSE17536,SIG194,6,6,67,52,0.7617,0.7604,-0.1734,-0.9681,0.333,0.00069,0.4047,0.6857,0.5672,0.4328,0.6538,0.3462
GSE17536,SIG195,12,12,67,52,0.7617,0.763,0.2371,1.297,0.1946,0.00333,1.1783,0.2387,0.5224,0.4776,0.4038,0.5962
GSE17536,SIG196,4,4,67,52,0.7617,0.7638,0.438,2.4994,0.01244,0.00863,1.1698,0.2421,0.5075,0.4925,0.2885,0.7115
GSE17536,SIG197,4,4,67,52,0.7617,0.7662,-0.0666,-0.3681,0.7128,-0.00264,-0.3741,0.7083,0.5821,0.4179,0.6154,0.3846
GSE17536,SIG198,3,3,67,52,0.7617,0.7639,0.0408,0.2216,0.8246,0.0024,0.4192,0.675,0.4627,0.5373,0.4423,0.5577
GSE17536,SIG199,5,5,67,52,0.7617,0.7631,0.2543,1.405,0.16,0.00515,0.7488,0.454,0.4925,0.5075,0.3654,0.6346
GSE17536,SIG200,3,3,67,52,0.7617,0.7752,0.4633,2.5816,0.009833,0.01275,0.9514,0.3414,0.597,0.403,0.3654,0.6346
GSE17536,SIG201,4,3,67,52,0.7617,0.7655,0.2882,1.5761,0.115,0.01074,0.9178,0.3587,0.5672,0.4328,0.4231,0.5769
GSE17536,SIG202,29,29,67,52,0.7617,0.7848,0.1728,0.939,0.3477,0.02726,1.6148,0.1064,0.5672,0.4328,0.4808,0.5192
GSE17536,SIG203,5,5,67,52,0.7617,0.767,0.3651,2.014,0.04401,0.0202,2.2009,0.02774,0.5672,0.4328,0.3846,0.6154
GSE17536,SIG204,3,3,67,52,0.7617,0.7605,0.2457,1.3499,0.1771,0.00114,0.5032,0.6148,0.5075,0.4925,0.3846,0.6154
GSE17536,SIG205,7,7,67,52,0.7617,0.7836,0.5614,3.1696,0.001527,0.0431,2.1553,0.03114,0.6269,0.3731,0.3462,0.6538
GSE17536,SIG206,11,11,67,52,0.7617,0.7623,-0.1854,-1.0149,0.3102,0.00013,0.1356,0.8922,0.3881,0.6119,0.4808,0.5192
GSE17536,SIG207,13,13,67,52,0.7617,0.7602,0.4931,2.756,0.005852,0.01049,1.0175,0.3089,0.6119,0.3881,0.3654,0.6346
GSE17536,SIG208,7,6,67,52,0.7617,0.7612,0.1091,0.5944,0.5522,-2e-05,-0.0128,0.9898,0.4776,0.5224,0.4231,0.5769
GSE17536,SIG209,5,5,67,52,0.7617,0.7609,0.3094,1.6946,0.09015,-0.00037,-0.1223,0.9026,0.597,0.403,0.4423,0.5577
GSE17536,SIG210,13,13,67,52,0.7617,0.7799,0.523,2.9326,0.003362,0.02832,1.7857,0.07414,0.6269,0.3731,0.3654,0.6346
GSE17536,SIG211,4,4,67,52,0.7617,0.7606,0.1429,0.7756,0.438,0.00315,1.5524,0.1206,0.5522,0.4478,0.4808,0.5192
GSE17536,SIG212,3,3,67,52,0.7617,0.7621,0.2072,1.1332,0.2571,0.00107,0.9394,0.3475,0.5075,0.4925,0.4038,0.5962
GSE17536,SIG213,5,5,67,52,0.7617,0.7794,0.5786,3.2998,0.0009674,0.03484,2.5346,0.01126,0.597,0.403,0.3077,0.6923
GSE17536,SIG214,5,5,67,52,0.7617,0.7619,0.3565,1.9611,0.04986,0.01345,1.4594,0.1444,0.5821,0.4179,0.4038,0.5962
GSE17536,SIG215,4,4,67,52,0.7617,0.7631,0.0746,0.4043,0.686,0.00653,0.9644,0.3348,0.5373,0.4627,0.5,0.5
GSE17536,SIG216,4,4,67,52,0.7617,0.7655,0.2882,1.5761,0.115,0.01721,2.2713,0.02313,0.5672,0.4328,0.4231,0.5769
GSE17536,SIG217,8,8,67,52,0.7617,0.7668,0.3054,1.6799,0.09298,0.00513,0.9259,0.3545,0.5373,0.4627,0.3846,0.6154
GSE17536,SIG218,4,4,67,52,0.7617,0.7725,0.2796,1.5275,0.1266,0.02144,1.3868,0.1655,0.5821,0.4179,0.4423,0.5577
GSE17536,SIG219,8,7,67,52,0.7617,0.7613,-0.1217,-0.6599,0.5093,0.00062,0.2956,0.7675,0.4776,0.5224,0.5385,0.4615
GSE17536,SIG220,7,7,67,52,0.7617,0.7737,0.3651,2.014,0.04401,0.01127,1.0414,0.2977,0.5672,0.4328,0.3846,0.6154
GSE17536,SIG221,4,4,67,52,0.7617,0.7619,0.2113,1.1495,0.2503,0.00017,0.3812,0.7031,0.5672,0.4328,0.4615,0.5385
GSE17536,SIG222,3,3,67,52,0.7617,0.7618,0.2371,1.297,0.1946,0.01316,1.7336,0.08299,0.5224,0.4776,0.4038,0.5962
GSE17536,SIG223,4,4,67,52,0.7617,0.7612,0.0149,0.0808,0.9356,4e-05,0.0555,0.9557,0.5075,0.4925,0.5,0.5
GSE17536,SIG224,3,3,67,52,0.7617,0.7695,0.3054,1.6799,0.09298,0.02025,1.9017,0.05721,0.5373,0.4627,0.3846,0.6154
GSE17536,SIG225,5,5,67,52,0.7617,0.7858,0.6682,3.8507,0.0001178,0.03188,1.7914,0.07323,0.6418,0.3582,0.3077,0.6923
GSE17536,SIG226,5,5,67,52,0.7617,0.7595,0.2199,1.197,0.2313,0.00416,1.3021,0.1929,0.5522,0.4478,0.4423,0.5577
GSE17536,SIG227,8,8,67,52,0.7617,0.7747,0.3054,1.6799,0.09298,0.02473,1.7174,0.0859,0.5373,0.4627,0.3846,0.6154
GSE17536,SIG228,6,6,67,52,0.7617,0.7623,-0.4294,-2.4278,0.01519,-0.00061,-1.1259,0.2602,0.4776,0.5224,0.6923,0.3077
GSE17536,SIG229,4,4,67,52,0.7617,0.7607,0.1515,0.8224,0.4109,0.00155,1.2488,0.2117,0.5373,0.4627,0.4615,0.5385
GSE17536,SIG230,16,16,67,52,0.7617,0.7716,0.2199,1.197,0.2313,0.02903,2.1249,0.0336,0.5522,0.4478,0.4423,0.5577
GSE17536,SIG231,3,3,67,52,0.7617,0.7625,0.0832,0.4508,0.6522,-0.00139,-0.4141,0.6788,0.5224,0.4776,0.4808,0.5192
GSE17536,SIG232,7,7,67,52,0.7617,0.7621,0.0746,0.4043,0.686,0,-0.0216,0.9828,0.5373,0.4627,0.5,0.5
GSE17536,SIG233,10,10,67,52,0.7617,0.7628,0.0706,0.3837,0.7012,0.00014,0.3246,0.7455,0.4776,0.5224,0.4423,0.5577
GSE17536,SIG234,13,12,67,52,0.7617,0.7609,0.1642,0.8936,0.3715,-0.00033,-0.289,0.7725,0.5821,0.4179,0.5,0.5
GSE17536,SIG235,6,6,67,52,0.7617,0.7795,0.3777,2.0808,0.03745,0.04851,2.3042,0.02121,0.6119,0.3881,0.4231,0.5769
GSE17536,SIG236,5,5,67,52,0.7617,0.7712,0.4294,2.4278,0.01519,0.01732,1.4025,0.1608,0.5224,0.4776,0.3077,0.6923
GSE17536,SIG237,6,6,67,52,0.7617,0.782,0.2199,1.197,0.2313,0.01776,1.3159,0.1882,0.5522,0.4478,0.4423,0.5577
GSE17536,SIG238,6,6,67,52,0.7617,0.7634,0.1303,0.7078,0.4791,0.00024,0.0366,0.9708,0.5075,0.4925,0.4423,0.5577
GSE17536,SIG239,7,7,67,52,0.7617,0.7665,0.2457,1.3499,0.1771,0.00969,1.3776,0.1683,0.5075,0.4925,0.3846,0.6154
GSE17536,SIG240,6,6,67,52,0.7617,0.7657,0.3266,1.7933,0.07292,0.00827,1.2837,0.1993,0.5672,0.4328,0.4038,0.5962
GSE17536,SIG241,4,4,67,52,0.7617,0.7628,-0.1728,-0.939,0.3477,0.00071,0.559,0.5761,0.4328,0.5672,0.5192,0.4808
GSE17536,SIG242,6,6,67,52,0.7617,0.7618,0.0534,0.289,0.7726,-7e-04,-0.1782,0.8585,0.5075,0.4925,0.4808,0.5192
GSE17536,SIG243,8,8,67,52,0.7617,0.7625,-0.3519,-1.9471,0.05152,-0.00017,-0.716,0.474,0.3433,0.6567,0.5192,0.4808
GSE17536,SIG244,13,13,67,52,0.7617,0.7664,0.1561,0.8589,0.3904,0.01002,0.848,0.3965,0.4627,0.5373,0.3846,0.6154
GSE17536,SIG245,3,3,67,52,0.7617,0.7654,0.0149,0.0808,0.9356,0.00698,0.6824,0.495,0.5075,0.4925,0.5,0.5
GSE17536,SIG246,5,5,67,52,0.7617,0.7715,0.2199,1.197,0.2313,0.01431,1.4358,0.1511,0.5522,0.4478,0.4423,0.5577
GSE17536,SIG247,3,3,67,52,0.7617,0.7679,0.0408,0.2216,0.8246,0.01755,1.3432,0.1792,0.4627,0.5373,0.4423,0.5577
GSE17536,SIG248,5,5,67,52,0.7617,0.7615,0.0832,0.4508,0.6522,0.00013,1.3508,0.1768,0.5224,0.4776,0.4808,0.5192
GSE17536,SIG249,4,4,67,52,0.7617,0.7664,0.4162,2.3016,0.02136,0.00348,0.6756,0.4993,0.6119,0.3881,0.4038,0.5962
GSE17536,SIG250,4,4,67,52,0.7617,0.7775,0.5614,3.1696,0.001527,0.04918,2.5694,0.01019,0.6269,0.3731,0.3462,0.6538
GSE17536,SIG251,14,13,67,52,0.7617,0.7677,0.4759,2.6502,0.008045,0.00762,0.7147,0.4748,0.6418,0.3582,0.4038,0.5962
GSE17536,SIG252,3,3,67,52,0.7617,0.7646,0.0574,0.3124,0.7548,0.00086,0.1006,0.9199,0.5672,0.4328,0.5385,0.4615
GSE17536,SIG253,3,3,67,52,0.7617,0.7744,0.194,1.0586,0.2898,0.00958,0.5738,0.5661,0.597,0.403,0.5,0.5
GSE17536,SIG254,3,3,67,52,0.7617,0.768,0.1343,0.7297,0.4656,0.00394,0.4684,0.6395,0.5672,0.4328,0.5,0.5
GSE17536,SIG255,3,2,67,52,0.7617,0.7659,0.2968,1.6268,0.1038,0.00639,0.8379,0.4021,0.5522,0.4478,0.4038,0.5962
GSE17536,SIG256,5,5,67,52,0.7617,0.7693,0.4122,2.2979,0.02157,0.01348,1.0079,0.3135,0.5522,0.4478,0.3462,0.6538
GSE17536,SIG257,4,3,67,52,0.7617,0.7604,-0.1389,-0.7568,0.4492,-0.00038,-0.4961,0.6198,0.5075,0.4925,0.5769,0.4231
GSE17536,SIG258,6,4,67,52,0.7617,0.7625,-0.0023,-0.0125,0.9901,-0.00169,-0.7799,0.4355,0.5373,0.4627,0.5385,0.4615
GSE17536,SIG259,6,5,67,52,0.7617,0.7704,0.1986,1.0824,0.2791,0.01237,1.4248,0.1542,0.5224,0.4776,0.4231,0.5769
GSE17536,SIG260,5,5,67,52,0.7617,0.7756,0.3519,1.9471,0.05152,0.0449,2.352,0.01867,0.6567,0.3433,0.4808,0.5192
GSE17536,SIG261,14,14,67,52,0.7617,0.7657,0.19,1.0333,0.3015,0.00578,1.0302,0.3029,0.5373,0.4627,0.4423,0.5577
GSE17536,SIG262,6,6,67,52,0.7617,0.763,0.0918,0.4978,0.6186,0.00055,0.2087,0.8347,0.5075,0.4925,0.4615,0.5385
GSE17536,SIG263,4,4,67,52,0.7617,0.7621,-0.0063,-0.0342,0.9727,0,0.1827,0.8551,0.4776,0.5224,0.4808,0.5192
GSE17536,SIG264,6,6,67,52,0.7617,0.7816,0.5189,2.9454,0.003225,0.03108,1.8908,0.05865,0.5672,0.4328,0.3077,0.6923
GSE17536,SIG265,7,7,67,52,0.7617,0.7794,0.5017,2.8147,0.004882,0.02554,1.4613,0.1439,0.597,0.403,0.3462,0.6538
GSE17536,SIG266,5,5,67,52,0.7617,0.7679,0.2067,1.1404,0.2541,0.01551,0.9931,0.3207,0.6418,0.3582,0.5385,0.4615
GSE17536,SIG267,11,11,67,52,0.7617,0.7685,0.2842,1.57,0.1164,0.0047,0.5317,0.595,0.5075,0.4925,0.3654,0.6346
GSE17536,SIG268,6,6,67,52,0.7617,0.7669,0.3737,2.0698,0.03847,0.01449,1.3316,0.183,0.5522,0.4478,0.3654,0.6346
GSE17536,SIG269,3,3,67,52,0.7617,0.7601,0.3054,1.6799,0.09298,0.00521,0.7786,0.4362,0.5373,0.4627,0.3846,0.6154
GSE17536,SIG270,4,4,67,52,0.7617,0.7714,0.1556,0.8491,0.3958,0.01467,1.1778,0.2389,0.597,0.403,0.5192,0.4808
GSE17536,SIG271,5,5,67,52,0.7617,0.7711,0.5362,3.0968,0.001956,0.01682,2.2966,0.02164,0.5373,0.4627,0.2692,0.7308
GSE17536,SIG272,4,4,67,52,0.7617,0.7797,0.4845,2.7012,0.006908,0.0287,1.4948,0.135,0.6269,0.3731,0.3846,0.6154
GSE17536,SIG273,4,4,67,52,0.7617,0.7651,0.1728,0.939,0.3477,0.00957,1.2532,0.2101,0.5672,0.4328,0.4808,0.5192
GSE17536,SIG274,8,8,67,52,0.7617,0.7609,0.2032,1.133,0.2572,0.00288,1.3391,0.1805,0.4478,0.5522,0.3462,0.6538
GSE17536,SIG275,4,4,67,52,0.7617,0.7606,0.1389,0.7568,0.4492,0.00331,0.9368,0.3489,0.4925,0.5075,0.4231,0.5769
GSE17536,SIG276,12,12,67,52,0.7617,0.7739,0.6343,3.7198,0.0001994,0.01834,1.5606,0.1186,0.5672,0.4328,0.25,0.75
GSE17536,SIG277,6,6,67,52,0.7617,0.7635,-0.0448,-0.2424,0.8085,0.0023,0.8547,0.3927,0.4776,0.5224,0.5,0.5
GSE17536,SIG278,5,5,67,52,0.7617,0.7631,0.0448,0.2424,0.8085,0.00143,0.3058,0.7598,0.5224,0.4776,0.5,0.5
GSE17536,SIG279,7,7,67,52,0.7617,0.7653,-0.0316,-0.1746,0.8614,0.00129,0.3341,0.7383,0.3881,0.6119,0.4038,0.5962
GSE17536,SIG280,4,4,67,52,0.7617,0.7689,-0.1556,-0.8491,0.3958,0.00084,0.1802,0.857,0.403,0.597,0.4808,0.5192
GSE17536,SIG281,4,4,67,52,0.7617,0.772,0.3783,2.1596,0.0308,0.01719,1.8541,0.06372,0.4776,0.5224,0.2885,0.7115
GSE17536,SIG282,16,16,67,52,0.7617,0.7623,0.1429,0.7756,0.438,0,-6e-04,0.9995,0.5522,0.4478,0.4808,0.5192
GSE17536,SIG283,10,10,67,52,0.7617,0.7661,0.4162,2.3016,0.02136,0.0173,1.7203,0.08538,0.6119,0.3881,0.4038,0.5962
GSE17536,SIG284,3,3,67,52,0.7617,0.786,0.5574,3.1946,0.0014,0.03282,1.9398,0.05241,0.5672,0.4328,0.2885,0.7115
GSE17536,SIG285,9,9,67,52,0.7617,0.771,0.2755,1.5145,0.1299,0.01327,1.2596,0.2078,0.5224,0.4776,0.3846,0.6154
GSE17536,SIG286,5,5,67,52,0.7617,0.7607,-0.1602,-0.8703,0.3842,-0.00192,-0.7016,0.4829,0.4776,0.5224,0.5577,0.4423
GSE17536,SIG287,3,3,67,52,0.7617,0.7699,0.2285,1.2461,0.2127,0.01054,1.0115,0.3118,0.5373,0.4627,0.4231,0.5769
GSE17536,SIG288,5,5,67,52,0.7617,0.7631,0.1515,0.8224,0.4109,0.00152,0.2642,0.7916,0.5373,0.4627,0.4615,0.5385
GSE17536,SIG289,17,16,67,52,0.7617,0.7651,-0.1515,-0.8224,0.4109,0.0055,0.7374,0.4609,0.4627,0.5373,0.5385,0.4615
GSE17536,SIG290,3,3,67,52,0.7617,0.7644,-0.0402,-0.2207,0.8253,-0.00104,-0.4541,0.6497,0.403,0.597,0.4231,0.5769
GSE17536,SIG291,3,3,67,52,0.7617,0.776,0.2629,1.4628,0.1435,0.01325,1.2354,0.2167,0.4776,0.5224,0.3462,0.6538
GSE17536,SIG292,15,14,67,52,0.7617,0.7615,0.0873,0.4757,0.6343,-2e-05,-0.047,0.9625,0.5821,0.4179,0.5385,0.4615
GSE17536,SIG293,7,6,67,52,0.7617,0.7629,-0.0408,-0.2216,0.8246,-0.00014,-0.3472,0.7285,0.5373,0.4627,0.5577,0.4423
GSE17536,SIG294,4,4,67,52,0.7617,0.7593,0.1986,1.0824,0.2791,-0.00039,-0.0715,0.943,0.5224,0.4776,0.4231,0.5769
GSE17536,SIG295,9,7,67,52,0.7617,0.7688,0.3439,1.9021,0.05715,0.0122,1.5779,0.1146,0.5373,0.4627,0.3654,0.6346
GSE17536,SIG296,11,11,67,52,0.7617,0.7636,0.5144,2.8784,0.003997,0.00935,0.817,0.4139,0.6418,0.3582,0.3846,0.6154
GSE17536,SIG297,11,11,67,52,0.7617,0.7744,0.4208,2.3608,0.01824,0.02688,2.1437,0.03206,0.5373,0.4627,0.3269,0.6731
GSE17536,SIG298,9,9,67,52,0.7617,0.7704,0.2882,1.5761,0.115,0.00898,1.0721,0.2837,0.5672,0.4328,0.4231,0.5769
GSE17536,SIG300,5,5,67,52,0.7617,0.7596,0.0832,0.4508,0.6522,0.0093,1.7212,0.08521,0.5224,0.4776,0.4808,0.5192
GSE17536,SIG301,7,7,67,52,0.7617,0.7716,0.5402,3.0538,0.00226,0.03105,2.1458,0.03189,0.597,0.403,0.3269,0.6731
GSE17536,SIG302,6,6,67,52,0.7617,0.7634,0.3611,2.0233,0.04304,0.01682,1.7968,0.07236,0.5075,0.4925,0.3269,0.6731
GSE17536,SIG303,3,3,67,52,0.7617,0.7613,-0.0149,-0.0808,0.9356,-0.00019,-0.5171,0.6051,0.4925,0.5075,0.5,0.5
GSE17536,SIG304,4,4,67,52,0.7617,0.7653,0.1688,0.9194,0.3579,0.00356,0.6548,0.5126,0.5075,0.4925,0.4231,0.5769
GSE17536,SIG305,7,7,67,52,0.7617,0.7699,0.3823,2.1289,0.03327,0.00973,0.9933,0.3206,0.5373,0.4627,0.3462,0.6538
GSE17536,SIG306,11,11,67,52,0.7617,0.7646,0.2158,1.1859,0.2357,0.00975,1.3221,0.1861,0.4925,0.5075,0.3846,0.6154
GSE17536,SIG307,13,13,67,52,0.7617,0.7731,0.6171,3.5539,0.0003796,0.02499,2.2848,0.02232,0.597,0.403,0.2885,0.7115
GSE17536,SIG308,5,5,67,52,0.7617,0.7736,0.4036,2.2388,0.02517,0.02032,1.4764,0.1398,0.5672,0.4328,0.3654,0.6346
GSE17536,SIG309,3,3,67,52,0.7617,0.7812,0.5017,2.8147,0.004882,0.03423,2.1504,0.03153,0.597,0.403,0.3462,0.6538
GSE17536,SIG310,4,4,67,52,0.7617,0.7654,0.2629,1.4628,0.1435,0.00655,1.5338,0.1251,0.4776,0.5224,0.3462,0.6538
GSE17536,SIG311,5,4,67,52,0.7617,0.785,0.6894,3.9743,7.058e-05,0.05061,2.5909,0.009571,0.6716,0.3284,0.3269,0.6731
GSE17536,SIG312,9,9,67,52,0.7617,0.7648,0.3054,1.6799,0.09298,0.00632,1.2055,0.228,0.5373,0.4627,0.3846,0.6154
GSE17536,SIG313,3,3,67,52,0.7617,0.7603,0.0488,0.2666,0.7898,0.00386,0.7037,0.4816,0.5821,0.4179,0.5577,0.4423
GSE17536,SIG314,8,7,67,52,0.7617,0.7623,0.2537,1.3926,0.1637,0.00349,0.3612,0.718,0.6269,0.3731,0.5,0.5
GSE17536,SIG315,8,8,67,52,0.7617,0.7617,0.1768,0.9721,0.331,-0.00063,-0.4272,0.6692,0.6269,0.3731,0.5385,0.4615
GSE17536,SIG316,10,10,67,52,0.7617,0.7773,0.6338,3.6165,0.0002986,0.03027,1.9377,0.05266,0.7015,0.2985,0.3846,0.6154
GSE17536,SIG317,7,7,67,52,0.7617,0.7632,0.446,2.4748,0.01333,0.00458,1.0093,0.3128,0.6269,0.3731,0.4038,0.5962
GSE17536,SIG318,4,4,67,52,0.7617,0.7627,0.2245,1.2406,0.2147,0.00153,0.4725,0.6366,0.4776,0.5224,0.3654,0.6346
GSE17536,SIG319,8,8,67,52,0.7617,0.7811,0.5189,2.9454,0.003225,0.02804,1.9318,0.05338,0.5672,0.4328,0.3077,0.6923
GSE17536,SIG320,8,8,67,52,0.7617,0.7651,-0.1389,-0.7568,0.4492,-0.00176,-0.3916,0.6954,0.5075,0.4925,0.5769,0.4231
GSE17536,SIG321,3,3,67,52,0.7617,0.7619,-0.062,-0.336,0.7368,-0.00018,-0.1695,0.8654,0.5075,0.4925,0.5385,0.4615
GSE17536,SIG322,7,7,67,52,0.7617,0.7755,0.1986,1.0824,0.2791,0.02558,1.8773,0.06048,0.5224,0.4776,0.4231,0.5769
GSE17536,SIG323,5,5,67,52,0.7617,0.7644,0.3266,1.7933,0.07292,0.01138,1.0418,0.2975,0.5672,0.4328,0.4038,0.5962
GSE17536,SIG324,3,3,67,52,0.7617,0.7656,0.1217,0.6599,0.5093,0.00437,0.5128,0.6081,0.5224,0.4776,0.4615,0.5385
GSE17536,SIG325,3,3,67,52,0.7617,0.7653,0.19,1.0333,0.3015,0.00172,0.2338,0.8151,0.5373,0.4627,0.4423,0.5577
GSE17536,SIG326,9,9,67,52,0.7617,0.7603,0.1429,0.7756,0.438,-0.00136,-0.1997,0.8417,0.5522,0.4478,0.4808,0.5192
GSE17536,SIG327,3,2,67,52,0.7617,0.7704,0.4334,2.4093,0.01598,0.0184,1.2974,0.1945,0.5821,0.4179,0.3654,0.6346
GSE17536,SIG328,9,9,67,52,0.7617,0.7669,0.1257,0.6846,0.4936,0.00877,0.8338,0.4044,0.5821,0.4179,0.5192,0.4808
GSE17536,SIG329,5,4,67,52,0.7617,0.7615,0.0792,0.4321,0.6657,0.00047,0.341,0.7331,0.4627,0.5373,0.4231,0.5769
GSE17536,SIG330,16,16,67,52,0.7617,0.7614,0.0706,0.3837,0.7012,-6e-05,-0.3378,0.7355,0.4776,0.5224,0.4423,0.5577
GSE17536,SIG331,4,4,67,52,0.7617,0.7714,0.3266,1.7933,0.07292,0.0289,1.8459,0.0649,0.5672,0.4328,0.4038,0.5962
GSE17536,SIG332,3,3,67,52,0.7617,0.7696,0.3697,2.0893,0.03668,0.00911,0.836,0.4032,0.4925,0.5075,0.3077,0.6923
GSE17536,SIG334,4,4,67,52,0.7617,0.7702,0.1257,0.6846,0.4936,0.02893,1.7231,0.08486,0.5821,0.4179,0.5192,0.4808
GSE17536,SIG335,8,7,67,52,0.7617,0.7746,0.2497,1.3617,0.1733,0.01233,1.3155,0.1883,0.5672,0.4328,0.4423,0.5577
GSE17536,SIG336,3,3,67,52,0.7617,0.762,0.0792,0.4321,0.6657,0.00107,0.9993,0.3176,0.4627,0.5373,0.4231,0.5769
GSE17536,SIG337,4,4,67,52,0.7617,0.7659,0.2497,1.3617,0.1733,0.00346,0.329,0.7422,0.5672,0.4328,0.4423,0.5577
GSE17536,SIG338,3,3,67,52,0.7617,0.7626,0.314,1.7356,0.08263,-4e-05,-0.0653,0.9479,0.5224,0.4776,0.3654,0.6346
GSE17537,SIG001,4,4,20,15,0.7477,0.7489,0.1,0.2968,0.7666,-8e-05,-0.7134,0.4756,0.45,0.55,0.4,0.6
GSE17537,SIG002,4,4,20,15,0.7477,0.7409,0.4,1.1952,0.232,0.02188,1.2789,0.2009,0.6,0.4,0.4,0.6
GSE17537,SIG003,13,11,20,15,0.7477,0.75,-0.3667,-1.1501,0.2501,-0.00274,-1.0072,0.3138,0.55,0.45,0.7333,0.2667
GSE17537,SIG004,9,8,20,15,0.7477,0.7466,0.5667,1.7774,0.07551,0.0323,1.4269,0.1536,0.55,0.45,0.2667,0.7333
GSE17537,SIG005,6,6,20,15,0.7477,0.7545,0.0333,0.0979,0.922,0.01917,0.7673,0.4429,0.55,0.45,0.5333,0.4667
GSE17537,SIG006,8,8,20,15,0.7477,0.7432,0.2,0.5923,0.5536,0,-4e-04,0.9997,0.5,0.5,0.4,0.6
GSE17537,SIG007,15,15,20,15,0.7477,0.75,0.3,0.8905,0.3732,0.01286,0.7015,0.483,0.55,0.45,0.4,0.6
GSE17537,SIG009,6,6,20,15,0.7477,0.7716,1,3.4367,0.0005888,0.0904,2.0752,0.03796,0.7,0.3,0.2,0.8
GSE17537,SIG010,6,6,20,15,0.7477,0.7636,0.5,1.511,0.1308,0.06438,1.4969,0.1344,0.65,0.35,0.4,0.6
GSE17537,SIG011,3,3,20,15,0.7477,0.767,0.7667,2.4534,0.01415,0.1245,2.9331,0.003356,0.65,0.35,0.2667,0.7333
GSE17537,SIG012,3,3,20,15,0.7477,0.7477,-0.2667,-0.8427,0.3994,-0.00991,-1.2911,0.1967,0.6,0.4,0.7333,0.2667
GSE17537,SIG013,9,9,20,15,0.7477,0.7466,0.3333,1.0084,0.3132,-0.00041,-0.0999,0.9204,0.5,0.5,0.3333,0.6667
GSE17537,SIG014,15,15,20,15,0.7477,0.783,0.4,1.1952,0.232,0.05805,1.1166,0.2641,0.6,0.4,0.4,0.6
GSE17537,SIG015,3,3,20,15,0.7477,0.7466,0.1333,0.4071,0.6839,0.00566,0.8518,0.3944,0.4,0.6,0.3333,0.6667
GSE17537,SIG016,57,50,20,15,0.7477,0.7568,-0.1667,-0.4896,0.6244,-0.00285,-0.2762,0.7824,0.45,0.55,0.5333,0.4667
GSE17537,SIG018,9,9,20,15,0.7477,0.7773,-0.1,-0.2968,0.7666,0.03942,1.1548,0.2482,0.55,0.45,0.6,0.4
GSE17537,SIG019,12,12,20,15,0.7477,0.75,0.2,0.5923,0.5536,0.00257,0.2312,0.8172,0.5,0.5,0.4,0.6
GSE17537,SIG020,5,3,20,15,0.7477,0.7477,0.3333,1.0084,0.3132,0.00074,0.0761,0.9394,0.5,0.5,0.3333,0.6667
GSE17537,SIG021,10,8,20,15,0.7477,0.7489,-0.2333,-0.6976,0.4854,0.00256,0.8847,0.3763,0.35,0.65,0.4667,0.5333
GSE17537,SIG022,4,4,20,15,0.7477,0.7511,0.0667,0.1954,0.8451,-6e-05,-0.0127,0.9899,0.5,0.5,0.4667,0.5333
GSE17537,SIG023,9,9,20,15,0.7477,0.742,0.5333,1.6285,0.1034,0.00685,1.0038,0.3155,0.6,0.4,0.3333,0.6667
GSE17537,SIG024,7,6,20,15,0.7477,0.7466,0.1333,0.3943,0.6934,-0.00829,-0.4625,0.6437,0.6,0.4,0.5333,0.4667
GSE17537,SIG025,13,11,20,15,0.7477,0.7534,0.1333,0.3943,0.6934,0.01237,0.5348,0.5928,0.6,0.4,0.5333,0.4667
GSE17537,SIG026,31,29,20,15,0.7477,0.7284,0.0333,0.0979,0.922,0.0264,1.4164,0.1567,0.55,0.45,0.5333,0.4667
GSE17537,SIG027,4,4,20,15,0.7477,0.7477,0.1,0.2968,0.7666,0.01998,0.9433,0.3455,0.45,0.55,0.4,0.6
GSE17537,SIG028,4,4,20,15,0.7477,0.7682,0.3667,1.0963,0.273,-0.00637,-0.2491,0.8033,0.65,0.35,0.4667,0.5333
GSE17537,SIG029,5,4,20,15,0.7477,0.75,0.1667,0.4896,0.6244,0.01657,0.8019,0.4226,0.55,0.45,0.4667,0.5333
GSE17537,SIG030,7,7,20,15,0.7477,0.7523,0.5333,1.6285,0.1034,0.00031,0.049,0.9609,0.6,0.4,0.3333,0.6667
GSE17537,SIG031,4,4,20,15,0.7477,0.742,0.8333,2.679,0.007384,0.02769,0.9766,0.3288,0.75,0.25,0.3333,0.6667
GSE17537,SIG032,10,10,20,15,0.7477,0.7523,0.2333,0.6976,0.4854,0.02168,0.8994,0.3684,0.65,0.35,0.5333,0.4667
GSE17537,SIG033,10,9,20,15,0.7477,0.7489,0.1333,0.3943,0.6934,0.0142,0.75,0.4533,0.6,0.4,0.5333,0.4667
GSE17537,SIG034,14,14,20,15,0.7477,0.758,0.3333,1.0084,0.3132,0.02315,0.7466,0.4553,0.5,0.5,0.3333,0.6667
GSE17537,SIG035,3,2,20,15,0.7477,0.7511,0.3333,1.0084,0.3132,0.00088,0.2398,0.8105,0.5,0.5,0.3333,0.6667
GSE17537,SIG036,13,12,20,15,0.7477,0.7568,0.1667,0.4896,0.6244,0.01726,0.809,0.4185,0.55,0.45,0.4667,0.5333
GSE17537,SIG037,14,13,20,15,0.7477,0.7795,0.3,0.8905,0.3732,-0.00804,-0.3312,0.7405,0.55,0.45,0.4,0.6
GSE17537,SIG038,3,3,20,15,0.7477,0.7534,0.6,1.8429,0.06535,0.06193,2.0492,0.04044,0.7,0.3,0.4,0.6
GSE17537,SIG039,14,14,20,15,0.7477,0.7489,0.3333,1.0084,0.3132,0.00185,0.4536,0.6501,0.5,0.5,0.3333,0.6667
GSE17537,SIG040,15,13,20,15,0.7477,0.7466,0.2667,0.7885,0.4304,0.00557,0.3208,0.7484,0.6,0.4,0.4667,0.5333
GSE17537,SIG041,10,10,20,15,0.7477,0.7523,0.0667,0.1954,0.8451,0.01119,0.6044,0.5456,0.5,0.5,0.4667,0.5333
GSE17537,SIG042,8,7,20,15,0.7477,0.7716,0.3333,1.0084,0.3132,0.02306,0.5875,0.5569,0.5,0.5,0.3333,0.6667
GSE17537,SIG043,14,14,20,15,0.7477,0.7443,0.0667,0.1954,0.8451,0.00374,0.9322,0.3512,0.5,0.5,0.4667,0.5333
GSE17537,SIG044,3,3,20,15,0.7477,0.7511,-0.2333,-0.6976,0.4854,0.00483,0.3257,0.7446,0.35,0.65,0.4667,0.5333
GSE17537,SIG045,6,6,20,15,0.7477,0.7625,0.1333,0.3943,0.6934,0.0417,1.6946,0.09015,0.6,0.4,0.5333,0.4667
GSE17537,SIG046,5,4,20,15,0.7477,0.7682,0.4333,1.314,0.1889,0.05521,1.3132,0.1891,0.55,0.45,0.3333,0.6667
GSE17537,SIG047,4,4,20,15,0.7477,0.7466,-0.2,-0.5923,0.5536,0.01467,0.9808,0.3267,0.5,0.5,0.6,0.4
GSE17537,SIG048,11,11,20,15,0.7477,0.7534,0.0667,0.1954,0.8451,0.03543,1.086,0.2775,0.5,0.5,0.4667,0.5333
GSE17537,SIG049,14,14,20,15,0.7477,0.7932,0.0667,0.2095,0.8341,0.01684,0.3755,0.7073,0.7,0.3,0.6667,0.3333
GSE17537,SIG050,6,5,20,15,0.7477,0.7534,0.3,0.8905,0.3732,0.00242,0.2037,0.8386,0.55,0.45,0.4,0.6
GSE17537,SIG051,7,7,20,15,0.7477,0.7523,0.7667,2.4534,0.01415,0.07831,2.134,0.03284,0.65,0.35,0.2667,0.7333
GSE17537,SIG052,20,19,20,15,0.7477,0.7489,0.1333,0.3943,0.6934,0.00117,0.2771,0.7817,0.6,0.4,0.5333,0.4667
GSE17537,SIG053,11,9,20,15,0.7477,0.7489,0.5,1.511,0.1308,0.0199,1.027,0.3044,0.65,0.35,0.4,0.6
GSE17537,SIG054,46,45,20,15,0.7477,0.7432,-0.0667,-0.1954,0.8451,-0.00395,-0.3327,0.7394,0.5,0.5,0.5333,0.4667
GSE17537,SIG055,21,20,20,15,0.7477,0.7386,0.5,1.511,0.1308,0.01388,1.0141,0.3105,0.65,0.35,0.4,0.6
GSE17537,SIG056,7,6,20,15,0.7477,0.7523,0.3333,1.0084,0.3132,-0.00264,-0.697,0.4858,0.5,0.5,0.3333,0.6667
GSE17537,SIG057,8,8,20,15,0.7477,0.7455,-0.1667,-0.4896,0.6244,0.00076,0.291,0.771,0.45,0.55,0.5333,0.4667
GSE17537,SIG058,24,22,20,15,0.7477,0.7602,0.1333,0.4071,0.6839,-0.00299,-0.1863,0.8522,0.4,0.6,0.3333,0.6667
GSE17537,SIG059,14,13,20,15,0.7477,0.7727,0.2667,0.7885,0.4304,-0.00027,-0.0077,0.9939,0.6,0.4,0.4667,0.5333
GSE17537,SIG060,7,6,20,15,0.7477,0.7398,-0.0667,-0.1954,0.8451,0.05379,1.5376,0.1242,0.5,0.5,0.5333,0.4667
GSE17537,SIG062,43,42,20,15,0.7477,0.7534,-0.5333,-1.6285,0.1034,0.00435,0.775,0.4383,0.4,0.6,0.6667,0.3333
GSE17537,SIG063,19,19,20,15,0.7477,0.7489,-0.0667,-0.1954,0.8451,-0.00129,-0.1419,0.8872,0.5,0.5,0.5333,0.4667
GSE17537,SIG064,3,3,20,15,0.7477,0.8136,0.6,1.8429,0.06535,0.08024,1.2549,0.2095,0.7,0.3,0.4,0.6
GSE17537,SIG065,5,5,20,15,0.7477,0.7534,0,0,1,-0.00716,-1.0061,0.3144,0.4,0.6,0.4,0.6
GSE17537,SIG066,11,11,20,15,0.7477,0.7682,0.2667,0.7885,0.4304,0.00605,0.1756,0.8606,0.6,0.4,0.4667,0.5333
GSE17537,SIG067,5,5,20,15,0.7477,0.7352,0.1667,0.4896,0.6244,0.00494,0.3428,0.7318,0.55,0.45,0.4667,0.5333
GSE17537,SIG068,5,5,20,15,0.7477,0.7659,0.0333,0.0979,0.922,-0.01439,-0.6533,0.5136,0.55,0.45,0.5333,0.4667
GSE17537,SIG069,7,7,20,15,0.7477,0.7455,0.3,0.8905,0.3732,0.00083,0.6059,0.5446,0.55,0.45,0.4,0.6
GSE17537,SIG070,3,3,20,15,0.7477,0.742,0.3333,1.0084,0.3132,0.01631,1.1141,0.2652,0.5,0.5,0.3333,0.6667
GSE17537,SIG071,13,13,20,15,0.7477,0.75,0.4,1.1952,0.232,0.04094,1.6094,0.1075,0.6,0.4,0.4,0.6
GSE17537,SIG072,15,14,20,15,0.7477,0.7443,0.6,1.971,0.04872,0.02536,1.8894,0.05884,0.5,0.5,0.2,0.8
GSE17537,SIG073,16,16,20,15,0.7477,0.7625,0.0667,0.1954,0.8451,0.03165,0.752,0.4521,0.5,0.5,0.4667,0.5333
GSE17537,SIG074,11,11,20,15,0.7477,0.7443,-0.2333,-0.7075,0.4792,-0.00417,-0.2912,0.7709,0.55,0.45,0.6667,0.3333
GSE17537,SIG075,14,13,20,15,0.7477,0.7511,0.6,1.8429,0.06535,0.01004,0.4995,0.6174,0.7,0.3,0.4,0.6
GSE17537,SIG076,9,8,20,15,0.7477,0.7466,-0.3,-0.8905,0.3732,-0.00075,-0.3628,0.7168,0.45,0.55,0.6,0.4
GSE17537,SIG077,7,7,20,15,0.7477,0.7602,0.0333,0.0979,0.922,0.02181,0.5969,0.5505,0.55,0.45,0.5333,0.4667
GSE17537,SIG078,6,5,20,15,0.7477,0.7466,0.2,0.5923,0.5536,0.00022,0.7929,0.4278,0.5,0.5,0.4,0.6
GSE17537,SIG079,5,5,20,15,0.7477,0.7489,0.2667,0.8427,0.3994,0.00727,1.1717,0.2413,0.4,0.6,0.2667,0.7333
GSE17537,SIG080,8,8,20,15,0.7477,0.7705,0.1333,0.3943,0.6934,0.00222,0.0853,0.9321,0.6,0.4,0.5333,0.4667
GSE17537,SIG081,5,5,20,15,0.7477,0.7523,0.5333,1.6285,0.1034,0.0299,1.1026,0.2702,0.6,0.4,0.3333,0.6667
GSE17537,SIG082,6,6,20,15,0.7477,0.8011,0.4,1.1952,0.232,0.01032,0.2878,0.7735,0.6,0.4,0.4,0.6
GSE17537,SIG083,17,16,20,15,0.7477,0.7807,0.2,0.5923,0.5536,0.02724,0.7389,0.46,0.5,0.5,0.4,0.6
GSE17537,SIG084,15,15,20,15,0.7477,0.7602,0.0667,0.1954,0.8451,-0.01196,-0.6506,0.5153,0.5,0.5,0.4667,0.5333
GSE17537,SIG085,7,7,20,15,0.7477,0.7489,0.5667,1.7774,0.07551,0.00725,0.7168,0.4735,0.55,0.45,0.2667,0.7333
GSE17537,SIG086,5,5,20,15,0.7477,0.767,0.5667,1.7774,0.07551,0.03713,1.2542,0.2098,0.55,0.45,0.2667,0.7333
GSE17537,SIG087,5,5,20,15,0.7477,0.7636,0.0667,0.1954,0.8451,0.02215,0.6942,0.4875,0.5,0.5,0.4667,0.5333
GSE17537,SIG088,6,6,20,15,0.7477,0.7443,-0.2667,-0.7885,0.4304,0.01588,0.9964,0.3191,0.4,0.6,0.5333,0.4667
GSE17537,SIG089,5,5,20,15,0.7477,0.7477,0.0667,0.1954,0.8451,0.00246,1.3379,0.1809,0.5,0.5,0.4667,0.5333
GSE17537,SIG090,4,4,20,15,0.7477,0.767,0.3,0.8905,0.3732,0.01627,0.511,0.6094,0.55,0.45,0.4,0.6
GSE17537,SIG091,7,7,20,15,0.7477,0.7455,0.3,0.8905,0.3732,-0.00637,-0.5691,0.5693,0.55,0.45,0.4,0.6
GSE17537,SIG093,9,9,20,15,0.7477,0.7705,0.3667,1.0963,0.273,0.00803,0.2906,0.7713,0.65,0.35,0.4667,0.5333
GSE17537,SIG094,3,3,20,15,0.7477,0.7693,0.1667,0.4896,0.6244,-0.00297,-0.125,0.9006,0.55,0.45,0.4667,0.5333
GSE17537,SIG095,18,16,20,15,0.7477,0.7966,0.2667,0.7885,0.4304,0.0354,0.739,0.4599,0.6,0.4,0.4667,0.5333
GSE17537,SIG096,11,11,20,15,0.7477,0.7705,0.4333,1.314,0.1889,0.05035,1.343,0.1793,0.55,0.45,0.3333,0.6667
GSE17537,SIG097,14,14,20,15,0.7477,0.7591,0.5333,1.6285,0.1034,0.04115,1.7641,0.07771,0.6,0.4,0.3333,0.6667
GSE17537,SIG098,5,5,20,15,0.7477,0.7909,0.9,3.031,0.002437,0.12494,2.2279,0.02589,0.65,0.35,0.2,0.8
GSE17537,SIG099,11,11,20,15,0.7477,0.7818,0.4667,1.4601,0.1443,0.01373,0.3844,0.7007,0.5,0.5,0.2667,0.7333
GSE17537,SIG101,10,8,20,15,0.7477,0.7636,0.3,0.8905,0.3732,0.0104,0.3104,0.7562,0.55,0.45,0.4,0.6
GSE17537,SIG102,4,4,20,15,0.7477,0.7398,0.1333,0.3943,0.6934,0.009,0.6684,0.5039,0.6,0.4,0.5333,0.4667
GSE17537,SIG107,15,13,20,15,0.7477,0.7477,-0.1667,-0.4896,0.6244,-0.00082,-0.1192,0.9051,0.45,0.55,0.5333,0.4667
GSE17537,SIG108,15,13,20,15,0.7477,0.7466,0,0,1,-0.00068,-0.5018,0.6158,0.6,0.4,0.6,0.4
GSE17537,SIG109,7,7,20,15,0.7477,0.742,0.3,0.8905,0.3732,0.02465,1.0849,0.278,0.55,0.45,0.4,0.6
GSE17537,SIG110,9,9,20,15,0.7477,0.7443,0,0,1,0.00165,0.2357,0.8137,0.6,0.4,0.6,0.4
GSE17537,SIG111,13,12,20,15,0.7477,0.7739,0.5333,1.6285,0.1034,0.01205,0.4191,0.6752,0.6,0.4,0.3333,0.6667
GSE17537,SIG112,4,4,20,15,0.7477,0.7659,0.0333,0.0979,0.922,0.00362,0.1036,0.9175,0.55,0.45,0.5333,0.4667
GSE17537,SIG113,10,10,20,15,0.7477,0.7477,-0.6667,-2.1066,0.03515,-0.00041,-0.5511,0.5816,0.4,0.6,0.7333,0.2667
GSE17537,SIG114,20,18,20,15,0.7477,0.7489,0.2,0.5923,0.5536,0.0025,0.6053,0.545,0.5,0.5,0.4,0.6
GSE17537,SIG115,4,4,20,15,0.7477,0.7727,0.6667,2.1066,0.03515,0.05958,1.243,0.2139,0.6,0.4,0.2667,0.7333
GSE17537,SIG116,5,5,20,15,0.7477,0.758,0.0667,0.1954,0.8451,0.00151,0.0875,0.9303,0.5,0.5,0.4667,0.5333
GSE17537,SIG117,4,4,20,15,0.7477,0.7523,0.6667,2.1066,0.03515,0.00399,0.2727,0.7851,0.6,0.4,0.2667,0.7333
GSE17537,SIG118,15,14,20,15,0.7477,0.7716,0.9667,3.2285,0.001244,0.1235,2.0921,0.03643,0.75,0.25,0.2667,0.7333
GSE17537,SIG119,10,10,20,15,0.7477,0.7852,0.6,1.8429,0.06535,0.00751,0.2922,0.7702,0.7,0.3,0.4,0.6
GSE17537,SIG120,4,3,20,15,0.7477,0.7614,0.2333,0.7075,0.4792,0.00116,0.0603,0.9519,0.45,0.55,0.3333,0.6667
GSE17537,SIG121,6,6,20,15,0.7477,0.7795,0.4333,1.314,0.1889,0.01553,0.475,0.6348,0.55,0.45,0.3333,0.6667
GSE17537,SIG122,8,8,20,15,0.7477,0.7557,-0.2667,-0.7885,0.4304,-0.00185,-0.1066,0.9151,0.4,0.6,0.5333,0.4667
GSE17537,SIG124,4,4,20,15,0.7477,0.7898,0.2,0.6143,0.539,-0.00168,-0.0497,0.9603,0.7,0.3,0.6,0.4
GSE17537,SIG125,4,4,20,15,0.7477,0.7614,-0.0667,-0.1954,0.8451,0.00021,0.0103,0.9918,0.5,0.5,0.5333,0.4667
GSE17537,SIG126,4,4,20,15,0.7477,0.7466,0.2,0.5923,0.5536,-0.00273,-0.2425,0.8084,0.5,0.5,0.4,0.6
GSE17537,SIG127,6,6,20,15,0.7477,0.7534,0.0333,0.0979,0.922,-0.01213,-0.9296,0.3526,0.55,0.45,0.5333,0.4667
GSE17537,SIG128,11,11,20,15,0.7477,0.758,0.2,0.5923,0.5536,0.00322,0.2036,0.8386,0.5,0.5,0.4,0.6
GSE17537,SIG129,9,9,20,15,0.7477,0.783,0.4333,1.314,0.1889,0.05584,1.1897,0.2342,0.55,0.45,0.3333,0.6667
GSE17537,SIG130,9,9,20,15,0.7477,0.7636,0.4,1.1952,0.232,0.00049,0.0191,0.9848,0.6,0.4,0.4,0.6
GSE17537,SIG132,5,5,20,15,0.7477,0.7466,0.2333,0.7075,0.4792,0.00051,0.1036,0.9175,0.45,0.55,0.3333,0.6667
GSE17537,SIG133,5,5,20,15,0.7477,0.7534,-0.2,-0.5923,0.5536,-0.00359,-1.054,0.2919,0.5,0.5,0.6,0.4
GSE17537,SIG134,8,8,20,15,0.7477,0.7477,0.5,1.511,0.1308,0.0217,1.4021,0.1609,0.65,0.35,0.4,0.6
GSE17537,SIG135,3,3,20,15,0.7477,0.75,0,0,1,0.00516,0.7036,0.4817,0.6,0.4,0.6,0.4
GSE17537,SIG136,9,9,20,15,0.7477,0.7466,0.3,0.8905,0.3732,-3e-04,-0.0233,0.9814,0.55,0.45,0.4,0.6
GSE17537,SIG138,5,5,20,15,0.7477,0.7523,0.6333,2.2348,0.02543,0.0352,1.9693,0.04892,0.45,0.55,0.1333,0.8667
GSE17537,SIG139,4,4,20,15,0.7477,0.7477,0.4,1.1952,0.232,0.01801,1.0158,0.3097,0.6,0.4,0.4,0.6
GSE17537,SIG140,6,6,20,15,0.7477,0.7477,0.3333,1.0084,0.3132,0.00657,0.9352,0.3497,0.5,0.5,0.3333,0.6667
GSE17537,SIG141,7,7,20,15,0.7477,0.7477,0.1,0.3022,0.7625,0.00227,0.232,0.8165,0.65,0.35,0.6,0.4
GSE17537,SIG142,12,12,20,15,0.7477,0.7511,0.2333,0.6976,0.4854,-0.003,-0.167,0.8674,0.65,0.35,0.5333,0.4667
GSE17537,SIG143,6,6,20,15,0.7477,0.7557,-0.1333,-0.3943,0.6934,-0.00736,-0.474,0.6355,0.4,0.6,0.4667,0.5333
GSE17537,SIG144,3,3,20,15,0.7477,0.7534,0.7333,2.3045,0.02119,0.001,0.1375,0.8906,0.7,0.3,0.3333,0.6667
GSE17537,SIG145,12,12,20,15,0.7477,0.758,0.4333,1.314,0.1889,0.00683,0.3288,0.7423,0.55,0.45,0.3333,0.6667
GSE17537,SIG146,3,3,20,15,0.7477,0.7489,0.4333,1.314,0.1889,0.01163,0.9084,0.3637,0.55,0.45,0.3333,0.6667
GSE17537,SIG147,3,3,20,15,0.7477,0.7966,0.1333,0.3943,0.6934,0.02527,0.6214,0.5343,0.6,0.4,0.5333,0.4667
GSE17537,SIG148,8,6,20,15,0.7477,0.7784,0.4,1.1952,0.232,0.04315,1.3737,0.1695,0.6,0.4,0.4,0.6
GSE17537,SIG149,8,8,20,15,0.7477,0.7545,0.3667,1.1501,0.2501,0.01257,0.5862,0.5577,0.45,0.55,0.2667,0.7333
GSE17537,SIG150,10,10,20,15,0.7477,0.7523,0.1667,0.5334,0.5938,-0.0032,-0.2088,0.8346,0.35,0.65,0.2667,0.7333
GSE17537,SIG151,8,8,20,15,0.7477,0.75,0.4,1.1952,0.232,-0.00144,-0.1251,0.9005,0.6,0.4,0.4,0.6
GSE17537,SIG152,8,8,20,15,0.7477,0.7466,0.4333,1.314,0.1889,0.01538,1.4566,0.1452,0.55,0.45,0.3333,0.6667
GSE17537,SIG153,8,8,20,15,0.7477,0.75,0.3333,1.0084,0.3132,0.01277,1.0565,0.2908,0.5,0.5,0.3333,0.6667
GSE17537,SIG154,3,3,20,15,0.7477,0.7557,0.0667,0.1954,0.8451,0.00872,0.4557,0.6486,0.5,0.5,0.4667,0.5333
GSE17537,SIG155,9,9,20,15,0.7477,0.7352,0.2667,0.7885,0.4304,0.01982,1.0864,0.2773,0.6,0.4,0.4667,0.5333
GSE17537,SIG156,5,5,20,15,0.7477,0.7761,0.1333,0.4071,0.6839,-0.00142,-0.0686,0.9453,0.4,0.6,0.3333,0.6667
GSE17537,SIG157,5,5,20,15,0.7477,0.7466,-0.3,-0.8905,0.3732,0.00111,0.2182,0.8273,0.45,0.55,0.6,0.4
GSE17537,SIG159,6,6,20,15,0.7477,0.7477,-0.1667,-0.4896,0.6244,-0.00133,-0.8305,0.4063,0.45,0.55,0.5333,0.4667
GSE17537,SIG161,4,4,20,15,0.7477,0.7443,-0.1667,-0.4896,0.6244,0.00044,0.0644,0.9486,0.45,0.55,0.5333,0.4667
GSE17537,SIG163,4,4,20,15,0.7477,0.7602,0.0667,0.1954,0.8451,-0.0068,-0.3639,0.7159,0.5,0.5,0.4667,0.5333
GSE17537,SIG164,4,4,20,15,0.7477,0.7614,0.1667,0.4896,0.6244,-0.00247,-0.1072,0.9146,0.55,0.45,0.4667,0.5333
GSE17537,SIG165,5,5,20,15,0.7477,0.7432,0.0667,0.1954,0.8451,0.00559,1.1181,0.2635,0.5,0.5,0.4667,0.5333
GSE17537,SIG166,3,3,20,15,0.7477,0.7489,0.5667,1.7774,0.07551,0.05259,1.8542,0.06371,0.55,0.45,0.2667,0.7333
GSE17537,SIG167,3,3,20,15,0.7477,0.7511,0.5333,1.6285,0.1034,0.01008,0.7244,0.4688,0.6,0.4,0.3333,0.6667
GSE17537,SIG168,9,9,20,15,0.7477,0.7761,0.3,0.8905,0.3732,-0.0027,-0.0799,0.9363,0.55,0.45,0.4,0.6
GSE17537,SIG169,8,8,20,15,0.7477,0.742,-0.0667,-0.1954,0.8451,0.00505,0.3814,0.7029,0.5,0.5,0.5333,0.4667
GSE17537,SIG170,6,6,20,15,0.7477,0.7898,0.2,0.5923,0.5536,0.05272,1.5402,0.1235,0.5,0.5,0.4,0.6
GSE17537,SIG171,4,4,20,15,0.7477,0.7477,-0.2667,-0.7885,0.4304,0.00049,0.0635,0.9494,0.4,0.6,0.5333,0.4667
GSE17537,SIG172,6,6,20,15,0.7477,0.7511,-0.6333,-1.9568,0.05038,-0.00107,-0.9683,0.3329,0.35,0.65,0.6667,0.3333
GSE17537,SIG173,5,5,20,15,0.7477,0.7716,0.3,0.8905,0.3732,0.01209,0.345,0.7301,0.55,0.45,0.4,0.6
GSE17537,SIG175,6,5,20,15,0.7477,0.75,-0.0667,-0.1954,0.8451,0.0041,0.3564,0.7215,0.5,0.5,0.5333,0.4667
GSE17537,SIG176,8,8,20,15,0.7477,0.7693,0.3667,1.1501,0.2501,0.01947,0.485,0.6277,0.45,0.55,0.2667,0.7333
GSE17537,SIG177,14,14,20,15,0.7477,0.7443,0.5667,1.7774,0.07551,0.00445,0.3979,0.6907,0.55,0.45,0.2667,0.7333
GSE17537,SIG178,3,3,20,15,0.7477,0.7545,-0.0333,-0.0979,0.922,0.02646,0.6817,0.4954,0.45,0.55,0.4667,0.5333
GSE17537,SIG179,12,12,20,15,0.7477,0.7614,0.2667,0.7885,0.4304,0.01589,0.7338,0.4631,0.6,0.4,0.4667,0.5333
GSE17537,SIG180,5,5,20,15,0.7477,0.7636,-0.0667,-0.1954,0.8451,0.00092,0.0402,0.968,0.5,0.5,0.5333,0.4667
GSE17537,SIG181,5,5,20,15,0.7477,0.7409,0.6333,1.9568,0.05038,0.00217,0.3321,0.7398,0.65,0.35,0.3333,0.6667
GSE17537,SIG182,3,3,20,15,0.7477,0.7568,0.7,2.3057,0.02112,0.00057,0.1141,0.9092,0.55,0.45,0.2,0.8
GSE17537,SIG183,4,4,20,15,0.7477,0.7818,0.7,2.1972,0.02801,0.02036,0.7195,0.4718,0.75,0.25,0.4,0.6
GSE17537,SIG184,3,3,20,15,0.7477,0.7761,0.7667,2.4534,0.01415,0.09832,1.8707,0.06139,0.65,0.35,0.2667,0.7333
GSE17537,SIG185,22,22,20,15,0.7477,0.7477,-0.1333,-0.3943,0.6934,0.00712,0.6569,0.5112,0.4,0.6,0.4667,0.5333
GSE17537,SIG186,19,18,20,15,0.7477,0.742,0.3333,1.0084,0.3132,-0.00192,-0.2371,0.8126,0.5,0.5,0.3333,0.6667
GSE17537,SIG187,4,4,20,15,0.7477,0.7727,0.5667,1.7774,0.07551,0.03358,0.7033,0.4819,0.55,0.45,0.2667,0.7333
GSE17537,SIG188,6,6,20,15,0.7477,0.7489,0.4333,1.314,0.1889,-0.00045,-0.3227,0.7469,0.55,0.45,0.3333,0.6667
GSE17537,SIG189,6,6,20,15,0.7477,0.7545,0.3,0.8905,0.3732,0.02919,0.7805,0.4351,0.55,0.45,0.4,0.6
GSE17537,SIG190,7,7,20,15,0.7477,0.7659,0.3,0.8905,0.3732,0.02876,1.1307,0.2582,0.55,0.45,0.4,0.6
GSE17537,SIG191,3,3,20,15,0.7477,0.742,-0.0333,-0.0979,0.922,0.00661,0.893,0.3719,0.45,0.55,0.4667,0.5333
GSE17537,SIG192,3,3,20,15,0.7477,0.7625,-0.1,-0.2968,0.7666,0.04059,1.3645,0.1724,0.55,0.45,0.6,0.4
GSE17537,SIG193,7,7,20,15,0.7477,0.7443,0.2,0.5923,0.5536,0.00205,0.1156,0.908,0.5,0.5,0.4,0.6
GSE17537,SIG194,6,6,20,15,0.7477,0.7659,0.2667,0.7885,0.4304,-0.00054,-0.0248,0.9802,0.6,0.4,0.4667,0.5333
GSE17537,SIG195,12,12,20,15,0.7477,0.8057,0.7667,2.4534,0.01415,0.18995,2.9789,0.002893,0.65,0.35,0.2667,0.7333
GSE17537,SIG196,4,4,20,15,0.7477,0.7534,0.2333,0.6976,0.4854,0.01467,0.6504,0.5154,0.65,0.35,0.5333,0.4667
GSE17537,SIG197,4,4,20,15,0.7477,0.7602,0.1667,0.4896,0.6244,0.02386,0.8044,0.4212,0.55,0.45,0.4667,0.5333
GSE17537,SIG198,3,3,20,15,0.7477,0.7636,0.0667,0.1954,0.8451,0.04708,1.4693,0.1418,0.5,0.5,0.4667,0.5333
GSE17537,SIG199,5,5,20,15,0.7477,0.7557,0.6667,2.1066,0.03515,0.03725,1.1432,0.2529,0.6,0.4,0.2667,0.7333
GSE17537,SIG200,3,3,20,15,0.7477,0.7693,0.3667,1.0963,0.273,0.03335,0.7415,0.4584,0.65,0.35,0.4667,0.5333
GSE17537,SIG201,4,3,20,15,0.7477,0.7545,1.0667,3.6771,0.0002359,0.09496,2.6235,0.008702,0.8,0.2,0.2667,0.7333
GSE17537,SIG202,29,29,20,15,0.7477,0.7761,0.4,1.1952,0.232,0.05693,1.2055,0.228,0.6,0.4,0.4,0.6
GSE17537,SIG203,5,5,20,15,0.7477,0.7511,-0.3,-0.8905,0.3732,0.0022,0.337,0.7361,0.45,0.55,0.6,0.4
GSE17537,SIG204,3,3,20,15,0.7477,0.7534,0.0333,0.0979,0.922,0.03223,1.3237,0.1856,0.55,0.45,0.5333,0.4667
GSE17537,SIG205,7,7,20,15,0.7477,0.758,-0.0667,-0.1954,0.8451,-0.00633,-0.2969,0.7666,0.5,0.5,0.5333,0.4667
GSE17537,SIG206,11,11,20,15,0.7477,0.7466,0.2667,0.7885,0.4304,-0.00052,-0.5291,0.5968,0.6,0.4,0.4667,0.5333
GSE17537,SIG207,13,13,20,15,0.7477,0.7523,0.9,3.031,0.002437,0.02677,1.4565,0.1453,0.65,0.35,0.2,0.8
GSE17537,SIG208,7,6,20,15,0.7477,0.7739,0.6667,2.1066,0.03515,0.04056,1.0955,0.2733,0.6,0.4,0.2667,0.7333
GSE17537,SIG209,5,5,20,15,0.7477,0.7591,0.6667,2.1066,0.03515,0.0235,0.6451,0.5189,0.6,0.4,0.2667,0.7333
GSE17537,SIG210,13,13,20,15,0.7477,0.7727,0.1667,0.4896,0.6244,0.00923,0.2569,0.7972,0.55,0.45,0.4667,0.5333
GSE17537,SIG211,4,4,20,15,0.7477,0.7614,0.2,0.5923,0.5536,-0.00508,-0.3007,0.7636,0.5,0.5,0.4,0.6
GSE17537,SIG212,3,3,20,15,0.7477,0.7443,-0.0333,-0.0979,0.922,0.00188,0.1092,0.913,0.45,0.55,0.4667,0.5333
GSE17537,SIG213,5,5,20,15,0.7477,0.7739,0.1667,0.4896,0.6244,-0.00337,-0.1317,0.8952,0.55,0.45,0.4667,0.5333
GSE17537,SIG214,5,5,20,15,0.7477,0.7568,0.1,0.2968,0.7666,0.00457,0.3057,0.7598,0.45,0.55,0.4,0.6
GSE17537,SIG215,4,4,20,15,0.7477,0.7466,-0.0333,-0.0979,0.922,0.00233,0.365,0.7151,0.45,0.55,0.4667,0.5333
GSE17537,SIG216,4,4,20,15,0.7477,0.7591,0.6667,2.1066,0.03515,0.015,0.9868,0.3238,0.6,0.4,0.2667,0.7333
GSE17537,SIG217,8,8,20,15,0.7477,0.7875,0.4333,1.314,0.1889,0.02743,0.6624,0.5077,0.55,0.45,0.3333,0.6667
GSE17537,SIG218,4,4,20,15,0.7477,0.7489,0.2667,0.7885,0.4304,0.00097,0.3686,0.7124,0.6,0.4,0.4667,0.5333
GSE17537,SIG219,8,7,20,15,0.7477,0.7466,0.4667,1.4176,0.1563,0.01479,0.6755,0.4993,0.7,0.3,0.4667,0.5333
GSE17537,SIG220,7,7,20,15,0.7477,0.7455,-0.3,-0.8905,0.3732,-0.00247,-0.1727,0.8629,0.45,0.55,0.6,0.4
GSE17537,SIG221,4,4,20,15,0.7477,0.7534,0.2667,0.7885,0.4304,0.02442,1.0179,0.3087,0.6,0.4,0.4667,0.5333
GSE17537,SIG222,3,3,20,15,0.7477,0.7591,0.2333,0.6976,0.4854,0.00162,0.0868,0.9309,0.65,0.35,0.5333,0.4667
GSE17537,SIG223,4,4,20,15,0.7477,0.75,-0.3,-0.8905,0.3732,-0.00052,-0.0986,0.9214,0.45,0.55,0.6,0.4
GSE17537,SIG224,3,3,20,15,0.7477,0.758,-0.0667,-0.1954,0.8451,-0.00819,-1.1156,0.2646,0.5,0.5,0.5333,0.4667
GSE17537,SIG225,5,5,20,15,0.7477,0.7443,0.1333,0.3943,0.6934,-0.00037,-0.179,0.858,0.6,0.4,0.5333,0.4667
GSE17537,SIG226,5,5,20,15,0.7477,0.75,-0.1333,-0.3943,0.6934,0.00443,0.784,0.433,0.4,0.6,0.4667,0.5333
GSE17537,SIG227,8,8,20,15,0.7477,0.7591,0.4,1.1952,0.232,0.00707,0.2344,0.8147,0.6,0.4,0.4,0.6
GSE17537,SIG228,6,6,20,15,0.7477,0.7693,0.2,0.5923,0.5536,0.03499,0.759,0.4479,0.5,0.5,0.4,0.6
GSE17537,SIG229,4,4,20,15,0.7477,0.7523,-0.1667,-0.4896,0.6244,0.02313,1.0536,0.2921,0.45,0.55,0.5333,0.4667
GSE17537,SIG230,16,16,20,15,0.7477,0.7602,0.1667,0.4896,0.6244,-0.00198,-0.1183,0.9058,0.55,0.45,0.4667,0.5333
GSE17537,SIG231,3,3,20,15,0.7477,0.7773,0.5333,1.6285,0.1034,0.05234,1.4936,0.1353,0.6,0.4,0.3333,0.6667
GSE17537,SIG232,7,7,20,15,0.7477,0.7943,0.8667,2.8245,0.004735,0.09233,1.7596,0.07848,0.7,0.3,0.2667,0.7333
GSE17537,SIG233,10,10,20,15,0.7477,0.7477,0.6667,2.1066,0.03515,-0.00192,-0.2532,0.8001,0.6,0.4,0.2667,0.7333
GSE17537,SIG234,13,12,20,15,0.7477,0.7534,0.4333,1.314,0.1889,0.04019,1.2364,0.2163,0.55,0.45,0.3333,0.6667
GSE17537,SIG235,6,6,20,15,0.7477,0.7455,-0.0667,-0.1954,0.8451,0.00647,0.9071,0.3643,0.5,0.5,0.5333,0.4667
GSE17537,SIG236,5,5,20,15,0.7477,0.7659,0.1333,0.4071,0.6839,0.06381,1.7427,0.08138,0.4,0.6,0.3333,0.6667
GSE17537,SIG237,6,6,20,15,0.7477,0.7864,0.3,0.8905,0.3732,0.05285,1.3462,0.1782,0.55,0.45,0.4,0.6
GSE17537,SIG238,6,6,20,15,0.7477,0.7375,0.3,0.8905,0.3732,0.04368,2.311,0.02083,0.55,0.45,0.4,0.6
GSE17537,SIG239,7,7,20,15,0.7477,0.7477,0.2,0.5923,0.5536,0.02385,0.9581,0.338,0.5,0.5,0.4,0.6
GSE17537,SIG240,6,6,20,15,0.7477,0.7386,0.2667,0.7885,0.4304,0.00174,0.1341,0.8933,0.6,0.4,0.4667,0.5333
GSE17537,SIG241,4,4,20,15,0.7477,0.7477,0.1667,0.4896,0.6244,-0.00466,-0.2577,0.7967,0.55,0.45,0.4667,0.5333
GSE17537,SIG242,6,6,20,15,0.7477,0.7716,0.4333,1.314,0.1889,0.04864,1.4699,0.1416,0.55,0.45,0.3333,0.6667
GSE17537,SIG243,8,8,20,15,0.7477,0.7375,0.1,0.3022,0.7625,0.0127,1.2313,0.2182,0.65,0.35,0.6,0.4
GSE17537,SIG244,13,13,20,15,0.7477,0.7523,0.3,0.8905,0.3732,0.00273,0.1807,0.8566,0.55,0.45,0.4,0.6
GSE17537,SIG245,3,3,20,15,0.7477,0.7386,0.3,0.8905,0.3732,0.0277,1.413,0.1577,0.55,0.45,0.4,0.6
GSE17537,SIG246,5,5,20,15,0.7477,0.7466,0.3,0.8905,0.3732,0.00054,0.2212,0.825,0.55,0.45,0.4,0.6
GSE17537,SIG247,3,3,20,15,0.7477,0.7625,0.3333,1.0084,0.3132,0.03045,1.0135,0.3108,0.5,0.5,0.3333,0.6667
GSE17537,SIG248,5,5,20,15,0.7477,0.7523,0.0667,0.1954,0.8451,0.00726,0.4602,0.6454,0.5,0.5,0.4667,0.5333
GSE17537,SIG249,4,4,20,15,0.7477,0.7511,0.6667,2.1066,0.03515,0.03731,1.8278,0.06758,0.6,0.4,0.2667,0.7333
GSE17537,SIG250,4,4,20,15,0.7477,0.7455,0.4,1.1952,0.232,0.01027,0.4749,0.6349,0.6,0.4,0.4,0.6
GSE17537,SIG251,14,13,20,15,0.7477,0.7443,0.2333,0.7075,0.4792,0.00704,0.8497,0.3955,0.45,0.55,0.3333,0.6667
GSE17537,SIG252,3,3,20,15,0.7477,0.7807,0.7,2.3057,0.02112,0.11738,2.1428,0.03213,0.55,0.45,0.2,0.8
GSE17537,SIG253,3,3,20,15,0.7477,0.758,0.6,1.8429,0.06535,0.0033,0.2429,0.8081,0.7,0.3,0.4,0.6
GSE17537,SIG254,3,3,20,15,0.7477,0.7489,0.5333,1.6285,0.1034,0.00412,0.7844,0.4328,0.6,0.4,0.3333,0.6667
GSE17537,SIG255,3,2,20,15,0.7477,0.7761,0.2333,0.7075,0.4792,0.00528,0.2067,0.8363,0.45,0.55,0.3333,0.6667
GSE17537,SIG256,5,5,20,15,0.7477,0.7489,0.1667,0.4896,0.6244,-0.0036,-0.4867,0.6265,0.55,0.45,0.4667,0.5333
GSE17537,SIG257,4,3,20,15,0.7477,0.758,0.4333,1.314,0.1889,0.02309,0.6776,0.498,0.55,0.45,0.3333,0.6667
GSE17537,SIG258,6,4,20,15,0.7477,0.7455,0.0667,0.1954,0.8451,0.00347,0.7478,0.4546,0.5,0.5,0.4667,0.5333
GSE17537,SIG259,6,5,20,15,0.7477,0.7568,0.2,0.6873,0.4919,0.01866,0.9451,0.3446,0.3,0.7,0.2,0.8
GSE17537,SIG260,5,5,20,15,0.7477,0.75,0.2,0.5923,0.5536,-0.00045,-0.1077,0.9143,0.5,0.5,0.4,0.6
GSE17537,SIG261,14,14,20,15,0.7477,0.7659,-0.1333,-0.3943,0.6934,0.05315,1.1599,0.2461,0.4,0.6,0.4667,0.5333
GSE17537,SIG262,6,6,20,15,0.7477,0.7636,0.4333,1.314,0.1889,0.00736,0.3255,0.7448,0.55,0.45,0.3333,0.6667
GSE17537,SIG263,4,4,20,15,0.7477,0.7807,0.8,2.6568,0.007888,0.11518,2.2047,0.02748,0.6,0.4,0.2,0.8
GSE17537,SIG264,6,6,20,15,0.7477,0.7966,0.0333,0.0979,0.922,-0.0033,-0.1151,0.9084,0.55,0.45,0.5333,0.4667
GSE17537,SIG265,7,7,20,15,0.7477,0.7477,-0.2,-0.5923,0.5536,0.00042,0.0287,0.9771,0.5,0.5,0.6,0.4
GSE17537,SIG266,5,5,20,15,0.7477,0.7477,0.1667,0.4896,0.6244,0.00055,0.2439,0.8073,0.55,0.45,0.4667,0.5333
GSE17537,SIG267,11,11,20,15,0.7477,0.75,0,0,1,-0.00867,-1.0235,0.3061,0.6,0.4,0.6,0.4
GSE17537,SIG268,6,6,20,15,0.7477,0.7534,0.4,1.1952,0.232,-0.00284,-0.1173,0.9066,0.6,0.4,0.4,0.6
GSE17537,SIG269,3,3,20,15,0.7477,0.7511,0.4667,1.4601,0.1443,0.00448,0.6289,0.5294,0.5,0.5,0.2667,0.7333
GSE17537,SIG270,4,4,20,15,0.7477,0.7523,0.1,0.2968,0.7666,0.00589,0.8118,0.4169,0.45,0.55,0.4,0.6
GSE17537,SIG271,5,5,20,15,0.7477,0.7795,0.8667,2.8245,0.004735,0.05217,1.3486,0.1775,0.7,0.3,0.2667,0.7333
GSE17537,SIG272,4,4,20,15,0.7477,0.75,-0.1,-0.2968,0.7666,-0.00916,-0.6138,0.5394,0.55,0.45,0.6,0.4
GSE17537,SIG273,4,4,20,15,0.7477,0.7625,0.4333,1.314,0.1889,0.00926,0.3897,0.6967,0.55,0.45,0.3333,0.6667
GSE17537,SIG274,8,8,20,15,0.7477,0.7511,0.1667,0.4896,0.6244,0.01662,0.6533,0.5135,0.55,0.45,0.4667,0.5333
GSE17537,SIG275,4,4,20,15,0.7477,0.7523,0.3,0.8905,0.3732,0.01933,1.0586,0.2898,0.55,0.45,0.4,0.6
GSE17537,SIG276,12,12,20,15,0.7477,0.7773,0.4333,1.314,0.1889,0.00235,0.0775,0.9382,0.55,0.45,0.3333,0.6667
GSE17537,SIG277,6,6,20,15,0.7477,0.75,0.1,0.2968,0.7666,0.00765,1.1601,0.246,0.45,0.55,0.4,0.6
GSE17537,SIG278,5,5,20,15,0.7477,0.7511,0.1333,0.3943,0.6934,0.00294,0.7133,0.4757,0.6,0.4,0.5333,0.4667
GSE17537,SIG279,7,7,20,15,0.7477,0.7523,-0.0333,-0.0979,0.922,0.0061,0.3907,0.696,0.45,0.55,0.4667,0.5333
GSE17537,SIG280,4,4,20,15,0.7477,0.7534,0.2333,0.7075,0.4792,0.00102,0.1293,0.8971,0.45,0.55,0.3333,0.6667
GSE17537,SIG281,4,4,20,15,0.7477,0.7625,0.3667,1.1501,0.2501,-0.00962,-0.4436,0.6573,0.45,0.55,0.2667,0.7333
GSE17537,SIG282,16,16,20,15,0.7477,0.75,-0.1,-0.2968,0.7666,-0.0074,-0.5493,0.5828,0.55,0.45,0.6,0.4
GSE17537,SIG283,10,10,20,15,0.7477,0.7409,0.5,1.647,0.09957,0.00521,0.4056,0.685,0.45,0.55,0.2,0.8
GSE17537,SIG284,3,3,20,15,0.7477,0.7636,0.2667,0.7885,0.4304,-0.00248,-0.1393,0.8892,0.6,0.4,0.4667,0.5333
GSE17537,SIG285,9,9,20,15,0.7477,0.7705,0.2333,0.6976,0.4854,0.01955,0.6455,0.5186,0.65,0.35,0.5333,0.4667
GSE17537,SIG286,5,5,20,15,0.7477,0.7511,-0.1,-0.2968,0.7666,0.0589,1.7364,0.08249,0.55,0.45,0.6,0.4
GSE17537,SIG287,3,3,20,15,0.7477,0.7773,0.5,1.511,0.1308,0.00423,0.1047,0.9166,0.65,0.35,0.4,0.6
GSE17537,SIG288,5,5,20,15,0.7477,0.7682,0.5,1.647,0.09957,0.04126,1.0842,0.2783,0.45,0.55,0.2,0.8
GSE17537,SIG289,17,16,20,15,0.7477,0.7455,0.1667,0.4896,0.6244,0.0012,0.7361,0.4617,0.55,0.45,0.4667,0.5333
GSE17537,SIG290,3,3,20,15,0.7477,0.7841,0.3,0.8905,0.3732,0.01883,0.6472,0.5175,0.55,0.45,0.4,0.6
GSE17537,SIG291,3,3,20,15,0.7477,0.7625,0.3,0.8905,0.3732,0.00251,0.2137,0.8307,0.55,0.45,0.4,0.6
GSE17537,SIG292,15,14,20,15,0.7477,0.7693,0.1333,0.3943,0.6934,-0.00319,-0.1237,0.9015,0.6,0.4,0.5333,0.4667
GSE17537,SIG293,7,6,20,15,0.7477,0.7557,0.6333,1.9568,0.05038,0.03145,1.0058,0.3145,0.65,0.35,0.3333,0.6667
GSE17537,SIG294,4,4,20,15,0.7477,0.7625,-0.0333,-0.103,0.918,0.01488,0.4757,0.6343,0.65,0.35,0.6667,0.3333
GSE17537,SIG295,9,7,20,15,0.7477,0.7523,0.7333,2.3045,0.02119,0.00444,0.3211,0.7482,0.7,0.3,0.3333,0.6667
GSE17537,SIG296,11,11,20,15,0.7477,0.7761,0.4,1.1952,0.232,0.04541,1.0483,0.2945,0.6,0.4,0.4,0.6
GSE17537,SIG297,11,11,20,15,0.7477,0.7489,-0.1,-0.2968,0.7666,-0.00312,-0.1802,0.857,0.55,0.45,0.6,0.4
GSE17537,SIG298,9,9,20,15,0.7477,0.7511,0.4333,1.314,0.1889,0.02435,1.0496,0.2939,0.55,0.45,0.3333,0.6667
GSE17537,SIG300,5,5,20,15,0.7477,0.75,0,0,1,-0.00027,-0.6439,0.5196,0.4,0.6,0.4,0.6
GSE17537,SIG301,7,7,20,15,0.7477,0.7477,0.4667,1.4601,0.1443,0.00376,0.5393,0.5897,0.5,0.5,0.2667,0.7333
GSE17537,SIG302,6,6,20,15,0.7477,0.7682,0.3,0.8905,0.3732,0.11815,2.1937,0.02825,0.55,0.45,0.4,0.6
GSE17537,SIG303,3,3,20,15,0.7477,0.7625,0.8333,2.9405,0.003277,0.04199,1.4474,0.1478,0.55,0.45,0.1333,0.8667
GSE17537,SIG304,4,4,20,15,0.7477,0.7466,0.0667,0.1954,0.8451,-4e-05,-0.022,0.9824,0.5,0.5,0.4667,0.5333
GSE17537,SIG305,7,7,20,15,0.7477,0.7534,0.2667,0.7885,0.4304,-0.00623,-0.2584,0.7961,0.6,0.4,0.4667,0.5333
GSE17537,SIG306,11,11,20,15,0.7477,0.7591,-0.1,-0.2968,0.7666,0.00909,0.2998,0.7643,0.55,0.45,0.6,0.4
GSE17537,SIG307,13,13,20,15,0.7477,0.7682,0.0333,0.0979,0.922,0.01298,0.3294,0.7418,0.55,0.45,0.5333,0.4667
GSE17537,SIG308,5,5,20,15,0.7477,0.7557,0.3,0.8905,0.3732,-0.01255,-0.8266,0.4084,0.55,0.45,0.4,0.6
GSE17537,SIG309,3,3,20,15,0.7477,0.758,0.0333,0.0979,0.922,-0.00797,-0.4686,0.6394,0.55,0.45,0.5333,0.4667
GSE17537,SIG310,4,4,20,15,0.7477,0.7693,0.5333,1.6285,0.1034,0.04773,1.3168,0.1879,0.6,0.4,0.3333,0.6667
GSE17537,SIG311,5,4,20,15,0.7477,0.7568,0.3,0.8905,0.3732,-0.00184,-0.2735,0.7845,0.55,0.45,0.4,0.6
GSE17537,SIG312,9,9,20,15,0.7477,0.7966,0.4333,1.314,0.1889,0.06534,1.3155,0.1883,0.55,0.45,0.3333,0.6667
GSE17537,SIG313,3,3,20,15,0.7477,0.7591,0.6333,1.9568,0.05038,0.029,0.9132,0.3611,0.65,0.35,0.3333,0.6667
GSE17537,SIG314,8,7,20,15,0.7477,0.742,0.4,1.1952,0.232,0.01471,0.767,0.4431,0.6,0.4,0.4,0.6
GSE17537,SIG315,8,8,20,15,0.7477,0.7841,0.9,3.031,0.002437,0.11077,2.1107,0.0348,0.65,0.35,0.2,0.8
GSE17537,SIG316,10,10,20,15,0.7477,0.7955,0.2667,0.7885,0.4304,0.04838,0.9302,0.3523,0.6,0.4,0.4667,0.5333
GSE17537,SIG317,7,7,20,15,0.7477,0.7409,0.1667,0.4896,0.6244,0.01994,1.1331,0.2572,0.55,0.45,0.4667,0.5333
GSE17537,SIG318,4,4,20,15,0.7477,0.7739,0.2667,0.7885,0.4304,0.04237,1.2049,0.2282,0.6,0.4,0.4667,0.5333
GSE17537,SIG319,8,8,20,15,0.7477,0.7511,-0.2,-0.5923,0.5536,-0.00184,-0.081,0.9354,0.5,0.5,0.6,0.4
GSE17537,SIG320,8,8,20,15,0.7477,0.75,0.1,0.2968,0.7666,0.00271,0.8493,0.3957,0.45,0.55,0.4,0.6
GSE17537,SIG321,3,3,20,15,0.7477,0.7477,-0.2667,-0.7885,0.4304,-4e-05,-0.005,0.996,0.4,0.6,0.5333,0.4667
GSE17537,SIG322,7,7,20,15,0.7477,0.7602,0.0333,0.0979,0.922,0.0261,0.7961,0.426,0.55,0.45,0.5333,0.4667
GSE17537,SIG323,5,5,20,15,0.7477,0.7614,-0.0333,-0.0979,0.922,0.01209,0.4123,0.6801,0.45,0.55,0.4667,0.5333
GSE17537,SIG324,3,3,20,15,0.7477,0.7477,0.5,1.511,0.1308,0.01315,0.7629,0.4455,0.65,0.35,0.4,0.6
GSE17537,SIG325,3,3,20,15,0.7477,0.8216,0.7667,2.4534,0.01415,0.06268,1.2064,0.2277,0.65,0.35,0.2667,0.7333
GSE17537,SIG326,9,9,20,15,0.7477,0.7477,-0.1667,-0.4896,0.6244,9e-05,0.4045,0.6859,0.45,0.55,0.5333,0.4667
GSE17537,SIG327,3,2,20,15,0.7477,0.7807,0.2,0.5923,0.5536,0.03747,0.9249,0.355,0.5,0.5,0.4,0.6
GSE17537,SIG328,9,9,20,15,0.7477,0.7557,0.6667,2.1066,0.03515,0.06229,1.5245,0.1274,0.6,0.4,0.2667,0.7333
GSE17537,SIG329,5,4,20,15,0.7477,0.7807,0.2,0.5923,0.5536,0.07122,1.5692,0.1166,0.5,0.5,0.4,0.6
GSE17537,SIG330,16,16,20,15,0.7477,0.7455,-0.2667,-0.7885,0.4304,-0.00339,-0.6378,0.5236,0.4,0.6,0.5333,0.4667
GSE17537,SIG331,4,4,20,15,0.7477,0.7591,0.3667,1.0963,0.273,0.0069,0.2159,0.829,0.65,0.35,0.4667,0.5333
GSE17537,SIG332,3,3,20,15,0.7477,0.7489,0.0333,0.0979,0.922,-0.00789,-1.0279,0.304,0.55,0.45,0.5333,0.4667
GSE17537,SIG334,4,4,20,15,0.7477,0.7557,0.5333,1.6285,0.1034,0.02978,1.2007,0.2299,0.6,0.4,0.3333,0.6667
GSE17537,SIG335,8,7,20,15,0.7477,0.8205,0.8333,2.9405,0.003277,0.21704,3.3378,0.0008445,0.55,0.45,0.1333,0.8667
GSE17537,SIG336,3,3,20,15,0.7477,0.7591,0.5,1.647,0.09957,0.06529,2.1934,0.02828,0.45,0.55,0.2,0.8
GSE17537,SIG337,4,4,20,15,0.7477,0.792,1.3,6.0945,1.098e-09,0.17277,3.4688,0.0005229,0.65,0.35,0,1
GSE17537,SIG338,3,3,20,15,0.7477,0.75,0,0,1,0.02794,0.8133,0.4161,0.4,0.6,0.4,0.6
GSE29621,SIG001,4,4,23,16,0.7791,0.8287,0.5163,1.6464,0.09968,0.18505,2.9351,0.003334,0.6957,0.3043,0.4375,0.5625
GSE29621,SIG002,4,4,23,16,0.7791,0.7872,0.1304,0.4021,0.6876,0.00692,0.4774,0.6331,0.5652,0.4348,0.5,0.5
GSE29621,SIG003,13,11,23,16,0.7791,0.7917,0.1685,0.5201,0.603,0.0147,0.6011,0.5478,0.5217,0.4783,0.4375,0.5625
GSE29621,SIG004,9,8,23,16,0.7791,0.7836,0.8424,2.9875,0.002813,0.00663,1.8539,0.06375,0.6087,0.3913,0.1875,0.8125
GSE29621,SIG005,6,6,23,16,0.7791,0.8052,0.8043,2.7376,0.006189,0.07604,2.6702,0.00758,0.6522,0.3478,0.25,0.75
GSE29621,SIG006,8,8,23,16,0.7791,0.7845,-0.3043,-0.9532,0.3405,-0.00349,-0.7577,0.4486,0.3478,0.6522,0.5,0.5
GSE29621,SIG007,15,15,23,16,0.7791,0.7818,-0.2554,-0.7911,0.4289,0.0033,0.3482,0.7277,0.4348,0.5652,0.5625,0.4375
GSE29621,SIG009,6,6,23,16,0.7791,0.7755,0.2935,0.919,0.3581,0.00133,0.1223,0.9027,0.5217,0.4783,0.375,0.625
GSE29621,SIG010,6,6,23,16,0.7791,0.78,0.1685,0.5201,0.603,-0.00096,-0.628,0.53,0.5217,0.4783,0.4375,0.5625
GSE29621,SIG011,3,3,23,16,0.7791,0.7845,0.3424,1.0671,0.2859,-0.00173,-0.4016,0.688,0.6087,0.3913,0.4375,0.5625
GSE29621,SIG012,3,3,23,16,0.7791,0.7818,0.0054,0.0168,0.9866,-0.00346,-0.1848,0.8534,0.5652,0.4348,0.5625,0.4375
GSE29621,SIG013,9,9,23,16,0.7791,0.7827,-0.3804,-1.1951,0.232,1e-05,0.0148,0.9882,0.4348,0.5652,0.625,0.375
GSE29621,SIG014,15,15,23,16,0.7791,0.7809,0.2663,0.8492,0.3958,0.00701,0.8161,0.4145,0.6957,0.3043,0.5625,0.4375
GSE29621,SIG015,3,3,23,16,0.7791,0.7944,-0.1304,-0.4021,0.6876,-2e-04,-0.0125,0.99,0.4348,0.5652,0.5,0.5
GSE29621,SIG016,57,50,23,16,0.7791,0.8269,0.8043,2.7376,0.006189,0.14483,2.4509,0.01425,0.6522,0.3478,0.25,0.75
GSE29621,SIG018,9,9,23,16,0.7791,0.7926,0.6793,2.2257,0.02603,0.02032,0.9802,0.327,0.6522,0.3478,0.3125,0.6875
GSE29621,SIG019,12,12,23,16,0.7791,0.8233,0.7663,2.5468,0.01087,0.08286,1.5194,0.1287,0.6957,0.3043,0.3125,0.6875
GSE29621,SIG020,5,3,23,16,0.7791,0.8206,0.4674,1.4779,0.1394,0.06563,1.3104,0.1901,0.6087,0.3913,0.375,0.625
GSE29621,SIG021,10,8,23,16,0.7791,0.7908,0.2065,0.6467,0.5178,0.01099,0.6266,0.5309,0.4783,0.5217,0.375,0.625
GSE29621,SIG022,4,4,23,16,0.7791,0.7845,0.1793,0.5644,0.5725,0.00433,0.3285,0.7425,0.6522,0.3478,0.5625,0.4375
GSE29621,SIG023,9,9,23,16,0.7791,0.7719,0.2554,0.7911,0.4289,0.01011,0.8256,0.409,0.5652,0.4348,0.4375,0.5625
GSE29621,SIG024,7,6,23,16,0.7791,0.7827,0.2554,0.7911,0.4289,0.01426,0.6559,0.5119,0.5652,0.4348,0.4375,0.5625
GSE29621,SIG025,13,11,23,16,0.7791,0.7881,0.3804,1.1951,0.232,0.01638,1.61,0.1074,0.5652,0.4348,0.375,0.625
GSE29621,SIG026,31,29,23,16,0.7791,0.7773,0.5924,1.9206,0.05478,0.01094,1.4515,0.1466,0.6087,0.3913,0.3125,0.6875
GSE29621,SIG027,4,4,23,16,0.7791,0.8224,0.6413,2.0761,0.03788,0.06151,2,0.0455,0.6957,0.3043,0.375,0.625
GSE29621,SIG028,4,4,23,16,0.7791,0.7818,0.4674,1.4779,0.1394,0.00513,0.2271,0.8204,0.6087,0.3913,0.375,0.625
GSE29621,SIG029,5,4,23,16,0.7791,0.8224,0.7663,2.5468,0.01087,0.08562,2.8664,0.004151,0.6957,0.3043,0.3125,0.6875
GSE29621,SIG030,7,7,23,16,0.7791,0.7827,0.3424,1.0671,0.2859,0.00023,0.0656,0.9477,0.6087,0.3913,0.4375,0.5625
GSE29621,SIG031,4,4,23,16,0.7791,0.7818,0.0543,0.1736,0.8622,0.00658,0.323,0.7467,0.6522,0.3478,0.625,0.375
GSE29621,SIG032,10,10,23,16,0.7791,0.7791,0.3424,1.0671,0.2859,0.0024,0.5351,0.5925,0.6087,0.3913,0.4375,0.5625
GSE29621,SIG033,10,9,23,16,0.7791,0.8197,0.2935,0.919,0.3581,0.06136,1.4259,0.1539,0.5217,0.4783,0.375,0.625
GSE29621,SIG034,14,14,23,16,0.7791,0.8233,0.9783,3.4499,0.0005608,0.1596,3.3586,0.0007833,0.7391,0.2609,0.25,0.75
GSE29621,SIG035,3,2,23,16,0.7791,0.8395,0.9402,3.2577,0.001123,0.13129,2.7939,0.005208,0.7826,0.2174,0.3125,0.6875
GSE29621,SIG036,13,12,23,16,0.7791,0.7755,0.3804,1.1951,0.232,0.00787,1.2958,0.195,0.5652,0.4348,0.375,0.625
GSE29621,SIG037,14,13,23,16,0.7791,0.7944,-0.0435,-0.1336,0.8937,0.01484,0.5759,0.5647,0.4783,0.5217,0.5,0.5
GSE29621,SIG038,3,3,23,16,0.7791,0.7701,0.1196,0.3756,0.7072,0.00333,0.3026,0.7622,0.4348,0.5652,0.375,0.625
GSE29621,SIG039,14,14,23,16,0.7791,0.7917,0.5924,1.9206,0.05478,0.02471,2.1004,0.0357,0.6087,0.3913,0.3125,0.6875
GSE29621,SIG040,15,13,23,16,0.7791,0.7818,0.2935,0.919,0.3581,0.00185,0.2532,0.8001,0.5217,0.4783,0.375,0.625
GSE29621,SIG041,10,10,23,16,0.7791,0.7926,0.1196,0.3756,0.7072,-0.00029,-0.0444,0.9646,0.4348,0.5652,0.375,0.625
GSE29621,SIG042,8,7,23,16,0.7791,0.8079,0.0924,0.288,0.7734,0.07577,2.1137,0.03454,0.6087,0.3913,0.5625,0.4375
GSE29621,SIG043,14,14,23,16,0.7791,0.8007,0.3043,0.9532,0.3405,0.03786,1.4776,0.1395,0.6522,0.3478,0.5,0.5
GSE29621,SIG044,3,3,23,16,0.7791,0.7746,-0.0435,-0.1336,0.8937,0.00781,0.2923,0.77,0.4783,0.5217,0.5,0.5
GSE29621,SIG045,6,6,23,16,0.7791,0.7674,0.1304,0.4021,0.6876,-0.00138,-0.5893,0.5556,0.5652,0.4348,0.5,0.5
GSE29621,SIG046,5,4,23,16,0.7791,0.7764,-0.0924,-0.288,0.7734,-0.01121,-0.8559,0.3921,0.3913,0.6087,0.4375,0.5625
GSE29621,SIG047,4,4,23,16,0.7791,0.7917,-0.1087,-0.3757,0.7071,-0.01233,-0.8746,0.3818,0.6957,0.3043,0.75,0.25
GSE29621,SIG048,11,11,23,16,0.7791,0.7881,0.2065,0.6467,0.5178,0.0065,1.0929,0.2744,0.4783,0.5217,0.375,0.625
GSE29621,SIG049,14,14,23,16,0.7791,0.7989,0.2554,0.7911,0.4289,0.01687,0.8696,0.3845,0.5652,0.4348,0.4375,0.5625
GSE29621,SIG050,6,5,23,16,0.7791,0.7881,0.1685,0.5201,0.603,0.00022,0.5458,0.5852,0.5217,0.4783,0.4375,0.5625
GSE29621,SIG051,7,7,23,16,0.7791,0.7935,0.2554,0.7911,0.4289,0.01128,0.5047,0.6137,0.5652,0.4348,0.4375,0.5625
GSE29621,SIG052,20,19,23,16,0.7791,0.8179,0.6304,2.106,0.03521,0.05524,1.385,0.166,0.5652,0.4348,0.25,0.75
GSE29621,SIG053,11,9,23,16,0.7791,0.8034,0.5924,1.9206,0.05478,0.0167,0.6119,0.5406,0.6087,0.3913,0.3125,0.6875
GSE29621,SIG054,46,45,23,16,0.7791,0.8278,0.5163,1.6464,0.09968,0.0767,1.6932,0.09041,0.6957,0.3043,0.4375,0.5625
GSE29621,SIG055,21,20,23,16,0.7791,0.7836,-0.0815,-0.2517,0.8013,0.00053,0.1619,0.8714,0.5217,0.4783,0.5625,0.4375
GSE29621,SIG056,7,6,23,16,0.7791,0.7899,0.2554,0.7911,0.4289,0.02517,1.159,0.2465,0.5652,0.4348,0.4375,0.5625
GSE29621,SIG057,8,8,23,16,0.7791,0.8278,0.4293,1.3512,0.1766,0.0912,1.6592,0.09707,0.6522,0.3478,0.4375,0.5625
GSE29621,SIG058,24,22,23,16,0.7791,0.8106,0.4293,1.3512,0.1766,0.06953,1.8165,0.0693,0.6522,0.3478,0.4375,0.5625
GSE29621,SIG059,14,13,23,16,0.7791,0.7692,-0.0815,-0.2517,0.8013,0.00026,0.1788,0.8581,0.5217,0.4783,0.5625,0.4375
GSE29621,SIG060,7,6,23,16,0.7791,0.7656,0.0054,0.0168,0.9866,-0.00321,-0.4211,0.6737,0.5652,0.4348,0.5625,0.4375
GSE29621,SIG062,43,42,23,16,0.7791,0.7809,0.3315,1.0639,0.2874,0.00422,0.3676,0.7132,0.4783,0.5217,0.3125,0.6875
GSE29621,SIG063,19,19,23,16,0.7791,0.7971,0.6304,2.106,0.03521,0.06053,1.8054,0.07102,0.5652,0.4348,0.25,0.75
GSE29621,SIG064,3,3,23,16,0.7791,0.8052,0.7663,2.5468,0.01087,0.0519,1.5247,0.1273,0.6957,0.3043,0.3125,0.6875
GSE29621,SIG065,5,5,23,16,0.7791,0.7764,0.0054,0.0168,0.9866,0.00597,0.3591,0.7196,0.5652,0.4348,0.5625,0.4375
GSE29621,SIG066,11,11,23,16,0.7791,0.7773,0.0924,0.288,0.7734,0.00589,0.5731,0.5666,0.6087,0.3913,0.5625,0.4375
GSE29621,SIG067,5,5,23,16,0.7791,0.7935,0.2935,0.919,0.3581,0.01423,0.5795,0.5622,0.5217,0.4783,0.375,0.625
GSE29621,SIG068,5,5,23,16,0.7791,0.7719,-0.1304,-0.4021,0.6876,-0.0041,-0.6896,0.4905,0.4348,0.5652,0.5,0.5
GSE29621,SIG069,7,7,23,16,0.7791,0.7728,-0.0054,-0.0168,0.9866,-0.00015,-0.0603,0.9519,0.4348,0.5652,0.4375,0.5625
GSE29621,SIG070,3,3,23,16,0.7791,0.8034,0.4674,1.4779,0.1394,0.02993,1.1951,0.2321,0.6087,0.3913,0.375,0.625
GSE29621,SIG071,13,13,23,16,0.7791,0.7881,0.3424,1.0671,0.2859,0.01905,1.5434,0.1227,0.6087,0.3913,0.4375,0.5625
GSE29621,SIG072,15,14,23,16,0.7791,0.7791,-0.5543,-1.7704,0.07666,-0.00182,-0.7524,0.4518,0.3478,0.6522,0.625,0.375
GSE29621,SIG073,16,16,23,16,0.7791,0.7827,-0.0815,-0.2517,0.8013,0.02101,0.8312,0.4059,0.5217,0.4783,0.5625,0.4375
GSE29621,SIG074,11,11,23,16,0.7791,0.7899,0.0815,0.2517,0.8013,2e-05,0.0428,0.9659,0.4783,0.5217,0.4375,0.5625
GSE29621,SIG075,14,13,23,16,0.7791,0.8133,0.5054,1.6275,0.1036,0.0648,1.6482,0.09931,0.5652,0.4348,0.3125,0.6875
GSE29621,SIG076,9,8,23,16,0.7791,0.8593,1.0652,3.8522,0.000117,0.22852,3.4585,0.0005433,0.7826,0.2174,0.25,0.75
GSE29621,SIG077,7,7,23,16,0.7791,0.7836,0.5543,1.7704,0.07666,0.01641,1.1712,0.2415,0.6522,0.3478,0.375,0.625
GSE29621,SIG078,6,5,23,16,0.7791,0.7863,-0.0435,-0.1336,0.8937,-0.00827,-0.5749,0.5654,0.4783,0.5217,0.5,0.5
GSE29621,SIG079,5,5,23,16,0.7791,0.7737,-0.1304,-0.4021,0.6876,-0.00032,-0.0189,0.985,0.4348,0.5652,0.5,0.5
GSE29621,SIG080,8,8,23,16,0.7791,0.7809,0.4565,1.5195,0.1286,0.02281,1.0388,0.2989,0.4783,0.5217,0.25,0.75
GSE29621,SIG081,5,5,23,16,0.7791,0.7962,0.6793,2.2257,0.02603,0.0477,1.6311,0.1029,0.6522,0.3478,0.3125,0.6875
GSE29621,SIG082,6,6,23,16,0.7791,0.798,0.0815,0.2517,0.8013,0.00894,0.4645,0.6423,0.4783,0.5217,0.4375,0.5625
GSE29621,SIG083,17,16,23,16,0.7791,0.7809,-0.0054,-0.0168,0.9866,9e-05,0.0172,0.9863,0.4348,0.5652,0.4375,0.5625
GSE29621,SIG084,15,15,23,16,0.7791,0.7719,0.2935,0.919,0.3581,-0.00029,-0.1935,0.8466,0.5217,0.4783,0.375,0.625
GSE29621,SIG085,7,7,23,16,0.7791,0.7989,0.2554,0.7911,0.4289,0.01587,1.1277,0.2594,0.5652,0.4348,0.4375,0.5625
GSE29621,SIG086,5,5,23,16,0.7791,0.7818,0.2554,0.7911,0.4289,0.00581,0.3873,0.6985,0.5652,0.4348,0.4375,0.5625
GSE29621,SIG087,5,5,23,16,0.7791,0.8052,0.7663,2.5468,0.01087,0.08813,2.0406,0.04129,0.6957,0.3043,0.3125,0.6875
GSE29621,SIG088,6,6,23,16,0.7791,0.8097,0.9674,3.689,0.0002251,0.12305,2.8722,0.004077,0.6087,0.3913,0.125,0.875
GSE29621,SIG089,5,5,23,16,0.7791,0.7872,0.1304,0.4021,0.6876,-0.00073,-0.0646,0.9485,0.5652,0.4348,0.5,0.5
GSE29621,SIG090,4,4,23,16,0.7791,0.7818,0.2935,0.919,0.3581,-0.00077,-0.0765,0.939,0.5217,0.4783,0.375,0.625
GSE29621,SIG091,7,7,23,16,0.7791,0.7728,-0.2935,-0.919,0.3581,0.00021,0.0196,0.9844,0.4783,0.5217,0.625,0.375
GSE29621,SIG093,9,9,23,16,0.7791,0.7935,0.6196,2.3404,0.01927,0.02161,1.2276,0.2196,0.4348,0.5652,0.125,0.875
GSE29621,SIG094,3,3,23,16,0.7791,0.7791,-0.0815,-0.2517,0.8013,0.01004,0.6144,0.5389,0.5217,0.4783,0.5625,0.4375
GSE29621,SIG095,18,16,23,16,0.7791,0.8115,0.0435,0.1336,0.8937,0.04254,1.31,0.1902,0.5217,0.4783,0.5,0.5
GSE29621,SIG096,11,11,23,16,0.7791,0.7836,-0.0054,-0.0168,0.9866,0.00369,0.1844,0.8537,0.4348,0.5652,0.4375,0.5625
GSE29621,SIG097,14,14,23,16,0.7791,0.7764,-0.2554,-0.7911,0.4289,0.00031,0.1199,0.9046,0.4348,0.5652,0.5625,0.4375
GSE29621,SIG098,5,5,23,16,0.7791,0.7746,0.2174,0.6743,0.5001,0.00374,0.2995,0.7646,0.6087,0.3913,0.5,0.5
GSE29621,SIG099,11,11,23,16,0.7791,0.7773,-0.1196,-0.3756,0.7072,-0.001,-0.1585,0.874,0.5652,0.4348,0.625,0.375
GSE29621,SIG101,10,8,23,16,0.7791,0.7782,0.0924,0.288,0.7734,0.00223,0.171,0.8642,0.6087,0.3913,0.5625,0.4375
GSE29621,SIG102,4,4,23,16,0.7791,0.771,0.0815,0.2517,0.8013,0.00145,0.3745,0.708,0.4783,0.5217,0.4375,0.5625
GSE29621,SIG107,15,13,23,16,0.7791,0.7854,0.2935,0.919,0.3581,0.02179,1.0379,0.2993,0.5217,0.4783,0.375,0.625
GSE29621,SIG108,15,13,23,16,0.7791,0.7953,-0.1685,-0.5201,0.603,-0.00174,-0.1639,0.8698,0.4783,0.5217,0.5625,0.4375
GSE29621,SIG109,7,7,23,16,0.7791,0.7899,0.2554,0.7911,0.4289,0.01851,0.9924,0.321,0.5652,0.4348,0.4375,0.5625
GSE29621,SIG110,9,9,23,16,0.7791,0.7683,0.5054,1.6275,0.1036,0.03091,1.807,0.07076,0.5652,0.4348,0.3125,0.6875
GSE29621,SIG111,13,12,23,16,0.7791,0.7836,0.3804,1.1951,0.232,9e-05,0.3862,0.6994,0.5652,0.4348,0.375,0.625
GSE29621,SIG112,4,4,23,16,0.7791,0.7926,0.4674,1.4779,0.1394,0.03565,1.4199,0.1556,0.6087,0.3913,0.375,0.625
GSE29621,SIG113,10,10,23,16,0.7791,0.8007,0.0815,0.2517,0.8013,-0.00071,-0.0407,0.9675,0.4783,0.5217,0.4375,0.5625
GSE29621,SIG114,20,18,23,16,0.7791,0.8233,0.6413,2.0761,0.03788,0.06278,1.1933,0.2327,0.6957,0.3043,0.375,0.625
GSE29621,SIG115,4,4,23,16,0.7791,0.7656,-0.0815,-0.2517,0.8013,6e-05,0.0056,0.9956,0.5217,0.4783,0.5625,0.4375
GSE29621,SIG116,5,5,23,16,0.7791,0.7881,0.2065,0.6467,0.5178,0.0033,0.3407,0.7333,0.4783,0.5217,0.375,0.625
GSE29621,SIG117,4,4,23,16,0.7791,0.7719,0.6685,2.3418,0.01919,0.00274,1.4943,0.1351,0.5217,0.4783,0.1875,0.8125
GSE29621,SIG118,15,14,23,16,0.7791,0.7899,0.1304,0.4021,0.6876,0.03445,0.9773,0.3284,0.5652,0.4348,0.5,0.5
GSE29621,SIG119,10,10,23,16,0.7791,0.7764,0.4185,1.3429,0.1793,-1e-05,-0.0088,0.993,0.5217,0.4783,0.3125,0.6875
GSE29621,SIG120,4,3,23,16,0.7791,0.8097,0.6413,2.0761,0.03788,0.05742,1.4701,0.1415,0.6957,0.3043,0.375,0.625
GSE29621,SIG121,6,6,23,16,0.7791,0.8043,0.0924,0.288,0.7734,0.06673,1.7634,0.07783,0.6087,0.3913,0.5625,0.4375
GSE29621,SIG122,8,8,23,16,0.7791,0.8161,0.1304,0.4021,0.6876,0.05594,1.5073,0.1317,0.5652,0.4348,0.5,0.5
GSE29621,SIG124,4,4,23,16,0.7791,0.8323,0.8533,2.8888,0.003867,0.0841,1.8402,0.06574,0.7391,0.2609,0.3125,0.6875
GSE29621,SIG125,4,4,23,16,0.7791,0.7872,0.3043,0.9532,0.3405,0.05612,1.8589,0.06305,0.6522,0.3478,0.5,0.5
GSE29621,SIG126,4,4,23,16,0.7791,0.789,0.0924,0.288,0.7734,0.00782,1.0334,0.3014,0.6087,0.3913,0.5625,0.4375
GSE29621,SIG127,6,6,23,16,0.7791,0.7773,0.2065,0.6467,0.5178,-0.00123,-0.3293,0.7419,0.4783,0.5217,0.375,0.625
GSE29621,SIG128,11,11,23,16,0.7791,0.7845,0.3424,1.0671,0.2859,0.01732,0.9295,0.3526,0.6087,0.3913,0.4375,0.5625
GSE29621,SIG129,9,9,23,16,0.7791,0.7818,-0.0707,-0.2315,0.8169,0.00779,0.6819,0.4953,0.6522,0.3478,0.6875,0.3125
GSE29621,SIG130,9,9,23,16,0.7791,0.7836,0.4185,1.3429,0.1793,0.00168,0.0829,0.9339,0.5217,0.4783,0.3125,0.6875
GSE29621,SIG132,5,5,23,16,0.7791,0.7845,0.4293,1.3512,0.1766,0.00393,0.5001,0.617,0.6522,0.3478,0.4375,0.5625
GSE29621,SIG133,5,5,23,16,0.7791,0.7701,0.2935,0.919,0.3581,0.00817,1.1757,0.2397,0.5217,0.4783,0.375,0.625
GSE29621,SIG134,8,8,23,16,0.7791,0.8052,0.1685,0.5201,0.603,0.02289,0.8809,0.3783,0.5217,0.4783,0.4375,0.5625
GSE29621,SIG135,3,3,23,16,0.7791,0.8133,0.3424,1.0671,0.2859,0.07632,1.5511,0.1209,0.6087,0.3913,0.4375,0.5625
GSE29621,SIG136,9,9,23,16,0.7791,0.7827,-0.0815,-0.2517,0.8013,0.01409,0.5944,0.5523,0.5217,0.4783,0.5625,0.4375
GSE29621,SIG138,5,5,23,16,0.7791,0.7782,0.6793,2.2257,0.02603,0.026,1.1555,0.2479,0.6522,0.3478,0.3125,0.6875
GSE29621,SIG139,4,4,23,16,0.7791,0.7628,0.0054,0.0168,0.9866,0.00456,0.5033,0.6147,0.5652,0.4348,0.5625,0.4375
GSE29621,SIG140,6,6,23,16,0.7791,0.8061,0.2663,0.8492,0.3958,0.03174,1.1356,0.2561,0.6957,0.3043,0.5625,0.4375
GSE29621,SIG141,7,7,23,16,0.7791,0.7899,-0.0435,-0.1336,0.8937,-0.00547,-0.3328,0.7393,0.4783,0.5217,0.5,0.5
GSE29621,SIG142,12,12,23,16,0.7791,0.789,0.5054,1.6275,0.1036,0.0262,1.9281,0.05384,0.5652,0.4348,0.3125,0.6875
GSE29621,SIG143,6,6,23,16,0.7791,0.789,0.0924,0.288,0.7734,0.02479,1.1791,0.2384,0.6087,0.3913,0.5625,0.4375
GSE29621,SIG144,3,3,23,16,0.7791,0.7809,0.7554,2.6572,0.007879,0.01882,1.6473,0.09949,0.5652,0.4348,0.1875,0.8125
GSE29621,SIG145,12,12,23,16,0.7791,0.8323,0.7663,2.5468,0.01087,0.14977,3.3128,0.0009235,0.6957,0.3043,0.3125,0.6875
GSE29621,SIG146,3,3,23,16,0.7791,0.7665,-0.3043,-0.9532,0.3405,0.00037,0.3095,0.7569,0.3478,0.6522,0.5,0.5
GSE29621,SIG147,3,3,23,16,0.7791,0.7656,-0.1576,-0.511,0.6094,-0.00031,-0.0265,0.9788,0.6087,0.3913,0.6875,0.3125
GSE29621,SIG148,8,6,23,16,0.7791,0.7962,0.3424,1.0671,0.2859,0.0169,0.7808,0.4349,0.6087,0.3913,0.4375,0.5625
GSE29621,SIG149,8,8,23,16,0.7791,0.7962,0.4185,1.3429,0.1793,0.02769,1.7933,0.07292,0.5217,0.4783,0.3125,0.6875
GSE29621,SIG150,10,10,23,16,0.7791,0.8161,0.5543,1.7704,0.07666,0.12648,2.5146,0.01192,0.6522,0.3478,0.375,0.625
GSE29621,SIG151,8,8,23,16,0.7791,0.8007,0.6793,2.2257,0.02603,0.05643,1.4764,0.1398,0.6522,0.3478,0.3125,0.6875
GSE29621,SIG152,8,8,23,16,0.7791,0.7665,0.2935,0.919,0.3581,0.00513,0.908,0.3639,0.5217,0.4783,0.375,0.625
GSE29621,SIG153,8,8,23,16,0.7791,0.8215,0.5652,1.8626,0.06252,0.0572,1.73,0.08363,0.7826,0.2174,0.5,0.5
GSE29621,SIG154,3,3,23,16,0.7791,0.7944,0.5543,1.7704,0.07666,0.0298,0.7328,0.4637,0.6522,0.3478,0.375,0.625
GSE29621,SIG155,9,9,23,16,0.7791,0.817,0.5924,1.9206,0.05478,0.08447,2.2844,0.02235,0.6087,0.3913,0.3125,0.6875
GSE29621,SIG156,5,5,23,16,0.7791,0.7782,-0.4185,-1.3429,0.1793,0.01407,0.8689,0.3849,0.4783,0.5217,0.6875,0.3125
GSE29621,SIG157,5,5,23,16,0.7791,0.8404,0.6902,2.2866,0.02222,0.12131,2.5026,0.01233,0.7826,0.2174,0.4375,0.5625
GSE29621,SIG159,6,6,23,16,0.7791,0.771,0.1685,0.5201,0.603,0.01209,0.606,0.5445,0.5217,0.4783,0.4375,0.5625
GSE29621,SIG161,4,4,23,16,0.7791,0.8206,0.4783,1.5433,0.1228,0.0955,2.1837,0.02898,0.7391,0.2609,0.5,0.5
GSE29621,SIG163,4,4,23,16,0.7791,0.8088,0.4674,1.4779,0.1394,0.03029,1.0491,0.2941,0.6087,0.3913,0.375,0.625
GSE29621,SIG164,4,4,23,16,0.7791,0.7917,0.4185,1.3429,0.1793,0.0028,0.1438,0.8857,0.5217,0.4783,0.3125,0.6875
GSE29621,SIG165,5,5,23,16,0.7791,0.7782,-0.1685,-0.5201,0.603,-0.00163,-0.3412,0.7329,0.4783,0.5217,0.5625,0.4375
GSE29621,SIG166,3,3,23,16,0.7791,0.7773,0.1304,0.4021,0.6876,-0.002,-0.8813,0.3781,0.5652,0.4348,0.5,0.5
GSE29621,SIG167,3,3,23,16,0.7791,0.7881,-0.0326,-0.1031,0.9179,0.00968,0.4618,0.6442,0.6087,0.3913,0.625,0.375
GSE29621,SIG168,9,9,23,16,0.7791,0.7818,0.1685,0.5201,0.603,0.00134,0.1063,0.9154,0.5217,0.4783,0.4375,0.5625
GSE29621,SIG169,8,8,23,16,0.7791,0.8016,0.2065,0.6467,0.5178,0.01357,0.5406,0.5888,0.4783,0.5217,0.375,0.625
GSE29621,SIG170,6,6,23,16,0.7791,0.7827,0.2554,0.7911,0.4289,0.00419,0.3129,0.7544,0.5652,0.4348,0.4375,0.5625
GSE29621,SIG171,4,4,23,16,0.7791,0.7899,0.4674,1.4779,0.1394,0.03906,1.7245,0.08462,0.6087,0.3913,0.375,0.625
GSE29621,SIG172,6,6,23,16,0.7791,0.7773,0.1685,0.5201,0.603,0.00711,1.0749,0.2824,0.5217,0.4783,0.4375,0.5625
GSE29621,SIG173,5,5,23,16,0.7791,0.78,0.1196,0.3756,0.7072,-0.00058,-0.3711,0.7106,0.4348,0.5652,0.375,0.625
GSE29621,SIG175,6,5,23,16,0.7791,0.7818,0.5435,1.8089,0.07047,0.00819,1.3832,0.1666,0.5217,0.4783,0.25,0.75
GSE29621,SIG176,8,8,23,16,0.7791,0.7818,-0.1196,-0.3756,0.7072,0.00294,0.5572,0.5774,0.5652,0.4348,0.625,0.375
GSE29621,SIG177,14,14,23,16,0.7791,0.7863,0.1685,0.5201,0.603,0.01862,0.7501,0.4532,0.5217,0.4783,0.4375,0.5625
GSE29621,SIG178,3,3,23,16,0.7791,0.7908,0.2554,0.7911,0.4289,0.00659,0.4591,0.6461,0.5652,0.4348,0.4375,0.5625
GSE29621,SIG179,12,12,23,16,0.7791,0.7674,0.0435,0.1336,0.8937,0.0018,0.1763,0.86,0.5217,0.4783,0.5,0.5
GSE29621,SIG180,5,5,23,16,0.7791,0.7836,-0.0054,-0.0168,0.9866,0.00213,0.2158,0.8292,0.4348,0.5652,0.4375,0.5625
GSE29621,SIG181,5,5,23,16,0.7791,0.8206,0.6033,1.9567,0.05039,0.08415,2.0359,0.04176,0.7391,0.2609,0.4375,0.5625
GSE29621,SIG182,3,3,23,16,0.7791,0.7926,0.5543,1.7704,0.07666,0.03376,1.0047,0.315,0.6522,0.3478,0.375,0.625
GSE29621,SIG183,4,4,23,16,0.7791,0.7764,0.1196,0.3756,0.7072,0.00126,0.3156,0.7523,0.4348,0.5652,0.375,0.625
GSE29621,SIG184,3,3,23,16,0.7791,0.7944,-0.2446,-0.7875,0.431,0.01049,0.6022,0.5471,0.5652,0.4348,0.6875,0.3125
GSE29621,SIG185,22,22,23,16,0.7791,0.7692,0.2065,0.6467,0.5178,-0.00012,-0.0729,0.9419,0.4783,0.5217,0.375,0.625
GSE29621,SIG186,19,18,23,16,0.7791,0.789,0.3424,1.0671,0.2859,0.00043,0.0265,0.9788,0.6087,0.3913,0.4375,0.5625
GSE29621,SIG187,4,4,23,16,0.7791,0.7863,-0.2446,-0.7875,0.431,0.00776,0.5985,0.5495,0.5652,0.4348,0.6875,0.3125
GSE29621,SIG188,6,6,23,16,0.7791,0.8458,0.2663,0.8492,0.3958,0.07667,1.4673,0.1423,0.6957,0.3043,0.5625,0.4375
GSE29621,SIG189,6,6,23,16,0.7791,0.7791,0.1685,0.5201,0.603,0.00244,0.293,0.7696,0.5217,0.4783,0.4375,0.5625
GSE29621,SIG190,7,7,23,16,0.7791,0.7935,0.0054,0.0168,0.9866,0.0145,0.4088,0.6827,0.5652,0.4348,0.5625,0.4375
GSE29621,SIG191,3,3,23,16,0.7791,0.7962,0.0435,0.1336,0.8937,0.01728,0.5623,0.5739,0.5217,0.4783,0.5,0.5
GSE29621,SIG192,3,3,23,16,0.7791,0.7845,0.0815,0.2517,0.8013,0.00076,0.5109,0.6094,0.4783,0.5217,0.4375,0.5625
GSE29621,SIG193,7,7,23,16,0.7791,0.8088,0.2554,0.7911,0.4289,0.0533,1.491,0.136,0.5652,0.4348,0.4375,0.5625
GSE29621,SIG194,6,6,23,16,0.7791,0.8323,0.5163,1.6464,0.09968,0.1212,2.5879,0.009657,0.6957,0.3043,0.4375,0.5625
GSE29621,SIG195,12,12,23,16,0.7791,0.7881,0.1304,0.4021,0.6876,0.00558,0.487,0.6262,0.5652,0.4348,0.5,0.5
GSE29621,SIG196,4,4,23,16,0.7791,0.78,0.5054,1.6275,0.1036,0.03136,1.3542,0.1757,0.5652,0.4348,0.3125,0.6875
GSE29621,SIG197,4,4,23,16,0.7791,0.789,-0.3315,-1.0639,0.2874,0.001,0.0839,0.9331,0.5217,0.4783,0.6875,0.3125
GSE29621,SIG198,3,3,23,16,0.7791,0.7692,0.2174,0.6743,0.5001,0.00149,0.2203,0.8256,0.6087,0.3913,0.5,0.5
GSE29621,SIG199,5,5,23,16,0.7791,0.7944,-0.1576,-0.511,0.6094,0.00614,0.6068,0.544,0.6087,0.3913,0.6875,0.3125
GSE29621,SIG200,3,3,23,16,0.7791,0.8034,0.5543,1.7704,0.07666,6e-05,0.0036,0.9971,0.6522,0.3478,0.375,0.625
GSE29621,SIG201,4,3,23,16,0.7791,0.8088,0.5163,1.6464,0.09968,0.04743,1.2792,0.2008,0.6957,0.3043,0.4375,0.5625
GSE29621,SIG202,29,29,23,16,0.7791,0.8025,0.3424,1.0671,0.2859,0.05394,1.443,0.149,0.6087,0.3913,0.4375,0.5625
GSE29621,SIG203,5,5,23,16,0.7791,0.7818,0.2935,0.919,0.3581,0.0026,0.6812,0.4957,0.5217,0.4783,0.375,0.625
GSE29621,SIG204,3,3,23,16,0.7791,0.7926,0.2935,0.919,0.3581,0.02456,1.4361,0.151,0.5217,0.4783,0.375,0.625
GSE29621,SIG205,7,7,23,16,0.7791,0.7872,0.2935,0.919,0.3581,0.03291,1.0459,0.2956,0.5217,0.4783,0.375,0.625
GSE29621,SIG206,11,11,23,16,0.7791,0.7692,0.3043,0.9532,0.3405,0.00229,1.0277,0.3041,0.6522,0.3478,0.5,0.5
GSE29621,SIG207,13,13,23,16,0.7791,0.7809,0.3315,1.0639,0.2874,0.05626,1.6332,0.1024,0.4783,0.5217,0.3125,0.6875
GSE29621,SIG208,7,6,23,16,0.7791,0.7728,0.1685,0.5201,0.603,0.00083,0.0844,0.9327,0.5217,0.4783,0.4375,0.5625
GSE29621,SIG209,5,5,23,16,0.7791,0.8197,0.6413,2.0761,0.03788,0.0394,1.1996,0.2303,0.6957,0.3043,0.375,0.625
GSE29621,SIG210,13,13,23,16,0.7791,0.798,0.4674,1.4779,0.1394,0.01285,0.5045,0.6139,0.6087,0.3913,0.375,0.625
GSE29621,SIG211,4,4,23,16,0.7791,0.7719,-0.3315,-1.0639,0.2874,-0.00395,-0.7122,0.4763,0.5217,0.4783,0.6875,0.3125
GSE29621,SIG212,3,3,23,16,0.7791,0.78,0.4185,1.3429,0.1793,0.00186,0.2146,0.8301,0.5217,0.4783,0.3125,0.6875
GSE29621,SIG213,5,5,23,16,0.7791,0.8034,0.8043,2.7376,0.006189,0.02367,1.3654,0.1721,0.6522,0.3478,0.25,0.75
GSE29621,SIG214,5,5,23,16,0.7791,0.789,0.8043,2.7376,0.006189,0.04804,1.7746,0.07596,0.6522,0.3478,0.25,0.75
GSE29621,SIG215,4,4,23,16,0.7791,0.8079,0.4293,1.3512,0.1766,0.07078,1.9559,0.05048,0.6522,0.3478,0.4375,0.5625
GSE29621,SIG216,4,4,23,16,0.7791,0.7791,0.3424,1.0671,0.2859,0.0042,0.5867,0.5574,0.6087,0.3913,0.4375,0.5625
GSE29621,SIG217,8,8,23,16,0.7791,0.7863,0.4565,1.5195,0.1286,0.00319,0.2578,0.7966,0.4783,0.5217,0.25,0.75
GSE29621,SIG218,4,4,23,16,0.7791,0.8025,0.2174,0.6743,0.5001,0.06704,1.3897,0.1646,0.6087,0.3913,0.5,0.5
GSE29621,SIG219,8,7,23,16,0.7791,0.7737,-0.1304,-0.4021,0.6876,0.00154,0.2295,0.8185,0.4348,0.5652,0.5,0.5
GSE29621,SIG220,7,7,23,16,0.7791,0.8007,0.3424,1.0671,0.2859,0.013,1.0737,0.283,0.6087,0.3913,0.4375,0.5625
GSE29621,SIG221,4,4,23,16,0.7791,0.7836,0.4185,1.3429,0.1793,0.02613,0.7453,0.4561,0.5217,0.4783,0.3125,0.6875
GSE29621,SIG222,3,3,23,16,0.7791,0.8142,0.7663,2.5468,0.01087,0.07335,2.0065,0.0448,0.6957,0.3043,0.3125,0.6875
GSE29621,SIG223,4,4,23,16,0.7791,0.7719,-0.0054,-0.0168,0.9866,0.01575,0.6418,0.521,0.4348,0.5652,0.4375,0.5625
GSE29621,SIG224,3,3,23,16,0.7791,0.807,0.6793,2.2257,0.02603,0.02656,1.0313,0.3024,0.6522,0.3478,0.3125,0.6875
GSE29621,SIG225,5,5,23,16,0.7791,0.8097,0.4674,1.4779,0.1394,0.01579,0.6278,0.5301,0.6087,0.3913,0.375,0.625
GSE29621,SIG226,5,5,23,16,0.7791,0.78,-0.0054,-0.0168,0.9866,1e-04,0.0741,0.9409,0.4348,0.5652,0.4375,0.5625
GSE29621,SIG227,8,8,23,16,0.7791,0.7818,-0.2174,-0.6743,0.5001,0.01401,1.0009,0.3169,0.3913,0.6087,0.5,0.5
GSE29621,SIG228,6,6,23,16,0.7791,0.7737,-0.2826,-0.9511,0.3416,-0.00177,-0.2651,0.791,0.6087,0.3913,0.75,0.25
GSE29621,SIG229,4,4,23,16,0.7791,0.7899,0.3043,0.9532,0.3405,0.00721,1.0796,0.2803,0.6522,0.3478,0.5,0.5
GSE29621,SIG230,16,16,23,16,0.7791,0.8296,1.0163,3.7133,0.0002046,0.15974,3.481,0.0004995,0.6957,0.3043,0.1875,0.8125
GSE29621,SIG231,3,3,23,16,0.7791,0.798,0.0054,0.0168,0.9866,-0.00905,-0.4622,0.644,0.5652,0.4348,0.5625,0.4375
GSE29621,SIG232,7,7,23,16,0.7791,0.8016,0.2174,0.6743,0.5001,0.04555,1.6095,0.1075,0.6087,0.3913,0.5,0.5
GSE29621,SIG233,10,10,23,16,0.7791,0.8115,-0.2065,-0.6467,0.5178,0.03722,1.2704,0.2039,0.5217,0.4783,0.625,0.375
GSE29621,SIG234,13,12,23,16,0.7791,0.7998,0.6304,2.106,0.03521,0.08098,3.0117,0.002598,0.5652,0.4348,0.25,0.75
GSE29621,SIG235,6,6,23,16,0.7791,0.817,0.4293,1.3512,0.1766,0.08937,1.8608,0.06277,0.6522,0.3478,0.4375,0.5625
GSE29621,SIG236,5,5,23,16,0.7791,0.7962,0.7554,2.6572,0.007879,0.0621,1.867,0.0619,0.5652,0.4348,0.1875,0.8125
GSE29621,SIG237,6,6,23,16,0.7791,0.7917,-0.0435,-0.1336,0.8937,0.00864,0.8951,0.3707,0.4783,0.5217,0.5,0.5
GSE29621,SIG238,6,6,23,16,0.7791,0.7854,0.1304,0.4021,0.6876,-0.00906,-0.5425,0.5875,0.5652,0.4348,0.5,0.5
GSE29621,SIG239,7,7,23,16,0.7791,0.7827,0.6304,2.106,0.03521,0.02914,1.2114,0.2257,0.5652,0.4348,0.25,0.75
GSE29621,SIG240,6,6,23,16,0.7791,0.7917,0.6304,2.106,0.03521,0.00091,0.759,0.4479,0.5652,0.4348,0.25,0.75
GSE29621,SIG241,4,4,23,16,0.7791,0.8124,0.4674,1.4779,0.1394,0.0406,1.3048,0.192,0.6087,0.3913,0.375,0.625
GSE29621,SIG242,6,6,23,16,0.7791,0.8079,0.4293,1.3512,0.1766,0.05789,1.949,0.05129,0.6522,0.3478,0.4375,0.5625
GSE29621,SIG243,8,8,23,16,0.7791,0.7854,0.6522,2.2049,0.02746,0.03514,1.1029,0.2701,0.8261,0.1739,0.5,0.5
GSE29621,SIG244,13,13,23,16,0.7791,0.789,0.0326,0.1031,0.9179,0.02262,0.9132,0.3611,0.3913,0.6087,0.375,0.625
GSE29621,SIG245,3,3,23,16,0.7791,0.7746,-0.0435,-0.1336,0.8937,2e-04,0.1704,0.8647,0.4783,0.5217,0.5,0.5
GSE29621,SIG246,5,5,23,16,0.7791,0.7809,-0.2554,-0.7911,0.4289,0.00631,0.5157,0.6061,0.4348,0.5652,0.5625,0.4375
GSE29621,SIG247,3,3,23,16,0.7791,0.789,0.0815,0.2517,0.8013,0.02788,0.7357,0.4619,0.4783,0.5217,0.4375,0.5625
GSE29621,SIG248,5,5,23,16,0.7791,0.8233,0.7174,2.4142,0.01577,0.10578,2.7214,0.0065,0.6087,0.3913,0.25,0.75
GSE29621,SIG249,4,4,23,16,0.7791,0.7926,0.2554,0.7911,0.4289,-3e-04,-0.0193,0.9846,0.5652,0.4348,0.4375,0.5625
GSE29621,SIG250,4,4,23,16,0.7791,0.8097,0.8424,2.9875,0.002813,0.0882,2.6796,0.00737,0.6087,0.3913,0.1875,0.8125
GSE29621,SIG251,14,13,23,16,0.7791,0.8097,0.5924,1.9206,0.05478,0.01916,0.5965,0.5508,0.6087,0.3913,0.3125,0.6875
GSE29621,SIG252,3,3,23,16,0.7791,0.8043,0.4674,1.4779,0.1394,0.02457,0.9399,0.3473,0.6087,0.3913,0.375,0.625
GSE29621,SIG253,3,3,23,16,0.7791,0.835,0.6413,2.0761,0.03788,0.12037,1.8619,0.06261,0.6957,0.3043,0.375,0.625
GSE29621,SIG254,3,3,23,16,0.7791,0.7953,0.0054,0.0168,0.9866,0.00169,0.099,0.9212,0.5652,0.4348,0.5625,0.4375
GSE29621,SIG255,3,2,23,16,0.7791,0.8061,0.6793,2.2257,0.02603,0.03419,1.2344,0.2171,0.6522,0.3478,0.3125,0.6875
GSE29621,SIG256,5,5,23,16,0.7791,0.7989,0.5924,1.9206,0.05478,0.00833,0.3208,0.7483,0.6087,0.3913,0.3125,0.6875
GSE29621,SIG257,4,3,23,16,0.7791,0.7944,-0.0815,-0.2517,0.8013,0.00742,0.5135,0.6076,0.5217,0.4783,0.5625,0.4375
GSE29621,SIG258,6,4,23,16,0.7791,0.7773,-0.3315,-1.0639,0.2874,0.00188,0.1452,0.8845,0.5217,0.4783,0.6875,0.3125
GSE29621,SIG259,6,5,23,16,0.7791,0.78,0.5435,1.8089,0.07047,0.00649,0.6029,0.5466,0.5217,0.4783,0.25,0.75
GSE29621,SIG260,5,5,23,16,0.7791,0.8305,0.1413,0.4575,0.6473,0.1423,2.5209,0.01171,0.6957,0.3043,0.625,0.375
GSE29621,SIG261,14,14,23,16,0.7791,0.7746,-0.0435,-0.1336,0.8937,0.01999,1.055,0.2914,0.4783,0.5217,0.5,0.5
GSE29621,SIG262,6,6,23,16,0.7791,0.7782,0.3804,1.1951,0.232,0.00214,0.3736,0.7087,0.5652,0.4348,0.375,0.625
GSE29621,SIG263,4,4,23,16,0.7791,0.771,0.0815,0.2517,0.8013,0.00259,0.133,0.8942,0.4783,0.5217,0.4375,0.5625
GSE29621,SIG264,6,6,23,16,0.7791,0.8061,0.0815,0.2517,0.8013,0.02308,0.706,0.4802,0.4783,0.5217,0.4375,0.5625
GSE29621,SIG265,7,7,23,16,0.7791,0.8043,0.5163,1.6464,0.09968,0.01655,0.5493,0.5828,0.6957,0.3043,0.4375,0.5625
GSE29621,SIG266,5,5,23,16,0.7791,0.8197,0.3152,1.0615,0.2885,0.04283,1.0452,0.2959,0.7826,0.2174,0.625,0.375
GSE29621,SIG267,11,11,23,16,0.7791,0.7827,0.1304,0.4021,0.6876,-0.00033,-0.0182,0.9855,0.5652,0.4348,0.5,0.5
GSE29621,SIG268,6,6,23,16,0.7791,0.7899,0.0815,0.2517,0.8013,0.01089,0.6979,0.4852,0.4783,0.5217,0.4375,0.5625
GSE29621,SIG269,3,3,23,16,0.7791,0.8034,0.4185,1.3429,0.1793,0.0397,0.8233,0.4103,0.5217,0.4783,0.3125,0.6875
GSE29621,SIG270,4,4,23,16,0.7791,0.8034,0.3043,0.9532,0.3405,0.0078,0.2254,0.8217,0.6522,0.3478,0.5,0.5
GSE29621,SIG271,5,5,23,16,0.7791,0.8079,1.0163,3.7133,0.0002046,0.04342,3.3554,0.0007924,0.6957,0.3043,0.1875,0.8125
GSE29621,SIG272,4,4,23,16,0.7791,0.8007,0.2554,0.7911,0.4289,0.03085,0.9503,0.342,0.5652,0.4348,0.4375,0.5625
GSE29621,SIG273,4,4,23,16,0.7791,0.7935,0.1685,0.5201,0.603,0.03238,1.4365,0.1509,0.5217,0.4783,0.4375,0.5625
GSE29621,SIG274,8,8,23,16,0.7791,0.7881,0.2446,0.7875,0.431,8e-05,0.4022,0.6875,0.4348,0.5652,0.3125,0.6875
GSE29621,SIG275,4,4,23,16,0.7791,0.7827,0.0435,0.1336,0.8937,0.00113,1.2025,0.2292,0.5217,0.4783,0.5,0.5
GSE29621,SIG276,12,12,23,16,0.7791,0.7863,0.7174,2.4142,0.01577,-0.00237,-0.1979,0.8431,0.6087,0.3913,0.25,0.75
GSE29621,SIG277,6,6,23,16,0.7791,0.7809,0.0435,0.1336,0.8937,0.0278,1.1526,0.2491,0.5217,0.4783,0.5,0.5
GSE29621,SIG278,5,5,23,16,0.7791,0.8314,0.8152,2.7453,0.006046,0.166,3.3889,0.0007016,0.7826,0.2174,0.375,0.625
GSE29621,SIG279,7,7,23,16,0.7791,0.7818,-0.3315,-1.0639,0.2874,9e-05,0.1629,0.8706,0.5217,0.4783,0.6875,0.3125
GSE29621,SIG280,4,4,23,16,0.7791,0.78,0.5543,1.7704,0.07666,0.03438,1.192,0.2332,0.6522,0.3478,0.375,0.625
GSE29621,SIG281,4,4,23,16,0.7791,0.7953,0.3696,1.2345,0.217,0.01015,0.8244,0.4097,0.4348,0.5652,0.25,0.75
GSE29621,SIG282,16,16,23,16,0.7791,0.78,0.2554,0.7911,0.4289,-0.00236,-0.1417,0.8873,0.5652,0.4348,0.4375,0.5625
GSE29621,SIG283,10,10,23,16,0.7791,0.8197,0.2554,0.7911,0.4289,0.03285,1.0498,0.2938,0.5652,0.4348,0.4375,0.5625
GSE29621,SIG284,3,3,23,16,0.7791,0.8016,0.2935,0.919,0.3581,0.00675,0.2709,0.7864,0.5217,0.4783,0.375,0.625
GSE29621,SIG285,9,9,23,16,0.7791,0.8115,0.3315,1.0639,0.2874,0.03008,1.0184,0.3085,0.4783,0.5217,0.3125,0.6875
GSE29621,SIG286,5,5,23,16,0.7791,0.7746,-0.2065,-0.6467,0.5178,-0.0029,-0.5106,0.6097,0.5217,0.4783,0.625,0.375
GSE29621,SIG287,3,3,23,16,0.7791,0.7872,0.0435,0.1336,0.8937,0.00242,0.2104,0.8334,0.5217,0.4783,0.5,0.5
GSE29621,SIG288,5,5,23,16,0.7791,0.7773,0.1793,0.5644,0.5725,-0.0016,-0.6878,0.4915,0.6522,0.3478,0.5625,0.4375
GSE29621,SIG289,17,16,23,16,0.7791,0.78,0.3315,1.0639,0.2874,0.01682,1.1367,0.2557,0.4783,0.5217,0.3125,0.6875
GSE29621,SIG290,3,3,23,16,0.7791,0.8025,0.2065,0.6467,0.5178,0.00592,0.1753,0.8608,0.4783,0.5217,0.375,0.625
GSE29621,SIG291,3,3,23,16,0.7791,0.7674,0.0924,0.288,0.7734,7e-05,0.0377,0.9699,0.6087,0.3913,0.5625,0.4375
GSE29621,SIG292,15,14,23,16,0.7791,0.789,0.2554,0.7911,0.4289,0.02014,0.7009,0.4833,0.5652,0.4348,0.4375,0.5625
GSE29621,SIG293,7,6,23,16,0.7791,0.7899,-0.0326,-0.1031,0.9179,-0.01058,-0.49,0.6242,0.6087,0.3913,0.625,0.375
GSE29621,SIG294,4,4,23,16,0.7791,0.7854,0.1304,0.4021,0.6876,0.01039,0.5175,0.6048,0.5652,0.4348,0.5,0.5
GSE29621,SIG295,9,7,23,16,0.7791,0.7827,0.2446,0.7875,0.431,0.00132,0.3119,0.7551,0.4348,0.5652,0.3125,0.6875
GSE29621,SIG296,11,11,23,16,0.7791,0.817,0.3913,1.2416,0.2144,0.04872,1.6067,0.1081,0.6957,0.3043,0.5,0.5
GSE29621,SIG297,11,11,23,16,0.7791,0.7845,0.2554,0.7911,0.4289,-0.00318,-0.5832,0.5598,0.5652,0.4348,0.4375,0.5625
GSE29621,SIG298,9,9,23,16,0.7791,0.7935,0.2174,0.6743,0.5001,-0.00019,-0.5758,0.5647,0.6087,0.3913,0.5,0.5
GSE29621,SIG300,5,5,23,16,0.7791,0.8115,0.4293,1.3512,0.1766,0.12815,3.0863,0.002027,0.6522,0.3478,0.4375,0.5625
GSE29621,SIG301,7,7,23,16,0.7791,0.8097,0.6413,2.0761,0.03788,0.07386,1.7413,0.08163,0.6957,0.3043,0.375,0.625
GSE29621,SIG302,6,6,23,16,0.7791,0.7827,-0.2935,-0.919,0.3581,-5e-05,-0.0137,0.989,0.4783,0.5217,0.625,0.375
GSE29621,SIG303,3,3,23,16,0.7791,0.7737,0.7174,2.4142,0.01577,0.05052,2.8927,0.00382,0.6087,0.3913,0.25,0.75
GSE29621,SIG304,4,4,23,16,0.7791,0.7818,0.0054,0.0168,0.9866,0.01099,0.902,0.3671,0.5652,0.4348,0.5625,0.4375
GSE29621,SIG305,7,7,23,16,0.7791,0.7809,0.2554,0.7911,0.4289,0.00205,0.1784,0.8584,0.5652,0.4348,0.4375,0.5625
GSE29621,SIG306,11,11,23,16,0.7791,0.7962,0.0054,0.0168,0.9866,0.00025,0.0383,0.9695,0.5652,0.4348,0.5625,0.4375
GSE29621,SIG307,13,13,23,16,0.7791,0.7962,0.2935,0.919,0.3581,0.01652,1.1254,0.2604,0.5217,0.4783,0.375,0.625
GSE29621,SIG308,5,5,23,16,0.7791,0.7818,0.2935,0.919,0.3581,0.0048,0.228,0.8197,0.5217,0.4783,0.375,0.625
GSE29621,SIG309,3,3,23,16,0.7791,0.8061,0.5543,1.7704,0.07666,0.04926,1.4453,0.1484,0.6522,0.3478,0.375,0.625
GSE29621,SIG310,4,4,23,16,0.7791,0.7809,0.3315,1.0639,0.2874,0.00068,0.1641,0.8696,0.4783,0.5217,0.3125,0.6875
GSE29621,SIG311,5,4,23,16,0.7791,0.8413,0.9402,3.2577,0.001123,0.13229,2.1661,0.0303,0.7826,0.2174,0.3125,0.6875
GSE29621,SIG312,9,9,23,16,0.7791,0.7836,0.2554,0.7911,0.4289,0.00024,0.9051,0.3654,0.5652,0.4348,0.4375,0.5625
GSE29621,SIG313,3,3,23,16,0.7791,0.7809,0.3913,1.2416,0.2144,0.01049,0.7677,0.4427,0.6957,0.3043,0.5,0.5
GSE29621,SIG314,8,7,23,16,0.7791,0.7836,0.3424,1.0671,0.2859,0.02994,1.1444,0.2524,0.6087,0.3913,0.4375,0.5625
GSE29621,SIG315,8,8,23,16,0.7791,0.771,0.3043,0.9532,0.3405,0.01382,0.7864,0.4316,0.6522,0.3478,0.5,0.5
GSE29621,SIG316,10,10,23,16,0.7791,0.8025,0.5543,1.7704,0.07666,0.05051,1.1681,0.2428,0.6522,0.3478,0.375,0.625
GSE29621,SIG317,7,7,23,16,0.7791,0.8161,0.7283,2.3993,0.01642,0.09991,2.1218,0.03385,0.7391,0.2609,0.375,0.625
GSE29621,SIG318,4,4,23,16,0.7791,0.7791,-0.1576,-0.511,0.6094,0.00035,0.1,0.9203,0.6087,0.3913,0.6875,0.3125
GSE29621,SIG319,8,8,23,16,0.7791,0.7944,0.7663,2.5468,0.01087,0.03801,1.9386,0.05255,0.6957,0.3043,0.3125,0.6875
GSE29621,SIG320,8,8,23,16,0.7791,0.8007,0.4293,1.3512,0.1766,0.02409,1.099,0.2718,0.6522,0.3478,0.4375,0.5625
GSE29621,SIG321,3,3,23,16,0.7791,0.7917,0.2065,0.6467,0.5178,0.00461,0.2307,0.8175,0.4783,0.5217,0.375,0.625
GSE29621,SIG322,7,7,23,16,0.7791,0.7944,0.3804,1.1951,0.232,0.03382,1.4098,0.1586,0.5652,0.4348,0.375,0.625
GSE29621,SIG323,5,5,23,16,0.7791,0.7953,0.3913,1.2416,0.2144,0.0552,1.5229,0.1278,0.6957,0.3043,0.5,0.5
GSE29621,SIG324,3,3,23,16,0.7791,0.7944,0.2663,0.8492,0.3958,0.02751,1.014,0.3106,0.6957,0.3043,0.5625,0.4375
GSE29621,SIG325,3,3,23,16,0.7791,0.7854,0.2446,0.7875,0.431,-0.00048,-0.0339,0.973,0.4348,0.5652,0.3125,0.6875
GSE29621,SIG326,9,9,23,16,0.7791,0.7899,0.8043,2.7376,0.006189,0.06207,1.7,0.08913,0.6522,0.3478,0.25,0.75
GSE29621,SIG327,3,2,23,16,0.7791,0.8215,0.3424,1.0671,0.2859,0.05792,1.2963,0.1949,0.6087,0.3913,0.4375,0.5625
GSE29621,SIG328,9,9,23,16,0.7791,0.7998,0.0054,0.0168,0.9866,0.03475,1.0466,0.2953,0.5652,0.4348,0.5625,0.4375
GSE29621,SIG329,5,4,23,16,0.7791,0.7926,0.1685,0.5201,0.603,0.00742,0.7372,0.461,0.5217,0.4783,0.4375,0.5625
GSE29621,SIG330,16,16,23,16,0.7791,0.7755,0.0815,0.2517,0.8013,-0.00014,-0.8572,0.3913,0.4783,0.5217,0.4375,0.5625
GSE29621,SIG331,4,4,23,16,0.7791,0.8007,0.4293,1.3512,0.1766,0.05631,1.3817,0.1671,0.6522,0.3478,0.4375,0.5625
GSE29621,SIG332,3,3,23,16,0.7791,0.7809,0.1196,0.3756,0.7072,-0.00201,-0.9635,0.3353,0.4348,0.5652,0.375,0.625
GSE29621,SIG334,4,4,23,16,0.7791,0.8161,0.4674,1.4779,0.1394,0.06855,1.6359,0.1019,0.6087,0.3913,0.375,0.625
GSE29621,SIG335,8,7,23,16,0.7791,0.7854,0.0815,0.2517,0.8013,0.00473,0.4373,0.6619,0.4783,0.5217,0.4375,0.5625
GSE29621,SIG336,3,3,23,16,0.7791,0.7746,-0.0054,-0.0168,0.9866,0.01081,0.8305,0.4063,0.4348,0.5652,0.4375,0.5625
GSE29621,SIG337,4,4,23,16,0.7791,0.7899,0.1304,0.4021,0.6876,0.01261,0.496,0.6199,0.5652,0.4348,0.5,0.5
GSE29621,SIG338,3,3,23,16,0.7791,0.78,0.3424,1.0671,0.2859,0.00982,1.0001,0.3172,0.6087,0.3913,0.4375,0.5625
GSE38832,SIG001,4,4,26,27,0.8978,0.9014,0.4074,1.547,0.1219,0.00473,0.7198,0.4716,0.5,0.5,0.2963,0.7037
GSE38832,SIG002,4,4,26,27,0.8978,0.909,0.5613,2.1454,0.03192,0.01291,0.8872,0.375,0.5769,0.4231,0.2963,0.7037
GSE38832,SIG003,13,11,26,27,0.8978,0.9039,0.0342,0.125,0.9005,0.00035,0.0363,0.9711,0.4615,0.5385,0.4444,0.5556
GSE38832,SIG004,9,8,26,27,0.8978,0.9056,0.037,0.1348,0.8927,-3e-05,-0.0141,0.9888,0.5,0.5,0.4815,0.5185
GSE38832,SIG005,6,6,26,27,0.8978,0.8988,-0.1197,-0.4429,0.6578,-0.00019,-0.528,0.5975,0.3846,0.6154,0.4444,0.5556
GSE38832,SIG006,8,8,26,27,0.8978,0.9073,0.6353,2.473,0.0134,0.00821,0.7391,0.4598,0.5769,0.4231,0.2593,0.7407
GSE38832,SIG007,15,15,26,27,0.8978,0.892,0.339,1.2521,0.2105,0.0011,0.8539,0.3932,0.5769,0.4231,0.4074,0.5926
GSE38832,SIG009,6,6,26,27,0.8978,0.9153,0.6382,2.4599,0.0139,0.00536,0.2935,0.7692,0.6154,0.3846,0.2963,0.7037
GSE38832,SIG010,6,6,26,27,0.8978,0.906,0.49,1.8396,0.06583,0.00182,0.8477,0.3966,0.6154,0.3846,0.3704,0.6296
GSE38832,SIG011,3,3,26,27,0.8978,0.8984,-0.4815,-1.8613,0.0627,-2e-04,-0.4703,0.6381,0.5,0.5,0.7407,0.2593
GSE38832,SIG012,3,3,26,27,0.8978,0.8937,-0.4815,-1.8613,0.0627,-0.00093,-1.1625,0.245,0.5,0.5,0.7407,0.2593
GSE38832,SIG013,9,9,26,27,0.8978,0.9141,-0.1823,-0.6759,0.4991,-0.00327,-0.2742,0.7839,0.5385,0.4615,0.6296,0.3704
GSE38832,SIG014,15,15,26,27,0.8978,0.9077,0.416,1.5482,0.1216,0.00587,0.6962,0.4863,0.6154,0.3846,0.4074,0.5926
GSE38832,SIG015,3,3,26,27,0.8978,0.898,-0.4046,-1.5666,0.1172,-0.0051,-0.9503,0.3419,0.5385,0.4615,0.7407,0.2593
GSE38832,SIG016,57,50,26,27,0.8978,0.9022,-0.2593,-0.9595,0.3373,-0.00369,-0.5063,0.6126,0.5,0.5,0.6296,0.3704
GSE38832,SIG018,9,9,26,27,0.8978,0.9276,0.3447,1.2865,0.1983,0.02701,1.7205,0.08535,0.6538,0.3462,0.4815,0.5185
GSE38832,SIG019,12,12,26,27,0.8978,0.9026,-0.1054,-0.3926,0.6946,-0.00182,-0.6336,0.5264,0.5769,0.4231,0.6296,0.3704
GSE38832,SIG020,5,3,26,27,0.8978,0.8975,0.0313,0.1157,0.9079,4e-05,0.2399,0.8104,0.4231,0.5769,0.4074,0.5926
GSE38832,SIG021,10,8,26,27,0.8978,0.9073,0.265,0.9731,0.3305,-0.00135,-0.2086,0.8347,0.5769,0.4231,0.4444,0.5556
GSE38832,SIG022,4,4,26,27,0.8978,0.8942,0.1909,0.6992,0.4844,0.00054,0.2262,0.8211,0.5769,0.4231,0.4815,0.5185
GSE38832,SIG023,9,9,26,27,0.8978,0.9094,-0.1083,-0.398,0.6906,-0.00175,-0.1795,0.8576,0.5385,0.4615,0.5926,0.4074
GSE38832,SIG024,7,6,26,27,0.8978,0.9022,0.4843,1.8422,0.06545,0.00225,0.4761,0.634,0.5385,0.4615,0.2963,0.7037
GSE38832,SIG025,13,11,26,27,0.8978,0.906,-0.2479,-1.0083,0.3133,-0.00177,-0.3226,0.747,0.6538,0.3462,0.7778,0.2222
GSE38832,SIG026,31,29,26,27,0.8978,0.9166,0.49,1.8396,0.06583,0.00456,0.2231,0.8235,0.6154,0.3846,0.3704,0.6296
GSE38832,SIG027,4,4,26,27,0.8978,0.9001,-0.4815,-1.8613,0.0627,-0.00406,-0.9627,0.3357,0.5,0.5,0.7407,0.2593
GSE38832,SIG028,4,4,26,27,0.8978,0.9077,0.3362,1.2461,0.2127,0.00032,0.0431,0.9656,0.5385,0.4615,0.3704,0.6296
GSE38832,SIG029,5,4,26,27,0.8978,0.9064,-0.1852,-0.6797,0.4967,-0.00339,-0.3961,0.692,0.5,0.5,0.5926,0.4074
GSE38832,SIG030,7,7,26,27,0.8978,0.9094,-0.4786,-1.8943,0.05818,-0.00634,-0.6474,0.5174,0.5385,0.4615,0.7778,0.2222
GSE38832,SIG031,4,4,26,27,0.8978,0.9069,0.3362,1.2461,0.2127,0.00249,0.5917,0.554,0.5385,0.4615,0.3704,0.6296
GSE38832,SIG032,10,10,26,27,0.8978,0.8984,0.1852,0.6797,0.4967,0.0014,0.2301,0.818,0.5,0.5,0.4074,0.5926
GSE38832,SIG033,10,9,26,27,0.8978,0.9069,-0.3305,-1.257,0.2088,-0.00535,-0.5723,0.5671,0.5385,0.4615,0.7037,0.2963
GSE38832,SIG034,14,14,26,27,0.8978,0.903,0.5613,2.1454,0.03192,0.01368,1.8173,0.06917,0.5769,0.4231,0.2963,0.7037
GSE38832,SIG035,3,2,26,27,0.8978,0.8908,-0.6325,-2.5032,0.01231,-0.00019,-0.1163,0.9074,0.4615,0.5385,0.7778,0.2222
GSE38832,SIG036,13,12,26,27,0.8978,0.9157,0.6239,2.7313,0.006308,0.00239,0.3666,0.7139,0.4231,0.5769,0.1111,0.8889
GSE38832,SIG037,14,13,26,27,0.8978,0.906,0.1111,0.4056,0.685,-0.00038,-0.0641,0.9489,0.5,0.5,0.4444,0.5556
GSE38832,SIG038,3,3,26,27,0.8978,0.9014,-0.1111,-0.4056,0.685,-0.00145,-0.4637,0.6429,0.5,0.5,0.5556,0.4444
GSE38832,SIG039,14,14,26,27,0.8978,0.8975,-0.49,-1.8396,0.06583,-6e-05,-0.1691,0.8657,0.3846,0.6154,0.6296,0.3704
GSE38832,SIG040,15,13,26,27,0.8978,0.928,0.943,3.8916,9.958e-05,0.02297,0.9466,0.3439,0.7308,0.2692,0.2593,0.7407
GSE38832,SIG041,10,10,26,27,0.8978,0.9128,-0.3219,-1.3464,0.1782,-0.00679,-0.7909,0.429,0.6538,0.3462,0.8148,0.1852
GSE38832,SIG042,8,7,26,27,0.8978,0.9107,0.6325,2.5032,0.01231,0.00612,0.7037,0.4816,0.5385,0.4615,0.2222,0.7778
GSE38832,SIG043,14,14,26,27,0.8978,0.9005,0.1852,0.6797,0.4967,0.0026,0.6926,0.4885,0.5,0.5,0.4074,0.5926
GSE38832,SIG044,3,3,26,27,0.8978,0.909,-0.2536,-0.9692,0.3324,0.00108,0.1594,0.8734,0.5769,0.4231,0.7037,0.2963
GSE38832,SIG045,6,6,26,27,0.8978,0.9039,-0.0313,-0.1157,0.9079,-0.00014,-0.0133,0.9894,0.5769,0.4231,0.5926,0.4074
GSE38832,SIG046,5,4,26,27,0.8978,0.9162,0.265,0.9731,0.3305,0.00691,0.5454,0.5855,0.5769,0.4231,0.4444,0.5556
GSE38832,SIG047,4,4,26,27,0.8978,0.9035,-0.4017,-1.5985,0.1099,-0.0032,-0.3991,0.6898,0.5769,0.4231,0.7778,0.2222
GSE38832,SIG048,11,11,26,27,0.8978,0.9141,0.339,1.2521,0.2105,0.00566,0.4875,0.6259,0.5769,0.4231,0.4074,0.5926
GSE38832,SIG049,14,14,26,27,0.8978,0.9009,-0.1852,-0.6797,0.4967,-0.00063,-0.4106,0.6814,0.5,0.5,0.5926,0.4074
GSE38832,SIG050,6,5,26,27,0.8978,0.8975,0.0313,0.1157,0.9079,-6e-05,-0.053,0.9578,0.4231,0.5769,0.4074,0.5926
GSE38832,SIG051,7,7,26,27,0.8978,0.9047,-0.1054,-0.3926,0.6946,-0.00206,-0.4746,0.6351,0.5769,0.4231,0.6296,0.3704
GSE38832,SIG052,20,19,26,27,0.8978,0.9022,0.5584,2.1624,0.03059,0.00043,0.2234,0.8232,0.5385,0.4615,0.2593,0.7407
GSE38832,SIG053,11,9,26,27,0.8978,0.8967,-0.1083,-0.398,0.6906,-1e-05,-0.0134,0.9893,0.5385,0.4615,0.5926,0.4074
GSE38832,SIG054,46,45,26,27,0.8978,0.9052,-0.1823,-0.6759,0.4991,-0.00323,-1.0642,0.2872,0.5385,0.4615,0.6296,0.3704
GSE38832,SIG055,21,20,26,27,0.8978,0.903,0.4074,1.547,0.1219,0.00378,0.5733,0.5665,0.5,0.5,0.2963,0.7037
GSE38832,SIG056,7,6,26,27,0.8978,0.92,-0.114,-0.4155,0.6778,-0.0033,-0.3885,0.6977,0.4615,0.5385,0.5185,0.4815
GSE38832,SIG057,8,8,26,27,0.8978,0.9064,0.4872,1.8352,0.06648,0.00029,0.2098,0.8338,0.5769,0.4231,0.3333,0.6667
GSE38832,SIG058,24,22,26,27,0.8978,0.895,-0.037,-0.1348,0.8927,6e-04,0.1659,0.8682,0.5,0.5,0.5185,0.4815
GSE38832,SIG059,14,13,26,27,0.8978,0.906,0.4188,1.5673,0.117,8e-05,0.0137,0.989,0.6538,0.3462,0.4444,0.5556
GSE38832,SIG060,7,6,26,27,0.8978,0.8997,0.2678,0.9885,0.3229,0.00213,0.6896,0.4905,0.6154,0.3846,0.4815,0.5185
GSE38832,SIG062,43,42,26,27,0.8978,0.8967,-0.1795,-0.6761,0.499,-8e-05,-0.3934,0.694,0.5769,0.4231,0.6667,0.3333
GSE38832,SIG063,19,19,26,27,0.8978,0.9141,-0.6296,-2.5532,0.01068,-0.00445,-0.7084,0.4787,0.5,0.5,0.8148,0.1852
GSE38832,SIG064,3,3,26,27,0.8978,0.9107,0.4188,1.5673,0.117,0.01223,1.2323,0.2178,0.6538,0.3462,0.4444,0.5556
GSE38832,SIG065,5,5,26,27,0.8978,0.9124,0.2593,0.9595,0.3373,-0.00221,-0.2637,0.792,0.5,0.5,0.3704,0.6296
GSE38832,SIG066,11,11,26,27,0.8978,0.9064,0.1197,0.4429,0.6578,0.00079,0.1211,0.9036,0.6154,0.3846,0.5556,0.4444
GSE38832,SIG067,5,5,26,27,0.8978,0.9039,-0.1083,-0.398,0.6906,-0.00072,-0.0915,0.9271,0.5385,0.4615,0.5926,0.4074
GSE38832,SIG068,5,5,26,27,0.8978,0.9022,-0.0285,-0.107,0.9148,-0.00377,-0.4408,0.6594,0.6154,0.3846,0.6296,0.3704
GSE38832,SIG069,7,7,26,27,0.8978,0.9094,-0.0342,-0.125,0.9005,-0.01299,-1.2127,0.2252,0.5385,0.4615,0.5556,0.4444
GSE38832,SIG070,3,3,26,27,0.8978,0.9052,0.2621,0.9635,0.3353,-0.00049,-0.0375,0.9701,0.5385,0.4615,0.4074,0.5926
GSE38832,SIG071,13,13,26,27,0.8978,0.9043,-0.3362,-1.2461,0.2127,-0.00092,-0.3217,0.7477,0.4615,0.5385,0.6296,0.3704
GSE38832,SIG072,15,14,26,27,0.8978,0.9052,-0.4786,-1.8943,0.05818,-0.00764,-1.1162,0.2643,0.5385,0.4615,0.7778,0.2222
GSE38832,SIG073,16,16,26,27,0.8978,0.917,0.1225,0.4611,0.6447,0.00202,0.1263,0.8995,0.6538,0.3462,0.5926,0.4074
GSE38832,SIG074,11,11,26,27,0.8978,0.8942,-0.0427,-0.157,0.8753,0.00024,0.1405,0.8883,0.4231,0.5769,0.4444,0.5556
GSE38832,SIG075,14,13,26,27,0.8978,0.909,0.4131,1.5385,0.1239,0.01148,0.855,0.3925,0.5769,0.4231,0.3704,0.6296
GSE38832,SIG076,9,8,26,27,0.8978,0.9005,-0.0342,-0.125,0.9005,0.00061,0.2016,0.8403,0.5385,0.4615,0.5556,0.4444
GSE38832,SIG077,7,7,26,27,0.8978,0.8963,0.3305,1.257,0.2088,0.00058,0.1741,0.8618,0.4615,0.5385,0.2963,0.7037
GSE38832,SIG078,6,5,26,27,0.8978,0.9022,-0.4843,-1.8422,0.06545,-0.00043,-0.7904,0.4293,0.4615,0.5385,0.7037,0.2963
GSE38832,SIG079,5,5,26,27,0.8978,0.8997,0.188,0.6875,0.4918,0.00078,0.7058,0.4803,0.5385,0.4615,0.4444,0.5556
GSE38832,SIG080,8,8,26,27,0.8978,0.8908,0.0399,0.1454,0.8844,0.00049,0.3978,0.6908,0.5385,0.4615,0.5185,0.4815
GSE38832,SIG081,5,5,26,27,0.8978,0.9162,0.1225,0.4611,0.6447,0.00522,0.3148,0.7529,0.6538,0.3462,0.5926,0.4074
GSE38832,SIG082,6,6,26,27,0.8978,0.9119,0.2707,1.01,0.3125,0.00422,0.4784,0.6324,0.6538,0.3462,0.5185,0.4815
GSE38832,SIG083,17,16,26,27,0.8978,0.9022,0.4929,1.8551,0.06358,0.00184,0.3308,0.7408,0.6538,0.3462,0.4074,0.5926
GSE38832,SIG084,15,15,26,27,0.8978,0.9047,0.49,1.8396,0.06583,0.00365,0.4972,0.619,0.6154,0.3846,0.3704,0.6296
GSE38832,SIG085,7,7,26,27,0.8978,0.9094,-0.1766,-0.6809,0.496,-0.0016,-0.1309,0.8959,0.6154,0.3846,0.7037,0.2963
GSE38832,SIG086,5,5,26,27,0.8978,0.9043,0.1083,0.398,0.6906,0.00388,0.8615,0.389,0.4615,0.5385,0.4074,0.5926
GSE38832,SIG087,5,5,26,27,0.8978,0.9081,0.1823,0.6759,0.4991,-5e-05,-0.0323,0.9743,0.4615,0.5385,0.3704,0.6296
GSE38832,SIG088,6,6,26,27,0.8978,0.9094,0.188,0.6875,0.4918,0.00126,0.1326,0.8945,0.5385,0.4615,0.4444,0.5556
GSE38832,SIG089,5,5,26,27,0.8978,0.9111,0.1197,0.4429,0.6578,0.00152,0.2825,0.7775,0.6154,0.3846,0.5556,0.4444
GSE38832,SIG090,4,4,26,27,0.8978,0.9124,0.6382,2.4599,0.0139,0.01296,1.0722,0.2836,0.6154,0.3846,0.2963,0.7037
GSE38832,SIG091,7,7,26,27,0.8978,0.8971,-0.1111,-0.4056,0.685,-0.0024,-0.7982,0.4248,0.5,0.5,0.5556,0.4444
GSE38832,SIG093,9,9,26,27,0.8978,0.9179,0.49,1.8396,0.06583,0.00091,0.0617,0.9508,0.6154,0.3846,0.3704,0.6296
GSE38832,SIG094,3,3,26,27,0.8978,0.898,0.265,0.9731,0.3305,0.00086,0.3265,0.744,0.5769,0.4231,0.4444,0.5556
GSE38832,SIG095,18,16,26,27,0.8978,0.9174,0.4188,1.5673,0.117,0.00243,0.2027,0.8394,0.6538,0.3462,0.4444,0.5556
GSE38832,SIG096,11,11,26,27,0.8978,0.9022,0.7151,2.7897,0.005276,0.0108,1.101,0.2709,0.6538,0.3462,0.2963,0.7037
GSE38832,SIG097,14,14,26,27,0.8978,0.8988,0.265,0.9731,0.3305,0.00021,0.5611,0.5747,0.5769,0.4231,0.4444,0.5556
GSE38832,SIG098,5,5,26,27,0.8978,0.9115,0.5613,2.1454,0.03192,0.00568,0.4602,0.6454,0.5769,0.4231,0.2963,0.7037
GSE38832,SIG099,11,11,26,27,0.8978,0.9221,0.641,2.4629,0.01378,0.01059,0.7555,0.45,0.6538,0.3462,0.3333,0.6667
GSE38832,SIG101,10,8,26,27,0.8978,0.9081,0.4074,1.547,0.1219,-0.00117,-0.1609,0.8722,0.5,0.5,0.2963,0.7037
GSE38832,SIG102,4,4,26,27,0.8978,0.9009,0.188,0.6875,0.4918,0.00543,0.6619,0.508,0.5385,0.4615,0.4444,0.5556
GSE38832,SIG107,15,13,26,27,0.8978,0.9136,0.2621,0.9635,0.3353,0.00021,0.0147,0.9882,0.5385,0.4615,0.4074,0.5926
GSE38832,SIG108,15,13,26,27,0.8978,0.9001,0.2621,0.9635,0.3353,0.00116,0.6162,0.5378,0.5385,0.4615,0.4074,0.5926
GSE38832,SIG109,7,7,26,27,0.8978,0.8933,0.3362,1.2461,0.2127,0.00016,0.1438,0.8857,0.5385,0.4615,0.3704,0.6296
GSE38832,SIG110,9,9,26,27,0.8978,0.9043,-0.0313,-0.1157,0.9079,-0.0012,-0.547,0.5844,0.5769,0.4231,0.5926,0.4074
GSE38832,SIG111,13,12,26,27,0.8978,0.9153,0.416,1.5482,0.1216,-0.01022,-0.5906,0.5548,0.6154,0.3846,0.4074,0.5926
GSE38832,SIG112,4,4,26,27,0.8978,0.9166,0.7094,2.8228,0.004761,0.00997,0.9103,0.3627,0.5769,0.4231,0.2222,0.7778
GSE38832,SIG113,10,10,26,27,0.8978,0.9119,0.2593,0.9595,0.3373,0.00219,0.1153,0.9082,0.5,0.5,0.3704,0.6296
GSE38832,SIG114,20,18,26,27,0.8978,0.9141,0.3419,1.2654,0.2057,0.01216,0.7256,0.4681,0.6154,0.3846,0.4444,0.5556
GSE38832,SIG115,4,4,26,27,0.8978,0.9098,0.8575,3.6158,0.0002994,0.01071,0.6955,0.4867,0.5769,0.4231,0.1481,0.8519
GSE38832,SIG116,5,5,26,27,0.8978,0.9052,0.7892,3.1374,0.001705,0.01016,0.9996,0.3175,0.6538,0.3462,0.2593,0.7407
GSE38832,SIG117,4,4,26,27,0.8978,0.9204,0.49,1.8396,0.06583,0.01677,0.8715,0.3835,0.6154,0.3846,0.3704,0.6296
GSE38832,SIG118,15,14,26,27,0.8978,0.9077,-0.0342,-0.125,0.9005,6e-05,0.0226,0.982,0.5385,0.4615,0.5556,0.4444
GSE38832,SIG119,10,10,26,27,0.8978,0.92,0.4929,1.8551,0.06358,0.00362,0.2041,0.8383,0.6538,0.3462,0.4074,0.5926
GSE38832,SIG120,4,3,26,27,0.8978,0.9001,-0.4046,-1.5666,0.1172,-0.00072,-0.1803,0.8569,0.5385,0.4615,0.7407,0.2593
GSE38832,SIG121,6,6,26,27,0.8978,0.9187,0.1937,0.7151,0.4746,0.01088,0.745,0.4563,0.6154,0.3846,0.5185,0.4815
GSE38832,SIG122,8,8,26,27,0.8978,0.9064,-0.5527,-2.2454,0.02474,-0.00265,-0.7463,0.4555,0.5385,0.4615,0.8148,0.1852
GSE38832,SIG124,4,4,26,27,0.8978,0.9196,0.1937,0.7151,0.4746,0.00704,0.7689,0.442,0.6154,0.3846,0.5185,0.4815
GSE38832,SIG125,4,4,26,27,0.8978,0.9014,-0.49,-1.8396,0.06583,-0.00108,-0.1307,0.896,0.3846,0.6154,0.6296,0.3704
GSE38832,SIG126,4,4,26,27,0.8978,0.8946,0.1937,0.7151,0.4746,0.00045,0.4107,0.6813,0.6154,0.3846,0.5185,0.4815
GSE38832,SIG127,6,6,26,27,0.8978,0.9014,0.3362,1.2461,0.2127,0.00043,0.1506,0.8803,0.5385,0.4615,0.3704,0.6296
GSE38832,SIG128,11,11,26,27,0.8978,0.9022,0.4131,1.5385,0.1239,0.00097,0.1664,0.8679,0.5769,0.4231,0.3704,0.6296
GSE38832,SIG129,9,9,26,27,0.8978,0.9056,0.4188,1.5673,0.117,-0.00032,-0.0384,0.9694,0.6538,0.3462,0.4444,0.5556
GSE38832,SIG130,9,9,26,27,0.8978,0.9022,-0.5584,-2.1624,0.03059,-0.00149,-0.6924,0.4887,0.4615,0.5385,0.7407,0.2593
GSE38832,SIG132,5,5,26,27,0.8978,0.9009,-0.1168,-0.4278,0.6688,-0.00163,-0.3503,0.7261,0.4231,0.5769,0.4815,0.5185
GSE38832,SIG133,5,5,26,27,0.8978,0.9183,0.1168,0.4278,0.6688,0.00102,0.083,0.9339,0.5769,0.4231,0.5185,0.4815
GSE38832,SIG134,8,8,26,27,0.8978,0.9014,0.5584,2.1624,0.03059,0.00869,1.9862,0.04701,0.5385,0.4615,0.2593,0.7407
GSE38832,SIG135,3,3,26,27,0.8978,0.8967,0.4074,1.547,0.1219,0.00241,0.3259,0.7445,0.5,0.5,0.2963,0.7037
GSE38832,SIG136,9,9,26,27,0.8978,0.8975,0.1083,0.398,0.6906,0.00017,0.8429,0.3993,0.4615,0.5385,0.4074,0.5926
GSE38832,SIG138,5,5,26,27,0.8978,0.9285,0.5641,2.1423,0.03217,0.02723,1.4039,0.1603,0.6154,0.3846,0.3333,0.6667
GSE38832,SIG139,4,4,26,27,0.8978,0.9014,0.7863,3.1575,0.001591,0.01972,1.7568,0.07896,0.6154,0.3846,0.2222,0.7778
GSE38832,SIG140,6,6,26,27,0.8978,0.8882,0.1852,0.6797,0.4967,3e-04,0.4531,0.6505,0.5,0.5,0.4074,0.5926
GSE38832,SIG141,7,7,26,27,0.8978,0.9107,0.0513,0.2001,0.8414,0.00157,0.1154,0.9081,0.6923,0.3077,0.6667,0.3333
GSE38832,SIG142,12,12,26,27,0.8978,0.9035,0.0342,0.125,0.9005,-0.00166,-0.6611,0.5085,0.4615,0.5385,0.4444,0.5556
GSE38832,SIG143,6,6,26,27,0.8978,0.9111,-0.1766,-0.6809,0.496,-0.00091,-0.1081,0.914,0.6154,0.3846,0.7037,0.2963
GSE38832,SIG144,3,3,26,27,0.8978,0.9073,0.1225,0.4611,0.6447,-5e-04,-0.0464,0.963,0.6538,0.3462,0.5926,0.4074
GSE38832,SIG145,12,12,26,27,0.8978,0.9009,0.1909,0.6992,0.4844,0.00187,0.2277,0.8199,0.5769,0.4231,0.4815,0.5185
GSE38832,SIG146,3,3,26,27,0.8978,0.8967,-0.9373,-3.92,8.854e-05,-0.00044,-0.956,0.3391,0.3462,0.6538,0.8148,0.1852
GSE38832,SIG147,3,3,26,27,0.8978,0.8992,0.7009,3.0482,0.002302,0.00614,1.1947,0.2322,0.4615,0.5385,0.1111,0.8889
GSE38832,SIG148,8,6,26,27,0.8978,0.9157,0.2735,1.0386,0.299,0.00325,0.1551,0.8767,0.6923,0.3077,0.5556,0.4444
GSE38832,SIG149,8,8,26,27,0.8978,0.9242,0.641,2.4629,0.01378,0.00871,0.5785,0.5629,0.6538,0.3462,0.3333,0.6667
GSE38832,SIG150,10,10,26,27,0.8978,0.8971,0.4103,1.538,0.1241,0.00155,0.4344,0.664,0.5385,0.4615,0.3333,0.6667
GSE38832,SIG151,8,8,26,27,0.8978,0.9047,0.1852,0.6797,0.4967,-0.001,-0.1072,0.9146,0.5,0.5,0.4074,0.5926
GSE38832,SIG152,8,8,26,27,0.8978,0.8984,-0.2564,-0.9612,0.3364,-0.00098,-0.1929,0.8471,0.5385,0.4615,0.6667,0.3333
GSE38832,SIG153,8,8,26,27,0.8978,0.895,-0.1054,-0.3926,0.6946,-0.00114,-0.4094,0.6822,0.5769,0.4231,0.6296,0.3704
GSE38832,SIG154,3,3,26,27,0.8978,0.9234,0.2678,0.9885,0.3229,0.01694,1.2076,0.2272,0.6154,0.3846,0.4815,0.5185
GSE38832,SIG155,9,9,26,27,0.8978,0.8988,-0.4103,-1.538,0.1241,-0.00634,-0.8076,0.4193,0.4615,0.5385,0.6667,0.3333
GSE38832,SIG156,5,5,26,27,0.8978,0.9196,0.5641,2.1423,0.03217,0.01191,0.8041,0.4214,0.6154,0.3846,0.3333,0.6667
GSE38832,SIG157,5,5,26,27,0.8978,0.917,0.5726,2.2148,0.02677,0.02478,1.5514,0.1208,0.7308,0.2692,0.4444,0.5556
GSE38832,SIG159,6,6,26,27,0.8978,0.9086,0.5527,2.2454,0.02474,0.00615,0.6731,0.5009,0.4615,0.5385,0.1852,0.8148
GSE38832,SIG161,4,4,26,27,0.8978,0.9145,0.5556,2.1949,0.02817,0.00676,0.9137,0.3609,0.5,0.5,0.2222,0.7778
GSE38832,SIG163,4,4,26,27,0.8978,0.9132,0.49,1.8396,0.06583,0.00278,0.5713,0.5678,0.6154,0.3846,0.3704,0.6296
GSE38832,SIG164,4,4,26,27,0.8978,0.906,0.8632,3.5117,0.0004452,0.00597,1.1179,0.2636,0.6538,0.3462,0.2222,0.7778
GSE38832,SIG165,5,5,26,27,0.8978,0.9128,0.1966,0.7357,0.4619,-0.00078,-0.0683,0.9455,0.6538,0.3462,0.5556,0.4444
GSE38832,SIG166,3,3,26,27,0.8978,0.9174,0.1225,0.4611,0.6447,-0.00818,-0.2813,0.7785,0.6538,0.3462,0.5926,0.4074
GSE38832,SIG167,3,3,26,27,0.8978,0.8997,0.7151,2.7897,0.005276,0.007,0.8929,0.3719,0.6538,0.3462,0.2963,0.7037
GSE38832,SIG168,9,9,26,27,0.8978,0.9098,0.792,3.1391,0.001695,0.00538,0.5971,0.5504,0.6923,0.3077,0.2963,0.7037
GSE38832,SIG169,8,8,26,27,0.8978,0.9014,0.1823,0.6759,0.4991,6e-05,0.0255,0.9797,0.4615,0.5385,0.3704,0.6296
GSE38832,SIG170,6,6,26,27,0.8978,0.903,-0.1054,-0.3926,0.6946,-0.00554,-0.8382,0.4019,0.5769,0.4231,0.6296,0.3704
GSE38832,SIG171,4,4,26,27,0.8978,0.9064,-0.0342,-0.125,0.9005,0.00248,0.1864,0.8521,0.5385,0.4615,0.5556,0.4444
GSE38832,SIG172,6,6,26,27,0.8978,0.9056,-0.3276,-1.2753,0.2022,-0.0111,-1.1273,0.2596,0.5769,0.4231,0.7407,0.2593
GSE38832,SIG173,5,5,26,27,0.8978,0.9069,0.49,1.8396,0.06583,0.0116,1.021,0.3072,0.6154,0.3846,0.3704,0.6296
GSE38832,SIG175,6,5,26,27,0.8978,0.9128,-0.4017,-1.5985,0.1099,-0.0104,-1.4822,0.1383,0.5769,0.4231,0.7778,0.2222
GSE38832,SIG176,8,8,26,27,0.8978,0.9098,-0.1852,-0.6797,0.4967,-0.00376,-0.3502,0.7262,0.5,0.5,0.5926,0.4074
GSE38832,SIG177,14,14,26,27,0.8978,0.892,0.7806,3.2717,0.001069,0.00063,1.3141,0.1888,0.5385,0.4615,0.1481,0.8519
GSE38832,SIG178,3,3,26,27,0.8978,0.9149,-0.339,-1.2521,0.2105,-0.00192,-0.4921,0.6227,0.4231,0.5769,0.5926,0.4074
GSE38832,SIG179,12,12,26,27,0.8978,0.9191,-0.2536,-0.9692,0.3324,0.00201,0.2127,0.8316,0.5769,0.4231,0.7037,0.2963
GSE38832,SIG180,5,5,26,27,0.8978,0.9136,0.1966,0.7357,0.4619,-0.0037,-0.6003,0.5483,0.6538,0.3462,0.5556,0.4444
GSE38832,SIG181,5,5,26,27,0.8978,0.9086,0.1197,0.4429,0.6578,-0.0062,-0.5991,0.5491,0.6154,0.3846,0.5556,0.4444
GSE38832,SIG182,3,3,26,27,0.8978,0.9179,-0.1738,-0.6909,0.4896,-0.0069,-0.4573,0.6474,0.6538,0.3462,0.7407,0.2593
GSE38832,SIG183,4,4,26,27,0.8978,0.9229,0.8632,3.5117,0.0004452,-0.00191,-0.0997,0.9206,0.6538,0.3462,0.2222,0.7778
GSE38832,SIG184,3,3,26,27,0.8978,0.906,0.7094,2.8228,0.004761,0.01274,0.7708,0.4408,0.5769,0.4231,0.2222,0.7778
GSE38832,SIG185,22,22,26,27,0.8978,0.9047,-0.1852,-0.6797,0.4967,-0.00017,-0.0165,0.9869,0.5,0.5,0.5926,0.4074
GSE38832,SIG186,19,18,26,27,0.8978,0.9052,-0.4786,-1.8943,0.05818,-0.00208,-0.3844,0.7007,0.5385,0.4615,0.7778,0.2222
GSE38832,SIG187,4,4,26,27,0.8978,0.9009,0.3419,1.2654,0.2057,0.00093,0.1589,0.8738,0.6154,0.3846,0.4444,0.5556
GSE38832,SIG188,6,6,26,27,0.8978,0.9064,-0.1823,-0.6759,0.4991,-0.0025,-0.3771,0.7061,0.5385,0.4615,0.6296,0.3704
GSE38832,SIG189,6,6,26,27,0.8978,0.9111,0.6439,2.4816,0.01308,0.01018,0.9626,0.3358,0.6923,0.3077,0.3704,0.6296
GSE38832,SIG190,7,7,26,27,0.8978,0.9149,-0.1823,-0.6759,0.4991,-0.00227,-0.1928,0.8471,0.5385,0.4615,0.6296,0.3704
GSE38832,SIG191,3,3,26,27,0.8978,0.8954,0.4843,1.8422,0.06545,0.00708,1.519,0.1288,0.5385,0.4615,0.2963,0.7037
GSE38832,SIG192,3,3,26,27,0.8978,0.9022,0.4872,1.8352,0.06648,0.00024,0.6525,0.5141,0.5769,0.4231,0.3333,0.6667
GSE38832,SIG193,7,7,26,27,0.8978,0.9069,-0.3305,-1.257,0.2088,-0.0032,-0.7485,0.4542,0.5385,0.4615,0.7037,0.2963
GSE38832,SIG194,6,6,26,27,0.8978,0.9009,-0.0399,-0.1454,0.8844,0.00058,0.0813,0.9352,0.4615,0.5385,0.4815,0.5185
GSE38832,SIG195,12,12,26,27,0.8978,0.9115,0.6382,2.4599,0.0139,0.00277,0.2411,0.8095,0.6154,0.3846,0.2963,0.7037
GSE38832,SIG196,4,4,26,27,0.8978,0.9081,-0.1795,-0.6761,0.499,-0.00075,-0.0747,0.9404,0.5769,0.4231,0.6667,0.3333
GSE38832,SIG197,4,4,26,27,0.8978,0.8997,0.2593,0.9595,0.3373,-0.00114,-0.7595,0.4476,0.5,0.5,0.3704,0.6296
GSE38832,SIG198,3,3,26,27,0.8978,0.9052,0.188,0.6875,0.4918,0.00954,0.908,0.3639,0.5385,0.4615,0.4444,0.5556
GSE38832,SIG199,5,5,26,27,0.8978,0.8946,-0.265,-0.9731,0.3305,-0.00035,-0.2241,0.8227,0.4231,0.5769,0.5556,0.4444
GSE38832,SIG200,3,3,26,27,0.8978,0.9035,0.4929,1.8551,0.06358,0.00355,0.9306,0.3521,0.6538,0.3462,0.4074,0.5926
GSE38832,SIG201,4,3,26,27,0.8978,0.9026,-0.1852,-0.6797,0.4967,-0.00102,-0.5615,0.5744,0.5,0.5,0.5926,0.4074
GSE38832,SIG202,29,29,26,27,0.8978,0.9052,0.339,1.2521,0.2105,0.00428,0.4515,0.6516,0.5769,0.4231,0.4074,0.5926
GSE38832,SIG203,5,5,26,27,0.8978,0.8963,0.1823,0.6759,0.4991,0.00125,0.4408,0.6594,0.4615,0.5385,0.3704,0.6296
GSE38832,SIG204,3,3,26,27,0.8978,0.9052,-0.1795,-0.6761,0.499,-0.00615,-0.8639,0.3876,0.5769,0.4231,0.6667,0.3333
GSE38832,SIG205,7,7,26,27,0.8978,0.9043,0.2593,0.9595,0.3373,0.00041,0.1494,0.8812,0.5,0.5,0.3704,0.6296
GSE38832,SIG206,11,11,26,27,0.8978,0.9005,0.8547,3.7173,0.0002014,0.00174,0.4604,0.6452,0.5385,0.4615,0.1111,0.8889
GSE38832,SIG207,13,13,26,27,0.8978,0.9043,-0.4017,-1.5985,0.1099,-0.00339,-0.6979,0.4852,0.5769,0.4231,0.7778,0.2222
GSE38832,SIG208,7,6,26,27,0.8978,0.9301,0.4986,1.9225,0.05454,0.01,0.5045,0.6139,0.7308,0.2692,0.4815,0.5185
GSE38832,SIG209,5,5,26,27,0.8978,0.9213,0.2764,1.0754,0.2822,0.01105,0.4949,0.6207,0.7308,0.2692,0.5926,0.4074
GSE38832,SIG210,13,13,26,27,0.8978,0.8997,0.4929,1.8551,0.06358,0.00182,0.434,0.6643,0.6538,0.3462,0.4074,0.5926
GSE38832,SIG211,4,4,26,27,0.8978,0.9246,-0.2564,-0.9612,0.3364,-0.00042,-0.0319,0.9746,0.5385,0.4615,0.6667,0.3333
GSE38832,SIG212,3,3,26,27,0.8978,0.8925,0.7123,2.7966,0.005164,2e-05,0.0561,0.9553,0.6154,0.3846,0.2593,0.7407
GSE38832,SIG213,5,5,26,27,0.8978,0.9149,0.2593,0.9595,0.3373,0.00222,0.1924,0.8474,0.5,0.5,0.3704,0.6296
GSE38832,SIG214,5,5,26,27,0.8978,0.9064,0.0427,0.157,0.8753,0.00017,0.2552,0.7986,0.5769,0.4231,0.5556,0.4444
GSE38832,SIG215,4,4,26,27,0.8978,0.9014,0.2621,0.9635,0.3353,0.00233,1.0571,0.2905,0.5385,0.4615,0.4074,0.5926
GSE38832,SIG216,4,4,26,27,0.8978,0.9166,-0.1738,-0.6909,0.4896,-0.00358,-0.1869,0.8517,0.6538,0.3462,0.7407,0.2593
GSE38832,SIG217,8,8,26,27,0.8978,0.906,0.3476,1.316,0.1882,0.00191,0.2786,0.7806,0.6923,0.3077,0.5185,0.4815
GSE38832,SIG218,4,4,26,27,0.8978,0.8916,-0.037,-0.1348,0.8927,0.00114,0.2141,0.8305,0.5,0.5,0.5185,0.4815
GSE38832,SIG219,8,7,26,27,0.8978,0.9132,-0.0256,-0.0985,0.9215,0.00786,0.5002,0.6169,0.6538,0.3462,0.6667,0.3333
GSE38832,SIG220,7,7,26,27,0.8978,0.9124,0.7949,3.1621,0.001567,0.00429,0.3716,0.7102,0.7308,0.2692,0.3333,0.6667
GSE38832,SIG221,4,4,26,27,0.8978,0.903,0.0399,0.1454,0.8844,-0.00194,-0.2689,0.788,0.5385,0.4615,0.5185,0.4815
GSE38832,SIG222,3,3,26,27,0.8978,0.903,0.2593,0.9595,0.3373,3e-04,0.2943,0.7685,0.5,0.5,0.3704,0.6296
GSE38832,SIG223,4,4,26,27,0.8978,0.9115,-0.4017,-1.5985,0.1099,-0.00547,-0.5319,0.5948,0.5769,0.4231,0.7778,0.2222
GSE38832,SIG224,3,3,26,27,0.8978,0.9022,-0.3305,-1.257,0.2088,0,-0.1208,0.9039,0.5385,0.4615,0.7037,0.2963
GSE38832,SIG225,5,5,26,27,0.8978,0.909,-0.1795,-0.6761,0.499,-7e-05,-0.0057,0.9954,0.5769,0.4231,0.6667,0.3333
GSE38832,SIG226,5,5,26,27,0.8978,0.9183,0.1966,0.7357,0.4619,-0.00768,-0.3841,0.7009,0.6538,0.3462,0.5556,0.4444
GSE38832,SIG227,8,8,26,27,0.8978,0.9009,-0.1083,-0.398,0.6906,0.00035,0.1301,0.8965,0.5385,0.4615,0.5926,0.4074
GSE38832,SIG228,6,6,26,27,0.8978,0.9098,0.1909,0.6992,0.4844,0.00078,0.0584,0.9534,0.5769,0.4231,0.4815,0.5185
GSE38832,SIG229,4,4,26,27,0.8978,0.898,0.4815,1.8613,0.0627,0.00922,0.9759,0.3291,0.5,0.5,0.2593,0.7407
GSE38832,SIG230,16,16,26,27,0.8978,0.9119,-0.0285,-0.107,0.9148,-0.00129,-0.1368,0.8912,0.6154,0.3846,0.6296,0.3704
GSE38832,SIG231,3,3,26,27,0.8978,0.9327,0.9459,3.9208,8.827e-05,0.03763,1.6496,0.09903,0.7692,0.2308,0.2963,0.7037
GSE38832,SIG232,7,7,26,27,0.8978,0.9102,0.4131,1.5385,0.1239,0.00182,0.1773,0.8592,0.5769,0.4231,0.3704,0.6296
GSE38832,SIG233,10,10,26,27,0.8978,0.9022,-0.188,-0.6875,0.4918,-0.00058,-0.0624,0.9503,0.4615,0.5385,0.5556,0.4444
GSE38832,SIG234,13,12,26,27,0.8978,0.9001,0.7066,2.8705,0.004099,0.00094,1.0066,0.3141,0.5385,0.4615,0.1852,0.8148
GSE38832,SIG235,6,6,26,27,0.8978,0.9005,-0.4131,-1.5385,0.1239,-0.00037,-0.8252,0.4092,0.4231,0.5769,0.6296,0.3704
GSE38832,SIG236,5,5,26,27,0.8978,0.9174,0.49,1.8396,0.06583,0.01209,0.7641,0.4448,0.6154,0.3846,0.3704,0.6296
GSE38832,SIG237,6,6,26,27,0.8978,0.9077,0.1168,0.4278,0.6688,0.00096,0.2118,0.8323,0.5769,0.4231,0.5185,0.4815
GSE38832,SIG238,6,6,26,27,0.8978,0.9069,-0.416,-1.5482,0.1216,-0.0019,-0.2767,0.782,0.3846,0.6154,0.5926,0.4074
GSE38832,SIG239,7,7,26,27,0.8978,0.9102,-0.037,-0.1348,0.8927,0.00056,0.0672,0.9464,0.5,0.5,0.5185,0.4815
GSE38832,SIG240,6,6,26,27,0.8978,0.8937,-0.4131,-1.5385,0.1239,8e-05,0.2162,0.8288,0.4231,0.5769,0.6296,0.3704
GSE38832,SIG241,4,4,26,27,0.8978,0.8988,0.265,0.9731,0.3305,0.00063,0.1775,0.8591,0.5769,0.4231,0.4444,0.5556
GSE38832,SIG242,6,6,26,27,0.8978,0.9124,0.0342,0.125,0.9005,0.00309,0.2456,0.806,0.4615,0.5385,0.4444,0.5556
GSE38832,SIG243,8,8,26,27,0.8978,0.9069,-0.1026,-0.3895,0.6969,-0.00073,-0.2302,0.818,0.6154,0.3846,0.6667,0.3333
GSE38832,SIG244,13,13,26,27,0.8978,0.9107,0.265,0.9731,0.3305,0.00353,0.3373,0.7359,0.5769,0.4231,0.4444,0.5556
GSE38832,SIG245,3,3,26,27,0.8978,0.9047,-0.037,-0.1348,0.8927,-0.00095,-0.1562,0.8759,0.5,0.5,0.5185,0.4815
GSE38832,SIG246,5,5,26,27,0.8978,0.9166,0.9459,3.9208,8.827e-05,0.0233,2.4006,0.01637,0.7692,0.2308,0.2963,0.7037
GSE38832,SIG247,3,3,26,27,0.8978,0.9179,0.2764,1.0754,0.2822,0.00353,0.1938,0.8463,0.7308,0.2692,0.5926,0.4074
GSE38832,SIG248,5,5,26,27,0.8978,0.9132,0.1966,0.7357,0.4619,0.0043,0.5137,0.6075,0.6538,0.3462,0.5556,0.4444
GSE38832,SIG249,4,4,26,27,0.8978,0.9081,-0.1054,-0.3926,0.6946,-0.00094,-0.1145,0.9088,0.5769,0.4231,0.6296,0.3704
GSE38832,SIG250,4,4,26,27,0.8978,0.9018,0.7863,3.1575,0.001591,0.00011,0.0334,0.9733,0.6154,0.3846,0.2222,0.7778
GSE38832,SIG251,14,13,26,27,0.8978,0.9191,-0.4074,-1.547,0.1219,-0.0041,-0.4225,0.6727,0.5,0.5,0.7037,0.2963
GSE38832,SIG252,3,3,26,27,0.8978,0.9056,0.2621,0.9635,0.3353,0.00063,0.064,0.949,0.5385,0.4615,0.4074,0.5926
GSE38832,SIG253,3,3,26,27,0.8978,0.9069,-0.0313,-0.1157,0.9079,8e-05,0.0131,0.9895,0.5769,0.4231,0.5926,0.4074
GSE38832,SIG254,3,3,26,27,0.8978,0.8988,0.5584,2.1624,0.03059,0.00112,1.4806,0.1387,0.5385,0.4615,0.2593,0.7407
GSE38832,SIG255,3,2,26,27,0.8978,0.9221,0.4188,1.5673,0.117,0.00347,0.1888,0.8502,0.6538,0.3462,0.4444,0.5556
GSE38832,SIG256,5,5,26,27,0.8978,0.8997,0.0399,0.1454,0.8844,0.003,0.6626,0.5076,0.5385,0.4615,0.5185,0.4815
GSE38832,SIG257,4,3,26,27,0.8978,0.9141,0.8661,3.5003,0.0004647,-0.00081,-0.0407,0.9675,0.6923,0.3077,0.2593,0.7407
GSE38832,SIG258,6,4,26,27,0.8978,0.9208,0.8689,3.5137,0.0004419,0.0235,1.2083,0.2269,0.7308,0.2692,0.2963,0.7037
GSE38832,SIG259,6,5,26,27,0.8978,0.9157,0.5584,2.1624,0.03059,0.00401,0.2077,0.8355,0.5385,0.4615,0.2593,0.7407
GSE38832,SIG260,5,5,26,27,0.8978,0.8878,0.037,0.1348,0.8927,6e-05,0.0971,0.9227,0.5,0.5,0.4815,0.5185
GSE38832,SIG261,14,14,26,27,0.8978,0.9229,0.6496,2.5699,0.01017,0.01776,0.9384,0.348,0.7692,0.2308,0.4444,0.5556
GSE38832,SIG262,6,6,26,27,0.8978,0.917,0.4843,1.8422,0.06545,0.00944,0.9342,0.3502,0.5385,0.4615,0.2963,0.7037
GSE38832,SIG263,4,4,26,27,0.8978,0.9035,0.1197,0.4429,0.6578,-0.00041,-0.0741,0.941,0.6154,0.3846,0.5556,0.4444
GSE38832,SIG264,6,6,26,27,0.8978,0.9149,-0.245,-1.0435,0.2967,0.0017,0.1819,0.8557,0.6923,0.3077,0.8148,0.1852
GSE38832,SIG265,7,7,26,27,0.8978,0.8937,-0.4046,-1.5666,0.1172,-0.0033,-1.4301,0.1527,0.5385,0.4615,0.7407,0.2593
GSE38832,SIG266,5,5,26,27,0.8978,0.9064,0.1197,0.4429,0.6578,0.00266,0.1712,0.8641,0.6154,0.3846,0.5556,0.4444
GSE38832,SIG267,11,11,26,27,0.8978,0.8878,0.3362,1.2461,0.2127,0.00036,0.5961,0.5511,0.5385,0.4615,0.3704,0.6296
GSE38832,SIG268,6,6,26,27,0.8978,0.8967,0.1937,0.7151,0.4746,0.00143,0.7215,0.4706,0.6154,0.3846,0.5185,0.4815
GSE38832,SIG269,3,3,26,27,0.8978,0.892,-0.9288,-4.2219,2.422e-05,-3e-05,-0.0399,0.9682,0.4615,0.5385,0.9259,0.0741
GSE38832,SIG270,4,4,26,27,0.8978,0.9132,0.1111,0.4056,0.685,0.00055,0.0377,0.9699,0.5,0.5,0.4444,0.5556
GSE38832,SIG271,5,5,26,27,0.8978,0.9323,0.7863,3.1575,0.001591,-0.00318,-0.1049,0.9165,0.6154,0.3846,0.2222,0.7778
GSE38832,SIG272,4,4,26,27,0.8978,0.9005,0.5613,2.1454,0.03192,0.00015,0.0675,0.9462,0.5769,0.4231,0.2963,0.7037
GSE38832,SIG273,4,4,26,27,0.8978,0.8895,0.2621,0.9635,0.3353,0.00026,0.1824,0.8552,0.5385,0.4615,0.4074,0.5926
GSE38832,SIG274,8,8,26,27,0.8978,0.8963,0.3362,1.2461,0.2127,0.00011,0.0349,0.9722,0.5385,0.4615,0.3704,0.6296
GSE38832,SIG275,4,4,26,27,0.8978,0.898,0.2621,0.9635,0.3353,-0.00247,-0.3794,0.7044,0.5385,0.4615,0.4074,0.5926
GSE38832,SIG276,12,12,26,27,0.8978,0.9111,0.0456,0.1697,0.8653,-0.00196,-0.3517,0.7251,0.6154,0.3846,0.5926,0.4074
GSE38832,SIG277,6,6,26,27,0.8978,0.9005,0.1168,0.4278,0.6688,-0.00243,-0.478,0.6327,0.5769,0.4231,0.5185,0.4815
GSE38832,SIG278,5,5,26,27,0.8978,0.903,0.2707,1.01,0.3125,0.00563,0.3826,0.702,0.6538,0.3462,0.5185,0.4815
GSE38832,SIG279,7,7,26,27,0.8978,0.9162,0.1168,0.4278,0.6688,-0.0044,-0.5029,0.615,0.5769,0.4231,0.5185,0.4815
GSE38832,SIG280,4,4,26,27,0.8978,0.9174,0.5726,2.2148,0.02677,0.01096,0.9741,0.33,0.7308,0.2692,0.4444,0.5556
GSE38832,SIG281,4,4,26,27,0.8978,0.9094,0.114,0.4155,0.6778,0.0011,0.1294,0.897,0.5385,0.4615,0.4815,0.5185
GSE38832,SIG282,16,16,26,27,0.8978,0.9081,-0.4046,-1.5666,0.1172,-0.00234,-0.65,0.5157,0.5385,0.4615,0.7407,0.2593
GSE38832,SIG283,10,10,26,27,0.8978,0.9098,-0.1111,-0.4056,0.685,-0.00793,-0.6872,0.4919,0.5,0.5,0.5556,0.4444
GSE38832,SIG284,3,3,26,27,0.8978,0.9094,0.114,0.4155,0.6778,9e-04,0.1512,0.8798,0.5385,0.4615,0.4815,0.5185
GSE38832,SIG285,9,9,26,27,0.8978,0.9128,0.3476,1.316,0.1882,0.00758,0.8462,0.3974,0.6923,0.3077,0.5185,0.4815
GSE38832,SIG286,5,5,26,27,0.8978,0.9022,0.4103,1.538,0.1241,0.00311,0.2851,0.7756,0.5385,0.4615,0.3333,0.6667
GSE38832,SIG287,3,3,26,27,0.8978,0.9179,0.8661,3.5003,0.0004647,0.0138,1.298,0.1943,0.6923,0.3077,0.2593,0.7407
GSE38832,SIG288,5,5,26,27,0.8978,0.9191,-0.2479,-1.0083,0.3133,-0.00699,-0.4262,0.6699,0.6538,0.3462,0.7778,0.2222
GSE38832,SIG289,17,16,26,27,0.8978,0.9102,0.1168,0.4278,0.6688,-0.00651,-0.4531,0.6505,0.5769,0.4231,0.5185,0.4815
GSE38832,SIG290,3,3,26,27,0.8978,0.9187,-0.4758,-1.9439,0.05191,-0.00166,-0.1092,0.9131,0.5769,0.4231,0.8148,0.1852
GSE38832,SIG291,3,3,26,27,0.8978,0.9242,0.2678,0.9885,0.3229,0.01423,1.0671,0.2859,0.6154,0.3846,0.4815,0.5185
GSE38832,SIG292,15,14,26,27,0.8978,0.9179,0.641,2.4629,0.01378,-0.00413,-0.251,0.8018,0.6538,0.3462,0.3333,0.6667
GSE38832,SIG293,7,6,26,27,0.8978,0.9052,-0.3276,-1.2753,0.2022,-0.00215,-0.8411,0.4003,0.5769,0.4231,0.7407,0.2593
GSE38832,SIG294,4,4,26,27,0.8978,0.8975,0.2536,0.9692,0.3324,0.00132,0.3949,0.6929,0.4231,0.5769,0.2963,0.7037
GSE38832,SIG295,9,7,26,27,0.8978,0.9107,0.114,0.4155,0.6778,-0.00396,-0.3919,0.6952,0.5385,0.4615,0.4815,0.5185
GSE38832,SIG296,11,11,26,27,0.8978,0.9098,0.037,0.1348,0.8927,0.00418,0.5369,0.5914,0.5,0.5,0.4815,0.5185
GSE38832,SIG297,11,11,26,27,0.8978,0.9183,0.5641,2.1423,0.03217,0.01115,0.6081,0.5431,0.6154,0.3846,0.3333,0.6667
GSE38832,SIG298,9,9,26,27,0.8978,0.9009,-0.3276,-1.2753,0.2022,-0.00262,-0.4131,0.6795,0.5769,0.4231,0.7407,0.2593
GSE38832,SIG300,5,5,26,27,0.8978,0.8959,0.3333,1.2476,0.2122,0.00225,0.5463,0.5849,0.5,0.5,0.3333,0.6667
GSE38832,SIG301,7,7,26,27,0.8978,0.9064,0.114,0.4155,0.6778,3e-05,0.402,0.6877,0.5385,0.4615,0.4815,0.5185
GSE38832,SIG302,6,6,26,27,0.8978,0.9098,-0.0427,-0.157,0.8753,0.00188,0.4918,0.6228,0.4231,0.5769,0.4444,0.5556
GSE38832,SIG303,3,3,26,27,0.8978,0.9128,0.0456,0.1697,0.8653,0.00375,0.286,0.7749,0.6154,0.3846,0.5926,0.4074
GSE38832,SIG304,4,4,26,27,0.8978,0.9102,0.4217,1.5965,0.1104,0.00575,0.6379,0.5235,0.6923,0.3077,0.4815,0.5185
GSE38832,SIG305,7,7,26,27,0.8978,0.917,0.188,0.6875,0.4918,-0.00317,-0.2655,0.7906,0.5385,0.4615,0.4444,0.5556
GSE38832,SIG306,11,11,26,27,0.8978,0.9077,-0.1026,-0.3895,0.6969,-5e-05,-0.1168,0.907,0.6154,0.3846,0.6667,0.3333
GSE38832,SIG307,13,13,26,27,0.8978,0.8988,0.4131,1.5385,0.1239,-0.00026,-0.0532,0.9576,0.5769,0.4231,0.3704,0.6296
GSE38832,SIG308,5,5,26,27,0.8978,0.9043,0.5641,2.1423,0.03217,0.00047,0.176,0.8603,0.6154,0.3846,0.3333,0.6667
GSE38832,SIG309,3,3,26,27,0.8978,0.909,0.5613,2.1454,0.03192,0.00042,0.1,0.9204,0.5769,0.4231,0.2963,0.7037
GSE38832,SIG310,4,4,26,27,0.8978,0.9069,0.7208,2.8312,0.004637,0.00966,1.1156,0.2646,0.7308,0.2692,0.3704,0.6296
GSE38832,SIG311,5,4,26,27,0.8978,0.8929,-0.5527,-2.2454,0.02474,-0.00019,-0.8101,0.4179,0.5385,0.4615,0.8148,0.1852
GSE38832,SIG312,9,9,26,27,0.8978,0.903,-0.188,-0.6875,0.4918,-0.00383,-0.4311,0.6664,0.4615,0.5385,0.5556,0.4444
GSE38832,SIG313,3,3,26,27,0.8978,0.9043,0.339,1.2521,0.2105,0.00408,0.3894,0.697,0.5769,0.4231,0.4074,0.5926
GSE38832,SIG314,8,7,26,27,0.8978,0.9043,-0.7094,-2.8228,0.004761,-0.00128,-0.3888,0.6974,0.4231,0.5769,0.7778,0.2222
GSE38832,SIG315,8,8,26,27,0.8978,0.9111,0.5613,2.1454,0.03192,0.0038,0.6517,0.5146,0.5769,0.4231,0.2963,0.7037
GSE38832,SIG316,10,10,26,27,0.8978,0.9153,0.8661,3.5003,0.0004647,0.01997,1.3692,0.1709,0.6923,0.3077,0.2593,0.7407
GSE38832,SIG317,7,7,26,27,0.8978,0.9039,0.7094,2.8228,0.004761,0.00742,1.3135,0.189,0.5769,0.4231,0.2222,0.7778
GSE38832,SIG318,4,4,26,27,0.8978,0.9289,0.2764,1.0754,0.2822,0.0114,0.7789,0.436,0.7308,0.2692,0.5926,0.4074
GSE38832,SIG319,8,8,26,27,0.8978,0.9052,0.3333,1.2476,0.2122,0.00175,0.2996,0.7645,0.5,0.5,0.3333,0.6667
GSE38832,SIG320,8,8,26,27,0.8978,0.9077,-0.0313,-0.1157,0.9079,-0.00247,-0.2574,0.7969,0.5769,0.4231,0.5926,0.4074
GSE38832,SIG321,3,3,26,27,0.8978,0.8967,0.1823,0.6759,0.4991,-0.00097,-0.415,0.6782,0.4615,0.5385,0.3704,0.6296
GSE38832,SIG322,7,7,26,27,0.8978,0.8946,0.2593,0.9595,0.3373,0.00095,0.4256,0.6704,0.5,0.5,0.3704,0.6296
GSE38832,SIG323,5,5,26,27,0.8978,0.909,0.1966,0.7357,0.4619,0.0021,0.2483,0.8039,0.6538,0.3462,0.5556,0.4444
GSE38832,SIG324,3,3,26,27,0.8978,0.9174,0.3419,1.2654,0.2057,0.00435,0.2291,0.8188,0.6154,0.3846,0.4444,0.5556
GSE38832,SIG325,3,3,26,27,0.8978,0.9221,-0.1766,-0.6809,0.496,0.00688,0.5607,0.575,0.6154,0.3846,0.7037,0.2963
GSE38832,SIG326,9,9,26,27,0.8978,0.9136,0.1852,0.6797,0.4967,0.001,0.0692,0.9448,0.5,0.5,0.4074,0.5926
GSE38832,SIG327,3,2,26,27,0.8978,0.9124,-0.1111,-0.4056,0.685,-0.00019,-0.1677,0.8669,0.5,0.5,0.5556,0.4444
GSE38832,SIG328,9,9,26,27,0.8978,0.9026,0.0399,0.1454,0.8844,4e-05,0.5295,0.5964,0.5385,0.4615,0.5185,0.4815
GSE38832,SIG329,5,4,26,27,0.8978,0.9081,0.7208,2.8312,0.004637,0.02043,1.438,0.1504,0.7308,0.2692,0.3704,0.6296
GSE38832,SIG330,16,16,26,27,0.8978,0.9073,-0.4131,-1.5385,0.1239,-0.00097,-0.8024,0.4223,0.4231,0.5769,0.6296,0.3704
GSE38832,SIG331,4,4,26,27,0.8978,0.9119,0.4217,1.5965,0.1104,0.00856,0.8122,0.4167,0.6923,0.3077,0.4815,0.5185
GSE38832,SIG332,3,3,26,27,0.8978,0.9039,-0.1083,-0.398,0.6906,-0.00027,-0.0863,0.9312,0.5385,0.4615,0.5926,0.4074
GSE38832,SIG334,4,4,26,27,0.8978,0.9081,0.0427,0.157,0.8753,-0.00041,-0.7206,0.4712,0.5769,0.4231,0.5556,0.4444
GSE38832,SIG335,8,7,26,27,0.8978,0.9052,0.2707,1.01,0.3125,-0.00396,-0.4145,0.6785,0.6538,0.3462,0.5185,0.4815
GSE38832,SIG336,3,3,26,27,0.8978,0.9213,-0.1026,-0.3895,0.6969,0.00067,0.0351,0.972,0.6154,0.3846,0.6667,0.3333
GSE38832,SIG337,4,4,26,27,0.8978,0.9124,-0.1083,-0.398,0.6906,-0.00864,-0.7165,0.4737,0.5385,0.4615,0.5926,0.4074
GSE38832,SIG338,3,3,26,27,0.8978,0.8925,0.4815,1.8613,0.0627,0.00554,1.1997,0.2303,0.5,0.5,0.2593,0.7407
GSE39582,SIG001,4,4,161,245,0.6719,0.6721,0.0131,0.1299,0.8966,0.00147,1.1329,0.2573,0.4596,0.5404,0.4531,0.5469
GSE39582,SIG002,4,4,161,245,0.6719,0.6743,-0.0142,-0.1399,0.8887,0.00198,0.9265,0.3542,0.5031,0.4969,0.5102,0.4898
GSE39582,SIG003,13,11,161,245,0.6719,0.6746,0.0557,0.5496,0.5826,-0.00015,-0.144,0.8855,0.5217,0.4783,0.4939,0.5061
GSE39582,SIG004,9,8,161,245,0.6719,0.6735,0.142,1.4032,0.1606,0.00038,0.253,0.8003,0.5404,0.4596,0.4694,0.5306
GSE39582,SIG005,6,6,161,245,0.6719,0.6763,-0.0032,-0.0316,0.9748,0.00333,1.1467,0.2515,0.4596,0.5404,0.4612,0.5388
GSE39582,SIG006,8,8,161,245,0.6719,0.677,0.1988,1.969,0.04896,0.00875,1.6509,0.09876,0.528,0.472,0.4286,0.5714
GSE39582,SIG007,15,15,161,245,0.6719,0.6758,0.0483,0.4772,0.6332,0.004,1.1105,0.2668,0.5466,0.4534,0.5224,0.4776
GSE39582,SIG009,6,6,161,245,0.6719,0.6715,0.0263,0.259,0.7956,0.00256,1.2745,0.2025,0.4907,0.5093,0.4776,0.5224
GSE39582,SIG010,6,6,161,245,0.6719,0.6721,-0.0458,-0.4536,0.6501,0.00022,0.4769,0.6335,0.5404,0.4596,0.5633,0.4367
GSE39582,SIG011,3,3,161,245,0.6719,0.6719,0.0064,0.063,0.9498,0.00025,0.3208,0.7484,0.5093,0.4907,0.5061,0.4939
GSE39582,SIG012,3,3,161,245,0.6719,0.6729,0.1636,1.6266,0.1038,0.00243,0.9091,0.3633,0.5839,0.4161,0.502,0.498
GSE39582,SIG013,9,9,161,245,0.6719,0.6876,0.2846,2.8362,0.004566,0.0142,2.1726,0.02981,0.5342,0.4658,0.3918,0.6082
GSE39582,SIG014,15,15,161,245,0.6719,0.6725,-0.0103,-0.1015,0.9192,0.00024,0.3851,0.7002,0.4969,0.5031,0.502,0.498
GSE39582,SIG015,3,3,161,245,0.6719,0.6725,0.0603,0.596,0.5512,-0.00015,-0.1417,0.8873,0.5404,0.4596,0.5102,0.4898
GSE39582,SIG016,57,50,161,245,0.6719,0.6718,-0.044,-0.4348,0.6637,-3e-05,-0.1972,0.8436,0.4596,0.5404,0.4816,0.5184
GSE39582,SIG018,9,9,161,245,0.6719,0.6742,0.0256,0.2527,0.8005,0.00396,1.2523,0.2105,0.4658,0.5342,0.4531,0.5469
GSE39582,SIG019,12,12,161,245,0.6719,0.6722,-0.0561,-0.5535,0.5799,0.00033,0.7214,0.4707,0.4658,0.5342,0.4939,0.5061
GSE39582,SIG020,5,3,161,245,0.6719,0.6728,0.0724,0.7147,0.4748,0.0044,1.3099,0.1902,0.5342,0.4658,0.498,0.502
GSE39582,SIG021,10,8,161,245,0.6719,0.6722,0.1242,1.2296,0.2189,0.00147,0.6119,0.5406,0.4907,0.5093,0.4286,0.5714
GSE39582,SIG022,4,4,161,245,0.6719,0.6716,-0.11,-1.0902,0.2756,-0.00042,-0.68,0.4965,0.4348,0.5652,0.4898,0.5102
GSE39582,SIG023,9,9,161,245,0.6719,0.6724,0.055,0.5427,0.5874,-6e-05,-0.0678,0.946,0.4969,0.5031,0.4694,0.5306
GSE39582,SIG024,7,6,161,245,0.6719,0.672,0.1345,1.3328,0.1826,0.00339,1.1141,0.2652,0.5652,0.4348,0.498,0.502
GSE39582,SIG025,13,11,161,245,0.6719,0.6713,0.0142,0.1399,0.8887,4e-05,0.0344,0.9726,0.4969,0.5031,0.4898,0.5102
GSE39582,SIG026,31,29,161,245,0.6719,0.6765,0.1175,1.1606,0.2458,0.00794,1.4462,0.1481,0.5404,0.4596,0.4816,0.5184
GSE39582,SIG027,4,4,161,245,0.6719,0.6756,0.0635,0.6265,0.531,0.00068,0.4876,0.6258,0.5093,0.4907,0.4776,0.5224
GSE39582,SIG028,4,4,161,245,0.6719,0.6767,0.0873,0.8633,0.388,0.00724,1.4309,0.1525,0.4845,0.5155,0.4408,0.5592
GSE39582,SIG029,5,4,161,245,0.6719,0.6724,0.0277,0.2736,0.7844,0.00055,0.6315,0.5277,0.5404,0.4596,0.5265,0.4735
GSE39582,SIG030,7,7,161,245,0.6719,0.6755,0.1856,1.8432,0.0653,0.00702,1.6638,0.09615,0.4969,0.5031,0.4041,0.5959
GSE39582,SIG031,4,4,161,245,0.6719,0.6731,0.1416,1.3992,0.1617,0.00417,1.5132,0.1302,0.528,0.472,0.4571,0.5429
GSE39582,SIG032,10,10,161,245,0.6719,0.6725,0.1164,1.1503,0.25,0.00203,1.3545,0.1756,0.5031,0.4969,0.4449,0.5551
GSE39582,SIG033,10,9,161,245,0.6719,0.6757,0.0717,0.7071,0.4795,8e-04,0.2795,0.7799,0.5093,0.4907,0.4735,0.5265
GSE39582,SIG034,14,14,161,245,0.6719,0.6721,0.2932,2.9207,0.003493,0.00569,1.6314,0.1028,0.5466,0.4534,0.4,0.6
GSE39582,SIG035,3,2,161,245,0.6719,0.6715,0.1154,1.1463,0.2517,0.00102,0.9038,0.3661,0.4658,0.5342,0.4082,0.5918
GSE39582,SIG036,13,12,161,245,0.6719,0.6779,-0.0398,-0.3924,0.6947,0.00353,0.9335,0.3505,0.4658,0.5342,0.4857,0.5143
GSE39582,SIG037,14,13,161,245,0.6719,0.6754,0.1572,1.5569,0.1195,0.00764,1.583,0.1134,0.5031,0.4969,0.4245,0.5755
GSE39582,SIG038,3,3,161,245,0.6719,0.6732,0.027,0.266,0.7903,0.00105,0.905,0.3655,0.5155,0.4845,0.502,0.498
GSE39582,SIG039,14,14,161,245,0.6719,0.6719,-0.0142,-0.1399,0.8887,0.00144,0.6378,0.5236,0.5031,0.4969,0.5102,0.4898
GSE39582,SIG040,15,13,161,245,0.6719,0.6897,0.2158,2.1394,0.0324,0.02058,2.6289,0.008567,0.5528,0.4472,0.4449,0.5551
GSE39582,SIG041,10,10,161,245,0.6719,0.6837,0.3627,3.6358,0.0002772,0.01924,2.5927,0.009523,0.5528,0.4472,0.3714,0.6286
GSE39582,SIG042,8,7,161,245,0.6719,0.6819,0.1771,1.7614,0.07817,0.00929,1.8242,0.06812,0.4845,0.5155,0.3959,0.6041
GSE39582,SIG043,14,14,161,245,0.6719,0.675,0.0713,0.704,0.4814,0.00349,1.1817,0.2373,0.4969,0.5031,0.4612,0.5388
GSE39582,SIG044,3,3,161,245,0.6719,0.6761,0.104,1.0275,0.3042,0.00223,0.6141,0.5391,0.4969,0.5031,0.4449,0.5551
GSE39582,SIG045,6,6,161,245,0.6719,0.6731,0.2474,2.4621,0.01381,0.01278,2.5562,0.01058,0.5155,0.4845,0.3918,0.6082
GSE39582,SIG046,5,4,161,245,0.6719,0.6843,0.121,1.1951,0.2321,0.00739,1.4223,0.1549,0.5217,0.4783,0.4612,0.5388
GSE39582,SIG047,4,4,161,245,0.6719,0.6722,0.0146,0.1434,0.8859,0.00025,0.4136,0.6792,0.5093,0.4907,0.502,0.498
GSE39582,SIG048,11,11,161,245,0.6719,0.6714,-4e-04,-0.0035,0.9972,2e-05,0.0491,0.9608,0.559,0.441,0.5592,0.4408
GSE39582,SIG049,14,14,161,245,0.6719,0.6765,0.1171,1.1564,0.2475,0.0048,1.4132,0.1576,0.528,0.472,0.4694,0.5306
GSE39582,SIG050,6,5,161,245,0.6719,0.6733,0.0305,0.3009,0.7635,0.00167,0.8644,0.3873,0.4969,0.5031,0.4816,0.5184
GSE39582,SIG051,7,7,161,245,0.6719,0.6728,0.0476,0.4691,0.639,0.00055,0.6603,0.5091,0.5217,0.4783,0.498,0.502
GSE39582,SIG052,20,19,161,245,0.6719,0.6725,0.093,0.9184,0.3584,0.00125,0.8763,0.3809,0.5404,0.4596,0.4939,0.5061
GSE39582,SIG053,11,9,161,245,0.6719,0.6721,0.1253,1.2373,0.216,0.00013,0.4289,0.668,0.528,0.472,0.4653,0.5347
GSE39582,SIG054,46,45,161,245,0.6719,0.672,-0.0557,-0.5496,0.5826,-6e-05,-0.1639,0.8698,0.4783,0.5217,0.5061,0.4939
GSE39582,SIG055,21,20,161,245,0.6719,0.6747,0.0554,0.546,0.5851,0.00178,0.8298,0.4066,0.5093,0.4907,0.4816,0.5184
GSE39582,SIG056,7,6,161,245,0.6719,0.673,-0.0146,-0.1434,0.8859,0.00035,0.3825,0.7021,0.4907,0.5093,0.498,0.502
GSE39582,SIG057,8,8,161,245,0.6719,0.6717,-0.0341,-0.3364,0.7365,0.00022,0.2531,0.8002,0.5217,0.4783,0.5388,0.4612
GSE39582,SIG058,24,22,161,245,0.6719,0.6747,0.1193,1.1873,0.2351,0.00633,1.748,0.08047,0.4596,0.5404,0.4,0.6
GSE39582,SIG059,14,13,161,245,0.6719,0.6736,0.0344,0.3396,0.7342,0.00126,0.551,0.5817,0.4907,0.5093,0.4735,0.5265
GSE39582,SIG060,7,6,161,245,0.6719,0.6728,0.1164,1.1503,0.25,0.00046,0.2689,0.788,0.5031,0.4969,0.4449,0.5551
GSE39582,SIG062,43,42,161,245,0.6719,0.6752,0.1984,1.9671,0.04917,0.0037,1.0784,0.2809,0.5155,0.4845,0.4163,0.5837
GSE39582,SIG063,19,19,161,245,0.6719,0.672,-0.0561,-0.5535,0.5799,-0.00019,-0.3027,0.7621,0.4658,0.5342,0.4939,0.5061
GSE39582,SIG064,3,3,161,245,0.6719,0.6786,0.2445,2.4284,0.01517,0.00764,1.8152,0.0695,0.559,0.441,0.4367,0.5633
GSE39582,SIG065,5,5,161,245,0.6719,0.6945,0.3141,3.1333,0.001728,0.02171,2.9654,0.003023,0.5652,0.4348,0.4082,0.5918
GSE39582,SIG066,11,11,161,245,0.6719,0.6703,0.0827,0.82,0.4122,0.00112,0.7094,0.4781,0.4658,0.5342,0.4245,0.5755
GSE39582,SIG067,5,5,161,245,0.6719,0.6722,0.0266,0.2624,0.793,-5e-05,-0.0896,0.9286,0.5031,0.4969,0.4898,0.5102
GSE39582,SIG068,5,5,161,245,0.6719,0.672,0.1288,1.2731,0.203,0.00023,0.2157,0.8292,0.5093,0.4907,0.4449,0.5551
GSE39582,SIG069,7,7,161,245,0.6719,0.6721,0.1114,1.1057,0.2689,0.00029,0.3709,0.7107,0.472,0.528,0.4163,0.5837
GSE39582,SIG070,3,3,161,245,0.6719,0.6733,0.0025,0.0245,0.9805,0.00099,0.6156,0.5381,0.5155,0.4845,0.5143,0.4857
GSE39582,SIG071,13,13,161,245,0.6719,0.6721,0.1902,1.8852,0.0594,0.00192,0.8885,0.3743,0.5155,0.4845,0.4204,0.5796
GSE39582,SIG072,15,14,161,245,0.6719,0.6757,0.1906,1.8872,0.05913,0.00243,1.0691,0.285,0.528,0.472,0.4327,0.5673
GSE39582,SIG073,16,16,161,245,0.6719,0.6725,0.0295,0.2916,0.7706,0.00072,0.3964,0.6918,0.4596,0.5404,0.4449,0.5551
GSE39582,SIG074,11,11,161,245,0.6719,0.6725,-0.006,-0.0595,0.9526,9e-05,0.3815,0.7028,0.5031,0.4969,0.5061,0.4939
GSE39582,SIG075,14,13,161,245,0.6719,0.6743,0.0632,0.6233,0.5331,0.00594,1.6983,0.08944,0.4969,0.5031,0.4653,0.5347
GSE39582,SIG076,9,8,161,245,0.6719,0.6762,-0.0469,-0.4621,0.644,0.00133,0.5089,0.6109,0.5031,0.4969,0.5265,0.4735
GSE39582,SIG077,7,7,161,245,0.6719,0.6844,0.1036,1.0255,0.3051,0.01151,2.0255,0.04281,0.4845,0.5155,0.4327,0.5673
GSE39582,SIG078,6,5,161,245,0.6719,0.6879,0.3106,3.1002,0.001934,0.01627,2.4626,0.01379,0.5839,0.4161,0.4286,0.5714
GSE39582,SIG079,5,5,161,245,0.6719,0.6732,-0.0838,-0.8266,0.4085,0.00067,0.4469,0.6549,0.4969,0.5031,0.5388,0.4612
GSE39582,SIG080,8,8,161,245,0.6719,0.6736,0.0845,0.8335,0.4045,1e-05,0.008,0.9936,0.528,0.472,0.4857,0.5143
GSE39582,SIG081,5,5,161,245,0.6719,0.6783,0.1161,1.1482,0.2509,0.00421,1.3777,0.1683,0.4907,0.5093,0.4327,0.5673
GSE39582,SIG082,6,6,161,245,0.6719,0.6779,0.1441,1.4331,0.1518,0.00681,1.4701,0.1415,0.472,0.528,0.4,0.6
GSE39582,SIG083,17,16,161,245,0.6719,0.6723,-0.0596,-0.588,0.5565,0,0.0064,0.9949,0.4845,0.5155,0.5143,0.4857
GSE39582,SIG084,15,15,161,245,0.6719,0.6736,0.1611,1.5972,0.1102,0.00297,0.9733,0.3304,0.4969,0.5031,0.4163,0.5837
GSE39582,SIG085,7,7,161,245,0.6719,0.6762,0.1814,1.8022,0.07151,0.00571,1.4226,0.1549,0.4907,0.5093,0.4,0.6
GSE39582,SIG086,5,5,161,245,0.6719,0.6714,0.109,1.0756,0.2821,0.0015,0.8524,0.394,0.528,0.472,0.4735,0.5265
GSE39582,SIG087,5,5,161,245,0.6719,0.674,0.0994,0.9841,0.3251,0.00296,1.1164,0.2643,0.4783,0.5217,0.4286,0.5714
GSE39582,SIG088,6,6,161,245,0.6719,0.6725,0.1359,1.3511,0.1767,0.00106,0.5764,0.5644,0.472,0.528,0.4041,0.5959
GSE39582,SIG089,5,5,161,245,0.6719,0.6828,0.1242,1.2296,0.2189,0.01327,2.0764,0.03786,0.4907,0.5093,0.4286,0.5714
GSE39582,SIG090,4,4,161,245,0.6719,0.6802,0.1374,1.357,0.1748,0.01121,2.2572,0.02399,0.5217,0.4783,0.4531,0.5469
GSE39582,SIG091,7,7,161,245,0.6719,0.6726,0.0628,0.6205,0.5349,0.00025,0.216,0.829,0.4845,0.5155,0.4531,0.5469
GSE39582,SIG093,9,9,161,245,0.6719,0.6746,0.0547,0.5397,0.5894,0.00344,1.2229,0.2214,0.4845,0.5155,0.4571,0.5429
GSE39582,SIG094,3,3,161,245,0.6719,0.6725,-0.0064,-0.063,0.9498,0.00172,0.8208,0.4118,0.4907,0.5093,0.4939,0.5061
GSE39582,SIG095,18,16,161,245,0.6719,0.6758,0.1168,1.153,0.2489,0.00297,0.8649,0.3871,0.5155,0.4845,0.4571,0.5429
GSE39582,SIG096,11,11,161,245,0.6719,0.6714,0.0756,0.7459,0.4557,-5e-05,-0.0666,0.9469,0.5031,0.4969,0.4653,0.5347
GSE39582,SIG097,14,14,161,245,0.6719,0.6726,0.0681,0.6723,0.5014,0.00077,0.7712,0.4406,0.528,0.472,0.4939,0.5061
GSE39582,SIG098,5,5,161,245,0.6719,0.6723,-0.0011,-0.0105,0.9916,9e-05,0.0884,0.9295,0.5342,0.4658,0.5347,0.4653
GSE39582,SIG099,11,11,161,245,0.6719,0.676,0.1125,1.1111,0.2665,0.00326,1.1078,0.2679,0.5093,0.4907,0.4531,0.5469
GSE39582,SIG101,10,8,161,245,0.6719,0.6766,-0.0117,-0.116,0.9076,0.00216,0.7976,0.4251,0.4472,0.5528,0.4531,0.5469
GSE39582,SIG102,4,4,161,245,0.6719,0.6724,-0.0525,-0.5198,0.6032,0.00055,0.503,0.615,0.4472,0.5528,0.4735,0.5265
GSE39582,SIG107,15,13,161,245,0.6719,0.6834,0.1012,0.9991,0.3177,0.00935,1.9649,0.04943,0.5404,0.4596,0.4898,0.5102
GSE39582,SIG108,15,13,161,245,0.6719,0.672,0.0075,0.0738,0.9412,-2e-05,-0.3224,0.7472,0.5466,0.4534,0.5429,0.4571
GSE39582,SIG109,7,7,161,245,0.6719,0.6803,0.2818,2.8072,0.004997,0.01753,2.8287,0.004674,0.5776,0.4224,0.4367,0.5633
GSE39582,SIG110,9,9,161,245,0.6719,0.6715,-0.0834,-0.8239,0.41,0.00036,0.3552,0.7224,0.5093,0.4907,0.551,0.449
GSE39582,SIG111,13,12,161,245,0.6719,0.6794,0.186,1.8436,0.06524,0.00772,1.6261,0.1039,0.5093,0.4907,0.4163,0.5837
GSE39582,SIG112,4,4,161,245,0.6719,0.6731,0.0557,0.5496,0.5826,0.00199,0.9322,0.3512,0.5217,0.4783,0.4939,0.5061
GSE39582,SIG113,10,10,161,245,0.6719,0.6714,0.1175,1.1606,0.2458,0.00497,1.5469,0.1219,0.5404,0.4596,0.4816,0.5184
GSE39582,SIG114,20,18,161,245,0.6719,0.6714,0.1161,1.1482,0.2509,0.00065,0.6689,0.5036,0.4907,0.5093,0.4327,0.5673
GSE39582,SIG115,4,4,161,245,0.6719,0.6718,0.2044,2.0329,0.04206,0.00088,0.657,0.5112,0.5839,0.4161,0.4816,0.5184
GSE39582,SIG116,5,5,161,245,0.6719,0.6743,-0.0305,-0.3009,0.7635,0.00179,0.756,0.4496,0.5031,0.4969,0.5184,0.4816
GSE39582,SIG117,4,4,161,245,0.6719,0.6716,-0.0185,-0.1819,0.8556,-0.00028,-0.3474,0.7283,0.4969,0.5031,0.5061,0.4939
GSE39582,SIG118,15,14,161,245,0.6719,0.6722,0.1909,1.8904,0.0587,0.00521,1.653,0.09834,0.5404,0.4596,0.4449,0.5551
GSE39582,SIG119,10,10,161,245,0.6719,0.6794,0.1406,1.3925,0.1638,0.00666,1.312,0.1895,0.4907,0.5093,0.4204,0.5796
GSE39582,SIG120,4,3,161,245,0.6719,0.6818,0.1828,1.809,0.07045,0.00802,1.6484,0.09927,0.5404,0.4596,0.449,0.551
GSE39582,SIG121,6,6,161,245,0.6719,0.6787,0.1129,1.1142,0.2652,0.00738,1.5966,0.1104,0.5217,0.4783,0.4653,0.5347
GSE39582,SIG122,8,8,161,245,0.6719,0.6715,0.006,0.0595,0.9526,0.00027,1.0472,0.295,0.4969,0.5031,0.4939,0.5061
GSE39582,SIG124,4,4,161,245,0.6719,0.6753,0.0376,0.3726,0.7094,0.00271,1.1142,0.2652,0.4596,0.5404,0.4408,0.5592
GSE39582,SIG125,4,4,161,245,0.6719,0.6756,-0.0028,-0.028,0.9776,0.00386,1.4298,0.1528,0.472,0.528,0.4735,0.5265
GSE39582,SIG126,4,4,161,245,0.6719,0.6734,0.1725,1.7226,0.08496,0.00187,1.0806,0.2799,0.4658,0.5342,0.3796,0.6204
GSE39582,SIG127,6,6,161,245,0.6719,0.6715,0.0802,0.7913,0.4288,0.00207,0.9014,0.3674,0.5217,0.4783,0.4816,0.5184
GSE39582,SIG128,11,11,161,245,0.6719,0.6742,0.027,0.266,0.7903,0.0013,0.6253,0.5318,0.5155,0.4845,0.502,0.498
GSE39582,SIG129,9,9,161,245,0.6719,0.6743,-0.0202,-0.2009,0.8408,0.00067,0.4969,0.6192,0.4348,0.5652,0.4449,0.5551
GSE39582,SIG130,9,9,161,245,0.6719,0.6732,0.1608,1.5969,0.1103,0.00345,1.1102,0.2669,0.4845,0.5155,0.4041,0.5959
GSE39582,SIG132,5,5,161,245,0.6719,0.672,-0.0518,-0.5112,0.6092,0.00011,0.3517,0.7251,0.472,0.528,0.498,0.502
GSE39582,SIG133,5,5,161,245,0.6719,0.675,0.187,1.8518,0.06406,0.00478,1.5508,0.1209,0.5466,0.4534,0.4531,0.5469
GSE39582,SIG134,8,8,161,245,0.6719,0.6756,0.0351,0.3464,0.729,0.00764,1.7576,0.07882,0.5155,0.4845,0.498,0.502
GSE39582,SIG135,3,3,161,245,0.6719,0.6718,-0.0277,-0.2736,0.7844,5e-05,0.0767,0.9389,0.4596,0.5404,0.4735,0.5265
GSE39582,SIG136,9,9,161,245,0.6719,0.6743,0.0422,0.4172,0.6766,0.00259,1.1548,0.2482,0.4783,0.5217,0.4571,0.5429
GSE39582,SIG138,5,5,161,245,0.6719,0.6719,0.1455,1.4381,0.1504,0.00616,1.8238,0.06818,0.5217,0.4783,0.449,0.551
GSE39582,SIG139,4,4,161,245,0.6719,0.6714,-0.0394,-0.3885,0.6976,0.00012,0.1731,0.8626,0.4783,0.5217,0.498,0.502
GSE39582,SIG140,6,6,161,245,0.6719,0.6729,0.17,1.682,0.09256,0.00821,2.0021,0.04527,0.5217,0.4783,0.4367,0.5633
GSE39582,SIG141,7,7,161,245,0.6719,0.6719,-0.0877,-0.8656,0.3867,-9e-05,-0.1549,0.8769,0.5031,0.4969,0.5469,0.4531
GSE39582,SIG142,12,12,161,245,0.6719,0.6727,0.0472,0.4654,0.6416,0.00067,0.507,0.6122,0.5093,0.4907,0.4857,0.5143
GSE39582,SIG143,6,6,161,245,0.6719,0.7162,0.4337,4.3794,1.19e-05,0.05897,4.9273,8.336e-07,0.6087,0.3913,0.3918,0.6082
GSE39582,SIG144,3,3,161,245,0.6719,0.6733,0.1029,1.0234,0.3061,0.00242,0.6519,0.5145,0.4596,0.5404,0.4082,0.5918
GSE39582,SIG145,12,12,161,245,0.6719,0.6732,0.1242,1.2296,0.2189,0.00162,0.9745,0.3298,0.4907,0.5093,0.4286,0.5714
GSE39582,SIG146,3,3,161,245,0.6719,0.674,0.3088,3.0888,0.00201,0.0035,1.1276,0.2595,0.5217,0.4783,0.3673,0.6327
GSE39582,SIG147,3,3,161,245,0.6719,0.6728,0.1494,1.4774,0.1396,0.00198,1.1374,0.2554,0.5155,0.4845,0.4408,0.5592
GSE39582,SIG148,8,6,161,245,0.6719,0.6805,0.2314,2.2972,0.02161,0.01012,2.0609,0.03932,0.528,0.472,0.4122,0.5878
GSE39582,SIG149,8,8,161,245,0.6719,0.6776,0.0465,0.459,0.6463,0.00761,1.4141,0.1573,0.4845,0.5155,0.4612,0.5388
GSE39582,SIG150,10,10,161,245,0.6719,0.673,0.061,0.6119,0.5406,0.00552,1.6365,0.1017,0.4224,0.5776,0.3918,0.6082
GSE39582,SIG151,8,8,161,245,0.6719,0.6727,-0.006,-0.0595,0.9526,6e-05,0.0477,0.962,0.5031,0.4969,0.5061,0.4939
GSE39582,SIG152,8,8,161,245,0.6719,0.6715,0.0376,0.3726,0.7094,8e-04,0.6331,0.5266,0.4596,0.5404,0.4408,0.5592
GSE39582,SIG153,8,8,161,245,0.6719,0.672,0.0433,0.4269,0.6694,0.00045,0.6143,0.539,0.5155,0.4845,0.4939,0.5061
GSE39582,SIG154,3,3,161,245,0.6719,0.6748,0.1214,1.1988,0.2306,0.00467,1.6473,0.0995,0.5342,0.4658,0.4735,0.5265
GSE39582,SIG155,9,9,161,245,0.6719,0.6723,0.0554,0.546,0.5851,0.00014,0.3523,0.7246,0.5093,0.4907,0.4816,0.5184
GSE39582,SIG156,5,5,161,245,0.6719,0.7014,0.4082,4.1066,4.015e-05,0.04219,3.8123,0.0001377,0.5714,0.4286,0.3673,0.6327
GSE39582,SIG157,5,5,161,245,0.6719,0.674,0.2073,2.0536,0.04001,0.01053,1.8199,0.06878,0.5404,0.4596,0.4367,0.5633
GSE39582,SIG159,6,6,161,245,0.6719,0.6715,0.1547,1.5322,0.1255,0.00061,0.8632,0.388,0.559,0.441,0.4816,0.5184
GSE39582,SIG161,4,4,161,245,0.6719,0.671,0.2151,2.1328,0.03294,0.00373,1.6279,0.1035,0.528,0.472,0.4204,0.5796
GSE39582,SIG163,4,4,161,245,0.6719,0.674,0.1242,1.2296,0.2189,0.00211,0.745,0.4563,0.4907,0.5093,0.4286,0.5714
GSE39582,SIG164,4,4,161,245,0.6719,0.6731,0.0852,0.8603,0.3896,0.00221,0.9987,0.3179,0.4099,0.5901,0.3673,0.6327
GSE39582,SIG165,5,5,161,245,0.6719,0.6739,0.0476,0.4691,0.639,0.00111,0.9821,0.3261,0.5217,0.4783,0.498,0.502
GSE39582,SIG166,3,3,161,245,0.6719,0.6721,-0.0532,-0.5311,0.5954,-9e-05,-0.169,0.8658,0.5652,0.4348,0.5918,0.4082
GSE39582,SIG167,3,3,161,245,0.6719,0.6716,0.0089,0.0879,0.93,3e-05,0.0425,0.9661,0.4534,0.5466,0.449,0.551
GSE39582,SIG168,9,9,161,245,0.6719,0.6745,0.1487,1.4742,0.1404,0.00518,1.3133,0.1891,0.4907,0.5093,0.4163,0.5837
GSE39582,SIG169,8,8,161,245,0.6719,0.6763,-0.0014,-0.014,0.9888,0.01067,1.8318,0.06697,0.5217,0.4783,0.5224,0.4776
GSE39582,SIG170,6,6,161,245,0.6719,0.677,0.1012,0.9991,0.3177,0.00353,1.0078,0.3136,0.5404,0.4596,0.4898,0.5102
GSE39582,SIG171,4,4,161,245,0.6719,0.6743,0.0099,0.098,0.9219,0.00225,1.028,0.304,0.4907,0.5093,0.4857,0.5143
GSE39582,SIG172,6,6,161,245,0.6719,0.6717,0.0465,0.459,0.6463,-0.00023,-0.7768,0.4373,0.4845,0.5155,0.4612,0.5388
GSE39582,SIG173,5,5,161,245,0.6719,0.6763,0.0962,0.9493,0.3425,0.00179,0.5887,0.5561,0.5093,0.4907,0.4612,0.5388
GSE39582,SIG175,6,5,161,245,0.6719,0.671,0.1363,1.3513,0.1766,0.00022,0.4568,0.6478,0.4845,0.5155,0.4163,0.5837
GSE39582,SIG176,8,8,161,245,0.6719,0.6798,0.0699,0.6958,0.4866,0.01081,1.9801,0.04769,0.4472,0.5528,0.4122,0.5878
GSE39582,SIG177,14,14,161,245,0.6719,0.6717,0.0064,0.063,0.9498,0.00014,0.1825,0.8552,0.5093,0.4907,0.5061,0.4939
GSE39582,SIG178,3,3,161,245,0.6719,0.6781,0.1711,1.6943,0.09021,0.00309,0.9276,0.3536,0.559,0.441,0.4735,0.5265
GSE39582,SIG179,12,12,161,245,0.6719,0.6714,-0.1012,-0.9991,0.3177,-1e-04,-0.0855,0.9319,0.4596,0.5404,0.5102,0.4898
GSE39582,SIG180,5,5,161,245,0.6719,0.6768,0.1629,1.6132,0.1067,0.0023,0.8282,0.4076,0.559,0.441,0.4776,0.5224
GSE39582,SIG181,5,5,161,245,0.6719,0.6713,-0.0351,-0.3464,0.729,0.00015,0.4219,0.6731,0.4845,0.5155,0.502,0.498
GSE39582,SIG182,3,3,161,245,0.6719,0.6747,0.1739,1.7217,0.08512,0.00284,0.8625,0.3884,0.5155,0.4845,0.4286,0.5714
GSE39582,SIG183,4,4,161,245,0.6719,0.6738,0.0717,0.7071,0.4795,0.00545,1.288,0.1977,0.5093,0.4907,0.4735,0.5265
GSE39582,SIG184,3,3,161,245,0.6719,0.6736,0.0706,0.6991,0.4845,0.00146,0.5699,0.5688,0.472,0.528,0.4367,0.5633
GSE39582,SIG185,22,22,161,245,0.6719,0.6759,0.1661,1.6428,0.1004,0.00931,1.9521,0.05093,0.528,0.472,0.4449,0.5551
GSE39582,SIG186,19,18,161,245,0.6719,0.6856,0.3052,3.0453,0.002325,0.0154,2.1986,0.02791,0.5404,0.4596,0.3878,0.6122
GSE39582,SIG187,4,4,161,245,0.6719,0.6737,-0.077,-0.7618,0.4462,0.00019,0.161,0.8721,0.4472,0.5528,0.4857,0.5143
GSE39582,SIG188,6,6,161,245,0.6719,0.672,0.1008,0.9949,0.3198,-2e-05,-0.0729,0.9419,0.528,0.472,0.4776,0.5224
GSE39582,SIG189,6,6,161,245,0.6719,0.6759,0.1579,1.5615,0.1184,0.01016,1.8857,0.05933,0.528,0.472,0.449,0.551
GSE39582,SIG190,7,7,161,245,0.6719,0.671,0.0646,0.6385,0.5232,0.00326,1.2064,0.2277,0.5466,0.4534,0.5143,0.4857
GSE39582,SIG191,3,3,161,245,0.6719,0.6725,0.0437,0.4307,0.6667,5e-05,0.0505,0.9597,0.528,0.472,0.5061,0.4939
GSE39582,SIG192,3,3,161,245,0.6719,0.6717,0.1828,1.809,0.07045,0.00149,1.4215,0.1552,0.5404,0.4596,0.449,0.551
GSE39582,SIG193,7,7,161,245,0.6719,0.6714,0.137,1.3543,0.1756,0.00102,0.654,0.5131,0.5093,0.4907,0.4408,0.5592
GSE39582,SIG194,6,6,161,245,0.6719,0.6762,0.1437,1.4341,0.1515,0.0076,1.8358,0.06639,0.4596,0.5404,0.3878,0.6122
GSE39582,SIG195,12,12,161,245,0.6719,0.6719,-0.0603,-0.596,0.5512,1e-05,0.0734,0.9415,0.4596,0.5404,0.4898,0.5102
GSE39582,SIG196,4,4,161,245,0.6719,0.6753,0.1295,1.2797,0.2007,0.00067,0.3458,0.7295,0.5342,0.4658,0.4694,0.5306
GSE39582,SIG197,4,4,161,245,0.6719,0.671,0.0071,0.0701,0.9441,0.00124,0.9419,0.3463,0.5342,0.4658,0.5306,0.4694
GSE39582,SIG198,3,3,161,245,0.6719,0.6759,0.1416,1.3992,0.1617,0.00821,1.8684,0.0617,0.528,0.472,0.4571,0.5429
GSE39582,SIG199,5,5,161,245,0.6719,0.672,0.055,0.5427,0.5874,1e-04,0.9102,0.3627,0.4969,0.5031,0.4694,0.5306
GSE39582,SIG200,3,3,161,245,0.6719,0.675,0.0177,0.1752,0.861,0.00494,1.2677,0.2049,0.4783,0.5217,0.4694,0.5306
GSE39582,SIG201,4,3,161,245,0.6719,0.6716,0.0958,0.9465,0.3439,0.00041,0.3017,0.7629,0.4969,0.5031,0.449,0.551
GSE39582,SIG202,29,29,161,245,0.6719,0.6719,0.0518,0.5112,0.6092,5e-05,0.2795,0.7799,0.528,0.472,0.502,0.498
GSE39582,SIG203,5,5,161,245,0.6719,0.677,0.0231,0.2275,0.82,0.00228,0.7415,0.4584,0.5217,0.4783,0.5102,0.4898
GSE39582,SIG204,3,3,161,245,0.6719,0.674,0.1615,1.5984,0.1099,0.00146,0.7385,0.4602,0.5093,0.4907,0.4286,0.5714
GSE39582,SIG205,7,7,161,245,0.6719,0.6723,0.0433,0.4269,0.6694,0.00195,0.7494,0.4536,0.5155,0.4845,0.4939,0.5061
GSE39582,SIG206,11,11,161,245,0.6719,0.6733,0.1675,1.6901,0.09101,0.00354,1.0319,0.3021,0.4348,0.5652,0.351,0.649
GSE39582,SIG207,13,13,161,245,0.6719,0.6735,0.0831,0.8217,0.4112,0.0048,1.5805,0.114,0.4783,0.5217,0.4367,0.5633
GSE39582,SIG208,7,6,161,245,0.6719,0.6833,0.2928,2.9197,0.003504,0.01599,2.2736,0.02299,0.5342,0.4658,0.3878,0.6122
GSE39582,SIG209,5,5,161,245,0.6719,0.672,0.1831,1.8135,0.06976,0,0.0783,0.9376,0.5528,0.4472,0.4612,0.5388
GSE39582,SIG210,13,13,161,245,0.6719,0.674,0.1782,1.7636,0.07781,0.0042,1.1595,0.2462,0.5217,0.4783,0.4327,0.5673
GSE39582,SIG211,4,4,161,245,0.6719,0.6793,0.285,2.8375,0.004547,0.02547,3.2032,0.001359,0.5466,0.4534,0.4041,0.5959
GSE39582,SIG212,3,3,161,245,0.6719,0.6711,0.0806,0.7953,0.4265,0.00079,0.5869,0.5573,0.5342,0.4658,0.4939,0.5061
GSE39582,SIG213,5,5,161,245,0.6719,0.6758,0.0504,0.4979,0.6185,0.00431,1.2338,0.2173,0.4783,0.5217,0.4531,0.5469
GSE39582,SIG214,5,5,161,245,0.6719,0.6798,0.197,1.9701,0.04883,0.00902,1.9967,0.04586,0.6087,0.3913,0.5102,0.4898
GSE39582,SIG215,4,4,161,245,0.6719,0.6739,0.0994,0.9841,0.3251,0.00328,1.2621,0.2069,0.4783,0.5217,0.4286,0.5714
GSE39582,SIG216,4,4,161,245,0.6719,0.6762,0.1657,1.6401,0.101,0.00519,1.2631,0.2066,0.5155,0.4845,0.4327,0.5673
GSE39582,SIG217,8,8,161,245,0.6719,0.6746,-0.0025,-0.0245,0.9805,0.00434,1.3982,0.162,0.4845,0.5155,0.4857,0.5143
GSE39582,SIG218,4,4,161,245,0.6719,0.673,-0.0522,-0.5154,0.6063,0.00046,0.2249,0.8221,0.4596,0.5404,0.4857,0.5143
GSE39582,SIG219,8,7,161,245,0.6719,0.672,0.0767,0.7571,0.449,0,-0.0089,0.9929,0.5404,0.4596,0.502,0.498
GSE39582,SIG220,7,7,161,245,0.6719,0.672,0.0926,0.9142,0.3606,1e-05,0.197,0.8438,0.528,0.472,0.4816,0.5184
GSE39582,SIG221,4,4,161,245,0.6719,0.6732,0.274,2.7325,0.006286,0.00549,1.5804,0.114,0.5901,0.4099,0.4531,0.5469
GSE39582,SIG222,3,3,161,245,0.6719,0.6722,0.1256,1.2414,0.2145,0.00015,0.1979,0.8431,0.5404,0.4596,0.4776,0.5224
GSE39582,SIG223,4,4,161,245,0.6719,0.6721,0.0962,0.9493,0.3425,0.00098,0.6831,0.4946,0.5093,0.4907,0.4612,0.5388
GSE39582,SIG224,3,3,161,245,0.6719,0.6753,0.082,0.8181,0.4133,0.00613,1.5658,0.1174,0.441,0.559,0.4,0.6
GSE39582,SIG225,5,5,161,245,0.6719,0.675,0.1075,1.0655,0.2867,0.00313,1.0465,0.2953,0.4783,0.5217,0.4245,0.5755
GSE39582,SIG226,5,5,161,245,0.6719,0.6897,0.3585,3.5934,0.0003263,0.02227,3.0681,0.002154,0.5466,0.4534,0.3673,0.6327
GSE39582,SIG227,8,8,161,245,0.6719,0.6712,0.1576,1.5587,0.1191,3e-05,0.1028,0.9181,0.5155,0.4845,0.4367,0.5633
GSE39582,SIG228,6,6,161,245,0.6719,0.6738,0.005,0.0491,0.9608,-5e-05,-0.0373,0.9703,0.4596,0.5404,0.4571,0.5429
GSE39582,SIG229,4,4,161,245,0.6719,0.6777,0.1455,1.4381,0.1504,0.0061,1.3389,0.1806,0.5217,0.4783,0.449,0.551
GSE39582,SIG230,16,16,161,245,0.6719,0.6757,0.1906,1.8872,0.05913,0.00215,0.9001,0.3681,0.528,0.472,0.4327,0.5673
GSE39582,SIG231,3,3,161,245,0.6719,0.6729,-0.2186,-2.1725,0.02981,2e-05,0.028,0.9777,0.4907,0.5093,0.6,0.4
GSE39582,SIG232,7,7,161,245,0.6719,0.6798,0.1821,1.8034,0.07133,0.00423,0.9677,0.3332,0.5155,0.4845,0.4245,0.5755
GSE39582,SIG233,10,10,161,245,0.6719,0.6805,0.2275,2.257,0.02401,0.00841,1.7974,0.07227,0.5342,0.4658,0.4204,0.5796
GSE39582,SIG234,13,12,161,245,0.6719,0.6717,0.1491,1.4753,0.1401,0.00027,0.3904,0.6963,0.5031,0.4969,0.4286,0.5714
GSE39582,SIG235,6,6,161,245,0.6719,0.6717,0.0429,0.4234,0.672,2e-05,0.1264,0.8994,0.5031,0.4969,0.4816,0.5184
GSE39582,SIG236,5,5,161,245,0.6719,0.6795,0.2765,2.7529,0.005907,0.00718,1.9577,0.05027,0.5342,0.4658,0.3959,0.6041
GSE39582,SIG237,6,6,161,245,0.6719,0.6731,0.1008,0.9949,0.3198,0.00192,1.0728,0.2834,0.528,0.472,0.4776,0.5224
GSE39582,SIG238,6,6,161,245,0.6719,0.6716,-0.0192,-0.1891,0.85,0.00074,0.5883,0.5563,0.472,0.528,0.4816,0.5184
GSE39582,SIG239,7,7,161,245,0.6719,0.6717,0.0969,0.9566,0.3388,4e-05,0.2091,0.8344,0.5342,0.4658,0.4857,0.5143
GSE39582,SIG240,6,6,161,245,0.6719,0.6743,0.1657,1.6401,0.101,0.006,1.7723,0.07634,0.5155,0.4845,0.4327,0.5673
GSE39582,SIG241,4,4,161,245,0.6719,0.672,-0.0146,-0.1434,0.8859,0.00081,0.6067,0.5441,0.4907,0.5093,0.498,0.502
GSE39582,SIG242,6,6,161,245,0.6719,0.6714,0.0426,0.4202,0.6744,0.00032,0.2154,0.8295,0.4907,0.5093,0.4694,0.5306
GSE39582,SIG243,8,8,161,245,0.6719,0.678,0.1952,1.9332,0.05321,0.01139,2.4314,0.01504,0.5466,0.4534,0.449,0.551
GSE39582,SIG244,13,13,161,245,0.6719,0.6792,0.3429,3.4281,0.0006078,0.01222,2.3015,0.02136,0.5714,0.4286,0.4,0.6
GSE39582,SIG245,3,3,161,245,0.6719,0.6738,0.0103,0.1015,0.9192,0.00027,0.1758,0.8604,0.5031,0.4969,0.498,0.502
GSE39582,SIG246,5,5,161,245,0.6719,0.6733,0.0689,0.6812,0.4958,0.0012,0.4915,0.6231,0.5528,0.4472,0.5184,0.4816
GSE39582,SIG247,3,3,161,245,0.6719,0.6849,0.2406,2.39,0.01685,0.01966,2.3801,0.01731,0.5652,0.4348,0.4449,0.5551
GSE39582,SIG248,5,5,161,245,0.6719,0.6787,0.2243,2.2264,0.02599,0.01169,2.0333,0.04202,0.5652,0.4348,0.4531,0.5469
GSE39582,SIG249,4,4,161,245,0.6719,0.6729,0.0589,0.5815,0.5609,1e-05,0.0294,0.9766,0.4907,0.5093,0.4612,0.5388
GSE39582,SIG250,4,4,161,245,0.6719,0.672,0.0469,0.4621,0.644,-3e-05,-0.1302,0.8964,0.4969,0.5031,0.4735,0.5265
GSE39582,SIG251,14,13,161,245,0.6719,0.6739,0.104,1.0275,0.3042,0.00069,0.3747,0.7079,0.4969,0.5031,0.4449,0.5551
GSE39582,SIG252,3,3,161,245,0.6719,0.6709,0.0976,0.9662,0.3339,0.00018,0.286,0.7749,0.559,0.441,0.5102,0.4898
GSE39582,SIG253,3,3,161,245,0.6719,0.6722,0.0199,0.1969,0.8439,8e-05,0.131,0.8958,0.5528,0.4472,0.5429,0.4571
GSE39582,SIG254,3,3,161,245,0.6719,0.673,0.0039,0.039,0.9689,0.00254,0.967,0.3336,0.4224,0.5776,0.4204,0.5796
GSE39582,SIG255,3,2,161,245,0.6719,0.6792,0.187,1.8518,0.06406,0.00493,1.266,0.2055,0.5466,0.4534,0.4531,0.5469
GSE39582,SIG256,5,5,161,245,0.6719,0.6731,0.0383,0.3783,0.7052,0.00021,0.0867,0.9309,0.4845,0.5155,0.4653,0.5347
GSE39582,SIG257,4,3,161,245,0.6719,0.6719,-0.0422,-0.4172,0.6766,0,0.0074,0.9941,0.5217,0.4783,0.5429,0.4571
GSE39582,SIG258,6,4,161,245,0.6719,0.6718,-0.0525,-0.5198,0.6032,-1e-05,-0.5095,0.6104,0.4472,0.5528,0.4735,0.5265
GSE39582,SIG259,6,5,161,245,0.6719,0.6738,0.2932,2.9207,0.003493,0.0064,1.7354,0.08267,0.5466,0.4534,0.4,0.6
GSE39582,SIG260,5,5,161,245,0.6719,0.6715,0.187,1.8518,0.06406,0.0013,1.05,0.2937,0.5466,0.4534,0.4531,0.5469
GSE39582,SIG261,14,14,161,245,0.6719,0.672,-0.0082,-0.0813,0.9352,7e-05,0.1601,0.8728,0.4286,0.5714,0.4327,0.5673
GSE39582,SIG262,6,6,161,245,0.6719,0.6748,0.2488,2.472,0.01344,0.00262,1.1338,0.2569,0.5652,0.4348,0.4408,0.5592
GSE39582,SIG263,4,4,161,245,0.6719,0.6745,-0.0415,-0.4119,0.6804,0.00069,0.4065,0.6844,0.5466,0.4534,0.5673,0.4327
GSE39582,SIG264,6,6,161,245,0.6719,0.6836,0.1398,1.3924,0.1638,0.01195,1.895,0.05809,0.4658,0.5342,0.3959,0.6041
GSE39582,SIG265,7,7,161,245,0.6719,0.6751,0.121,1.1951,0.2321,0.00311,1.0142,0.3105,0.5217,0.4783,0.4612,0.5388
GSE39582,SIG266,5,5,161,245,0.6719,0.6731,-0.0177,-0.1752,0.861,0.00065,0.3744,0.7081,0.5217,0.4783,0.5306,0.4694
GSE39582,SIG267,11,11,161,245,0.6719,0.6741,0.104,1.0275,0.3042,0.00495,1.3673,0.1715,0.4969,0.5031,0.4449,0.5551
GSE39582,SIG268,6,6,161,245,0.6719,0.6766,0.1239,1.2285,0.2193,0.00623,1.6757,0.09381,0.4783,0.5217,0.4163,0.5837
GSE39582,SIG269,3,3,161,245,0.6719,0.6722,0.0724,0.7147,0.4748,0.00012,0.1666,0.8677,0.5342,0.4658,0.498,0.502
GSE39582,SIG270,4,4,161,245,0.6719,0.6715,-0.0791,-0.7823,0.4341,0.00025,0.4504,0.6524,0.5155,0.4845,0.5551,0.4449
GSE39582,SIG271,5,5,161,245,0.6719,0.6709,0.0838,0.8266,0.4085,0.00115,0.8624,0.3884,0.5031,0.4969,0.4612,0.5388
GSE39582,SIG272,4,4,161,245,0.6719,0.6722,0.1224,1.2145,0.2245,0.00075,0.4494,0.6531,0.5714,0.4286,0.5102,0.4898
GSE39582,SIG273,4,4,161,245,0.6719,0.6721,-0.076,-0.7492,0.4538,2e-04,0.7139,0.4753,0.4845,0.5155,0.5224,0.4776
GSE39582,SIG274,8,8,161,245,0.6719,0.6719,0.1753,1.7379,0.08224,0.00375,1.3669,0.1717,0.5652,0.4348,0.4776,0.5224
GSE39582,SIG275,4,4,161,245,0.6719,0.6714,-0.0728,-0.7191,0.4721,-8e-05,-0.1349,0.8927,0.4534,0.5466,0.4898,0.5102
GSE39582,SIG276,12,12,161,245,0.6719,0.674,0.1317,1.3102,0.1901,0.00409,1.1651,0.244,0.4658,0.5342,0.4,0.6
GSE39582,SIG277,6,6,161,245,0.6719,0.6731,0.0298,0.2946,0.7683,0.0011,0.7448,0.4564,0.472,0.528,0.4571,0.5429
GSE39582,SIG278,5,5,161,245,0.6719,0.6732,0.0972,0.9611,0.3365,-5e-05,-0.0346,0.9724,0.5466,0.4534,0.498,0.502
GSE39582,SIG279,7,7,161,245,0.6719,0.6811,0.198,1.9665,0.04924,0.01324,2.1892,0.02858,0.5031,0.4969,0.4041,0.5959
GSE39582,SIG280,4,4,161,245,0.6719,0.6717,0.1267,1.2724,0.2032,0.00019,0.6853,0.4931,0.4348,0.5652,0.3714,0.6286
GSE39582,SIG281,4,4,161,245,0.6719,0.6796,0.0827,0.82,0.4122,0.00543,1.1749,0.24,0.4658,0.5342,0.4245,0.5755
GSE39582,SIG282,16,16,161,245,0.6719,0.6717,0.1164,1.1503,0.25,-8e-05,-0.3198,0.7491,0.5031,0.4969,0.4449,0.5551
GSE39582,SIG283,10,10,161,245,0.6719,0.6724,0.0717,0.7071,0.4795,0.00097,0.5284,0.5972,0.5093,0.4907,0.4735,0.5265
GSE39582,SIG284,3,3,161,245,0.6719,0.683,0.0571,0.5713,0.5678,0.00806,1.4581,0.1448,0.4286,0.5714,0.4,0.6
GSE39582,SIG285,9,9,161,245,0.6719,0.6754,0.1246,1.2314,0.2182,0.00579,1.3955,0.1629,0.5031,0.4969,0.4408,0.5592
GSE39582,SIG286,5,5,161,245,0.6719,0.6711,0.0014,0.014,0.9888,0.00083,0.4155,0.6778,0.4783,0.5217,0.4776,0.5224
GSE39582,SIG287,3,3,161,245,0.6719,0.6734,-0.0518,-0.5112,0.6092,0.00103,0.3597,0.7191,0.472,0.528,0.498,0.502
GSE39582,SIG288,5,5,161,245,0.6719,0.6728,0.1029,1.0234,0.3061,0.00142,0.6174,0.537,0.4596,0.5404,0.4082,0.5918
GSE39582,SIG289,17,16,161,245,0.6719,0.6769,0.0472,0.4654,0.6416,0.00446,1.1795,0.2382,0.5093,0.4907,0.4857,0.5143
GSE39582,SIG290,3,3,161,245,0.6719,0.6784,0.1895,1.8846,0.05948,0.00821,1.7674,0.07716,0.4907,0.5093,0.3959,0.6041
GSE39582,SIG291,3,3,161,245,0.6719,0.6776,0.2552,2.5469,0.01087,0.01194,1.9279,0.05387,0.5031,0.4969,0.3755,0.6245
GSE39582,SIG292,15,14,161,245,0.6719,0.6758,0.235,2.338,0.01939,0.00552,1.6321,0.1026,0.5093,0.4907,0.3918,0.6082
GSE39582,SIG293,7,6,161,245,0.6719,0.6724,0.0621,0.6159,0.5379,0.00053,0.4734,0.6359,0.4596,0.5404,0.4286,0.5714
GSE39582,SIG294,4,4,161,245,0.6719,0.6733,0.1775,1.761,0.07823,0.00684,2.1248,0.0336,0.4969,0.5031,0.4082,0.5918
GSE39582,SIG295,9,7,161,245,0.6719,0.674,0.1239,1.2285,0.2193,0.00087,0.3312,0.7405,0.4783,0.5217,0.4163,0.5837
GSE39582,SIG296,11,11,161,245,0.6719,0.6724,0.071,0.7013,0.4831,0.0013,0.885,0.3762,0.4845,0.5155,0.449,0.551
GSE39582,SIG297,11,11,161,245,0.6719,0.6742,0.1416,1.3992,0.1617,0.00203,1.3226,0.186,0.528,0.472,0.4571,0.5429
GSE39582,SIG298,9,9,161,245,0.6719,0.6738,0.1661,1.6428,0.1004,0.00352,1.4256,0.154,0.528,0.472,0.4449,0.5551
GSE39582,SIG300,5,5,161,245,0.6719,0.6752,0.1242,1.2296,0.2189,0.00822,1.813,0.06982,0.4907,0.5093,0.4286,0.5714
GSE39582,SIG301,7,7,161,245,0.6719,0.6742,0.1352,1.3467,0.1781,0.00174,0.9946,0.3199,0.5901,0.4099,0.5224,0.4776
GSE39582,SIG302,6,6,161,245,0.6719,0.6748,0.0454,0.4539,0.6499,0.00369,1.1885,0.2347,0.5901,0.4099,0.5673,0.4327
GSE39582,SIG303,3,3,161,245,0.6719,0.6715,0.0898,0.8911,0.3729,0.00086,0.9404,0.347,0.5714,0.4286,0.5265,0.4735
GSE39582,SIG304,4,4,161,245,0.6719,0.6767,0.011,0.1086,0.9135,0.00184,0.6406,0.5218,0.528,0.472,0.5224,0.4776
GSE39582,SIG305,7,7,161,245,0.6719,0.674,0.0742,0.7372,0.461,0.00224,0.8189,0.4128,0.4534,0.5466,0.4163,0.5837
GSE39582,SIG306,11,11,161,245,0.6719,0.6725,0.0838,0.8266,0.4085,0.00097,0.5717,0.5675,0.5031,0.4969,0.4612,0.5388
GSE39582,SIG307,13,13,161,245,0.6719,0.6732,0.0135,0.1332,0.894,-1e-05,-0.0056,0.9955,0.472,0.528,0.4653,0.5347
GSE39582,SIG308,5,5,161,245,0.6719,0.6734,0.1657,1.6401,0.101,0.00505,1.3044,0.1921,0.5155,0.4845,0.4327,0.5673
GSE39582,SIG309,3,3,161,245,0.6719,0.674,0.0713,0.704,0.4814,0.00215,0.6984,0.485,0.4969,0.5031,0.4612,0.5388
GSE39582,SIG310,4,4,161,245,0.6719,0.6741,0.0135,0.1332,0.894,0.00132,0.841,0.4003,0.472,0.528,0.4653,0.5347
GSE39582,SIG311,5,4,161,245,0.6719,0.6719,0.0941,0.9346,0.35,4e-05,0.3188,0.7499,0.5776,0.4224,0.5306,0.4694
GSE39582,SIG312,9,9,161,245,0.6719,0.6723,0.1331,1.315,0.1885,0.00083,0.4098,0.6819,0.5155,0.4845,0.449,0.551
GSE39582,SIG313,3,3,161,245,0.6719,0.6722,0.0674,0.6652,0.5059,5e-05,0.1191,0.9052,0.5031,0.4969,0.4694,0.5306
GSE39582,SIG314,8,7,161,245,0.6719,0.6729,0.072,0.7107,0.4773,0.00251,1.2894,0.1973,0.5217,0.4783,0.4857,0.5143
GSE39582,SIG315,8,8,161,245,0.6719,0.6719,0.071,0.7013,0.4831,1e-05,0.06,0.9521,0.4845,0.5155,0.449,0.551
GSE39582,SIG316,10,10,161,245,0.6719,0.682,0.1292,1.276,0.202,0.00847,1.5449,0.1224,0.5217,0.4783,0.4571,0.5429
GSE39582,SIG317,7,7,161,245,0.6719,0.674,0.0763,0.7529,0.4515,0.00167,1.0146,0.3103,0.528,0.472,0.4898,0.5102
GSE39582,SIG318,4,4,161,245,0.6719,0.6753,0.2971,2.9617,0.00306,0.00725,2.0222,0.04315,0.5404,0.4596,0.3918,0.6082
GSE39582,SIG319,8,8,161,245,0.6719,0.6721,-0.0348,-0.3429,0.7317,-0.00012,-0.2168,0.8283,0.4969,0.5031,0.5143,0.4857
GSE39582,SIG320,8,8,161,245,0.6719,0.672,-0.0429,-0.4234,0.672,0.00231,0.9324,0.3511,0.4969,0.5031,0.5184,0.4816
GSE39582,SIG321,3,3,161,245,0.6719,0.6715,-0.0131,-0.1321,0.8949,-2e-05,-0.1917,0.848,0.3975,0.6025,0.4041,0.5959
GSE39582,SIG322,7,7,161,245,0.6719,0.6721,0.1622,1.6038,0.1088,0.00121,1.0921,0.2748,0.5342,0.4658,0.4531,0.5469
GSE39582,SIG323,5,5,161,245,0.6719,0.6728,-0.0021,-0.021,0.9833,9e-04,0.3983,0.6904,0.4969,0.5031,0.498,0.502
GSE39582,SIG324,3,3,161,245,0.6719,0.672,-0.0138,-0.1365,0.8914,0,-0.0083,0.9934,0.5155,0.4845,0.5224,0.4776
GSE39582,SIG325,3,3,161,245,0.6719,0.6954,0.2279,2.2601,0.02382,0.0293,3.1546,0.001607,0.5466,0.4534,0.4327,0.5673
GSE39582,SIG326,9,9,161,245,0.6719,0.6716,0.0515,0.5075,0.6118,0.00014,0.3484,0.7275,0.5155,0.4845,0.4898,0.5102
GSE39582,SIG327,3,2,161,245,0.6719,0.6728,0.1821,1.8034,0.07133,0.00101,0.7647,0.4444,0.5155,0.4845,0.4245,0.5755
GSE39582,SIG328,9,9,161,245,0.6719,0.6712,0.0639,0.6301,0.5286,0.00031,0.2939,0.7689,0.5217,0.4783,0.4898,0.5102
GSE39582,SIG329,5,4,161,245,0.6719,0.6707,0.0302,0.2977,0.766,0.0014,1.0307,0.3027,0.4845,0.5155,0.4694,0.5306
GSE39582,SIG330,16,16,161,245,0.6719,0.6795,0.2836,2.843,0.004469,0.00921,1.8041,0.07121,0.4969,0.5031,0.3551,0.6449
GSE39582,SIG331,4,4,161,245,0.6719,0.6746,0.1164,1.1503,0.25,0.00429,1.2851,0.1988,0.5031,0.4969,0.4449,0.5551
GSE39582,SIG332,3,3,161,245,0.6719,0.682,0.2488,2.5558,0.01059,0.01309,2.1333,0.0329,0.4224,0.5776,0.298,0.702
GSE39582,SIG334,4,4,161,245,0.6719,0.6716,-0.0639,-0.6301,0.5286,0.00027,0.558,0.5769,0.4783,0.5217,0.5102,0.4898
GSE39582,SIG335,8,7,161,245,0.6719,0.6722,-0.1331,-1.315,0.1885,-0.00015,-0.6271,0.5306,0.4845,0.5155,0.551,0.449
GSE39582,SIG336,3,3,161,245,0.6719,0.6811,0.3049,3.0457,0.002321,0.01783,3.0671,0.002162,0.528,0.472,0.3755,0.6245
GSE39582,SIG337,4,4,161,245,0.6719,0.6723,0.039,0.3849,0.7003,4e-04,0.5986,0.5494,0.5093,0.4907,0.4898,0.5102
GSE39582,SIG338,3,3,161,245,0.6719,0.6721,-0.142,-1.4032,0.1606,-5e-05,-0.168,0.8666,0.4596,0.5404,0.5306,0.4694
GSE72970,SIG001,4,4,24,8,0.6148,0.6638,0.4167,1.0492,0.2941,0.0219,1.3426,0.1794,0.5833,0.4167,0.375,0.625
GSE72970,SIG002,4,4,24,8,0.6148,0.6563,0.5,1.2649,0.2059,0.01478,0.7379,0.4606,0.625,0.375,0.375,0.625
GSE72970,SIG003,13,11,24,8,0.6148,0.66,1.0833,3.577,0.0003476,0.09502,2.9202,0.003498,0.6667,0.3333,0.125,0.875
GSE72970,SIG004,9,8,24,8,0.6148,0.6216,-0.3333,-0.9097,0.363,-0.00427,-1.5844,0.1131,0.5833,0.4167,0.75,0.25
GSE72970,SIG005,6,6,24,8,0.6148,0.6179,0.1667,0.4097,0.682,0.00665,1.3506,0.1768,0.5833,0.4167,0.5,0.5
GSE72970,SIG006,8,8,24,8,0.6148,0.6203,-0.1667,-0.4185,0.6755,-0.00101,-0.6762,0.4989,0.5417,0.4583,0.625,0.375
GSE72970,SIG007,15,15,24,8,0.6148,0.696,0.5,1.2649,0.2059,0.087,1.5358,0.1246,0.625,0.375,0.375,0.625
GSE72970,SIG009,6,6,24,8,0.6148,0.6563,1.0833,3.577,0.0003476,0.08563,2.5463,0.01089,0.6667,0.3333,0.125,0.875
GSE72970,SIG010,6,6,24,8,0.6148,0.634,0.0833,0.2043,0.8381,0.03344,1.2221,0.2217,0.5417,0.4583,0.5,0.5
GSE72970,SIG011,3,3,24,8,0.6148,0.6625,0.5,1.2649,0.2059,0.07699,1.4503,0.147,0.625,0.375,0.375,0.625
GSE72970,SIG012,3,3,24,8,0.6148,0.6538,0.8333,2.6887,0.007174,0.04362,1.6312,0.1028,0.5417,0.4583,0.125,0.875
GSE72970,SIG013,9,9,24,8,0.6148,0.6501,0.9167,2.971,0.002968,0.0685,2.5689,0.0102,0.5833,0.4167,0.125,0.875
GSE72970,SIG014,15,15,24,8,0.6148,0.6377,0.4167,1.0492,0.2941,0.0453,1.422,0.155,0.5833,0.4167,0.375,0.625
GSE72970,SIG015,3,3,24,8,0.6148,0.6663,0.6667,1.8194,0.06885,0.07696,1.8232,0.06827,0.5833,0.4167,0.25,0.75
GSE72970,SIG016,57,50,24,8,0.6148,0.6551,0.6667,2.1509,0.03148,0.0595,1.5589,0.119,0.4583,0.5417,0.125,0.875
GSE72970,SIG018,9,9,24,8,0.6148,0.629,0.3333,0.8371,0.4025,0.00935,0.5799,0.562,0.5417,0.4583,0.375,0.625
GSE72970,SIG019,12,12,24,8,0.6148,0.6588,0.25,0.686,0.4927,0.05279,1.6699,0.09494,0.375,0.625,0.25,0.75
GSE72970,SIG020,5,3,24,8,0.6148,0.6414,0.5833,1.5869,0.1125,0.04756,2.0792,0.0376,0.5417,0.4583,0.25,0.75
GSE72970,SIG021,10,8,24,8,0.6148,0.6824,1.0833,3.1113,0.001863,0.174,2.9378,0.003306,0.7917,0.2083,0.25,0.75
GSE72970,SIG022,4,4,24,8,0.6148,0.6886,1,2.8284,0.004678,0.13261,2.9057,0.003664,0.75,0.25,0.25,0.75
GSE72970,SIG023,9,9,24,8,0.6148,0.6154,0.6667,1.8194,0.06885,0.01664,0.8083,0.4189,0.5833,0.4167,0.25,0.75
GSE72970,SIG024,7,6,24,8,0.6148,0.706,0.4167,1.0492,0.2941,0.12995,2.3322,0.01969,0.5833,0.4167,0.375,0.625
GSE72970,SIG025,13,11,24,8,0.6148,0.6427,-0.5,-1.3587,0.1742,-0.00547,-0.6391,0.5228,0.5,0.5,0.75,0.25
GSE72970,SIG026,31,29,24,8,0.6148,0.6501,0.0833,0.2043,0.8381,0.01418,0.3744,0.7081,0.5417,0.4583,0.5,0.5
GSE72970,SIG027,4,4,24,8,0.6148,0.6203,-0.6667,-1.8194,0.06885,-0.0138,-0.7069,0.4796,0.4167,0.5833,0.75,0.25
GSE72970,SIG028,4,4,24,8,0.6148,0.7531,1.25,4.264,2.008e-05,0.26299,3.7305,0.0001911,0.75,0.25,0.125,0.875
GSE72970,SIG029,5,4,24,8,0.6148,0.6427,0.3333,0.8371,0.4025,0.00518,0.183,0.8548,0.5417,0.4583,0.375,0.625
GSE72970,SIG030,7,7,24,8,0.6148,0.6079,0.5,1.2649,0.2059,0.01644,1.3648,0.1723,0.625,0.375,0.375,0.625
GSE72970,SIG031,4,4,24,8,0.6148,0.6824,0.0833,0.2043,0.8381,0.03951,0.8535,0.3934,0.5417,0.4583,0.5,0.5
GSE72970,SIG032,10,10,24,8,0.6148,0.665,0.3333,0.8371,0.4025,0.06803,2.2016,0.02769,0.5417,0.4583,0.375,0.625
GSE72970,SIG033,10,9,24,8,0.6148,0.629,0.5833,1.5869,0.1125,0.0469,1.9206,0.05478,0.5417,0.4583,0.25,0.75
GSE72970,SIG034,14,14,24,8,0.6148,0.6501,0.5,1.2649,0.2059,0.02298,1.1417,0.2536,0.625,0.375,0.375,0.625
GSE72970,SIG035,3,2,24,8,0.6148,0.6824,0.0833,0.2043,0.8381,0.10245,2.2372,0.02527,0.5417,0.4583,0.5,0.5
GSE72970,SIG036,13,12,24,8,0.6148,0.6489,0.25,0.6172,0.5371,0.03154,1.2132,0.2251,0.625,0.375,0.5,0.5
GSE72970,SIG037,14,13,24,8,0.6148,0.7097,0.8333,2.1909,0.02846,0.14404,2.3129,0.02073,0.7917,0.2083,0.375,0.625
GSE72970,SIG038,3,3,24,8,0.6148,0.7159,0.3333,0.8281,0.4076,0.05299,0.826,0.4088,0.6667,0.3333,0.5,0.5
GSE72970,SIG039,14,14,24,8,0.6148,0.6439,-0.25,-0.6273,0.5305,-0.00754,-0.2827,0.7774,0.5,0.5,0.625,0.375
GSE72970,SIG040,15,13,24,8,0.6148,0.6328,0.25,0.6273,0.5305,0.02919,1.5066,0.1319,0.5,0.5,0.375,0.625
GSE72970,SIG041,10,10,24,8,0.6148,0.6216,0.1667,0.4185,0.6755,0.00761,0.3293,0.7419,0.4583,0.5417,0.375,0.625
GSE72970,SIG042,8,7,24,8,0.6148,0.6315,-0.4167,-1.1335,0.257,0.00637,0.8708,0.3839,0.5417,0.4583,0.75,0.25
GSE72970,SIG043,14,14,24,8,0.6148,0.6129,-0.1667,-0.4097,0.682,0.00344,0.7248,0.4686,0.4167,0.5833,0.5,0.5
GSE72970,SIG044,3,3,24,8,0.6148,0.6439,-0.3333,-0.8371,0.4025,-0.00437,-0.2103,0.8334,0.4583,0.5417,0.625,0.375
GSE72970,SIG045,6,6,24,8,0.6148,0.6675,0.8333,2.3043,0.02121,0.05063,1.9703,0.0488,0.6667,0.3333,0.25,0.75
GSE72970,SIG046,5,4,24,8,0.6148,0.6203,0,0,1,0.02197,1.1743,0.2403,0.5,0.5,0.5,0.5
GSE72970,SIG047,4,4,24,8,0.6148,0.7146,0.5,1.2649,0.2059,0.12015,1.9296,0.05366,0.625,0.375,0.375,0.625
GSE72970,SIG048,11,11,24,8,0.6148,0.6328,0.6667,1.8194,0.06885,0.02654,1.1441,0.2526,0.5833,0.4167,0.25,0.75
GSE72970,SIG049,14,14,24,8,0.6148,0.66,0.75,2.058,0.03959,0.14292,3.2042,0.001355,0.625,0.375,0.25,0.75
GSE72970,SIG050,6,5,24,8,0.6148,0.6514,0.9167,2.971,0.002968,0.04034,1.7668,0.07725,0.5833,0.4167,0.125,0.875
GSE72970,SIG051,7,7,24,8,0.6148,0.6836,0.25,0.6172,0.5371,0.04849,0.9028,0.3666,0.625,0.375,0.5,0.5
GSE72970,SIG052,20,19,24,8,0.6148,0.706,1,3.266,0.001091,0.1857,4.2643,2.006e-05,0.625,0.375,0.125,0.875
GSE72970,SIG053,11,9,24,8,0.6148,0.6501,0.6667,1.8194,0.06885,0.04829,1.9883,0.04678,0.5833,0.4167,0.25,0.75
GSE72970,SIG054,46,45,24,8,0.6148,0.7208,1,2.8284,0.004678,0.2874,4.5697,4.884e-06,0.75,0.25,0.25,0.75
GSE72970,SIG055,21,20,24,8,0.6148,0.6154,0.4167,1.0492,0.2941,0.00474,1.76,0.07841,0.5833,0.4167,0.375,0.625
GSE72970,SIG056,7,6,24,8,0.6148,0.6117,0.75,2.058,0.03959,4e-05,0.1179,0.9062,0.625,0.375,0.25,0.75
GSE72970,SIG057,8,8,24,8,0.6148,0.6675,0.8333,2.6887,0.007174,0.05446,2.1219,0.03384,0.5417,0.4583,0.125,0.875
GSE72970,SIG058,24,22,24,8,0.6148,0.67,1,3.266,0.001091,0.0443,1.8384,0.06601,0.625,0.375,0.125,0.875
GSE72970,SIG059,14,13,24,8,0.6148,0.696,0.8333,2.3043,0.02121,0.20542,3.1183,0.001819,0.6667,0.3333,0.25,0.75
GSE72970,SIG060,7,6,24,8,0.6148,0.67,1.3333,6.9282,4.262e-12,0.16445,4.2796,1.872e-05,0.6667,0.3333,0,1
GSE72970,SIG062,43,42,24,8,0.6148,0.7072,1,2.8284,0.004678,0.23882,3.8012,0.000144,0.75,0.25,0.25,0.75
GSE72970,SIG063,19,19,24,8,0.6148,0.6154,-0.0833,-0.2098,0.8338,0.002,0.8768,0.3806,0.5833,0.4167,0.625,0.375
GSE72970,SIG064,3,3,24,8,0.6148,0.7097,0.9167,2.5603,0.01046,0.07564,1.4346,0.1514,0.7083,0.2917,0.25,0.75
GSE72970,SIG065,5,5,24,8,0.6148,0.6067,0.3333,0.8371,0.4025,0.0171,0.5631,0.5734,0.5417,0.4583,0.375,0.625
GSE72970,SIG066,11,11,24,8,0.6148,0.6861,0.9167,2.5603,0.01046,0.18337,3.7349,0.0001878,0.7083,0.2917,0.25,0.75
GSE72970,SIG067,5,5,24,8,0.6148,0.6266,0.1667,0.4097,0.682,0.0469,1.7775,0.07548,0.5833,0.4167,0.5,0.5
GSE72970,SIG068,5,5,24,8,0.6148,0.701,1.1667,3.908,9.305e-05,0.13357,3.5185,0.000434,0.7083,0.2917,0.125,0.875
GSE72970,SIG069,7,7,24,8,0.6148,0.639,0.25,0.6273,0.5305,0.01624,0.8649,0.3871,0.5,0.5,0.375,0.625
GSE72970,SIG070,3,3,24,8,0.6148,0.7233,0.5,1.2649,0.2059,0.0864,1.6085,0.1077,0.625,0.375,0.375,0.625
GSE72970,SIG071,13,13,24,8,0.6148,0.6427,0.6667,1.8194,0.06885,0.04964,1.6073,0.108,0.5833,0.4167,0.25,0.75
GSE72970,SIG072,15,14,24,8,0.6148,0.6228,0.4167,1.1335,0.257,0.01613,1.139,0.2547,0.4583,0.5417,0.25,0.75
GSE72970,SIG073,16,16,24,8,0.6148,0.6365,-0.0833,-0.2043,0.8381,0.02179,1.333,0.1825,0.4583,0.5417,0.5,0.5
GSE72970,SIG074,11,11,24,8,0.6148,0.5931,0.75,2.4162,0.01569,0.02405,2.4261,0.01526,0.5,0.5,0.125,0.875
GSE72970,SIG075,14,13,24,8,0.6148,0.6576,0.4167,1.0492,0.2941,0.05733,1.9223,0.05457,0.5833,0.4167,0.375,0.625
GSE72970,SIG076,9,8,24,8,0.6148,0.6266,0.3333,0.8371,0.4025,0.00732,0.3957,0.6923,0.5417,0.4583,0.375,0.625
GSE72970,SIG077,7,7,24,8,0.6148,0.6129,-0.4167,-1.0492,0.2941,-0.00029,-0.1025,0.9184,0.4167,0.5833,0.625,0.375
GSE72970,SIG078,6,5,24,8,0.6148,0.6873,0.4167,1.0492,0.2941,0.07445,1.577,0.1148,0.5833,0.4167,0.375,0.625
GSE72970,SIG079,5,5,24,8,0.6148,0.7419,1.0833,3.577,0.0003476,0.28943,4.041,5.323e-05,0.6667,0.3333,0.125,0.875
GSE72970,SIG080,8,8,24,8,0.6148,0.634,0.6667,1.8194,0.06885,0.15783,3.0444,0.002331,0.5833,0.4167,0.25,0.75
GSE72970,SIG081,5,5,24,8,0.6148,0.6526,0.8333,2.6887,0.007174,0.12482,3.144,0.001666,0.5417,0.4583,0.125,0.875
GSE72970,SIG082,6,6,24,8,0.6148,0.7047,0.9167,2.5603,0.01046,0.16241,2.8359,0.004569,0.7083,0.2917,0.25,0.75
GSE72970,SIG083,17,16,24,8,0.6148,0.6687,0.75,2.058,0.03959,0.05665,1.2927,0.1961,0.625,0.375,0.25,0.75
GSE72970,SIG084,15,15,24,8,0.6148,0.7469,1.1667,3.908,9.305e-05,0.26873,3.9313,8.45e-05,0.7083,0.2917,0.125,0.875
GSE72970,SIG085,7,7,24,8,0.6148,0.66,0.0833,0.2043,0.8381,0.01961,0.7587,0.448,0.5417,0.4583,0.5,0.5
GSE72970,SIG086,5,5,24,8,0.6148,0.6638,0.4167,1.0492,0.2941,0.09146,2.3772,0.01745,0.5833,0.4167,0.375,0.625
GSE72970,SIG087,5,5,24,8,0.6148,0.6563,0.3333,0.8371,0.4025,0.10344,1.9207,0.05477,0.5417,0.4583,0.375,0.625
GSE72970,SIG088,6,6,24,8,0.6148,0.6973,0.4167,1.1335,0.257,0.06011,1.0892,0.2761,0.4583,0.5417,0.25,0.75
GSE72970,SIG089,5,5,24,8,0.6148,0.701,0.75,2.058,0.03959,0.16144,2.7921,0.005237,0.625,0.375,0.25,0.75
GSE72970,SIG090,4,4,24,8,0.6148,0.7208,1.5,8.4853,0,0.21643,3.618,0.0002969,0.75,0.25,0,1
GSE72970,SIG091,7,7,24,8,0.6148,0.6154,0.3333,0.8371,0.4025,0.02328,1.7464,0.08073,0.5417,0.4583,0.375,0.625
GSE72970,SIG093,9,9,24,8,0.6148,0.665,0.4167,1.0492,0.2941,0.05241,1.685,0.09199,0.5833,0.4167,0.375,0.625
GSE72970,SIG094,3,3,24,8,0.6148,0.6886,0.6667,1.8194,0.06885,0.12621,2.4838,0.013,0.5833,0.4167,0.25,0.75
GSE72970,SIG095,18,16,24,8,0.6148,0.6563,0.5833,1.4854,0.1374,0.14722,2.8215,0.00478,0.6667,0.3333,0.375,0.625
GSE72970,SIG096,11,11,24,8,0.6148,0.6675,-0.1667,-0.4185,0.6755,-0.01528,-0.4595,0.6459,0.5417,0.4583,0.625,0.375
GSE72970,SIG097,14,14,24,8,0.6148,0.6452,0.9167,2.5603,0.01046,0.05434,2.0982,0.03588,0.7083,0.2917,0.25,0.75
GSE72970,SIG098,5,5,24,8,0.6148,0.629,0.25,0.6273,0.5305,0.0181,0.8444,0.3984,0.5,0.5,0.375,0.625
GSE72970,SIG099,11,11,24,8,0.6148,0.665,0.8333,2.3043,0.02121,0.0733,1.714,0.08654,0.6667,0.3333,0.25,0.75
GSE72970,SIG101,10,8,24,8,0.6148,0.6712,0.9167,2.5603,0.01046,0.07562,2.1148,0.03445,0.7083,0.2917,0.25,0.75
GSE72970,SIG102,4,4,24,8,0.6148,0.6663,0.1667,0.4185,0.6755,0.06648,1.4488,0.1474,0.4583,0.5417,0.375,0.625
GSE72970,SIG107,15,13,24,8,0.6148,0.6228,-0.6667,-2.1509,0.03148,-0.01469,-1.1786,0.2385,0.5417,0.4583,0.875,0.125
GSE72970,SIG108,15,13,24,8,0.6148,0.6377,0.6667,1.8194,0.06885,0.06055,1.543,0.1228,0.5833,0.4167,0.25,0.75
GSE72970,SIG109,7,7,24,8,0.6148,0.639,0.6667,1.7121,0.08688,0.03279,1.3288,0.1839,0.7083,0.2917,0.375,0.625
GSE72970,SIG110,9,9,24,8,0.6148,0.6365,0.6667,1.7121,0.08688,0.01833,1.7659,0.07741,0.7083,0.2917,0.375,0.625
GSE72970,SIG111,13,12,24,8,0.6148,0.6055,0.25,0.6172,0.5371,0.01167,1.3153,0.1884,0.625,0.375,0.5,0.5
GSE72970,SIG112,4,4,24,8,0.6148,0.7047,0.8333,2.3043,0.02121,0.1373,2.2858,0.02227,0.6667,0.3333,0.25,0.75
GSE72970,SIG113,10,10,24,8,0.6148,0.7543,1.25,4.264,2.008e-05,0.2764,4.3668,1.261e-05,0.75,0.25,0.125,0.875
GSE72970,SIG114,20,18,24,8,0.6148,0.6886,1.3333,6.9282,4.262e-12,0.16894,3.6953,0.0002197,0.6667,0.3333,0,1
GSE72970,SIG115,4,4,24,8,0.6148,0.6067,0.25,0.6273,0.5305,0.00538,0.6549,0.5125,0.5,0.5,0.375,0.625
GSE72970,SIG116,5,5,24,8,0.6148,0.67,0.4167,1.0435,0.2967,0.07201,1.4979,0.1342,0.7083,0.2917,0.5,0.5
GSE72970,SIG117,4,4,24,8,0.6148,0.639,0.4167,1.0492,0.2941,0.02104,0.7074,0.4793,0.5833,0.4167,0.375,0.625
GSE72970,SIG118,15,14,24,8,0.6148,0.6104,0.25,0.6273,0.5305,0.00343,0.9267,0.3541,0.5,0.5,0.375,0.625
GSE72970,SIG119,10,10,24,8,0.6148,0.6489,0.5833,1.4854,0.1374,0.1103,1.8348,0.06654,0.6667,0.3333,0.375,0.625
GSE72970,SIG120,4,3,24,8,0.6148,0.6613,0.6667,1.8194,0.06885,0.06622,1.8156,0.06944,0.5833,0.4167,0.25,0.75
GSE72970,SIG121,6,6,24,8,0.6148,0.6687,0.5833,1.4854,0.1374,0.04831,1.5884,0.1122,0.6667,0.3333,0.375,0.625
GSE72970,SIG122,8,8,24,8,0.6148,0.6005,0,0,1,0.00221,0.4419,0.6586,0.375,0.625,0.375,0.625
GSE72970,SIG124,4,4,24,8,0.6148,0.6501,0.75,2.058,0.03959,0.11092,2.5811,0.009847,0.625,0.375,0.25,0.75
GSE72970,SIG125,4,4,24,8,0.6148,0.6228,0.5,1.2649,0.2059,0.00201,0.1067,0.915,0.625,0.375,0.375,0.625
GSE72970,SIG126,4,4,24,8,0.6148,0.6402,0.1667,0.4097,0.682,-0.00611,-0.605,0.5452,0.5833,0.4167,0.5,0.5
GSE72970,SIG127,6,6,24,8,0.6148,0.7184,0.75,2.058,0.03959,0.16119,2.5605,0.01045,0.625,0.375,0.25,0.75
GSE72970,SIG128,11,11,24,8,0.6148,0.6079,0.75,2.058,0.03959,0.07763,1.7221,0.08506,0.625,0.375,0.25,0.75
GSE72970,SIG129,9,9,24,8,0.6148,0.6824,0.5833,1.4854,0.1374,0.10732,2.2302,0.02574,0.6667,0.3333,0.375,0.625
GSE72970,SIG130,9,9,24,8,0.6148,0.727,0.9167,2.5603,0.01046,0.26946,3.9709,7.16e-05,0.7083,0.2917,0.25,0.75
GSE72970,SIG132,5,5,24,8,0.6148,0.629,0.0833,0.2043,0.8381,-0.01787,-0.5979,0.5499,0.5417,0.4583,0.5,0.5
GSE72970,SIG133,5,5,24,8,0.6148,0.6849,1.0833,3.577,0.0003476,0.23472,3.5346,0.0004084,0.6667,0.3333,0.125,0.875
GSE72970,SIG134,8,8,24,8,0.6148,0.6117,0.6667,1.8194,0.06885,0.04716,1.8135,0.06975,0.5833,0.4167,0.25,0.75
GSE72970,SIG135,3,3,24,8,0.6148,0.6526,0.25,0.6273,0.5305,0.0192,0.8283,0.4075,0.5,0.5,0.375,0.625
GSE72970,SIG136,9,9,24,8,0.6148,0.7246,0.9167,2.5603,0.01046,0.1709,2.3814,0.01725,0.7083,0.2917,0.25,0.75
GSE72970,SIG138,5,5,24,8,0.6148,0.7333,1.1667,3.908,9.305e-05,0.24179,4.3128,1.612e-05,0.7083,0.2917,0.125,0.875
GSE72970,SIG139,4,4,24,8,0.6148,0.639,0.5,1.3587,0.1742,0.07278,3.0224,0.002508,0.5,0.5,0.25,0.75
GSE72970,SIG140,6,6,24,8,0.6148,0.6452,0.4167,1.0435,0.2967,0.0383,0.9867,0.3238,0.7083,0.2917,0.5,0.5
GSE72970,SIG141,7,7,24,8,0.6148,0.6141,0,0,1,-6e-05,-0.0374,0.9702,0.5,0.5,0.5,0.5
GSE72970,SIG142,12,12,24,8,0.6148,0.6365,0.5,1.2649,0.2059,0.04845,1.5941,0.1109,0.625,0.375,0.375,0.625
GSE72970,SIG143,6,6,24,8,0.6148,0.6067,-0.1667,-0.4185,0.6755,0.00045,0.1544,0.8773,0.5417,0.4583,0.625,0.375
GSE72970,SIG144,3,3,24,8,0.6148,0.5955,0.1667,0.4185,0.6755,0.00209,0.1619,0.8714,0.4583,0.5417,0.375,0.625
GSE72970,SIG145,12,12,24,8,0.6148,0.6464,0.4167,1.0492,0.2941,0.07062,1.9962,0.04591,0.5833,0.4167,0.375,0.625
GSE72970,SIG146,3,3,24,8,0.6148,0.6266,0.75,2.4162,0.01569,0.07012,1.8446,0.0651,0.5,0.5,0.125,0.875
GSE72970,SIG147,3,3,24,8,0.6148,0.6042,0.6667,2.1509,0.03148,0.00518,0.6877,0.4917,0.4583,0.5417,0.125,0.875
GSE72970,SIG148,8,6,24,8,0.6148,0.7047,0.3333,0.8371,0.4025,0.06837,1.3474,0.1779,0.5417,0.4583,0.375,0.625
GSE72970,SIG149,8,8,24,8,0.6148,0.603,0,0,1,0.00394,0.5805,0.5616,0.5,0.5,0.5,0.5
GSE72970,SIG150,10,10,24,8,0.6148,0.6352,0.6667,1.8194,0.06885,0.02518,1.3467,0.1781,0.5833,0.4167,0.25,0.75
GSE72970,SIG151,8,8,24,8,0.6148,0.6873,0.8333,2.6887,0.007174,0.18512,3.9026,9.517e-05,0.5417,0.4583,0.125,0.875
GSE72970,SIG152,8,8,24,8,0.6148,0.6141,0.1667,0.4185,0.6755,0,-0.0807,0.9356,0.4583,0.5417,0.375,0.625
GSE72970,SIG153,8,8,24,8,0.6148,0.6042,0.5833,1.5869,0.1125,0.01727,1.2211,0.222,0.5417,0.4583,0.25,0.75
GSE72970,SIG154,3,3,24,8,0.6148,0.6811,0.75,2.058,0.03959,0.10846,2.4985,0.01247,0.625,0.375,0.25,0.75
GSE72970,SIG155,9,9,24,8,0.6148,0.66,0.5833,1.5869,0.1125,0.03485,1.4442,0.1487,0.5417,0.4583,0.25,0.75
GSE72970,SIG156,5,5,24,8,0.6148,0.6092,0.3333,0.8371,0.4025,-0.00182,-0.5052,0.6134,0.5417,0.4583,0.375,0.625
GSE72970,SIG157,5,5,24,8,0.6148,0.6129,0,0,1,-5e-05,-0.265,0.791,0.375,0.625,0.375,0.625
GSE72970,SIG159,6,6,24,8,0.6148,0.6104,-0.1667,-0.4097,0.682,-0.00558,-0.895,0.3708,0.4167,0.5833,0.5,0.5
GSE72970,SIG161,4,4,24,8,0.6148,0.629,-0.3333,-0.8371,0.4025,-0.02224,-1.2355,0.2166,0.4583,0.5417,0.625,0.375
GSE72970,SIG163,4,4,24,8,0.6148,0.6787,0.6667,1.7121,0.08688,0.08097,1.6933,0.0904,0.7083,0.2917,0.375,0.625
GSE72970,SIG164,4,4,24,8,0.6148,0.7692,1.0833,3.577,0.0003476,0.39262,5.3122,1.083e-07,0.6667,0.3333,0.125,0.875
GSE72970,SIG165,5,5,24,8,0.6148,0.6638,0.4167,1.0492,0.2941,0.05575,1.4635,0.1433,0.5833,0.4167,0.375,0.625
GSE72970,SIG166,3,3,24,8,0.6148,0.6873,0.8333,2.6887,0.007174,0.19424,4.0673,4.756e-05,0.5417,0.4583,0.125,0.875
GSE72970,SIG167,3,3,24,8,0.6148,0.6576,1,3.266,0.001091,0.10731,2.8162,0.00486,0.625,0.375,0.125,0.875
GSE72970,SIG168,9,9,24,8,0.6148,0.7593,1.3333,4.6512,3.3e-06,0.27823,3.6204,0.0002942,0.7917,0.2083,0.125,0.875
GSE72970,SIG169,8,8,24,8,0.6148,0.6427,-0.1667,-0.4097,0.682,0.02176,0.87,0.3843,0.4167,0.5833,0.5,0.5
GSE72970,SIG170,6,6,24,8,0.6148,0.6638,0,0,1,0.02059,0.8573,0.3913,0.625,0.375,0.625,0.375
GSE72970,SIG171,4,4,24,8,0.6148,0.6377,1.0833,3.577,0.0003476,0.12261,2.538,0.01115,0.6667,0.3333,0.125,0.875
GSE72970,SIG172,6,6,24,8,0.6148,0.67,0.5833,1.5869,0.1125,0.02039,0.5822,0.5604,0.5417,0.4583,0.25,0.75
GSE72970,SIG173,5,5,24,8,0.6148,0.6613,0.9167,2.5603,0.01046,0.11225,2.3182,0.02044,0.7083,0.2917,0.25,0.75
GSE72970,SIG175,6,5,24,8,0.6148,0.6476,0.8333,2.6887,0.007174,0.08192,2.2492,0.0245,0.5417,0.4583,0.125,0.875
GSE72970,SIG176,8,8,24,8,0.6148,0.6613,0.1667,0.4097,0.682,0.07666,1.3604,0.1737,0.5833,0.4167,0.5,0.5
GSE72970,SIG177,14,14,24,8,0.6148,0.6687,0.8333,2.3043,0.02121,0.04701,1.2027,0.2291,0.6667,0.3333,0.25,0.75
GSE72970,SIG178,3,3,24,8,0.6148,0.6328,0.3333,0.8371,0.4025,0.0137,0.9325,0.3511,0.5417,0.4583,0.375,0.625
GSE72970,SIG179,12,12,24,8,0.6148,0.6129,-0.1667,-0.4097,0.682,-0.0013,-0.2997,0.7644,0.4167,0.5833,0.5,0.5
GSE72970,SIG180,5,5,24,8,0.6148,0.67,1.0833,3.577,0.0003476,0.16087,3.2841,0.001023,0.6667,0.3333,0.125,0.875
GSE72970,SIG181,5,5,24,8,0.6148,0.5819,0.1667,0.4097,0.682,0.00938,0.3814,0.7029,0.5833,0.4167,0.5,0.5
GSE72970,SIG182,3,3,24,8,0.6148,0.6911,0.5,1.2649,0.2059,0.02917,0.5412,0.5884,0.625,0.375,0.375,0.625
GSE72970,SIG183,4,4,24,8,0.6148,0.6117,-0.75,-2.058,0.03959,-0.00108,-1.3747,0.1692,0.375,0.625,0.75,0.25
GSE72970,SIG184,3,3,24,8,0.6148,0.6985,0.6667,1.7121,0.08688,0.08818,1.4021,0.1609,0.7083,0.2917,0.375,0.625
GSE72970,SIG185,22,22,24,8,0.6148,0.6315,0.8333,2.3043,0.02121,0.06128,2.2889,0.02209,0.6667,0.3333,0.25,0.75
GSE72970,SIG186,19,18,24,8,0.6148,0.7047,0.75,2.058,0.03959,0.12213,2.374,0.0176,0.625,0.375,0.25,0.75
GSE72970,SIG187,4,4,24,8,0.6148,0.6079,0.4167,1.0492,0.2941,0.00843,0.6092,0.5424,0.5833,0.4167,0.375,0.625
GSE72970,SIG188,6,6,24,8,0.6148,0.6489,0.1667,0.4097,0.682,0.054,1.3024,0.1928,0.5833,0.4167,0.5,0.5
GSE72970,SIG189,6,6,24,8,0.6148,0.6464,0.4167,1.0492,0.2941,0.04064,1.6787,0.09321,0.5833,0.4167,0.375,0.625
GSE72970,SIG190,7,7,24,8,0.6148,0.5844,0,0,1,-0.00606,-0.5264,0.5986,0.375,0.625,0.375,0.625
GSE72970,SIG191,3,3,24,8,0.6148,0.6179,0.3333,0.8371,0.4025,0.00232,0.669,0.5035,0.5417,0.4583,0.375,0.625
GSE72970,SIG192,3,3,24,8,0.6148,0.6117,-0.4167,-1.0492,0.2941,-0.0046,-1.5234,0.1277,0.4167,0.5833,0.625,0.375
GSE72970,SIG193,7,7,24,8,0.6148,0.634,0.3333,0.8281,0.4076,0.03792,0.8053,0.4206,0.6667,0.3333,0.5,0.5
GSE72970,SIG194,6,6,24,8,0.6148,0.5906,0.5833,1.5869,0.1125,0.00635,0.4862,0.6268,0.5417,0.4583,0.25,0.75
GSE72970,SIG195,12,12,24,8,0.6148,0.6179,0.6667,1.8194,0.06885,0.03173,1.2649,0.2059,0.5833,0.4167,0.25,0.75
GSE72970,SIG196,4,4,24,8,0.6148,0.6266,-0.0833,-0.2098,0.8338,0.00761,0.5912,0.5544,0.5833,0.4167,0.625,0.375
GSE72970,SIG197,4,4,24,8,0.6148,0.6402,0.5,1.2649,0.2059,0.05643,1.5616,0.1184,0.625,0.375,0.375,0.625
GSE72970,SIG198,3,3,24,8,0.6148,0.6129,0.0833,0.2043,0.8381,0.01313,0.3112,0.7556,0.5417,0.4583,0.5,0.5
GSE72970,SIG199,5,5,24,8,0.6148,0.6154,0.0833,0.2043,0.8381,0.00387,0.8108,0.4175,0.5417,0.4583,0.5,0.5
GSE72970,SIG200,3,3,24,8,0.6148,0.6948,0.5,1.2649,0.2059,0.11066,2.2058,0.0274,0.625,0.375,0.375,0.625
GSE72970,SIG201,4,3,24,8,0.6148,0.7171,1.0833,3.577,0.0003476,0.20041,2.7998,0.005114,0.6667,0.3333,0.125,0.875
GSE72970,SIG202,29,29,24,8,0.6148,0.6427,1.0833,3.577,0.0003476,0.08294,3.5491,0.0003866,0.6667,0.3333,0.125,0.875
GSE72970,SIG203,5,5,24,8,0.6148,0.6179,-0.6667,-1.8194,0.06885,-0.0067,-1.5554,0.1199,0.4167,0.5833,0.75,0.25
GSE72970,SIG204,3,3,24,8,0.6148,0.6092,0.0833,0.2043,0.8381,-0.00539,-0.2093,0.8342,0.5417,0.4583,0.5,0.5
GSE72970,SIG205,7,7,24,8,0.6148,0.706,0.5,1.2649,0.2059,0.11261,1.8304,0.06719,0.625,0.375,0.375,0.625
GSE72970,SIG206,11,11,24,8,0.6148,0.6464,0.1667,0.4097,0.682,0.0588,1.5351,0.1248,0.5833,0.4167,0.5,0.5
GSE72970,SIG207,13,13,24,8,0.6148,0.6588,0.8333,2.6887,0.007174,0.10349,2.7504,0.005952,0.5417,0.4583,0.125,0.875
GSE72970,SIG208,7,6,24,8,0.6148,0.6092,0.25,0.6172,0.5371,0.00146,0.3874,0.6985,0.625,0.375,0.5,0.5
GSE72970,SIG209,5,5,24,8,0.6148,0.6278,0,0,1,0.00255,0.3867,0.699,0.5,0.5,0.5,0.5
GSE72970,SIG210,13,13,24,8,0.6148,0.6985,0.8333,2.3043,0.02121,0.12882,2.1399,0.03236,0.6667,0.3333,0.25,0.75
GSE72970,SIG211,4,4,24,8,0.6148,0.7308,0.9167,2.5603,0.01046,0.15011,2.2985,0.02153,0.7083,0.2917,0.25,0.75
GSE72970,SIG212,3,3,24,8,0.6148,0.6663,0.4167,1.0492,0.2941,0.03021,0.847,0.397,0.5833,0.4167,0.375,0.625
GSE72970,SIG213,5,5,24,8,0.6148,0.6861,0.8333,2.3043,0.02121,0.11535,2.1273,0.0334,0.6667,0.3333,0.25,0.75
GSE72970,SIG214,5,5,24,8,0.6148,0.6166,0,0,1,-0.00932,-1.1378,0.2552,0.625,0.375,0.625,0.375
GSE72970,SIG215,4,4,24,8,0.6148,0.7084,1.5,8.4853,0,0.14685,4.3144,1.601e-05,0.75,0.25,0,1
GSE72970,SIG216,4,4,24,8,0.6148,0.7146,0.5,1.2649,0.2059,0.1704,3.0143,0.002576,0.625,0.375,0.375,0.625
GSE72970,SIG217,8,8,24,8,0.6148,0.6774,0.5,1.2649,0.2059,0.09734,1.7896,0.07352,0.625,0.375,0.375,0.625
GSE72970,SIG218,4,4,24,8,0.6148,0.634,0.75,2.058,0.03959,0.02629,2.1123,0.03466,0.625,0.375,0.25,0.75
GSE72970,SIG219,8,7,24,8,0.6148,0.6154,0.5833,1.5869,0.1125,0.00868,0.5125,0.6083,0.5417,0.4583,0.25,0.75
GSE72970,SIG220,7,7,24,8,0.6148,0.6799,0.75,2.058,0.03959,0.09437,2.0104,0.04438,0.625,0.375,0.25,0.75
GSE72970,SIG221,4,4,24,8,0.6148,0.6402,0.3333,0.8371,0.4025,0.02943,0.996,0.3192,0.5417,0.4583,0.375,0.625
GSE72970,SIG222,3,3,24,8,0.6148,0.6774,0.5,1.2649,0.2059,0.02408,0.6936,0.4879,0.625,0.375,0.375,0.625
GSE72970,SIG223,4,4,24,8,0.6148,0.6489,0.4167,1.0492,0.2941,0.04828,0.865,0.387,0.5833,0.4167,0.375,0.625
GSE72970,SIG224,3,3,24,8,0.6148,0.732,1.25,4.264,2.008e-05,0.26122,3.4688,0.0005227,0.75,0.25,0.125,0.875
GSE72970,SIG225,5,5,24,8,0.6148,0.6911,0.9167,2.5603,0.01046,0.19215,2.796,0.005173,0.7083,0.2917,0.25,0.75
GSE72970,SIG226,5,5,24,8,0.6148,0.6129,0.1667,0.4097,0.682,0.00589,0.4746,0.6351,0.5833,0.4167,0.5,0.5
GSE72970,SIG227,8,8,24,8,0.6148,0.6352,0.8333,2.3043,0.02121,0.18067,3.8956,9.797e-05,0.6667,0.3333,0.25,0.75
GSE72970,SIG228,6,6,24,8,0.6148,0.6352,0.3333,0.8371,0.4025,0.05092,1.3766,0.1686,0.5417,0.4583,0.375,0.625
GSE72970,SIG229,4,4,24,8,0.6148,0.6675,0.3333,0.8371,0.4025,0.05274,1.4126,0.1578,0.5417,0.4583,0.375,0.625
GSE72970,SIG230,16,16,24,8,0.6148,0.6588,0,0,1,0.03559,0.9786,0.3278,0.5,0.5,0.5,0.5
GSE72970,SIG231,3,3,24,8,0.6148,0.7097,0.3333,0.8281,0.4076,0.04243,0.7502,0.4531,0.6667,0.3333,0.5,0.5
GSE72970,SIG232,7,7,24,8,0.6148,0.6017,0.0833,0.2098,0.8338,0.01525,0.9718,0.3312,0.4167,0.5833,0.375,0.625
GSE72970,SIG233,10,10,24,8,0.6148,0.6402,0,0,1,0.00837,0.4094,0.6822,0.5,0.5,0.5,0.5
GSE72970,SIG234,13,12,24,8,0.6148,0.6191,0,0,1,0.01428,0.4701,0.6383,0.5,0.5,0.5,0.5
GSE72970,SIG235,6,6,24,8,0.6148,0.6328,0,0,1,0.03823,1.1815,0.2374,0.625,0.375,0.625,0.375
GSE72970,SIG236,5,5,24,8,0.6148,0.6315,1,3.266,0.001091,0.04539,1.0016,0.3165,0.625,0.375,0.125,0.875
GSE72970,SIG237,6,6,24,8,0.6148,0.639,-0.0833,-0.2098,0.8338,0.00988,1.1268,0.2598,0.5833,0.4167,0.625,0.375
GSE72970,SIG238,6,6,24,8,0.6148,0.6725,1,3.266,0.001091,0.07908,2.9334,0.003352,0.625,0.375,0.125,0.875
GSE72970,SIG239,7,7,24,8,0.6148,0.6203,0.5833,1.5869,0.1125,0.01949,1.1107,0.2667,0.5417,0.4583,0.25,0.75
GSE72970,SIG240,6,6,24,8,0.6148,0.6576,0.75,2.058,0.03959,0.12535,2.7585,0.005806,0.625,0.375,0.25,0.75
GSE72970,SIG241,4,4,24,8,0.6148,0.6427,0.6667,1.8194,0.06885,0.09695,2.5444,0.01095,0.5833,0.4167,0.25,0.75
GSE72970,SIG242,6,6,24,8,0.6148,0.6563,0.4167,1.0492,0.2941,0.07492,1.5426,0.1229,0.5833,0.4167,0.375,0.625
GSE72970,SIG243,8,8,24,8,0.6148,0.639,0.9167,2.5603,0.01046,0.10687,2.7588,0.005801,0.7083,0.2917,0.25,0.75
GSE72970,SIG244,13,13,24,8,0.6148,0.6402,0.1667,0.4097,0.682,0.03337,0.8093,0.4183,0.5833,0.4167,0.5,0.5
GSE72970,SIG245,3,3,24,8,0.6148,0.6203,-0.1667,-0.4185,0.6755,-0.02116,-0.9414,0.3465,0.5417,0.4583,0.625,0.375
GSE72970,SIG246,5,5,24,8,0.6148,0.6092,-0.1667,-0.4097,0.682,-0.00051,-0.1221,0.9029,0.4167,0.5833,0.5,0.5
GSE72970,SIG247,3,3,24,8,0.6148,0.6352,0.0833,0.2122,0.832,0.00057,0.0496,0.9604,0.6667,0.3333,0.625,0.375
GSE72970,SIG248,5,5,24,8,0.6148,0.6303,0.4167,1.0492,0.2941,0.02616,1.117,0.264,0.5833,0.4167,0.375,0.625
GSE72970,SIG249,4,4,24,8,0.6148,0.6638,0.9167,2.5603,0.01046,0.18906,3.0783,0.002082,0.7083,0.2917,0.25,0.75
GSE72970,SIG250,4,4,24,8,0.6148,0.6663,1.1667,3.908,9.305e-05,0.18039,4.1365,3.527e-05,0.7083,0.2917,0.125,0.875
GSE72970,SIG251,14,13,24,8,0.6148,0.6017,0.5833,1.5869,0.1125,0.04527,1.4681,0.1421,0.5417,0.4583,0.25,0.75
GSE72970,SIG252,3,3,24,8,0.6148,0.6203,-0.1667,-0.4097,0.682,-0.00418,-0.4467,0.6551,0.4167,0.5833,0.5,0.5
GSE72970,SIG253,3,3,24,8,0.6148,0.6985,0.3333,0.8281,0.4076,0.01745,0.5322,0.5946,0.6667,0.3333,0.5,0.5
GSE72970,SIG254,3,3,24,8,0.6148,0.66,0.5833,1.5869,0.1125,0.05162,1.8689,0.06164,0.5417,0.4583,0.25,0.75
GSE72970,SIG255,3,2,24,8,0.6148,0.6154,0.0833,0.2098,0.8338,-0.00091,-0.2777,0.7813,0.4167,0.5833,0.375,0.625
GSE72970,SIG256,5,5,24,8,0.6148,0.6452,0.6667,1.8194,0.06885,0.12282,3.0631,0.002191,0.5833,0.4167,0.25,0.75
GSE72970,SIG257,4,3,24,8,0.6148,0.639,0.5833,1.5869,0.1125,0.02317,0.7367,0.4613,0.5417,0.4583,0.25,0.75
GSE72970,SIG258,6,4,24,8,0.6148,0.6501,0.25,0.6273,0.5305,0.03626,1.0342,0.301,0.5,0.5,0.375,0.625
GSE72970,SIG259,6,5,24,8,0.6148,0.6712,0.4167,1.0492,0.2941,0.08002,2.6386,0.008325,0.5833,0.4167,0.375,0.625
GSE72970,SIG260,5,5,24,8,0.6148,0.6526,0.75,2.058,0.03959,0.03232,2.0434,0.04101,0.625,0.375,0.25,0.75
GSE72970,SIG261,14,14,24,8,0.6148,0.6104,0,0,1,-0.00226,-0.3546,0.7229,0.5,0.5,0.5,0.5
GSE72970,SIG262,6,6,24,8,0.6148,0.6191,-0.3333,-0.9097,0.363,-0.00087,-0.1666,0.8677,0.5833,0.4167,0.75,0.25
GSE72970,SIG263,4,4,24,8,0.6148,0.665,-0.4167,-1.1335,0.257,0.00105,0.0528,0.9579,0.5417,0.4583,0.75,0.25
GSE72970,SIG264,6,6,24,8,0.6148,0.6117,0.0833,0.2122,0.832,0.00701,0.7578,0.4486,0.6667,0.3333,0.625,0.375
GSE72970,SIG265,7,7,24,8,0.6148,0.7295,0.25,0.6172,0.5371,0.06061,1.1336,0.257,0.625,0.375,0.5,0.5
GSE72970,SIG266,5,5,24,8,0.6148,0.6538,0.3333,0.8371,0.4025,0.06883,1.664,0.09611,0.5417,0.4583,0.375,0.625
GSE72970,SIG267,11,11,24,8,0.6148,0.6712,0.75,2.058,0.03959,0.19371,3.1331,0.00173,0.625,0.375,0.25,0.75
GSE72970,SIG268,6,6,24,8,0.6148,0.6948,0.6667,1.7121,0.08688,0.09717,1.7665,0.07731,0.7083,0.2917,0.375,0.625
GSE72970,SIG269,3,3,24,8,0.6148,0.6464,0.4167,1.0492,0.2941,0.0542,1.4138,0.1574,0.5833,0.4167,0.375,0.625
GSE72970,SIG270,4,4,24,8,0.6148,0.6278,0.1667,0.4097,0.682,0.04023,1.0198,0.3078,0.5833,0.4167,0.5,0.5
GSE72970,SIG271,5,5,24,8,0.6148,0.6228,-0.1667,-0.4185,0.6755,-0.00739,-0.6359,0.5248,0.5417,0.4583,0.625,0.375
GSE72970,SIG272,4,4,24,8,0.6148,0.6973,0.4167,1.0492,0.2941,0.10687,1.8077,0.07065,0.5833,0.4167,0.375,0.625
GSE72970,SIG273,4,4,24,8,0.6148,0.6476,0.75,1.9467,0.05158,0.1736,2.5753,0.01002,0.75,0.25,0.375,0.625
GSE72970,SIG274,8,8,24,8,0.6148,0.6328,0.75,2.058,0.03959,0.04938,1.6184,0.1056,0.625,0.375,0.25,0.75
GSE72970,SIG275,4,4,24,8,0.6148,0.6117,0.3333,0.8371,0.4025,0.07902,2.2292,0.0258,0.5417,0.4583,0.375,0.625
GSE72970,SIG276,12,12,24,8,0.6148,0.6452,0.8333,2.3043,0.02121,0.09234,2.0694,0.0385,0.6667,0.3333,0.25,0.75
GSE72970,SIG277,6,6,24,8,0.6148,0.6799,1,2.8284,0.004678,0.18195,2.9904,0.002786,0.75,0.25,0.25,0.75
GSE72970,SIG278,5,5,24,8,0.6148,0.6017,-0.1667,-0.4185,0.6755,-0.01146,-0.8653,0.3869,0.5417,0.4583,0.625,0.375
GSE72970,SIG279,7,7,24,8,0.6148,0.6414,0.75,2.058,0.03959,0.05102,1.6062,0.1082,0.625,0.375,0.25,0.75
GSE72970,SIG280,4,4,24,8,0.6148,0.6501,0.0833,0.2098,0.8338,0.03644,0.7599,0.4473,0.4167,0.5833,0.375,0.625
GSE72970,SIG281,4,4,24,8,0.6148,0.7084,1,2.8284,0.004678,0.13324,2.186,0.02882,0.75,0.25,0.25,0.75
GSE72970,SIG282,16,16,24,8,0.6148,0.7035,0.25,0.6172,0.5371,0.19462,2.8376,0.004545,0.625,0.375,0.5,0.5
GSE72970,SIG283,10,10,24,8,0.6148,0.6439,0.5,1.3587,0.1742,0.02794,1.3983,0.162,0.5,0.5,0.25,0.75
GSE72970,SIG284,3,3,24,8,0.6148,0.6985,0.9167,2.5603,0.01046,0.08641,1.8045,0.07115,0.7083,0.2917,0.25,0.75
GSE72970,SIG285,9,9,24,8,0.6148,0.6377,0.5833,1.4854,0.1374,0.07556,2.0408,0.04127,0.6667,0.3333,0.375,0.625
GSE72970,SIG286,5,5,24,8,0.6148,0.6414,0.8333,2.6887,0.007174,0.0659,2.7368,0.006204,0.5417,0.4583,0.125,0.875
GSE72970,SIG287,3,3,24,8,0.6148,0.7568,1.25,4.264,2.008e-05,0.3727,5.8218,5.821e-09,0.75,0.25,0.125,0.875
GSE72970,SIG288,5,5,24,8,0.6148,0.6935,0.75,2.058,0.03959,0.1086,2.1992,0.02786,0.625,0.375,0.25,0.75
GSE72970,SIG289,17,16,24,8,0.6148,0.6203,0.3333,0.9097,0.363,0.03998,2.1625,0.03058,0.4167,0.5833,0.25,0.75
GSE72970,SIG290,3,3,24,8,0.6148,0.6588,0,0,1,0.00061,0.0281,0.9776,0.5,0.5,0.5,0.5
GSE72970,SIG291,3,3,24,8,0.6148,0.6501,0.0833,0.2043,0.8381,-0.00693,-0.484,0.6284,0.5417,0.4583,0.5,0.5
GSE72970,SIG292,15,14,24,8,0.6148,0.6303,0.75,2.058,0.03959,0.15115,2.7857,0.005341,0.625,0.375,0.25,0.75
GSE72970,SIG293,7,6,24,8,0.6148,0.6551,0.1667,0.4185,0.6755,0.03193,1.3489,0.1774,0.4583,0.5417,0.375,0.625
GSE72970,SIG294,4,4,24,8,0.6148,0.6464,-0.5833,-1.8906,0.05867,-0.01774,-0.7859,0.4319,0.5833,0.4167,0.875,0.125
GSE72970,SIG295,9,7,24,8,0.6148,0.6439,0.3333,0.8371,0.4025,0.00699,0.4559,0.6485,0.5417,0.4583,0.375,0.625
GSE72970,SIG296,11,11,24,8,0.6148,0.6067,0,0,1,0.0127,0.9914,0.3215,0.5,0.5,0.5,0.5
GSE72970,SIG297,11,11,24,8,0.6148,0.701,1.5,8.4853,0,0.22271,4.7293,2.253e-06,0.75,0.25,0,1
GSE72970,SIG298,9,9,24,8,0.6148,0.6352,0.1667,0.4097,0.682,0.02406,0.7207,0.4711,0.5833,0.4167,0.5,0.5
GSE72970,SIG300,5,5,24,8,0.6148,0.6315,0.5833,1.5869,0.1125,0.02107,1.54,0.1236,0.5417,0.4583,0.25,0.75
GSE72970,SIG301,7,7,24,8,0.6148,0.6948,0.6667,1.7121,0.08688,0.04818,1.1669,0.2433,0.7083,0.2917,0.375,0.625
GSE72970,SIG302,6,6,24,8,0.6148,0.696,0.3333,0.8371,0.4025,0.02343,0.7255,0.4682,0.5417,0.4583,0.375,0.625
GSE72970,SIG303,3,3,24,8,0.6148,0.6725,0.1667,0.4097,0.682,0.06796,1.5294,0.1262,0.5833,0.4167,0.5,0.5
GSE72970,SIG304,4,4,24,8,0.6148,0.6501,0.3333,0.8371,0.4025,0.03353,0.8571,0.3914,0.5417,0.4583,0.375,0.625
GSE72970,SIG305,7,7,24,8,0.6148,0.6402,0.5,1.3587,0.1742,0.07165,2.0339,0.04197,0.5,0.5,0.25,0.75
GSE72970,SIG306,11,11,24,8,0.6148,0.6427,0.5833,1.4854,0.1374,0.07843,2.5778,0.009943,0.6667,0.3333,0.375,0.625
GSE72970,SIG307,13,13,24,8,0.6148,0.6551,0.4167,1.0492,0.2941,0.0632,1.7437,0.08121,0.5833,0.4167,0.375,0.625
GSE72970,SIG308,5,5,24,8,0.6148,0.7208,0.6667,1.7121,0.08688,0.18895,2.7662,0.005672,0.7083,0.2917,0.375,0.625
GSE72970,SIG309,3,3,24,8,0.6148,0.7208,1,2.8284,0.004678,0.16117,2.6198,0.008799,0.75,0.25,0.25,0.75
GSE72970,SIG310,4,4,24,8,0.6148,0.634,0.5,1.2649,0.2059,0.00587,0.2984,0.7654,0.625,0.375,0.375,0.625
GSE72970,SIG311,5,4,24,8,0.6148,0.6452,0.0833,0.2098,0.8338,0.02672,0.7786,0.4362,0.4167,0.5833,0.375,0.625
GSE72970,SIG312,9,9,24,8,0.6148,0.6464,0.5,1.2649,0.2059,0.05607,1.8881,0.05901,0.625,0.375,0.375,0.625
GSE72970,SIG313,3,3,24,8,0.6148,0.598,0.4167,1.0492,0.2941,0.02182,1.4247,0.1542,0.5833,0.4167,0.375,0.625
GSE72970,SIG314,8,7,24,8,0.6148,0.6613,0.6667,1.8194,0.06885,0.09408,1.638,0.1014,0.5833,0.4167,0.25,0.75
GSE72970,SIG315,8,8,24,8,0.6148,0.6117,-0.0833,-0.2043,0.8381,0.00398,0.2909,0.7711,0.4583,0.5417,0.5,0.5
GSE72970,SIG316,10,10,24,8,0.6148,0.6824,0.4167,1.0492,0.2941,0.16967,3.1657,0.001547,0.5833,0.4167,0.375,0.625
GSE72970,SIG317,7,7,24,8,0.6148,0.6266,0.1667,0.4185,0.6755,0.00757,1.3825,0.1668,0.4583,0.5417,0.375,0.625
GSE72970,SIG318,4,4,24,8,0.6148,0.6414,0.6667,1.8194,0.06885,0.05399,1.703,0.08856,0.5833,0.4167,0.25,0.75
GSE72970,SIG319,8,8,24,8,0.6148,0.629,0.0833,0.2043,0.8381,0.01766,1.0827,0.2789,0.5417,0.4583,0.5,0.5
GSE72970,SIG320,8,8,24,8,0.6148,0.665,0.9167,2.971,0.002968,0.08054,2.2341,0.02548,0.5833,0.4167,0.125,0.875
GSE72970,SIG321,3,3,24,8,0.6148,0.6228,0.25,0.6273,0.5305,-0.006,-0.2673,0.7892,0.5,0.5,0.375,0.625
GSE72970,SIG322,7,7,24,8,0.6148,0.6092,-0.9167,-2.971,0.002968,-0.00887,-1.969,0.04896,0.4167,0.5833,0.875,0.125
GSE72970,SIG323,5,5,24,8,0.6148,0.6104,-0.3333,-0.8281,0.4076,0.00091,0.1514,0.8796,0.3333,0.6667,0.5,0.5
GSE72970,SIG324,3,3,24,8,0.6148,0.6725,0.3333,0.8371,0.4025,0.05086,1.4212,0.1552,0.5417,0.4583,0.375,0.625
GSE72970,SIG325,3,3,24,8,0.6148,0.6452,0.5833,1.4854,0.1374,0.0498,1.5265,0.1269,0.6667,0.3333,0.375,0.625
GSE72970,SIG326,9,9,24,8,0.6148,0.6241,1.0833,5.3258,1.005e-07,0.07588,3.0234,0.0025,0.5417,0.4583,0,1
GSE72970,SIG327,3,2,24,8,0.6148,0.6241,0.4167,1.1335,0.257,0.00239,0.5198,0.6032,0.4583,0.5417,0.25,0.75
GSE72970,SIG328,9,9,24,8,0.6148,0.5918,0.1667,0.4097,0.682,0.00893,0.9053,0.3653,0.5833,0.4167,0.5,0.5
GSE72970,SIG329,5,4,24,8,0.6148,0.7407,1,3.266,0.001091,0.20832,3.1019,0.001923,0.625,0.375,0.125,0.875
GSE72970,SIG330,16,16,24,8,0.6148,0.6501,0.3333,0.8371,0.4025,0.05488,1.6128,0.1068,0.5417,0.4583,0.375,0.625
GSE72970,SIG331,4,4,24,8,0.6148,0.6501,0.9167,2.971,0.002968,0.12662,3.0725,0.002122,0.5833,0.4167,0.125,0.875
GSE72970,SIG332,3,3,24,8,0.6148,0.7692,1.25,4.264,2.008e-05,0.38118,4.3587,1.308e-05,0.75,0.25,0.125,0.875
GSE72970,SIG334,4,4,24,8,0.6148,0.6303,0.5833,1.5869,0.1125,0.01934,0.7918,0.4285,0.5417,0.4583,0.25,0.75
GSE72970,SIG335,8,7,24,8,0.6148,0.6352,0.0833,0.2098,0.8338,0.00772,0.3712,0.7105,0.4167,0.5833,0.375,0.625
GSE72970,SIG336,3,3,24,8,0.6148,0.6526,0.9167,2.971,0.002968,0.05652,1.8687,0.06166,0.5833,0.4167,0.125,0.875
GSE72970,SIG337,4,4,24,8,0.6148,0.6179,0.5,1.3587,0.1742,0.01261,0.6351,0.5254,0.5,0.5,0.25,0.75
GSE72970,SIG338,3,3,24,8,0.6148,0.6216,1.0833,5.3258,1.005e-07,0.03518,3.2881,0.001008,0.5417,0.4583,0,1
GSE87211,SIG001,4,4,34,184,0.648,0.6584,0.0173,0.0927,0.9262,0.00256,0.5931,0.5531,0.4706,0.5294,0.462,0.538
GSE87211,SIG002,4,4,34,184,0.648,0.6417,0.2743,1.4902,0.1362,0.01202,2.127,0.03342,0.5882,0.4118,0.4511,0.5489
GSE87211,SIG003,13,12,34,184,0.648,0.6524,-0.0064,-0.0343,0.9726,0.0038,1.0181,0.3086,0.5294,0.4706,0.5326,0.4674
GSE87211,SIG004,9,9,34,184,0.648,0.6564,0.1202,0.6705,0.5025,0.0026,1.0938,0.274,0.6471,0.3529,0.587,0.413
GSE87211,SIG005,6,6,34,184,0.648,0.6434,0.039,0.2094,0.8341,0.00385,0.9774,0.3284,0.4706,0.5294,0.4511,0.5489
GSE87211,SIG006,8,8,34,184,0.648,0.657,0.2289,1.274,0.2026,0.00444,1.1982,0.2308,0.6471,0.3529,0.5326,0.4674
GSE87211,SIG007,15,15,34,184,0.648,0.6479,0.1068,0.5754,0.565,0,-0.0032,0.9974,0.5588,0.4412,0.5054,0.4946
GSE87211,SIG009,6,6,34,184,0.648,0.6714,0.1196,0.6412,0.5214,0.02553,1.9748,0.04829,0.5,0.5,0.4402,0.5598
GSE87211,SIG010,6,6,34,184,0.648,0.6469,0.124,0.6657,0.5056,0.00067,1.1431,0.253,0.5294,0.4706,0.4674,0.5326
GSE87211,SIG011,3,3,34,184,0.648,0.6485,0.0723,0.3973,0.6912,0.00086,0.4492,0.6533,0.6176,0.3824,0.5815,0.4185
GSE87211,SIG012,3,3,34,184,0.648,0.6744,0.2091,1.1351,0.2563,0.00826,1.344,0.179,0.5882,0.4118,0.4837,0.5163
GSE87211,SIG013,9,9,34,184,0.648,0.6462,-0.2679,-1.47,0.1416,0.00033,0.3743,0.7081,0.3824,0.6176,0.5163,0.4837
GSE87211,SIG014,15,15,34,184,0.648,0.6415,0.0563,0.3039,0.7612,0.00944,1.504,0.1326,0.4412,0.5588,0.413,0.587
GSE87211,SIG015,3,3,34,184,0.648,0.6528,-0.0416,-0.2241,0.8227,-0.00236,-0.7959,0.4261,0.4412,0.5588,0.462,0.538
GSE87211,SIG016,57,56,34,184,0.648,0.6497,0.0371,0.199,0.8423,8e-05,0.0202,0.9839,0.5294,0.4706,0.5109,0.4891
GSE87211,SIG018,9,9,34,184,0.648,0.6456,-0.0045,-0.024,0.9808,0.00047,0.1774,0.8592,0.4706,0.5294,0.4728,0.5272
GSE87211,SIG019,12,12,34,184,0.648,0.6827,0.3376,1.8787,0.06029,0.01586,2.4552,0.01408,0.6471,0.3529,0.4783,0.5217
GSE87211,SIG020,5,4,34,184,0.648,0.6579,0.0761,0.4078,0.6834,0.00117,0.407,0.684,0.5,0.5,0.462,0.538
GSE87211,SIG021,10,7,34,184,0.648,0.6461,0.0499,0.2678,0.7889,0.00131,0.5171,0.6051,0.4706,0.5294,0.4457,0.5543
GSE87211,SIG022,4,4,34,184,0.648,0.6498,-0.1918,-1.0526,0.2925,-0.00275,-1.3331,0.1825,0.3824,0.6176,0.4783,0.5217
GSE87211,SIG023,9,9,34,184,0.648,0.6468,-0.0153,-0.0823,0.9344,-6e-05,-0.0899,0.9284,0.4706,0.5294,0.4783,0.5217
GSE87211,SIG024,7,7,34,184,0.648,0.6503,0.1151,0.6189,0.536,0.00051,0.1723,0.8632,0.4706,0.5294,0.413,0.587
GSE87211,SIG025,13,11,34,184,0.648,0.6482,0.1176,0.6339,0.5261,0.00347,0.9404,0.347,0.5588,0.4412,0.5,0.5
GSE87211,SIG026,31,30,34,184,0.648,0.6486,0.0371,0.199,0.8423,0.00086,0.8558,0.3921,0.5294,0.4706,0.5109,0.4891
GSE87211,SIG027,4,4,34,184,0.648,0.6368,-0.1132,-0.6073,0.5437,0.00222,1.1691,0.2424,0.4706,0.5294,0.5272,0.4728
GSE87211,SIG028,4,4,34,184,0.648,0.6502,0.0889,0.4805,0.6309,0.01296,1.2801,0.2005,0.4412,0.5588,0.3967,0.6033
GSE87211,SIG029,5,3,34,184,0.648,0.6596,0.3504,1.9068,0.05655,0.00396,1.0993,0.2716,0.5882,0.4118,0.413,0.587
GSE87211,SIG030,7,7,34,184,0.648,0.6466,0.257,1.4103,0.1584,-0.00069,-0.8673,0.3858,0.6176,0.3824,0.4891,0.5109
GSE87211,SIG031,4,4,34,184,0.648,0.6539,0.085,0.4583,0.6468,0.00174,0.9759,0.3291,0.5588,0.4412,0.5163,0.4837
GSE87211,SIG032,10,10,34,184,0.648,0.6531,0.0499,0.2678,0.7889,0.00591,1.1894,0.2343,0.4706,0.5294,0.4457,0.5543
GSE87211,SIG033,10,10,34,184,0.648,0.66,0.2391,1.2868,0.1982,0.01413,1.3589,0.1742,0.5,0.5,0.3804,0.6196
GSE87211,SIG034,14,13,34,184,0.648,0.656,0.1873,1.017,0.3091,0.00512,0.9673,0.3334,0.5882,0.4118,0.4946,0.5054
GSE87211,SIG035,3,2,34,184,0.648,0.6502,0.0173,0.0927,0.9262,6e-05,0.0461,0.9632,0.4706,0.5294,0.462,0.538
GSE87211,SIG036,13,11,34,184,0.648,0.6541,0.085,0.4583,0.6468,0.00087,0.4317,0.666,0.5588,0.4412,0.5163,0.4837
GSE87211,SIG037,14,14,34,184,0.648,0.6504,0.0281,0.151,0.88,0.00492,0.9214,0.3568,0.4706,0.5294,0.4565,0.5435
GSE87211,SIG038,3,3,34,184,0.648,0.6685,0.1873,1.017,0.3091,0.01419,1.7002,0.08909,0.5882,0.4118,0.4946,0.5054
GSE87211,SIG039,14,14,34,184,0.648,0.6525,0.0633,0.3412,0.733,0.00145,0.7028,0.4822,0.5588,0.4412,0.5272,0.4728
GSE87211,SIG040,15,13,34,184,0.648,0.6699,0.2238,1.2081,0.227,0.0162,1.1495,0.2504,0.4706,0.5294,0.3587,0.6413
GSE87211,SIG041,10,10,34,184,0.648,0.6442,-0.094,-0.5165,0.6055,0.00451,0.9246,0.3552,0.3824,0.6176,0.4293,0.5707
GSE87211,SIG042,8,6,34,184,0.648,0.6633,0.3024,1.6341,0.1022,0.00885,1.2376,0.2159,0.5588,0.4412,0.4076,0.5924
GSE87211,SIG043,14,14,34,184,0.648,0.6588,0.1176,0.6339,0.5261,0.00024,0.0641,0.9489,0.5588,0.4412,0.5,0.5
GSE87211,SIG044,3,3,34,184,0.648,0.656,0.0543,0.2912,0.7709,0.00087,0.2437,0.8075,0.5,0.5,0.4728,0.5272
GSE87211,SIG045,6,6,34,184,0.648,0.649,-0.0045,-0.024,0.9808,0.00095,0.4115,0.6807,0.4706,0.5294,0.4728,0.5272
GSE87211,SIG046,5,5,34,184,0.648,0.6439,0.0518,0.2823,0.7777,0.00203,1.1829,0.2369,0.4118,0.5882,0.3859,0.6141
GSE87211,SIG047,4,4,34,184,0.648,0.6598,0.124,0.6657,0.5056,0.00031,0.1162,0.9075,0.5294,0.4706,0.4674,0.5326
GSE87211,SIG048,11,11,34,184,0.648,0.6435,0.3939,2.1463,0.03185,0.00513,1.6485,0.09926,0.5882,0.4118,0.3913,0.6087
GSE87211,SIG049,14,14,34,184,0.648,0.6613,0.2372,1.2797,0.2007,0.01911,2.1085,0.03499,0.5588,0.4412,0.4402,0.5598
GSE87211,SIG050,6,5,34,184,0.648,0.65,-0.0569,-0.3093,0.7571,0.00141,0.5643,0.5726,0.4118,0.5882,0.4402,0.5598
GSE87211,SIG051,7,7,34,184,0.648,0.6656,0.2027,1.1122,0.2661,0.01352,1.8987,0.0576,0.6176,0.3824,0.5163,0.4837
GSE87211,SIG052,20,19,34,184,0.648,0.6427,0.1829,0.9857,0.3243,0.00241,1.0994,0.2716,0.5588,0.4412,0.4674,0.5326
GSE87211,SIG053,11,10,34,184,0.648,0.6629,0.085,0.4583,0.6468,0.0123,1.318,0.1875,0.5588,0.4412,0.5163,0.4837
GSE87211,SIG054,46,44,34,184,0.648,0.6474,0.0371,0.199,0.8423,1e-05,0.124,0.9013,0.5294,0.4706,0.5109,0.4891
GSE87211,SIG055,21,20,34,184,0.648,0.6713,0.3721,2.0264,0.04272,0.00336,0.5303,0.5959,0.5882,0.4118,0.4022,0.5978
GSE87211,SIG056,7,6,34,184,0.648,0.6467,0.1937,1.0444,0.2963,0.00099,0.7138,0.4753,0.5588,0.4412,0.462,0.538
GSE87211,SIG057,8,8,34,184,0.648,0.6615,0.4399,2.4928,0.01268,0.01775,2.1446,0.03198,0.6765,0.3235,0.4565,0.5435
GSE87211,SIG058,24,22,34,184,0.648,0.663,0.0652,0.3495,0.7267,0.00781,1.1266,0.2599,0.5,0.5,0.4674,0.5326
GSE87211,SIG059,14,12,34,184,0.648,0.6452,-0.2289,-1.274,0.2026,0.00331,0.769,0.4419,0.3529,0.6471,0.4674,0.5326
GSE87211,SIG060,7,5,34,184,0.648,0.6644,0.2244,1.2314,0.2182,0.00166,0.6151,0.5385,0.6176,0.3824,0.5054,0.4946
GSE87211,SIG062,43,41,34,184,0.648,0.648,0.1349,0.7241,0.469,0.00562,1.1592,0.2464,0.5294,0.4706,0.462,0.538
GSE87211,SIG063,19,18,34,184,0.648,0.6519,0.0019,0.0103,0.9917,0.00057,0.2068,0.8362,0.4412,0.5588,0.4402,0.5598
GSE87211,SIG064,3,3,34,184,0.648,0.6691,0.2807,1.5157,0.1296,0.02156,1.5425,0.1229,0.5588,0.4412,0.4185,0.5815
GSE87211,SIG065,5,5,34,184,0.648,0.65,0.0019,0.0103,0.9917,-0.00026,-0.6529,0.5138,0.4412,0.5588,0.4402,0.5598
GSE87211,SIG066,11,11,34,184,0.648,0.6567,-0.0217,-0.1165,0.9073,0.00525,0.963,0.3355,0.5,0.5,0.5109,0.4891
GSE87211,SIG067,5,5,34,184,0.648,0.6478,0.1023,0.5489,0.5831,-4e-05,-0.7287,0.4662,0.5294,0.4706,0.4783,0.5217
GSE87211,SIG068,5,4,34,184,0.648,0.6729,0.1611,0.8684,0.3852,0.0015,0.2629,0.7926,0.5588,0.4412,0.4783,0.5217
GSE87211,SIG069,7,7,34,184,0.648,0.6487,0.0959,0.5168,0.6053,0.00128,0.7265,0.4675,0.5588,0.4412,0.5109,0.4891
GSE87211,SIG070,3,3,34,184,0.648,0.648,-0.0895,-0.4862,0.6268,0.00487,1.3659,0.172,0.4118,0.5882,0.4565,0.5435
GSE87211,SIG071,13,13,34,184,0.648,0.6531,0.0371,0.199,0.8423,-2e-04,-0.2552,0.7986,0.5294,0.4706,0.5109,0.4891
GSE87211,SIG072,15,15,34,184,0.648,0.6443,-0.048,-0.2573,0.797,0.00059,0.298,0.7657,0.4706,0.5294,0.4946,0.5054
GSE87211,SIG073,16,16,34,184,0.648,0.6516,-0.0153,-0.0823,0.9344,-0.00153,-0.43,0.6672,0.4706,0.5294,0.4783,0.5217
GSE87211,SIG074,11,11,34,184,0.648,0.6506,0.1982,1.0761,0.2819,0.00626,1.5728,0.1158,0.5882,0.4118,0.4891,0.5109
GSE87211,SIG075,14,13,34,184,0.648,0.6651,0.1132,0.6073,0.5437,0.01425,2.2173,0.0266,0.5294,0.4706,0.4728,0.5272
GSE87211,SIG076,9,8,34,184,0.648,0.6613,0.0806,0.4322,0.6656,0.00118,0.4121,0.6803,0.5294,0.4706,0.4891,0.5109
GSE87211,SIG077,7,7,34,184,0.648,0.6518,0.0588,0.3156,0.7523,0.00491,0.9898,0.3223,0.5294,0.4706,0.5,0.5
GSE87211,SIG078,6,6,34,184,0.648,0.6483,-0.0499,-0.2678,0.7889,-2e-05,-0.0641,0.9489,0.5294,0.4706,0.5543,0.4457
GSE87211,SIG079,5,5,34,184,0.648,0.6477,0.0064,0.0343,0.9726,-0.00038,-0.6649,0.5061,0.4706,0.5294,0.4674,0.5326
GSE87211,SIG080,8,8,34,184,0.648,0.6475,0.0914,0.4906,0.6237,0.0015,0.3488,0.7273,0.5294,0.4706,0.4837,0.5163
GSE87211,SIG081,5,5,34,184,0.648,0.6606,0.0371,0.199,0.8423,0.00054,0.1331,0.8941,0.5294,0.4706,0.5109,0.4891
GSE87211,SIG082,6,6,34,184,0.648,0.6603,0.1349,0.7241,0.469,0.00405,1.0395,0.2986,0.5294,0.4706,0.462,0.538
GSE87211,SIG083,17,16,34,184,0.648,0.6421,0.1304,0.6997,0.4841,0.00246,0.8431,0.3992,0.5,0.5,0.4348,0.5652
GSE87211,SIG084,15,15,34,184,0.648,0.663,0.1541,0.8352,0.4036,0.00546,0.5624,0.5738,0.4412,0.5588,0.3641,0.6359
GSE87211,SIG085,7,7,34,184,0.648,0.6458,0.2634,1.431,0.1524,0.02454,2.2389,0.02516,0.5882,0.4118,0.4565,0.5435
GSE87211,SIG086,5,5,34,184,0.648,0.6715,0.4942,2.8038,0.005051,0.00762,1.1532,0.2488,0.6765,0.3235,0.4293,0.5707
GSE87211,SIG087,5,5,34,184,0.648,0.6434,-0.0524,-0.2826,0.7775,0.00148,0.8128,0.4164,0.4412,0.5588,0.4674,0.5326
GSE87211,SIG088,6,6,34,184,0.648,0.644,0.0454,0.2451,0.8064,0.00228,0.677,0.4984,0.4412,0.5588,0.4185,0.5815
GSE87211,SIG089,5,5,34,184,0.648,0.6465,-0.046,-0.2503,0.8024,0.00308,0.6248,0.5321,0.4118,0.5882,0.4348,0.5652
GSE87211,SIG090,4,4,34,184,0.648,0.6425,0.0326,0.1747,0.8613,0.00792,1.0815,0.2795,0.5,0.5,0.4837,0.5163
GSE87211,SIG091,7,7,34,184,0.648,0.6674,0.1848,0.9925,0.3209,0.03775,2.326,0.02002,0.5,0.5,0.4076,0.5924
GSE87211,SIG093,9,9,34,184,0.648,0.6419,0.0825,0.4432,0.6576,0.00686,1.0771,0.2814,0.4706,0.5294,0.4293,0.5707
GSE87211,SIG094,3,3,34,184,0.648,0.6499,0.1873,1.017,0.3091,0.00034,0.1772,0.8594,0.5882,0.4118,0.4946,0.5054
GSE87211,SIG095,18,18,34,184,0.648,0.6671,0.298,1.6057,0.1083,0.03107,1.9665,0.04924,0.5294,0.4706,0.3804,0.6196
GSE87211,SIG096,11,11,34,184,0.648,0.6516,0.1547,0.84,0.4009,0.00268,1.5686,0.1167,0.5882,0.4118,0.5109,0.4891
GSE87211,SIG097,14,14,34,184,0.648,0.6484,0.039,0.2094,0.8341,0.00322,0.6334,0.5265,0.4706,0.5294,0.4511,0.5489
GSE87211,SIG098,5,5,34,184,0.648,0.6442,0.0543,0.2912,0.7709,0.00326,1.4972,0.1343,0.5,0.5,0.4728,0.5272
GSE87211,SIG099,11,11,34,184,0.648,0.6477,0.0563,0.3039,0.7612,0.02228,1.7426,0.0814,0.4412,0.5588,0.413,0.587
GSE87211,SIG101,10,8,34,184,0.648,0.649,0.2481,1.3386,0.1807,0.01727,1.6739,0.09415,0.5588,0.4412,0.4348,0.5652
GSE87211,SIG102,4,4,34,184,0.648,0.6628,0.4271,2.5379,0.01115,0.00775,1.3573,0.1747,0.7353,0.2647,0.5217,0.4783
GSE87211,SIG107,15,15,34,184,0.648,0.6441,0.1694,0.9127,0.3614,0.00073,0.7695,0.4416,0.4706,0.5294,0.3859,0.6141
GSE87211,SIG108,15,13,34,184,0.648,0.6475,-0.085,-0.4583,0.6468,-0.00019,-0.3107,0.756,0.4412,0.5588,0.4837,0.5163
GSE87211,SIG109,7,7,34,184,0.648,0.6732,0.085,0.4583,0.6468,-0.0022,-0.3774,0.7058,0.5588,0.4412,0.5163,0.4837
GSE87211,SIG110,9,9,34,184,0.648,0.6388,0.0435,0.2329,0.8158,0.0047,0.7858,0.432,0.5,0.5,0.4783,0.5217
GSE87211,SIG111,13,12,34,184,0.648,0.6426,0.0997,0.5395,0.5895,0.00774,1.374,0.1694,0.4412,0.5588,0.3913,0.6087
GSE87211,SIG112,4,4,34,184,0.648,0.6441,0.1368,0.7363,0.4616,0.0051,0.6045,0.5455,0.4706,0.5294,0.4022,0.5978
GSE87211,SIG113,10,10,34,184,0.648,0.6475,0.1413,0.7581,0.4484,0.00076,0.2137,0.8308,0.5,0.5,0.4293,0.5707
GSE87211,SIG114,20,14,34,184,0.648,0.6811,0.3504,1.9068,0.05655,0.02765,2.1381,0.03251,0.5882,0.4118,0.413,0.587
GSE87211,SIG115,4,4,34,184,0.648,0.6685,0.1566,0.841,0.4003,-0.0049,-1.2226,0.2215,0.5294,0.4706,0.4511,0.5489
GSE87211,SIG116,5,5,34,184,0.648,0.6535,0.0825,0.4432,0.6576,0.01383,1.3112,0.1898,0.4706,0.5294,0.4293,0.5707
GSE87211,SIG117,4,4,34,184,0.648,0.6482,0.1937,1.0444,0.2963,6e-04,0.3236,0.7463,0.5588,0.4412,0.462,0.538
GSE87211,SIG118,15,14,34,184,0.648,0.6523,0.0045,0.024,0.9808,-0.00023,-0.3378,0.7355,0.5294,0.4706,0.5272,0.4728
GSE87211,SIG119,10,10,34,184,0.648,0.6443,0.0607,0.3262,0.7442,0.00094,0.3384,0.735,0.4706,0.5294,0.4402,0.5598
GSE87211,SIG120,4,3,34,184,0.648,0.6549,0.1701,0.9335,0.3506,0.00477,1.0842,0.2783,0.6176,0.3824,0.5326,0.4674
GSE87211,SIG121,6,6,34,184,0.648,0.6497,0.2481,1.3386,0.1807,0.0014,1.0464,0.2954,0.5588,0.4412,0.4348,0.5652
GSE87211,SIG122,8,8,34,184,0.648,0.6465,0.0173,0.0927,0.9262,0.00022,0.5462,0.5849,0.4706,0.5294,0.462,0.538
GSE87211,SIG124,4,4,34,184,0.648,0.6622,0.2219,1.1928,0.233,0.01311,2.2832,0.02242,0.5294,0.4706,0.4185,0.5815
GSE87211,SIG125,4,3,34,184,0.648,0.6476,0.0371,0.199,0.8423,0.00371,0.8753,0.3814,0.5294,0.4706,0.5109,0.4891
GSE87211,SIG126,4,4,34,184,0.648,0.6682,0.429,2.4308,0.01507,0.00843,1.2836,0.1993,0.6765,0.3235,0.462,0.538
GSE87211,SIG127,6,6,34,184,0.648,0.6473,0.126,0.6776,0.4981,-6e-05,-0.0217,0.9827,0.4706,0.5294,0.4076,0.5924
GSE87211,SIG128,11,11,34,184,0.648,0.6467,-0.1004,-0.5452,0.5856,-2e-05,-0.0509,0.9594,0.4118,0.5882,0.462,0.538
GSE87211,SIG129,9,9,34,184,0.648,0.6508,0.1196,0.6412,0.5214,0.01062,1.5539,0.1202,0.5,0.5,0.4402,0.5598
GSE87211,SIG130,9,9,34,184,0.648,0.6547,0.3043,1.6423,0.1005,0.01112,1.0677,0.2856,0.5,0.5,0.3478,0.6522
GSE87211,SIG132,5,4,34,184,0.648,0.649,0.0978,0.5244,0.6,5e-05,0.0424,0.9662,0.5,0.5,0.4511,0.5489
GSE87211,SIG133,5,5,34,184,0.648,0.678,0.2091,1.1351,0.2563,0.00388,0.6964,0.4862,0.5882,0.4118,0.4837,0.5163
GSE87211,SIG134,8,8,34,184,0.648,0.6448,0.211,1.134,0.2568,0.00159,0.8676,0.3856,0.5294,0.4706,0.4239,0.5761
GSE87211,SIG135,3,2,34,184,0.648,0.6511,0.0371,0.199,0.8423,0.00048,0.177,0.8595,0.5294,0.4706,0.5109,0.4891
GSE87211,SIG136,9,9,34,184,0.648,0.654,-0.0697,-0.3739,0.7085,0.00168,0.5608,0.5749,0.4706,0.5294,0.5054,0.4946
GSE87211,SIG138,5,5,34,184,0.648,0.643,0.0416,0.2241,0.8227,0.00081,0.5276,0.5977,0.5588,0.4412,0.538,0.462
GSE87211,SIG139,4,4,34,184,0.648,0.6485,0.0173,0.0927,0.9262,0.00027,0.7537,0.451,0.4706,0.5294,0.462,0.538
GSE87211,SIG140,6,6,34,184,0.648,0.6491,0.25,1.3458,0.1784,-0.00017,-0.2548,0.7989,0.5,0.5,0.375,0.625
GSE87211,SIG141,7,7,34,184,0.648,0.6458,0.1176,0.6339,0.5261,0.0027,1.2706,0.2039,0.5588,0.4412,0.5,0.5
GSE87211,SIG142,12,12,34,184,0.648,0.6551,0.172,0.927,0.3539,0.00135,0.342,0.7324,0.5588,0.4412,0.4728,0.5272
GSE87211,SIG143,6,6,34,184,0.648,0.6898,0.3939,2.1463,0.03185,0.01827,1.5748,0.1153,0.5882,0.4118,0.3913,0.6087
GSE87211,SIG144,3,3,34,184,0.648,0.6804,0.2852,1.5496,0.1212,0.02097,2.6854,0.007244,0.5882,0.4118,0.4457,0.5543
GSE87211,SIG145,12,12,34,184,0.648,0.6513,0.124,0.6657,0.5056,-0.00023,-0.149,0.8815,0.5294,0.4706,0.4674,0.5326
GSE87211,SIG146,3,3,34,184,0.648,0.6478,0.085,0.4583,0.6468,-0.00012,-0.1248,0.9007,0.5588,0.4412,0.5163,0.4837
GSE87211,SIG147,3,3,34,184,0.648,0.6699,0.3286,1.7875,0.07386,0.01251,2.0603,0.03937,0.5882,0.4118,0.4239,0.5761
GSE87211,SIG148,8,7,34,184,0.648,0.6486,-0.2896,-1.5896,0.1119,4e-05,0.1751,0.861,0.3824,0.6176,0.5272,0.4728
GSE87211,SIG149,8,8,34,184,0.648,0.6413,-0.0524,-0.2826,0.7775,0.00035,0.3087,0.7576,0.4412,0.5588,0.4674,0.5326
GSE87211,SIG150,10,10,34,184,0.648,0.6657,0.259,1.3976,0.1622,0.00863,1.2965,0.1948,0.5588,0.4412,0.4293,0.5707
GSE87211,SIG151,8,8,34,184,0.648,0.649,-0.0371,-0.199,0.8423,0.0013,0.2858,0.775,0.4706,0.5294,0.4891,0.5109
GSE87211,SIG152,8,8,34,184,0.648,0.6566,0.1176,0.6339,0.5261,0.00151,0.4641,0.6426,0.5588,0.4412,0.5,0.5
GSE87211,SIG153,8,8,34,184,0.648,0.658,0.1611,0.8684,0.3852,0.00923,1.678,0.09334,0.5588,0.4412,0.4783,0.5217
GSE87211,SIG154,3,3,34,184,0.648,0.6492,-0.0563,-0.3039,0.7612,0.00013,0.4555,0.6488,0.5588,0.4412,0.587,0.413
GSE87211,SIG155,9,9,34,184,0.648,0.6478,0.1477,0.795,0.4266,0.00321,0.8728,0.3828,0.4706,0.5294,0.3967,0.6033
GSE87211,SIG156,5,5,34,184,0.648,0.6592,0.1848,0.9925,0.3209,0.00955,1.1828,0.2369,0.5,0.5,0.4076,0.5924
GSE87211,SIG157,5,5,34,184,0.648,0.6468,-0.0109,-0.0582,0.9536,0.00439,1.2883,0.1976,0.5,0.5,0.5054,0.4946
GSE87211,SIG159,6,6,34,184,0.648,0.6494,0.1829,0.9857,0.3243,0.00017,0.3118,0.7552,0.5588,0.4412,0.4674,0.5326
GSE87211,SIG161,4,4,34,184,0.648,0.6471,0.2116,1.2006,0.2299,8e-05,0.1139,0.9093,0.6765,0.3235,0.5707,0.4293
GSE87211,SIG163,4,4,34,184,0.648,0.6473,-0.0224,-0.1253,0.9003,0.00368,0.5048,0.6137,0.3529,0.6471,0.3641,0.6359
GSE87211,SIG164,4,4,34,184,0.648,0.6603,-0.0307,-0.1655,0.8686,-0.00037,-0.0851,0.9322,0.4412,0.5588,0.4565,0.5435
GSE87211,SIG165,5,5,34,184,0.648,0.65,-0.0435,-0.2329,0.8158,0.00405,0.9906,0.3219,0.5,0.5,0.5217,0.4783
GSE87211,SIG166,3,3,34,184,0.648,0.6463,-0.0569,-0.3093,0.7571,0.00223,0.4174,0.6764,0.4118,0.5882,0.4402,0.5598
GSE87211,SIG167,3,3,34,184,0.648,0.6365,-0.1528,-0.8517,0.3944,-0.00151,-0.5827,0.5601,0.3529,0.6471,0.4293,0.5707
GSE87211,SIG168,9,9,34,184,0.648,0.6566,0.1477,0.795,0.4266,0.00813,0.8363,0.403,0.4706,0.5294,0.3967,0.6033
GSE87211,SIG169,8,8,34,184,0.648,0.6534,0.087,0.4661,0.6411,-0.00016,-0.0744,0.9407,0.5,0.5,0.4565,0.5435
GSE87211,SIG170,6,6,34,184,0.648,0.6622,-0.0569,-0.3093,0.7571,0.00122,0.1541,0.8775,0.4118,0.5882,0.4402,0.5598
GSE87211,SIG171,4,4,34,184,0.648,0.6533,-0.0301,-0.1637,0.87,0.00041,0.1426,0.8866,0.5882,0.4118,0.6033,0.3967
GSE87211,SIG172,6,6,34,184,0.648,0.6466,-0.0588,-0.3156,0.7523,0.00059,0.3637,0.7161,0.4706,0.5294,0.5,0.5
GSE87211,SIG173,5,5,34,184,0.648,0.6394,-0.0307,-0.1655,0.8686,0.00498,1.1164,0.2642,0.4412,0.5588,0.4565,0.5435
GSE87211,SIG175,6,5,34,184,0.648,0.65,-0.0217,-0.1165,0.9073,-0.00075,-0.1703,0.8648,0.5,0.5,0.5109,0.4891
GSE87211,SIG176,8,8,34,184,0.648,0.6434,-0.0524,-0.2826,0.7775,0.00046,0.4088,0.6827,0.4412,0.5588,0.4674,0.5326
GSE87211,SIG177,14,14,34,184,0.648,0.6498,-0.009,-0.0483,0.9615,0.00273,0.8288,0.4072,0.4412,0.5588,0.4457,0.5543
GSE87211,SIG178,3,3,34,184,0.648,0.6478,-0.0019,-0.0103,0.9917,-0.00014,-1.3435,0.1791,0.5588,0.4412,0.5598,0.4402
GSE87211,SIG179,12,12,34,184,0.648,0.6515,-0.0914,-0.4906,0.6237,0.00044,0.1955,0.845,0.4706,0.5294,0.5163,0.4837
GSE87211,SIG180,5,5,34,184,0.648,0.6491,-0.0371,-0.199,0.8423,0.00081,1.0879,0.2766,0.4706,0.5294,0.4891,0.5109
GSE87211,SIG181,5,5,34,184,0.648,0.6562,0.2896,1.5896,0.1119,0.00675,1.5143,0.13,0.6176,0.3824,0.4728,0.5272
GSE87211,SIG182,3,3,34,184,0.648,0.6461,0.1937,1.0444,0.2963,0.00236,1.5123,0.1305,0.5588,0.4412,0.462,0.538
GSE87211,SIG183,4,4,34,184,0.648,0.6489,-0.1918,-1.0526,0.2925,0.00173,1.1463,0.2517,0.3824,0.6176,0.4783,0.5217
GSE87211,SIG184,3,3,34,184,0.648,0.6437,0.1042,0.5603,0.5753,0.00113,0.6624,0.5077,0.4706,0.5294,0.4185,0.5815
GSE87211,SIG185,22,21,34,184,0.648,0.6488,0.1176,0.6339,0.5261,1e-05,0.1434,0.886,0.5588,0.4412,0.5,0.5
GSE87211,SIG186,19,19,34,184,0.648,0.6486,0.1304,0.6997,0.4841,0.00043,0.1874,0.8513,0.5,0.5,0.4348,0.5652
GSE87211,SIG187,4,4,34,184,0.648,0.6446,-0.0371,-0.199,0.8423,0.00524,1.5987,0.1099,0.4706,0.5294,0.4891,0.5109
GSE87211,SIG188,6,6,34,184,0.648,0.6602,0.2436,1.3104,0.1901,0.0033,0.5775,0.5636,0.5294,0.4706,0.4076,0.5924
GSE87211,SIG189,6,5,34,184,0.648,0.6655,0.3306,1.7837,0.07447,0.01166,1.0675,0.2857,0.5294,0.4706,0.3641,0.6359
GSE87211,SIG190,7,7,34,184,0.648,0.6602,0.1477,0.795,0.4266,0.0021,0.6816,0.4955,0.4706,0.5294,0.3967,0.6033
GSE87211,SIG191,3,2,34,184,0.648,0.6486,0.1132,0.6073,0.5437,0.00683,0.9659,0.3341,0.5294,0.4706,0.4728,0.5272
GSE87211,SIG192,3,3,34,184,0.648,0.6433,0.0978,0.5244,0.6,0.00103,1.7185,0.08571,0.5,0.5,0.4511,0.5489
GSE87211,SIG193,7,6,34,184,0.648,0.6708,0.1023,0.5489,0.5831,0.00154,0.3027,0.7621,0.5294,0.4706,0.4783,0.5217
GSE87211,SIG194,6,6,34,184,0.648,0.6611,0.0064,0.0343,0.9726,0.00494,0.8132,0.4161,0.4706,0.5294,0.4674,0.5326
GSE87211,SIG195,12,12,34,184,0.648,0.658,0.3024,1.6341,0.1022,0.01843,1.4775,0.1395,0.5588,0.4412,0.4076,0.5924
GSE87211,SIG196,4,4,34,184,0.648,0.6487,0.0217,0.1165,0.9073,0,-0.0127,0.9899,0.5,0.5,0.4891,0.5109
GSE87211,SIG197,4,3,34,184,0.648,0.6407,0.0761,0.4078,0.6834,0.0055,1.2209,0.2221,0.5,0.5,0.462,0.538
GSE87211,SIG198,3,3,34,184,0.648,0.6561,0.0697,0.3739,0.7085,0.00157,0.7603,0.4471,0.5294,0.4706,0.4946,0.5054
GSE87211,SIG199,5,5,34,184,0.648,0.6517,0.1893,1.0167,0.3093,0.00429,0.9979,0.3183,0.5294,0.4706,0.4348,0.5652
GSE87211,SIG200,3,3,34,184,0.648,0.6508,0.0761,0.4078,0.6834,0.0111,1.4212,0.1553,0.5,0.5,0.462,0.538
GSE87211,SIG201,4,4,34,184,0.648,0.6558,0.2046,1.1032,0.27,0.00596,1.3168,0.1879,0.5588,0.4412,0.4565,0.5435
GSE87211,SIG202,29,29,34,184,0.648,0.652,0.1893,1.0167,0.3093,0.00779,0.9185,0.3584,0.5294,0.4706,0.4348,0.5652
GSE87211,SIG203,5,5,34,184,0.648,0.6626,0.087,0.4661,0.6411,0.01015,1.3649,0.1723,0.5,0.5,0.4565,0.5435
GSE87211,SIG204,3,3,34,184,0.648,0.6552,0.0262,0.1406,0.8881,0.00032,0.0962,0.9234,0.5294,0.4706,0.5163,0.4837
GSE87211,SIG205,7,7,34,184,0.648,0.6447,-0.0326,-0.1747,0.8613,0.00127,0.425,0.6708,0.5,0.5,0.5163,0.4837
GSE87211,SIG206,11,11,34,184,0.648,0.6443,0.1023,0.5489,0.5831,0.00128,0.7641,0.4448,0.5294,0.4706,0.4783,0.5217
GSE87211,SIG207,13,13,34,184,0.648,0.6539,0.1592,0.8739,0.3822,0.00134,0.5402,0.5891,0.6176,0.3824,0.538,0.462
GSE87211,SIG208,7,7,34,184,0.648,0.6558,0.2174,1.1689,0.2425,0.01847,1.6019,0.1092,0.5,0.5,0.3913,0.6087
GSE87211,SIG209,5,5,34,184,0.648,0.647,0.2462,1.3506,0.1768,0.00044,0.5547,0.5791,0.6176,0.3824,0.4946,0.5054
GSE87211,SIG210,13,13,34,184,0.648,0.6549,-0.0614,-0.3376,0.7357,0.01081,1.2237,0.2211,0.3824,0.6176,0.413,0.587
GSE87211,SIG211,4,4,34,184,0.648,0.65,0.0128,0.069,0.945,0.00448,0.9276,0.3536,0.4412,0.5588,0.4348,0.5652
GSE87211,SIG212,3,3,34,184,0.648,0.6627,-0.0064,-0.0343,0.9726,-0.00133,-0.2429,0.8081,0.5294,0.4706,0.5326,0.4674
GSE87211,SIG213,5,5,34,184,0.648,0.652,-0.0761,-0.4078,0.6834,0.0024,0.9045,0.3658,0.5,0.5,0.538,0.462
GSE87211,SIG214,5,5,34,184,0.648,0.6492,0.0652,0.3495,0.7267,8e-05,0.105,0.9164,0.5,0.5,0.4674,0.5326
GSE87211,SIG215,4,4,34,184,0.648,0.6493,0.124,0.6657,0.5056,6e-05,0.1483,0.8821,0.5294,0.4706,0.4674,0.5326
GSE87211,SIG216,4,4,34,184,0.648,0.6759,0.3114,1.7093,0.0874,0.02092,2.0752,0.03797,0.6176,0.3824,0.462,0.538
GSE87211,SIG217,8,8,34,184,0.648,0.6449,0.0435,0.2329,0.8158,0.00472,1.3388,0.1806,0.5,0.5,0.4783,0.5217
GSE87211,SIG218,4,4,34,184,0.648,0.6474,-0.0262,-0.1406,0.8881,0.00036,0.2453,0.8062,0.4706,0.5294,0.4837,0.5163
GSE87211,SIG219,8,7,34,184,0.648,0.64,0.087,0.4661,0.6411,0.00174,0.4478,0.6543,0.5,0.5,0.4565,0.5435
GSE87211,SIG220,7,7,34,184,0.648,0.659,-0.0026,-0.0139,0.9889,0.00391,0.6387,0.523,0.4118,0.5882,0.413,0.587
GSE87211,SIG221,4,4,34,184,0.648,0.655,0.1701,0.9335,0.3506,0.00195,0.5446,0.586,0.6176,0.3824,0.5326,0.4674
GSE87211,SIG222,3,3,34,184,0.648,0.6494,0.0198,0.1069,0.9149,-0.00023,-0.1426,0.8866,0.5588,0.4412,0.5489,0.4511
GSE87211,SIG223,4,4,34,184,0.648,0.6536,0.0588,0.3156,0.7523,0.0042,1.761,0.07824,0.5294,0.4706,0.5,0.5
GSE87211,SIG224,3,3,34,184,0.648,0.6663,0.335,1.8121,0.06996,0.03052,1.8787,0.06029,0.5588,0.4412,0.3913,0.6087
GSE87211,SIG225,5,5,34,184,0.648,0.6525,0.1087,0.5828,0.56,0.00106,0.9655,0.3343,0.5,0.5,0.4457,0.5543
GSE87211,SIG226,5,5,34,184,0.648,0.6653,0.2327,1.2516,0.2107,0.00686,0.8741,0.3821,0.5294,0.4706,0.413,0.587
GSE87211,SIG227,8,8,34,184,0.648,0.6591,0.0153,0.0823,0.9344,0.00101,0.3755,0.7073,0.5294,0.4706,0.5217,0.4783
GSE87211,SIG228,6,6,34,184,0.648,0.6658,0.1132,0.6073,0.5437,0.01988,1.8004,0.0718,0.5294,0.4706,0.4728,0.5272
GSE87211,SIG229,4,4,34,184,0.648,0.6508,0.1611,0.8684,0.3852,5e-04,0.2128,0.8314,0.5588,0.4412,0.4783,0.5217
GSE87211,SIG230,16,15,34,184,0.648,0.6517,-0.0435,-0.2329,0.8158,-0.00056,-0.3073,0.7586,0.5,0.5,0.5217,0.4783
GSE87211,SIG231,3,3,34,184,0.648,0.6434,-0.0416,-0.2241,0.8227,0.00058,0.1886,0.8504,0.4412,0.5588,0.462,0.538
GSE87211,SIG232,7,7,34,184,0.648,0.6441,0.0435,0.2329,0.8158,0.00106,0.398,0.6907,0.5,0.5,0.4783,0.5217
GSE87211,SIG233,10,10,34,184,0.648,0.65,0.0505,0.2779,0.7811,0.00213,0.6143,0.539,0.6176,0.3824,0.5924,0.4076
GSE87211,SIG234,13,12,34,184,0.648,0.6483,-0.0569,-0.3093,0.7571,0,-0.0189,0.9849,0.4118,0.5882,0.4402,0.5598
GSE87211,SIG235,6,6,34,184,0.648,0.6634,0.3529,1.9987,0.04564,0.01446,2.3225,0.02021,0.6765,0.3235,0.5,0.5
GSE87211,SIG236,5,5,34,184,0.648,0.6385,-0.2398,-1.3344,0.1821,0.00108,0.2415,0.8092,0.3529,0.6471,0.4728,0.5272
GSE87211,SIG237,6,5,34,184,0.648,0.6456,0.1394,0.7511,0.4526,-1e-04,-0.0378,0.9698,0.5588,0.4412,0.4891,0.5109
GSE87211,SIG238,6,6,34,184,0.648,0.6474,0.0217,0.1165,0.9073,-3e-05,-0.1091,0.9131,0.5,0.5,0.4891,0.5109
GSE87211,SIG239,7,7,34,184,0.648,0.6463,0.1829,0.9857,0.3243,0.00774,1.3861,0.1657,0.5588,0.4412,0.4674,0.5326
GSE87211,SIG240,6,6,34,184,0.648,0.6466,-0.1349,-0.7241,0.469,0.00051,0.8793,0.3792,0.4706,0.5294,0.538,0.462
GSE87211,SIG241,4,4,34,184,0.648,0.6473,0.2877,1.63,0.1031,0.00046,1.4601,0.1443,0.6765,0.3235,0.5326,0.4674
GSE87211,SIG242,6,6,34,184,0.648,0.6508,0.1848,0.9925,0.3209,0.00155,0.4543,0.6496,0.5,0.5,0.4076,0.5924
GSE87211,SIG243,8,8,34,184,0.648,0.6621,0.3613,1.9666,0.04923,0.01319,1.5158,0.1296,0.5882,0.4118,0.4076,0.5924
GSE87211,SIG244,13,11,34,184,0.648,0.6459,-0.0045,-0.024,0.9808,-0.00016,-0.1165,0.9072,0.4706,0.5294,0.4728,0.5272
GSE87211,SIG245,3,3,34,184,0.648,0.6346,0.0019,0.0103,0.9917,0.00631,0.9992,0.3177,0.4412,0.5588,0.4402,0.5598
GSE87211,SIG246,5,5,34,184,0.648,0.6507,-0.0179,-0.0986,0.9214,-4e-05,-0.0097,0.9923,0.3824,0.6176,0.3913,0.6087
GSE87211,SIG247,3,3,34,184,0.648,0.6547,0.0326,0.1747,0.8613,0.00611,0.9821,0.3261,0.5,0.5,0.4837,0.5163
GSE87211,SIG248,5,5,34,184,0.648,0.6622,0.2526,1.3717,0.1702,0.001,0.3475,0.7282,0.5882,0.4118,0.462,0.538
GSE87211,SIG249,4,4,34,184,0.648,0.6498,-0.1893,-1.0167,0.3093,-0.00114,-0.5313,0.5952,0.4706,0.5294,0.5652,0.4348
GSE87211,SIG250,4,4,34,184,0.648,0.6441,-0.0371,-0.199,0.8423,0.00842,1.3121,0.1895,0.4706,0.5294,0.4891,0.5109
GSE87211,SIG251,14,14,34,184,0.648,0.6503,0.1304,0.6997,0.4841,0.00125,0.632,0.5274,0.5,0.5,0.4348,0.5652
GSE87211,SIG252,3,3,34,184,0.648,0.6695,0.2743,1.4902,0.1362,0.00371,0.786,0.4319,0.5882,0.4118,0.4511,0.5489
GSE87211,SIG253,3,2,34,184,0.648,0.6463,-0.0978,-0.5244,0.6,-3e-05,-0.0428,0.9659,0.5,0.5,0.5489,0.4511
GSE87211,SIG254,3,3,34,184,0.648,0.6459,-0.0895,-0.4862,0.6268,-0.00038,-1.73,0.08363,0.4118,0.5882,0.4565,0.5435
GSE87211,SIG255,3,3,34,184,0.648,0.6726,0.2481,1.3386,0.1807,0.01914,1.5499,0.1212,0.5588,0.4412,0.4348,0.5652
GSE87211,SIG256,5,5,34,184,0.648,0.6468,0.1196,0.6412,0.5214,0.00111,0.8471,0.3969,0.5,0.5,0.4402,0.5598
GSE87211,SIG257,4,4,34,184,0.648,0.6478,-0.046,-0.2503,0.8024,0.00725,1.399,0.1618,0.4118,0.5882,0.4348,0.5652
GSE87211,SIG258,6,5,34,184,0.648,0.6497,0.0499,0.2678,0.7889,0.00525,1.4405,0.1497,0.4706,0.5294,0.4457,0.5543
GSE87211,SIG259,6,6,34,184,0.648,0.6577,0.085,0.4583,0.6468,0.00152,0.352,0.7248,0.5588,0.4412,0.5163,0.4837
GSE87211,SIG260,5,5,34,184,0.648,0.6461,0.0217,0.1165,0.9073,0.00281,0.5599,0.5755,0.5,0.5,0.4891,0.5109
GSE87211,SIG261,14,14,34,184,0.648,0.6495,0.2001,1.0753,0.2822,0.00031,0.0753,0.94,0.5294,0.4706,0.4293,0.5707
GSE87211,SIG262,6,6,34,184,0.648,0.6516,-0.0978,-0.5244,0.6,0.00012,0.0657,0.9476,0.5,0.5,0.5489,0.4511
GSE87211,SIG263,4,3,34,184,0.648,0.6473,-0.1113,-0.6042,0.5457,-0.00022,-0.2926,0.7698,0.4118,0.5882,0.4674,0.5326
GSE87211,SIG264,6,6,34,184,0.648,0.6547,0.1439,0.7811,0.4348,0.00277,0.8976,0.3694,0.5882,0.4118,0.5163,0.4837
GSE87211,SIG265,7,7,34,184,0.648,0.6711,0.5096,2.9516,0.003161,0.01181,1.9087,0.0563,0.7059,0.2941,0.4511,0.5489
GSE87211,SIG266,5,5,34,184,0.648,0.6511,0.1893,1.0167,0.3093,-0.00018,-0.1029,0.918,0.5294,0.4706,0.4348,0.5652
GSE87211,SIG267,11,11,34,184,0.648,0.6432,-0.009,-0.0483,0.9615,0.00335,0.7393,0.4597,0.4412,0.5588,0.4457,0.5543
GSE87211,SIG268,6,6,34,184,0.648,0.6509,-0.0742,-0.3997,0.6894,0.00487,0.8459,0.3976,0.4412,0.5588,0.4783,0.5217
GSE87211,SIG269,3,2,34,184,0.648,0.648,0.2807,1.5157,0.1296,2e-05,0.4317,0.6659,0.5588,0.4412,0.4185,0.5815
GSE87211,SIG270,4,4,34,184,0.648,0.6466,0.2244,1.2314,0.2182,-1e-05,-0.0508,0.9595,0.6176,0.3824,0.5054,0.4946
GSE87211,SIG271,5,5,34,184,0.648,0.6492,-0.1196,-0.6412,0.5214,0.00044,0.3982,0.6905,0.5,0.5,0.5598,0.4402
GSE87211,SIG272,4,4,34,184,0.648,0.6527,0.0607,0.3262,0.7442,0.00097,0.2918,0.7704,0.4706,0.5294,0.4402,0.5598
GSE87211,SIG273,4,4,34,184,0.648,0.6525,-0.0959,-0.5168,0.6053,-0.00088,-0.2613,0.7938,0.4412,0.5588,0.4891,0.5109
GSE87211,SIG274,8,8,34,184,0.648,0.6449,-0.0217,-0.1165,0.9073,0.00109,1.2779,0.2013,0.5,0.5,0.5109,0.4891
GSE87211,SIG275,4,4,34,184,0.648,0.6482,-0.048,-0.2573,0.797,-7e-05,-0.2845,0.776,0.4706,0.5294,0.4946,0.5054
GSE87211,SIG276,12,12,34,184,0.648,0.6557,0.1304,0.6997,0.4841,0.01158,1.515,0.1298,0.5,0.5,0.4348,0.5652
GSE87211,SIG277,6,6,34,184,0.648,0.6492,0.039,0.2094,0.8341,0,-0.0046,0.9964,0.4706,0.5294,0.4511,0.5489
GSE87211,SIG278,5,5,34,184,0.648,0.6831,0.3721,2.0264,0.04272,0.01783,1.5574,0.1194,0.5882,0.4118,0.4022,0.5978
GSE87211,SIG279,7,7,34,184,0.648,0.6461,-0.1656,-0.899,0.3686,-0.00097,-0.5638,0.5729,0.4118,0.5882,0.4946,0.5054
GSE87211,SIG280,4,4,34,184,0.648,0.6519,0.1004,0.5452,0.5856,8e-04,0.5325,0.5944,0.5882,0.4118,0.538,0.462
GSE87211,SIG281,4,4,34,184,0.648,0.6393,-0.0026,-0.0139,0.9889,0.0143,1.5387,0.1239,0.4118,0.5882,0.413,0.587
GSE87211,SIG282,16,16,34,184,0.648,0.6486,-0.0895,-0.4862,0.6268,-0.00175,-0.8941,0.3713,0.4118,0.5882,0.4565,0.5435
GSE87211,SIG283,10,10,34,184,0.648,0.6469,0.124,0.6657,0.5056,0.00226,1.4604,0.1442,0.5294,0.4706,0.4674,0.5326
GSE87211,SIG284,3,3,34,184,0.648,0.6511,0.0825,0.4432,0.6576,0.00167,0.441,0.6592,0.4706,0.5294,0.4293,0.5707
GSE87211,SIG285,9,9,34,184,0.648,0.6518,0.2155,1.162,0.2452,0.00712,1.6063,0.1082,0.5588,0.4412,0.4511,0.5489
GSE87211,SIG286,5,5,34,184,0.648,0.6815,0.5505,3.0454,0.002324,0.01832,1.7594,0.0785,0.6176,0.3824,0.3424,0.6576
GSE87211,SIG287,3,3,34,184,0.648,0.6415,0.1324,0.7167,0.4735,0.0174,1.3605,0.1737,0.4412,0.5588,0.375,0.625
GSE87211,SIG288,5,5,34,184,0.648,0.6484,0.0045,0.024,0.9808,-0.00046,-0.3585,0.72,0.5294,0.4706,0.5272,0.4728
GSE87211,SIG289,17,17,34,184,0.648,0.6586,0.1611,0.8684,0.3852,0.01347,1.8689,0.06164,0.5588,0.4412,0.4783,0.5217
GSE87211,SIG290,3,3,34,184,0.648,0.6544,0.0697,0.3739,0.7085,0.00395,0.631,0.528,0.5294,0.4706,0.4946,0.5054
GSE87211,SIG291,3,3,34,184,0.648,0.6565,0.3894,2.1106,0.03481,0.0229,2.3468,0.01893,0.5588,0.4412,0.3641,0.6359
GSE87211,SIG292,15,13,34,184,0.648,0.6533,-0.2027,-1.1122,0.2661,0.00591,0.5991,0.5491,0.3824,0.6176,0.4837,0.5163
GSE87211,SIG293,7,7,34,184,0.648,0.6519,-0.2244,-1.2314,0.2182,-0.0018,-0.8804,0.3786,0.3824,0.6176,0.4946,0.5054
GSE87211,SIG294,4,4,34,184,0.648,0.6423,0.0652,0.3495,0.7267,-0.00082,-0.2401,0.8102,0.5,0.5,0.4674,0.5326
GSE87211,SIG295,9,8,34,184,0.648,0.6465,0.0607,0.3262,0.7442,0.00171,0.6678,0.5043,0.4706,0.5294,0.4402,0.5598
GSE87211,SIG296,11,10,34,184,0.648,0.6475,0.0588,0.3156,0.7523,0.00019,0.2302,0.8179,0.5294,0.4706,0.5,0.5
GSE87211,SIG297,11,11,34,184,0.648,0.6774,0.3395,1.8471,0.06473,0.02137,1.7738,0.0761,0.5882,0.4118,0.4185,0.5815
GSE87211,SIG298,9,9,34,184,0.648,0.6479,-0.0914,-0.4906,0.6237,-3e-05,-1.1422,0.2534,0.4706,0.5294,0.5163,0.4837
GSE87211,SIG300,5,5,34,184,0.648,0.6696,0.2391,1.2868,0.1982,0.01266,1.3372,0.1812,0.5,0.5,0.3804,0.6196
GSE87211,SIG301,7,7,34,184,0.648,0.6478,0.0499,0.2678,0.7889,0,0.2484,0.8038,0.4706,0.5294,0.4457,0.5543
GSE87211,SIG302,6,4,34,184,0.648,0.6594,0.2008,1.1392,0.2546,0.00422,0.802,0.4225,0.6765,0.3235,0.5761,0.4239
GSE87211,SIG303,3,3,34,184,0.648,0.6524,-0.0198,-0.1069,0.9149,-0.00011,-0.1235,0.9017,0.4412,0.5588,0.4511,0.5489
GSE87211,SIG304,4,4,34,184,0.648,0.6502,-0.0109,-0.0582,0.9536,-0.00116,-1.2746,0.2024,0.5,0.5,0.5054,0.4946
GSE87211,SIG305,7,7,34,184,0.648,0.6616,0.0825,0.4432,0.6576,0.01962,1.6717,0.09457,0.4706,0.5294,0.4293,0.5707
GSE87211,SIG306,11,11,34,184,0.648,0.6526,0.2155,1.162,0.2452,0.02861,2.5322,0.01133,0.5588,0.4412,0.4511,0.5489
GSE87211,SIG307,13,12,34,184,0.648,0.6428,0.0697,0.3739,0.7085,0.00544,1.1851,0.236,0.5294,0.4706,0.4946,0.5054
GSE87211,SIG308,5,5,34,184,0.648,0.6522,0.1739,0.9339,0.3504,0.00083,0.1636,0.87,0.5,0.5,0.413,0.587
GSE87211,SIG309,3,2,34,184,0.648,0.6399,0.1413,0.7581,0.4484,0.00248,0.4175,0.6763,0.5,0.5,0.4293,0.5707
GSE87211,SIG310,4,4,34,184,0.648,0.6436,0.1132,0.6073,0.5437,0.00164,0.6965,0.4861,0.5294,0.4706,0.4728,0.5272
GSE87211,SIG311,5,5,34,184,0.648,0.6458,0.0844,0.4607,0.645,0.00271,0.788,0.4307,0.4118,0.5882,0.3696,0.6304
GSE87211,SIG312,9,9,34,184,0.648,0.6481,0.1304,0.6997,0.4841,0.00065,0.2927,0.7698,0.5,0.5,0.4348,0.5652
GSE87211,SIG313,3,3,34,184,0.648,0.6406,0.0825,0.4432,0.6576,0.00291,1.1554,0.2479,0.4706,0.5294,0.4293,0.5707
GSE87211,SIG314,8,8,34,184,0.648,0.6482,-0.0697,-0.3739,0.7085,0,-0.2114,0.8325,0.4706,0.5294,0.5054,0.4946
GSE87211,SIG315,8,8,34,184,0.648,0.6574,0.0326,0.1747,0.8613,-0.00157,-0.9485,0.3429,0.5,0.5,0.4837,0.5163
GSE87211,SIG316,10,10,34,184,0.648,0.6468,0.0083,0.0452,0.9639,0.01579,1.4418,0.1494,0.4118,0.5882,0.4076,0.5924
GSE87211,SIG317,7,7,34,184,0.648,0.6452,-0.1157,-0.6357,0.525,-0.00435,-0.9614,0.3364,0.3824,0.6176,0.4402,0.5598
GSE87211,SIG318,4,4,34,184,0.648,0.6673,0.3043,1.6423,0.1005,0.02556,1.9305,0.05354,0.5,0.5,0.3478,0.6522
GSE87211,SIG319,8,8,34,184,0.648,0.6498,0.0454,0.2451,0.8064,0.01078,1.6582,0.09729,0.4412,0.5588,0.4185,0.5815
GSE87211,SIG320,8,8,34,184,0.648,0.6485,0.0217,0.1165,0.9073,-0.00124,-1.8232,0.06827,0.5,0.5,0.4891,0.5109
GSE87211,SIG321,3,3,34,184,0.648,0.6468,-0.0326,-0.1747,0.8613,9e-05,0.0776,0.9381,0.5,0.5,0.5163,0.4837
GSE87211,SIG322,7,7,34,184,0.648,0.6518,0.2506,1.3948,0.1631,0.00834,1.8055,0.071,0.6471,0.3529,0.5217,0.4783
GSE87211,SIG323,5,5,34,184,0.648,0.6458,0.0978,0.5244,0.6,-0.00067,-0.1786,0.8583,0.5,0.5,0.4511,0.5489
GSE87211,SIG324,3,3,34,184,0.648,0.6489,0.0326,0.1747,0.8613,0.00147,0.5504,0.582,0.5,0.5,0.4837,0.5163
GSE87211,SIG325,3,3,34,184,0.648,0.6583,0.163,0.8752,0.3814,0.01475,1.3478,0.1777,0.5,0.5,0.4185,0.5815
GSE87211,SIG326,9,8,34,184,0.648,0.6464,0.1937,1.0444,0.2963,0.00339,0.8643,0.3874,0.5588,0.4412,0.462,0.538
GSE87211,SIG327,3,3,34,184,0.648,0.648,0.2136,1.1718,0.2413,0.00106,1.3586,0.1743,0.6176,0.3824,0.5109,0.4891
GSE87211,SIG328,9,6,34,184,0.648,0.6447,-0.085,-0.4583,0.6468,0.00079,0.6559,0.5119,0.4412,0.5588,0.4837,0.5163
GSE87211,SIG329,5,5,34,184,0.648,0.6498,-0.0416,-0.2241,0.8227,2e-05,0.0099,0.9921,0.4412,0.5588,0.462,0.538
GSE87211,SIG330,16,16,34,184,0.648,0.6506,0.2155,1.162,0.2452,0.00539,1.2518,0.2106,0.5588,0.4412,0.4511,0.5489
GSE87211,SIG331,4,4,34,184,0.648,0.6495,0.0806,0.4322,0.6656,0.00331,0.8214,0.4114,0.5294,0.4706,0.4891,0.5109
GSE87211,SIG332,3,3,34,184,0.648,0.6582,-0.1176,-0.6339,0.5261,0.00165,0.2256,0.8215,0.4412,0.5588,0.5,0.5
GSE87211,SIG334,4,4,34,184,0.648,0.6469,-0.048,-0.2573,0.797,7e-05,0.061,0.9513,0.4706,0.5294,0.4946,0.5054
GSE87211,SIG335,8,8,34,184,0.648,0.6595,-0.1784,-0.9581,0.338,0.00075,0.2176,0.8277,0.4706,0.5294,0.5598,0.4402
GSE87211,SIG336,3,3,34,184,0.648,0.6503,-0.0281,-0.151,0.88,-0.00073,-0.4871,0.6262,0.5294,0.4706,0.5435,0.4565
GSE87211,SIG337,4,4,34,184,0.648,0.6545,0.0524,0.2826,0.7775,0.00756,1.2053,0.2281,0.5588,0.4412,0.5326,0.4674
GSE87211,SIG338,3,3,34,184,0.648,0.6545,0.2174,1.1689,0.2425,0.00872,0.9396,0.3474,0.5,0.5,0.3913,0.6087
