sig_id,cohort,n_gene,n_measured,C,flipped,auc5,calib_slope,delta_C,nb,null_median,p_emp,status_r,p_adj,d_rand,d_clin
SIG001,GSE17536,4,4,0.564038570618264,0,0.59902411021814,0.26225985467519,0.001077708451503,0.0461947490860751,0.532217810550199,0.180819180819181,ok,0.666223264606014,0.031820760068065,0.001077708451503
SIG002,GSE17536,4,4,0.600567214974475,1,0.624282433983927,0.846893280441375,0.0095859330686329,0.0528414755732802,0.532217810550199,0.023976023976024,ok,0.358183253210878,0.06834940442427595,0.0095859330686329
SIG003,GSE17536,13,11,0.5471355643789,0,0.493398392652124,0.23377242663442,0.0009642654566079,0.0395480225988701,0.535450935904708,0.347652347652348,ok,0.782306802108782,0.011684628474191938,0.0009642654566079
SIG004,GSE17536,9,8,0.509585933068633,0,0.585533869115959,0.131562178485519,0.0050482132728303,0.0661349285476903,0.534316505955757,0.853146853146853,ok,0.9671735299876,-0.02473057288712399,0.0050482132728303
SIG005,GSE17536,6,6,0.561202495745888,0,0.611366245694604,0.589929747569008,0.0133295519001702,0.0461947490860751,0.535904707884288,0.238761238761239,ok,0.716548712109201,0.025297787861599974,0.0133295519001702
SIG006,GSE17536,8,8,0.579693703913783,1,0.568025258323766,0.610556911242438,0.007884288145207,0.0461947490860751,0.534316505955757,0.0919080919080919,ok,0.532161628521372,0.04537719795802608,0.007884288145207
SIG007,GSE17536,15,15,0.506636415201361,0,0.449196326061998,0.0609774077443865,5.67214974475094e-05,0.0461947490860751,0.53817356778219,0.915084915084915,ok,0.981900639043496,-0.03153715258082901,5.67214974475094e-05
SIG009,GSE17536,6,6,0.544412932501418,0,0.573765786452354,0.625514972796023,0.0124220079410096,0.0727816550348953,0.535904707884288,0.394605394605395,ok,0.812034236691771,0.008508224617129967,0.0124220079410096
SIG010,GSE17536,6,6,0.514917753828701,0,0.518082663605052,0.0939068274878618,0.007884288145207,0.032901296111665,0.535904707884288,0.758241758241758,ok,0.94092965318298,-0.020986954055587037,0.007884288145207
SIG011,GSE17536,3,3,0.509926262053318,1,0.51435132032147,-0.0070656993748039,0.0034600113442995,0.02625456962446,0.535337492909813,0.836163836163836,ok,0.965653860413128,-0.025411230856494993,0.0034600113442995
SIG012,GSE17536,3,3,0.568462847419172,1,0.614523536165327,0.279911626871165,-0.0030062393647192,0.032901296111665,0.535337492909813,0.174825174825175,ok,0.666223264606014,0.03312535450935894,-0.0030062393647192
SIG013,GSE17536,9,9,0.519342030629609,0,0.519230769230769,0.225634525105567,-0.0014180374361882,0.0528414755732802,0.533692569483834,0.696303696303696,ok,0.924756971908249,-0.014350538854224992,-0.0014180374361882
SIG014,GSE17536,15,15,0.510039705048213,0,0.561710677382319,0.0590092832771874,0.0062960862166761,0.0196078431372549,0.53817356778219,0.868131868131868,ok,0.972333417513393,-0.028133862733977,0.0062960862166761
SIG015,GSE17536,3,3,0.522518434486671,0,0.44345579793341,0.212340769755104,0.0040272263187748,0.032901296111665,0.535337492909813,0.658341658341658,ok,0.91369473593953,-0.012819058423142016,0.0040272263187748
SIG016,GSE17536,57,50,0.558139534883721,0,0.539035591274397,0.839915227643516,0.0135564378899602,0.0594882020604852,0.539137833238797,0.285714285714286,ok,0.742143543296281,0.019001701644923985,0.0135564378899602
SIG018,GSE17536,9,9,0.576176971072036,0,0.596440872560276,0.456670730850251,0.0141236528644355,0.0594882020604852,0.533692569483834,0.13986013986014,ok,0.624398552267405,0.04248440158820199,0.0141236528644355
SIG019,GSE17536,12,12,0.55677821894498,0,0.516073478760046,0.508956477317723,0.0144639818491208,0.0594882020604852,0.536018150879183,0.263736263736264,ok,0.733323931744465,0.020760068065797,0.0144639818491208
SIG020,GSE17536,5,3,0.562677254679524,0,0.525832376578645,0.291133262315372,0.0143505388542258,0.0594882020604852,0.535337492909813,0.217782217782218,ok,0.701886909276659,0.02733976176971098,0.0143505388542258
SIG021,GSE17536,10,8,0.554055587067499,0,0.565154994259472,0.437726561160394,0.0095859330686329,0.0461947490860751,0.534316505955757,0.283716283716284,ok,0.739796365640146,0.01973908111174205,0.0095859330686329
SIG022,GSE17536,4,4,0.549858196256381,0,0.551090700344432,0.28571081184434,0.0016449234259783,0.02625456962446,0.532217810550199,0.313686313686314,ok,0.753407228252771,0.017640385706181982,0.0016449234259783
SIG023,GSE17536,9,9,0.530913216108905,1,0.527267508610792,0.433132125788615,0.0005104934770276,0.0594882020604852,0.533692569483834,0.537462537462537,ok,0.876096876096876,-0.002779353374929072,0.0005104934770276
SIG024,GSE17536,7,6,0.587975042541123,0,0.586107921928817,0.341490821706199,0.0178672716959727,0.0594882020604852,0.535904707884288,0.0739260739260739,ok,0.494792336376495,0.05207033465683497,0.0178672716959727
SIG025,GSE17536,13,11,0.517980714690868,1,0.530424799081516,0.358544810804913,0.0008508224617129,0.0196078431372549,0.535450935904708,0.747252747252747,ok,0.937185263715876,-0.01747022121384001,0.0008508224617129
SIG026,GSE17536,31,29,0.522972206466251,1,0.4951205510907,0.438723445005747,-0.0002836074872376,0.0594882020604852,0.534997163925128,0.671328671328671,ok,0.913912434870519,-0.012024957458876995,-0.0002836074872376
SIG027,GSE17536,4,4,0.621894498014748,1,0.576349024110218,0.521940651883481,0.0140102098695405,0.0395480225988701,0.532217810550199,0.004995004995005,ok,0.182520182520183,0.08967668746454904,0.0140102098695405
SIG028,GSE17536,4,4,0.588428814520703,0,0.593570608495982,0.331782875663027,0.0186613726602383,0.0860751080093054,0.532217810550199,0.0579420579420579,ok,0.45021645021645,0.05621100397050394,0.0186613726602383
SIG029,GSE17536,5,4,0.551900170164492,0,0.577210103329506,0.22360683886704,0.0052750992626204,0.02625456962446,0.532217810550199,0.296703296703297,ok,0.749099639855942,0.019682359614292988,0.0052750992626204
SIG030,GSE17536,7,7,0.535450935904708,1,0.534156142365098,0.348387440415803,0.0003970504821326,0.0594882020604852,0.536018150879183,0.508491508491509,ok,0.86258534439212,-0.0005672149744749833,0.0003970504821326
SIG031,GSE17536,4,4,0.530459444129325,0,0.507749712973594,0.0624382865072526,-0.0007373794668179,0.0594882020604852,0.532217810550199,0.531468531468532,ok,0.874142888741429,-0.0017583664208740135,-0.0007373794668179
SIG032,GSE17536,10,10,0.513783323879751,1,0.505740528128588,0.150640881035798,-0.0006239364719229,0.0528414755732802,0.536358479863868,0.803196803196803,ok,0.955496768959154,-0.022575155984116968,-0.0006239364719229
SIG033,GSE17536,10,9,0.558933635847986,0,0.585820895522388,0.514190061089361,0.0123085649461145,0.0794283815221004,0.533692569483834,0.25974025974026,ok,0.731601731601732,0.02524106636415202,0.0123085649461145
SIG034,GSE17536,14,14,0.535904707884288,0,0.592135476463835,0.225587894177599,-0.0022121384004538,0.0528414755732802,0.536358479863868,0.506493506493507,ok,0.86258534439212,-0.0004537719795799644,-0.0022121384004538
SIG035,GSE17536,3,2,0.60782756664776,0,0.661882893226177,0.447977409385382,0.0106069200226886,0.0594882020604852,0.53817356778219,0.026973026973027,ok,0.366507863995301,0.06965399886557,0.0106069200226886
SIG036,GSE17536,13,12,0.539421440726035,0,0.518082663605052,0.420523961357769,0.0023255813953487,0.0727816550348953,0.536018150879183,0.452547452547453,ok,0.835415265932977,0.003403289846852009,0.0023255813953487
SIG037,GSE17536,14,13,0.585706182643222,0,0.629735935706085,0.453258983695365,0.0124220079410096,0.0594882020604852,0.535337492909813,0.0699300699300699,ok,0.481147351376359,0.05036868973340902,0.0124220079410096
SIG038,GSE17536,3,3,0.554169030062394,0,0.562284730195178,0.299656713861045,0.0114010209869539,0.0727816550348953,0.535337492909813,0.287712287712288,ok,0.743241578156189,0.018831537152581013,0.0114010209869539
SIG039,GSE17536,14,14,0.500283607487238,1,0.450057405281286,0.0923521925027533,-0.0006239364719229,0.0395480225988701,0.536358479863868,0.997002997002997,ok,1.0,-0.036074872376629985,-0.0006239364719229
SIG040,GSE17536,15,13,0.591832104367555,1,0.628587830080368,0.720876469935126,0.0123085649461145,0.0528414755732802,0.535337492909813,0.047952047952048,ok,0.432207792207792,0.05649461145774193,0.0123085649461145
SIG041,GSE17536,10,10,0.508224617129892,1,0.486796785304248,0.0022088335697462,0.0008508224617129,0.02625456962446,0.536358479863868,0.887112887112887,ok,0.976691061381615,-0.028133862733976,0.0008508224617129
SIG042,GSE17536,8,7,0.521951219512195,0,0.517508610792193,0.0079474134234329,0.0008508224617129,0.0395480225988701,0.536018150879183,0.68031968031968,ok,0.915671685208768,-0.014066931366988,0.0008508224617129
SIG043,GSE17536,14,14,0.52989222915485,1,0.488518943742824,0.26789294157963,0.0039137833238797,0.0594882020604852,0.536358479863868,0.574425574425574,ok,0.884033439525756,-0.006466250709017962,0.0039137833238797
SIG044,GSE17536,3,3,0.559614293817357,0,0.543340987370838,0.192970831220034,-0.0015314804310834,0.0594882020604852,0.535337492909813,0.242757242757243,ok,0.717394081328508,0.024276800907543916,-0.0015314804310834
SIG045,GSE17536,6,6,0.503233125354509,1,0.530424799081516,0.16169040599226,0.0006239364719228,0.0528414755732802,0.535904707884288,0.953046953046953,ok,0.99269605587017,-0.032671582529778975,0.0006239364719228
SIG046,GSE17536,5,4,0.518774815655133,1,0.564580941446613,0.208657041252354,0.0013045944412932,0.0395480225988701,0.532217810550199,0.715284715284715,ok,0.928530902606755,-0.013442994895066063,0.0013045944412932
SIG047,GSE17536,4,4,0.545547362450369,1,0.441733639494834,0.305275489391315,0.009699376063528,0.032901296111665,0.532217810550199,0.357642357642358,ok,0.785235816814764,0.013329551900170045,0.009699376063528
SIG048,GSE17536,11,11,0.514237095859331,0,0.574626865671642,0.0589433073808529,0.0068633011911514,0.0461947490860751,0.535450935904708,0.788211788211788,ok,0.950635448405297,-0.021213840045377075,0.0068633011911514
SIG049,GSE17536,14,14,0.550425411230856,0,0.511194029850746,0.481139329565851,0.0106069200226886,0.0461947490860751,0.536358479863868,0.32967032967033,ok,0.765174739423666,0.014066931366988,0.0106069200226886
SIG050,GSE17536,6,5,0.530459444129325,0,0.527841561423651,0.281105975193163,0.0020986954055586,0.032901296111665,0.531934203062961,0.530469530469531,ok,0.874094826562834,-0.0014747589336360223,0.0020986954055586
SIG051,GSE17536,7,7,0.566534316505956,0,0.545063145809415,0.225848350258125,0.0157118547929664,0.02625456962446,0.536018150879183,0.180819180819181,ok,0.666223264606014,0.03051616562677295,0.0157118547929664
SIG052,GSE17536,20,19,0.522858763471356,0,0.538748564867968,0.289588334321244,0.0049347702779353,0.0395480225988701,0.537889960294952,0.68031968031968,ok,0.915671685208768,-0.015031196823595994,0.0049347702779353
SIG053,GSE17536,11,9,0.527736812251844,0,0.508036739380023,0.306685956047206,0.0069767441860464,0.0528414755732802,0.533692569483834,0.579420579420579,ok,0.884172261147431,-0.005955757231990044,0.0069767441860464
SIG054,GSE17536,46,45,0.571525808281339,0,0.59902411021814,1.09392364861878,0.0143505388542258,0.0661349285476903,0.53953488372093,0.163836163836164,ok,0.656315536315536,0.031990924560409084,0.0143505388542258
SIG055,GSE17536,21,20,0.584117980714691,1,0.577784156142365,0.730613160849068,0.0035734543391945,0.0594882020604852,0.536131593874078,0.0899100899100899,ok,0.525090460295644,0.04798638684061296,0.0035734543391945
SIG056,GSE17536,7,6,0.529211571185479,1,0.490241102181401,0.0668735901543243,-5.67214974476205e-05,0.0395480225988701,0.535904707884288,0.577422577422578,ok,0.884172261147431,-0.006693136698808999,-5.67214974476205e-05
SIG057,GSE17536,8,8,0.570958593306863,0,0.559988518943743,0.61218314035821,0.0085649461145773,0.0528414755732802,0.534316505955757,0.13986013986014,ok,0.624398552267405,0.03664208735110608,0.0085649461145773
SIG058,GSE17536,24,22,0.517186613726602,0,0.534156142365098,0.0872474814765665,0.0023255813953487,0.0395480225988701,0.536698808848554,0.766233766233766,ok,0.943056943056943,-0.019512195121952014,0.0023255813953487
SIG059,GSE17536,14,13,0.527850255246739,0,0.573765786452354,0.201614310716676,0.0036868973340895,0.02625456962446,0.535337492909813,0.593406593406593,ok,0.887975334018499,-0.00748723766307402,0.0036868973340895
SIG060,GSE17536,7,6,0.518434486670448,1,0.557979334098737,0.197587224519753,0.0033465683494043,0.0661349285476903,0.535904707884288,0.723276723276723,ok,0.929976347950671,-0.01747022121384001,0.0033465683494043
SIG062,GSE17536,43,42,0.516959727736812,1,0.477898966704937,-0.118870921459231,0.0002836074872376,0.0395480225988701,0.53976176971072,0.782217782217782,ok,0.950278293135436,-0.022802041973908005,0.0002836074872376
SIG063,GSE17536,19,19,0.530686330119115,0,0.499138920780712,0.519104254003975,5.67214974475094e-05,0.0528414755732802,0.537889960294952,0.58041958041958,ok,0.884698165419699,-0.007203630175836917,5.67214974475094e-05
SIG064,GSE17536,3,3,0.554736245036869,0,0.623995407577497,0.271774688865444,0.0075439591605217,0.0528414755732802,0.535337492909813,0.281718281718282,ok,0.738145575354878,0.019398752127055996,0.0075439591605217
SIG065,GSE17536,5,5,0.542597844583097,0,0.491389207807118,0.265501406252511,-0.0007373794668179,0.0528414755732802,0.531934203062961,0.367632367632368,ok,0.792982673650931,0.010663641520135991,-0.0007373794668179
SIG066,GSE17536,11,11,0.558026091888826,0,0.526980482204363,0.337700095624637,0.0115144639818491,0.0461947490860751,0.535450935904708,0.247752247752248,ok,0.720346320346321,0.022575155984117967,0.0115144639818491
SIG067,GSE17536,5,5,0.521270561542825,0,0.532433983926521,0.278071880611319,0.0136698808848553,0.0594882020604852,0.531934203062961,0.662337662337662,ok,0.91369473593953,-0.010663641520135991,0.0136698808848553
SIG068,GSE17536,5,5,0.524787294384572,0,0.52353616532721,0.175626555213814,-0.0014180374361882,0.0661349285476903,0.531934203062961,0.611388611388611,ok,0.895555149076276,-0.0071469086783890745,-0.0014180374361882
SIG069,GSE17536,7,7,0.555530346001135,1,0.564293915040184,0.325199751462436,0.0001701644923426,0.0794283815221004,0.536018150879183,0.265734265734266,ok,0.733323931744465,0.019512195121952014,0.0001701644923426
SIG070,GSE17536,3,3,0.551559841179807,1,0.624569460390356,0.425625471550248,0.0055019852524106,0.0528414755732802,0.535337492909813,0.313686313686314,ok,0.753407228252771,0.016222348269994025,0.0055019852524106
SIG071,GSE17536,13,13,0.568009075439592,1,0.562571756601607,0.529039419334145,0.0023255813953487,0.0528414755732802,0.535337492909813,0.177822177822178,ok,0.666223264606014,0.032671582529778975,0.0023255813953487
SIG072,GSE17536,15,14,0.505161656267726,0,0.564293915040184,-0.0470298227316157,-5.67214974476205e-05,0.032901296111665,0.536358479863868,0.927072927072927,ok,0.983446526012238,-0.031196823596141954,-5.67214974476205e-05
SIG073,GSE17536,16,16,0.550879183210437,0,0.567451205510907,0.536038892513285,0.0019852524106636,0.0594882020604852,0.534883720930233,0.318681318681319,ok,0.757218177253327,0.015995462280204098,0.0019852524106636
SIG074,GSE17536,11,11,0.554169030062394,0,0.549081515499426,0.683310118707011,0.016505955757232,0.0594882020604852,0.535450935904708,0.284715284715285,ok,0.741686059605135,0.018718094157685994,0.016505955757232
SIG075,GSE17536,14,13,0.590697674418605,0,0.5898392652124,0.515496994140084,0.0203630175836642,0.0727816550348953,0.535337492909813,0.050949050949051,ok,0.441558441558442,0.05536018150879196,0.0203630175836642
SIG076,GSE17536,9,8,0.597504254112309,0,0.59414466130884,0.567219627788598,0.0123085649461145,0.0528414755732802,0.534316505955757,0.031968031968032,ok,0.37772397094431,0.06318774815655204,0.0123085649461145
SIG077,GSE17536,7,7,0.529778786159955,1,0.576636050516648,0.232823408314307,0.0055019852524106,0.0461947490860751,0.536018150879183,0.58041958041958,ok,0.884698165419699,-0.0062393647192280355,0.0055019852524106
SIG078,GSE17536,6,5,0.522404991491776,1,0.552238805970149,0.337002705259354,0.0026659103800339,0.0528414755732802,0.531934203062961,0.655344655344655,ok,0.91369473593953,-0.009529211571185026,0.0026659103800339
SIG079,GSE17536,5,5,0.514917753828701,0,0.496555683122847,0.226826711673709,-0.0001701644923426,0.0594882020604852,0.531934203062961,0.751248751248751,ok,0.939312410143829,-0.017016449234260045,-0.0001701644923426
SIG080,GSE17536,8,8,0.531480431083381,0,0.52353616532721,0.262193452077517,0.0002836074872376,0.0395480225988701,0.534316505955757,0.530469530469531,ok,0.874094826562834,-0.0028360748723759155,0.0002836074872376
SIG081,GSE17536,5,5,0.517526942711288,0,0.531859931113663,0.19773914475325,0.0033465683494043,0.0395480225988701,0.531934203062961,0.714285714285714,ok,0.928530902606755,-0.014407260351673057,0.0033465683494043
SIG082,GSE17536,6,6,0.563017583664209,0,0.595005740528129,0.411908522688109,0.0128757799205899,0.0860751080093054,0.535904707884288,0.216783216783217,ok,0.701174423662462,0.027112875779920942,0.0128757799205899
SIG083,GSE17536,17,16,0.509132161089053,0,0.585820895522388,0.0694044235628016,0.0026659103800339,0.0129611166500498,0.534883720930233,0.847152847152847,ok,0.9671735299876,-0.02575155984117994,0.0026659103800339
SIG084,GSE17536,15,15,0.581395348837209,0,0.584672789896671,0.483182841015402,0.0109472490073738,0.0528414755732802,0.53817356778219,0.0899100899100899,ok,0.525090460295644,0.04322178105501895,0.0109472490073738
SIG085,GSE17536,7,7,0.571866137266024,1,0.607347876004592,0.521411755699514,0.001077708451503,0.0594882020604852,0.536018150879183,0.146853146853147,ok,0.633318834275772,0.035847986386840947,0.001077708451503
SIG086,GSE17536,5,5,0.531480431083381,1,0.519230769230769,0.140633871266501,0.0022121384004537,0.02625456962446,0.531934203062961,0.507492507492508,ok,0.86258534439212,-0.0004537719795799644,0.0022121384004537
SIG087,GSE17536,5,5,0.556664775950085,0,0.5800803673938,0.526741970221249,0.0123085649461145,0.0727816550348953,0.531934203062961,0.238761238761239,ok,0.716548712109201,0.02473057288712399,0.0123085649461145
SIG088,GSE17536,6,6,0.603516732841747,0,0.652985074626866,0.572389087024427,0.0289846851956892,0.0594882020604852,0.535904707884288,0.031968031968032,ok,0.37772397094431,0.067612024957459,0.0289846851956892
SIG089,GSE17536,5,5,0.576063528077141,0,0.557692307692308,0.392515813820241,0.0093590470788428,0.0528414755732802,0.531934203062961,0.120879120879121,ok,0.594285714285714,0.04412932501417999,0.0093590470788428
SIG090,GSE17536,4,4,0.576403857061826,0,0.567164179104478,0.597950128866183,0.0068633011911514,0.0794283815221004,0.532217810550199,0.114885114885115,ok,0.580652991867945,0.04418604651162694,0.0068633011911514
SIG091,GSE17536,7,7,0.506409529211571,0,0.520091848450057,-0.0782193708202137,-0.0002836074872376,0.0196078431372549,0.536018150879183,0.917082917082917,ok,0.981999013644583,-0.029608621667612023,-0.0002836074872376
SIG093,GSE17536,9,9,0.562904140669314,0,0.610792192881745,0.483511919006666,0.0218377765173,0.0594882020604852,0.533692569483834,0.230769230769231,ok,0.712800223559001,0.029211571185480012,0.0218377765173
SIG094,GSE17536,3,3,0.516959727736812,0,0.549081515499426,0.152756210780511,0.0058423142370958,0.0196078431372549,0.535337492909813,0.745254745254745,ok,0.937185263715876,-0.01837776517300105,0.0058423142370958
SIG095,GSE17536,18,16,0.624730572887124,0,0.650401836969001,1.22902080473959,0.0249007373794667,0.0794283815221004,0.534883720930233,0.004995004995005,ok,0.182520182520183,0.08984685195689102,0.0249007373794667
SIG096,GSE17536,11,11,0.52093023255814,0,0.5,0.250198626424916,0.0031196823596142,0.0395480225988701,0.535450935904708,0.704295704295704,ok,0.927625710869744,-0.014520703346568076,0.0031196823596142
SIG097,GSE17536,14,14,0.560975609756098,0,0.540183696900115,0.688612363485749,0.0100397050482133,0.0461947490860751,0.536358479863868,0.223776223776224,ok,0.709368005968241,0.024617129892229972,0.0100397050482133
SIG098,GSE17536,5,5,0.501531480431083,0,0.546211251435132,0.0305270242731278,0.006182643221781,0.0395480225988701,0.531934203062961,0.976023976023976,ok,0.996331023236853,-0.030402722631878043,0.006182643221781
SIG099,GSE17536,11,11,0.506749858196256,1,0.434270952927669,-0.0227081920231482,0.0007373794668179,0.02625456962446,0.535450935904708,0.897102897102897,ok,0.981507735292596,-0.028701077708452094,0.0007373794668179
SIG101,GSE17536,10,8,0.505728871242201,0,0.557405281285878,0.0407512134516961,0.0018718094157685,0.02625456962446,0.534316505955757,0.911088911088911,ok,0.981507735292596,-0.028587634713555965,0.0018718094157685
SIG102,GSE17536,4,4,0.550765740215542,0,0.524110218140069,0.272118571878189,0.0017583664208734,0.0528414755732802,0.532217810550199,0.306693306693307,ok,0.753407228252771,0.01854792966534302,0.0017583664208734
SIG107,GSE17536,15,13,0.510266591038003,0,0.453788748564868,-0.0341373216940452,-0.0011911514463982,0.032901296111665,0.535337492909813,0.85014985014985,ok,0.9671735299876,-0.025070901871810047,-0.0011911514463982
SIG108,GSE17536,15,13,0.530913216108905,0,0.459242250287027,0.313762220732232,-5.67214974476205e-05,0.0594882020604852,0.535337492909813,0.556443556443557,ok,0.881959775277478,-0.004424276800908067,-5.67214974476205e-05
SIG109,GSE17536,7,7,0.551219512195122,1,0.516073478760046,0.437613722769876,-0.002665910380034,0.0594882020604852,0.536018150879183,0.318681318681319,ok,0.757218177253327,0.015201361315938966,-0.002665910380034
SIG110,GSE17536,9,9,0.566193987521271,1,0.51865671641791,0.570774362841348,0.0006239364719228,0.0661349285476903,0.533692569483834,0.20979020979021,ok,0.690953382792603,0.032501418037437,0.0006239364719228
SIG111,GSE17536,13,12,0.547249007373795,0,0.625717566016074,0.623430151808348,0.0030062393647192,0.0528414755732802,0.536018150879183,0.362637362637363,ok,0.788240698208544,0.011230856494611974,0.0030062393647192
SIG112,GSE17536,4,4,0.581168462847419,0,0.593283582089552,0.444979776445143,0.0230856494611458,0.0528414755732802,0.532217810550199,0.0939060939060939,ok,0.534572795625427,0.048950652297219954,0.0230856494611458
SIG113,GSE17536,10,10,0.593193420306296,0,0.587256027554535,0.783800533031354,0.0126488939307997,0.0594882020604852,0.536358479863868,0.047952047952048,ok,0.432207792207792,0.056834940442427984,0.0126488939307997
SIG114,GSE17536,20,18,0.564719228587635,0,0.515212399540758,0.730146748970005,0.0119682359614293,0.0727816550348953,0.53817356778219,0.211788211788212,ok,0.692473185822642,0.02654566080544496,0.0119682359614293
SIG115,GSE17536,4,4,0.518207600680658,1,0.44833524684271,0.0264225621288309,-0.0003970504821327,0.02625456962446,0.532217810550199,0.724275724275724,ok,0.93081823119846,-0.014010209869541046,-0.0003970504821327
SIG116,GSE17536,5,5,0.532161089052751,0,0.558553386911596,0.212179919267716,0.007884288145207,0.0528414755732802,0.531934203062961,0.493506493506494,ok,0.857059446654822,0.0002268859897899267,0.007884288145207
SIG117,GSE17536,4,4,0.516165626772547,1,0.497129735935706,0.104324416819786,0.0022121384004537,0.0395480225988701,0.532217810550199,0.756243756243756,ok,0.939312410143829,-0.01605218377765205,0.0022121384004537
SIG118,GSE17536,15,14,0.592172433352241,1,0.541331802525832,0.67253179493732,0.001077708451503,0.0661349285476903,0.536358479863868,0.041958041958042,ok,0.418651459241865,0.055813953488373036,0.001077708451503
SIG119,GSE17536,10,10,0.575155984117981,0,0.576349024110218,0.482924380480281,0.007997731140102,0.0528414755732802,0.536358479863868,0.128871128871129,ok,0.607086293497443,0.03879750425411299,0.007997731140102
SIG120,GSE17536,4,3,0.507657402155417,0,0.476750861079219,-0.0259338052181316,0.0038003403289845,0.0594882020604852,0.535337492909813,0.88011988011988,ok,0.973749654600718,-0.027680090754396036,0.0038003403289845
SIG121,GSE17536,6,6,0.52161089052751,1,0.55654420206659,0.110156989280975,0.0014180374361882,0.0461947490860751,0.535904707884288,0.675324675324675,ok,0.913912434870519,-0.014293817356778038,0.0014180374361882
SIG122,GSE17536,8,8,0.514237095859331,1,0.533869115958668,0.13627214592572,0.0022121384004537,0.0395480225988701,0.534316505955757,0.8001998001998,ok,0.954450930630904,-0.020079410096425998,0.0022121384004537
SIG124,GSE17536,4,4,0.596256381168463,0,0.624569460390356,0.54630080000835,0.016505955757232,0.0661349285476903,0.532217810550199,0.032967032967033,ok,0.37772397094431,0.06403857061826401,0.016505955757232
SIG125,GSE17536,4,4,0.501531480431083,0,0.482491389207807,0.0164726822020404,0.0003970504821326,0.0196078431372549,0.532217810550199,0.981018981018981,ok,0.996331023236853,-0.030686330119116034,0.0003970504821326
SIG126,GSE17536,4,4,0.531480431083381,1,0.521526980482204,0.283814432287137,-0.0030062393647192,0.0461947490860751,0.532217810550199,0.511488511488512,ok,0.866039408306158,-0.0007373794668179556,-0.0030062393647192
SIG127,GSE17536,6,6,0.568462847419172,0,0.580654420206659,0.282094636878324,0.0116279069767442,0.0661349285476903,0.535904707884288,0.174825174825175,ok,0.666223264606014,0.032558139534883956,0.0116279069767442
SIG128,GSE17536,11,11,0.517640385706183,0,0.418484500574053,0.0624348742820962,0.0056154282473057,0.0461947490860751,0.535450935904708,0.748251748251748,ok,0.938003118809795,-0.017810550198525066,0.0056154282473057
SIG129,GSE17536,9,9,0.522745320476461,1,0.446039035591274,0.0991168535060607,-0.0006239364719229,0.032901296111665,0.533692569483834,0.653346653346653,ok,0.91369473593953,-0.010947249007372983,-0.0006239364719229
SIG130,GSE17536,9,9,0.585592739648327,0,0.5800803673938,0.453871046378938,0.0117413499716392,0.0661349285476903,0.533692569483834,0.0849150849150849,ok,0.509113945921041,0.051900170164493,0.0117413499716392
SIG132,GSE17536,5,5,0.511968235961429,1,0.501435132032147,0.126450787238543,0.0018718094157685,0.0594882020604852,0.531934203062961,0.802197802197802,ok,0.955496768959154,-0.01996596710153198,0.0018718094157685
SIG133,GSE17536,5,5,0.534770277935338,0,0.460677382319173,0.284339593267361,0.0064095292115711,0.0594882020604852,0.531934203062961,0.465534465534466,ok,0.840885233670805,0.0028360748723770257,0.0064095292115711
SIG134,GSE17536,8,8,0.505955757231991,0,0.503444316877153,-0.0918094522121466,-0.0005104934770279,0.0395480225988701,0.534316505955757,0.908091908091908,ok,0.981507735292596,-0.028360748723765927,-0.0005104934770279
SIG135,GSE17536,3,3,0.54781622234827,0,0.526693455797933,0.325710527705653,0.0018718094157685,0.0594882020604852,0.535337492909813,0.350649350649351,ok,0.782306802108782,0.01247872943845696,0.0018718094157685
SIG136,GSE17536,9,9,0.57311401020987,0,0.614810562571757,0.643742193581112,0.0109472490073738,0.0395480225988701,0.533692569483834,0.156843156843157,ok,0.648801349707694,0.03942144072603593,0.0109472490073738
SIG138,GSE17536,5,5,0.532387975042541,0,0.529276693455798,0.362607849892941,0.0020986954055586,0.0528414755732802,0.531934203062961,0.490509490509491,ok,0.857059446654822,0.0004537719795799644,0.0020986954055586
SIG139,GSE17536,4,4,0.559614293817357,1,0.602755453501722,0.355422492850985,0.0002836074872376,0.0528414755732802,0.532217810550199,0.221778221778222,ok,0.707860881773925,0.027396483267157934,0.0002836074872376
SIG140,GSE17536,6,6,0.598298355076574,0,0.571756601607348,0.85399201960733,0.0090187180941576,0.0395480225988701,0.535904707884288,0.041958041958042,ok,0.418651459241865,0.06239364719228602,0.0090187180941576
SIG141,GSE17536,7,7,0.535904707884288,1,0.499712973593571,0.376582667259713,-0.0028927963698242,0.0661349285476903,0.536018150879183,0.502497502497502,ok,0.86258534439212,-0.00011344299489501886,-0.0028927963698242
SIG142,GSE17536,12,12,0.510266591038003,1,0.450344431687715,0.0584390749042883,0.0049347702779353,0.0461947490860751,0.536018150879183,0.85014985014985,ok,0.9671735299876,-0.02575155984118005,0.0049347702779353
SIG143,GSE17536,6,6,0.508224617129892,0,0.485361653272101,0.0248117164438824,0.0015314804310833,0.0461947490860751,0.535904707884288,0.863136863136863,ok,0.969639417499825,-0.027680090754396036,0.0015314804310833
SIG144,GSE17536,3,3,0.511287577992059,1,0.520952927669346,0.0912567063387555,-0.0002836074872376,0.032901296111665,0.535337492909813,0.814185814185814,ok,0.958449473904415,-0.02404991491775399,-0.0002836074872376
SIG145,GSE17536,12,12,0.516392512762337,0,0.567451205510907,0.202345079393135,-0.0015314804310834,0.0594882020604852,0.536018150879183,0.769230769230769,ok,0.94496429160676,-0.019625638116846034,-0.0015314804310834
SIG146,GSE17536,3,3,0.547475893363585,1,0.558266360505166,0.300744456972424,0.001077708451503,0.0461947490860751,0.535337492909813,0.355644355644356,ok,0.785235816814764,0.012138400453772014,0.001077708451503
SIG147,GSE17536,3,3,0.566874645490641,1,0.59902411021814,0.371088605881214,0.018207600680658,0.0528414755732802,0.535337492909813,0.180819180819181,ok,0.666223264606014,0.03153715258082801,0.018207600680658
SIG148,GSE17536,8,6,0.568462847419172,0,0.57060849598163,0.342241811013607,0.0082246171298922,0.0461947490860751,0.535904707884288,0.174825174825175,ok,0.666223264606014,0.032558139534883956,0.0082246171298922
SIG149,GSE17536,8,8,0.507203630175837,0,0.532433983926521,0.126669923658849,5.67214974475094e-05,0.02625456962446,0.534316505955757,0.886113886113886,ok,0.976386286899734,-0.027112875779919943,5.67214974475094e-05
SIG150,GSE17536,10,10,0.523539421440726,0,0.546211251435132,0.0393875502673744,0.0003970504821326,0.0196078431372549,0.536358479863868,0.671328671328671,ok,0.913912434870519,-0.012819058423142016,0.0003970504821326
SIG151,GSE17536,8,8,0.518661372660238,1,0.515786452353617,0.137862999342732,0.0013045944412932,0.0395480225988701,0.534316505955757,0.729270729270729,ok,0.932758313958125,-0.01565513329551893,0.0013045944412932
SIG152,GSE17536,8,8,0.536925694838344,1,0.45752009184845,0.237719564724461,0.0049347702779353,0.0661349285476903,0.534316505955757,0.465534465534466,ok,0.840885233670805,0.002609188882586988,0.0049347702779353
SIG153,GSE17536,8,8,0.595575723199092,0,0.616819747416762,0.695275864511635,0.0020986954055586,0.0594882020604852,0.534316505955757,0.036963036963037,ok,0.399792207792208,0.06125921724333505,0.0020986954055586
SIG154,GSE17536,3,3,0.604197390811117,0,0.605051664753157,0.567533389825108,0.0082246171298922,0.0727816550348953,0.535337492909813,0.01998001998002,ok,0.333493666827,0.06885989790130398,0.0082246171298922
SIG155,GSE17536,9,9,0.577084515031197,0,0.610218140068886,0.534787034100865,0.0108338060124786,0.0528414755732802,0.533692569483834,0.135864135864136,ok,0.623376623376623,0.04339194554736292,0.0108338060124786
SIG156,GSE17536,5,5,0.528304027226319,1,0.533295063145809,0.115035601943433,0.0041406693136698,0.0461947490860751,0.531934203062961,0.56943056943057,ok,0.88400539027677,-0.0036301758366420467,0.0041406693136698
SIG157,GSE17536,5,5,0.545320476460579,0,0.524110218140069,0.220177082758724,0.0001701644923426,0.0528414755732802,0.531934203062961,0.337662337662338,ok,0.775075518708795,0.013386273397617998,0.0001701644923426
SIG159,GSE17536,6,6,0.509472490073738,0,0.549081515499426,0.130860266722493,-0.0013045944412932,0.032901296111665,0.535904707884288,0.845154845154845,ok,0.9671735299876,-0.02643221781055005,-0.0013045944412932
SIG161,GSE17536,4,4,0.611798071469087,0,0.547646383467279,0.688743988269251,0.0319342030629608,0.0727816550348953,0.532217810550199,0.0079920079920079,ok,0.218286763741309,0.07958026091888803,0.0319342030629608
SIG163,GSE17536,4,4,0.622575155984118,0,0.639781859931114,0.493896085706348,0.0207033465683494,0.0727816550348953,0.532217810550199,0.004995004995005,ok,0.182520182520183,0.09035734543391893,0.0207033465683494
SIG164,GSE17536,4,4,0.59058423142371,0,0.581515499425947,0.276374643453542,0.0103800340328984,0.0395480225988701,0.532217810550199,0.050949050949051,ok,0.441558441558442,0.05836642087351096,0.0103800340328984
SIG165,GSE17536,5,5,0.604083947816222,0,0.562858783008037,0.613577400534086,0.0151446398184911,0.0727816550348953,0.531934203062961,0.025974025974026,ok,0.363905524527286,0.07214974475326097,0.0151446398184911
SIG166,GSE17536,3,3,0.568235961429382,1,0.555683122847302,0.339821369336376,0.0056154282473057,0.0594882020604852,0.535337492909813,0.175824175824176,ok,0.666223264606014,0.03289846851956901,0.0056154282473057
SIG167,GSE17536,3,3,0.541463414634146,0,0.489667049368542,0.224783174694352,0.018321043675553,0.0395480225988701,0.535337492909813,0.42957042957043,ok,0.826032724337809,0.006125921724333017,0.018321043675553
SIG168,GSE17536,9,9,0.59954622802042,0,0.595005740528129,0.362961318728366,0.0173000567214974,0.0727816550348953,0.533692569483834,0.038961038961039,ok,0.406759263902121,0.06585365853658598,0.0173000567214974
SIG169,GSE17536,8,8,0.542144072603517,0,0.547646383467279,0.530344360162692,0.0143505388542258,0.0528414755732802,0.534316505955757,0.3996003996004,ok,0.815486400392061,0.007827566647760076,0.0143505388542258
SIG170,GSE17536,6,6,0.502552467385139,0,0.437715269804822,-0.212866494879266,-0.0003970504821327,0.032901296111665,0.535904707884288,0.965034965034965,ok,0.995865743101733,-0.03335224049914898,-0.0003970504821327
SIG171,GSE17536,4,4,0.587067498581963,1,0.614236509758898,0.51409034718327,0.0137833238797505,0.0661349285476903,0.532217810550199,0.0659340659340659,ok,0.47041085563513,0.05484968803176404,0.0137833238797505
SIG172,GSE17536,6,6,0.529098128190584,1,0.482491389207807,0.268015071889903,0.0030062393647192,0.0461947490860751,0.535904707884288,0.578421578421578,ok,0.884172261147431,-0.006806579693704018,0.0030062393647192
SIG173,GSE17536,5,5,0.501985252410664,0,0.549368541905855,0.012297540811496,0.0032331253545092,0.0063143901628448,0.531934203062961,0.969030969030969,ok,0.996331023236853,-0.02994895065229697,0.0032331253545092
SIG175,GSE17536,6,5,0.515598411798071,0,0.568886337543054,-0.0185141662026715,0.0006239364719228,0.02625456962446,0.531934203062961,0.741258741258741,ok,0.936131033145958,-0.016335791264890043,0.0006239364719228
SIG176,GSE17536,8,8,0.523879750425411,1,0.576349024110218,0.163728652617518,0.0035734543391945,0.02625456962446,0.534316505955757,0.65034965034965,ok,0.91369473593953,-0.010436755530345954,0.0035734543391945
SIG177,GSE17536,14,14,0.540442427680091,0,0.546785304247991,0.518235517353336,0.0006239364719228,0.0528414755732802,0.536358479863868,0.451548451548452,ok,0.835415265932977,0.00408394781622301,0.0006239364719228
SIG178,GSE17536,3,3,0.558252977878616,1,0.583524684270953,0.249334624907683,0.0160521837776517,0.0461947490860751,0.535337492909813,0.252747252747253,ok,0.722440350347327,0.022915484968803024,0.0160521837776517
SIG179,GSE17536,12,12,0.565173000567215,0,0.574626865671642,0.530597676544467,0.0086783891094723,0.0528414755732802,0.536018150879183,0.18981018981019,ok,0.67006240512734,0.029154849688031947,0.0086783891094723
SIG180,GSE17536,5,5,0.589336358479864,1,0.624282433983927,0.805204314916109,0.0227453204764605,0.0727816550348953,0.531934203062961,0.0559440559440559,ok,0.447552447552448,0.05740215541690297,0.0227453204764605
SIG181,GSE17536,5,5,0.658196256381169,1,0.582089552238806,0.740114750208847,0.0207033465683494,0.0794283815221004,0.531934203062961,0.0009990009990009,ok,0.0771799628942486,0.12626205331820795,0.0207033465683494
SIG182,GSE17536,3,3,0.558593306863301,1,0.61337543053961,0.497610015878424,0.0024390243902439,0.0794283815221004,0.535337492909813,0.24975024975025,ok,0.720346320346321,0.02325581395348797,0.0024390243902439
SIG183,GSE17536,4,4,0.514463981849121,0,0.555396096440873,0.0777968453118672,0.0020986954055586,0.032901296111665,0.532217810550199,0.789210789210789,ok,0.95134785072452,-0.017753828701078,0.0020986954055586
SIG184,GSE17536,3,3,0.512535450935905,0,0.408438576349024,0.0095951796585792,-0.0007373794668179,0.0461947490860751,0.535337492909813,0.796203796203796,ok,0.953892363728429,-0.022802041973908005,-0.0007373794668179
SIG185,GSE17536,22,22,0.513442994895065,1,0.559701492537313,0.0767898317551351,0.0013045944412932,0.0395480225988701,0.536698808848554,0.824175824175824,ok,0.961834885011406,-0.02325581395348908,0.0013045944412932
SIG186,GSE17536,19,18,0.594781622234827,0,0.602755453501722,0.832911048619028,0.007884288145207,0.0661349285476903,0.53817356778219,0.051948051948052,ok,0.441879108545775,0.05660805445263695,0.007884288145207
SIG187,GSE17536,4,4,0.546341463414634,1,0.495981630309989,0.17710502639756,0.0002836074872376,0.0461947490860751,0.532217810550199,0.348651348651349,ok,0.782306802108782,0.014123652864434955,0.0002836074872376
SIG188,GSE17536,6,6,0.58230289279637,0,0.576349024110218,0.551813497689047,0.0047078842881451,0.0794283815221004,0.535904707884288,0.0969030969030969,ok,0.54025974025974,0.04639818491208203,0.0047078842881451
SIG189,GSE17536,6,6,0.529325014180374,0,0.543053960964409,0.245150219649545,-0.0010777084515032,0.032901296111665,0.535904707884288,0.576423576423577,ok,0.884172261147431,-0.00657969370391398,-0.0010777084515032
SIG190,GSE17536,7,7,0.535564378899603,0,0.479334098737084,0.146139492189443,0.002779353374929,0.0395480225988701,0.536018150879183,0.508491508491509,ok,0.86258534439212,-0.0004537719795800754,0.002779353374929
SIG191,GSE17536,3,3,0.501191151446398,0,0.510045924225029,0.0844119056651127,-0.0009642654566081,0.0395480225988701,0.535337492909813,0.985014985014985,ok,0.996331023236853,-0.034146341463415,-0.0009642654566081
SIG192,GSE17536,3,3,0.511174134997164,0,0.540757749712974,0.040110099933924,0.0049347702779353,0.032901296111665,0.535337492909813,0.816183816183816,ok,0.95890256929218,-0.02416335791264901,0.0049347702779353
SIG193,GSE17536,7,7,0.52229154849688,1,0.44833524684271,0.186587906605818,0.0026659103800339,0.0461947490860751,0.536018150879183,0.674325674325674,ok,0.913912434870519,-0.013726602382303055,0.0026659103800339
SIG194,GSE17536,6,6,0.502098695405559,1,0.54247990815155,0.0866656800551207,-0.0013045944412932,0.032901296111665,0.535904707884288,0.974025974025974,ok,0.996331023236853,-0.03380601247872905,-0.0013045944412932
SIG195,GSE17536,12,12,0.516619398752127,1,0.486796785304248,0.0539077429369386,0.0013045944412932,0.0395480225988701,0.536018150879183,0.766233766233766,ok,0.943056943056943,-0.019398752127055996,0.0013045944412932
SIG196,GSE17536,4,4,0.549744753261486,0,0.567738231917336,0.331438647152325,0.0020986954055586,0.0727816550348953,0.532217810550199,0.313686313686314,ok,0.753407228252771,0.017526942711286964,0.0020986954055586
SIG197,GSE17536,4,4,0.590130459444129,1,0.510907003444317,0.356037281565642,0.004480998298355,0.0661349285476903,0.532217810550199,0.0529470529470529,ok,0.441879108545775,0.05791264889393,0.004480998298355
SIG198,GSE17536,3,3,0.53976176971072,1,0.532433983926521,0.204363558143346,0.0022121384004537,0.0528414755732802,0.535337492909813,0.447552447552448,ok,0.831740081224617,0.004424276800906957,0.0022121384004537
SIG199,GSE17536,5,5,0.555416903006239,0,0.578645235361653,0.479288265918397,0.0014180374361882,0.0461947490860751,0.531934203062961,0.248751248751249,ok,0.720346320346321,0.023482699943278007,0.0014180374361882
SIG200,GSE17536,3,3,0.578899602949518,0,0.551377726750861,0.255288184338853,0.0134429948950652,0.0528414755732802,0.535337492909813,0.104895104895105,ok,0.553977272727273,0.043562110039705004,0.0134429948950652
SIG201,GSE17536,4,3,0.584912081678956,0,0.584098737083812,0.458006455598042,0.0038003403289845,0.0528414755732802,0.535337492909813,0.0769230769230769,ok,0.495767761650115,0.049574588769143,0.0038003403289845
SIG202,GSE17536,29,29,0.576971072036302,0,0.521814006888634,0.981879938605374,0.0230856494611458,0.0594882020604852,0.534997163925128,0.122877122877123,ok,0.6002886002886,0.041973908111174074,0.0230856494611458
SIG203,GSE17536,5,5,0.547929665343165,1,0.618254879448909,0.548824365847008,0.0052750992626204,0.0594882020604852,0.531934203062961,0.304695304695305,ok,0.753407228252771,0.015995462280203987,0.0052750992626204
SIG204,GSE17536,3,3,0.50504821327283,0,0.545350172215844,-0.0368293389850404,-0.0011911514463982,0.02625456962446,0.535337492909813,0.912087912087912,ok,0.981704577728435,-0.030289279636983024,-0.0011911514463982
SIG205,GSE17536,7,7,0.610209869540556,0,0.634041331802526,0.419590906518201,0.0218377765173,0.0794283815221004,0.536018150879183,0.014985014985015,ok,0.285348454362539,0.07419171866137297,0.0218377765173
SIG206,GSE17536,11,11,0.53930799773114,0,0.530137772675086,0.17082754050143,0.0006239364719228,0.0528414755732802,0.535450935904708,0.453546453546454,ok,0.835415265932977,0.0038570618264319734,0.0006239364719228
SIG207,GSE17536,13,13,0.563244469653999,0,0.622273249138921,0.38946149963902,-0.0015314804310834,0.0528414755732802,0.535337492909813,0.222777222777223,ok,0.707860881773925,0.027906976744185963,-0.0015314804310834
SIG208,GSE17536,7,6,0.55677821894498,1,0.576923076923077,0.250662299980286,-0.0005104934770279,0.0461947490860751,0.535904707884288,0.277722277722278,ok,0.736236312706901,0.020873511060692018,-0.0005104934770279
SIG209,GSE17536,5,5,0.524333522404992,0,0.508610792192882,0.01559377116207,-0.0008508224617129,0.0395480225988701,0.531934203062961,0.618381618381618,ok,0.898014981795863,-0.007600680657969039,-0.0008508224617129
SIG210,GSE17536,13,13,0.598752127056154,0,0.619115958668198,0.548409933247245,0.018207600680658,0.0727816550348953,0.535337492909813,0.026973026973027,ok,0.366507863995301,0.06341463414634096,0.018207600680658
SIG211,GSE17536,4,4,0.526715825297788,1,0.562571756601607,0.0347670776071748,-0.0010777084515032,0.0395480225988701,0.532217810550199,0.593406593406593,ok,0.887975334018499,-0.005501985252410968,-0.0010777084515032
SIG212,GSE17536,3,3,0.505161656267726,0,0.566590126291619,0.0061989633686643,0.0003970504821326,0.0196078431372549,0.535337492909813,0.91008991008991,ok,0.981507735292596,-0.030175836642087006,0.0003970504821326
SIG213,GSE17536,5,5,0.578559273964833,0,0.624282433983927,0.484228201468765,0.0176403857061826,0.0528414755732802,0.531934203062961,0.106893106893107,ok,0.559069557135321,0.04662507090187196,0.0176403857061826
SIG214,GSE17536,5,5,0.553261486103233,1,0.621125143513203,0.304555748678996,0.0001701644923426,0.02625456962446,0.531934203062961,0.266733266733267,ok,0.733323931744465,0.021327283040271983,0.0001701644923426
SIG215,GSE17536,4,4,0.506749858196256,0,0.486796785304248,0.0376601961932867,0.0014180374361882,0.032901296111665,0.532217810550199,0.897102897102897,ok,0.981507735292596,-0.025467952353943057,0.0014180374361882
SIG216,GSE17536,4,4,0.549744753261486,1,0.624856486796785,0.43427435007684,0.0038003403289845,0.0594882020604852,0.532217810550199,0.313686313686314,ok,0.753407228252771,0.017526942711286964,0.0038003403289845
SIG217,GSE17536,8,8,0.533862733976177,0,0.579793340987371,0.229560766937359,0.0050482132728303,0.02625456962446,0.534316505955757,0.507492507492508,ok,0.86258534439212,-0.0004537719795799644,0.0050482132728303
SIG218,GSE17536,4,4,0.628360748723766,0,0.610218140068886,0.863421823873009,0.0108338060124786,0.0727816550348953,0.532217810550199,0.001998001998002,ok,0.108051948051948,0.096142938173567,0.0108338060124786
SIG219,GSE17536,8,7,0.528757799205899,1,0.559414466130884,0.263068103351957,-0.0003970504821327,0.0528414755732802,0.536018150879183,0.588411588411588,ok,0.886903858523224,-0.007260351673283982,-0.0003970504821327
SIG220,GSE17536,7,7,0.560181508791832,0,0.562858783008037,0.4168955928306,0.0119682359614293,0.0528414755732802,0.536018150879183,0.228771228771229,ok,0.712800223559001,0.02416335791264901,0.0119682359614293
SIG221,GSE17536,4,4,0.514350538854226,1,0.520378874856487,0.184754580848577,0.0001701644923426,0.0395480225988701,0.532217810550199,0.792207792207792,ok,0.952481044966594,-0.01786727169597302,0.0001701644923426
SIG222,GSE17536,3,3,0.530459444129325,1,0.582089552238806,0.348363366312215,5.67214974475094e-05,0.0528414755732802,0.535337492909813,0.565434565434565,ok,0.88400539027677,-0.004878048780488031,5.67214974475094e-05
SIG223,GSE17536,4,4,0.52989222915485,1,0.559988518943743,0.210243210754583,-0.0005104934770279,0.0594882020604852,0.532217810550199,0.540459540459541,ok,0.876140645924819,-0.0023255813953489968,-0.0005104934770279
SIG224,GSE17536,3,3,0.58343732274532,0,0.622273249138921,0.319868738729313,0.0077708451503119,0.0594882020604852,0.535337492909813,0.0849150849150849,ok,0.509113945921041,0.04809982983550698,0.0077708451503119
SIG225,GSE17536,5,5,0.592626205331821,0,0.585820895522388,0.712947467435684,0.0241066364152014,0.0860751080093054,0.531934203062961,0.047952047952048,ok,0.432207792207792,0.06069200226885996,0.0241066364152014
SIG226,GSE17536,5,5,0.519342030629609,1,0.527841561423651,0.106144033118969,-0.0022121384004538,0.0461947490860751,0.531934203062961,0.685314685314685,ok,0.918709013758519,-0.012592172433351978,-0.0022121384004538
SIG227,GSE17536,8,8,0.588996029495179,0,0.573765786452354,0.587715764321843,0.0129892229154849,0.0661349285476903,0.534316505955757,0.051948051948052,ok,0.441879108545775,0.05467952353942207,0.0129892229154849
SIG228,GSE17536,6,6,0.546454906409529,1,0.488231917336395,0.26342010262069,0.0006239364719228,0.0528414755732802,0.535904707884288,0.370629370629371,ok,0.795382395382395,0.010550198525240972,0.0006239364719228
SIG229,GSE17536,4,4,0.542824730572887,1,0.589265212399541,0.156302850588284,-0.0009642654566081,0.032901296111665,0.532217810550199,0.385614385614386,ok,0.809550697749456,0.010606920022688038,-0.0009642654566081
SIG230,GSE17536,16,16,0.563698241633579,0,0.575774971297359,0.444107542042732,0.0099262620533181,0.0594882020604852,0.534883720930233,0.201798201798202,ok,0.684552714366379,0.028814520703346003,0.0099262620533181
SIG231,GSE17536,3,3,0.555190017016449,1,0.538174512055109,0.408774673284247,0.0007373794668179,0.0528414755732802,0.535337492909813,0.275724275724276,ok,0.733817363738624,0.01985252410663596,0.0007373794668179
SIG232,GSE17536,7,7,0.503800340328985,0,0.535878300803674,0.12217426222454,0.0003970504821326,0.032901296111665,0.536018150879183,0.946053946053946,ok,0.99267748161811,-0.03221781055019801,0.0003970504821326
SIG233,GSE17536,10,10,0.531707317073171,0,0.532146957520092,0.21490804053468,0.001077708451503,0.0594882020604852,0.536358479863868,0.556443556443557,ok,0.881959775277478,-0.004651162790696994,0.001077708451503
SIG234,GSE17536,13,12,0.527509926262053,0,0.56142365097589,0.0694780584111038,-0.0008508224617129,0.02625456962446,0.536018150879183,0.606393606393606,ok,0.893076422488187,-0.008508224617130078,-0.0008508224617129
SIG235,GSE17536,6,6,0.647986386840613,1,0.661595866819748,1.2664948631041,0.0177538287010777,0.0860751080093054,0.535904707884288,0.003996003996004,ok,0.163715072805982,0.11208167895632504,0.0177538287010777
SIG236,GSE17536,5,5,0.564038570618264,0,0.616532721010333,0.449491071894849,0.0094724900737379,0.0794283815221004,0.531934203062961,0.182817182817183,ok,0.666223264606014,0.03210436755530299,0.0094724900737379
SIG237,GSE17536,6,6,0.560862166761203,0,0.514925373134328,0.246238030482819,0.0202495745887691,0.032901296111665,0.535904707884288,0.23976023976024,ok,0.717158947247443,0.02495745887691503,0.0202495745887691
SIG238,GSE17536,6,6,0.510606920022689,0,0.476176808266361,0.0426498636548173,0.0016449234259783,0.0395480225988701,0.535904707884288,0.823176823176823,ok,0.961083821187448,-0.025297787861598975,0.0016449234259783
SIG239,GSE17536,7,7,0.519568916619399,0,0.57060849598163,0.238250970546907,0.0048213272830401,0.0528414755732802,0.536018150879183,0.708291708291708,ok,0.928530902606755,-0.016449234259784062,0.0048213272830401
SIG240,GSE17536,6,6,0.523652864435621,0,0.553673938002296,0.153952625867898,0.0040272263187748,0.0594882020604852,0.535904707884288,0.648351648351648,ok,0.912619915222726,-0.012251843448667032,0.0040272263187748
SIG241,GSE17536,4,4,0.519909245604084,0,0.513490241102181,-0.117126865383757,0.001077708451503,0.0129611166500498,0.532217810550199,0.701298701298701,ok,0.926385778364283,-0.012308564946114986,0.001077708451503
SIG242,GSE17536,6,6,0.505615428247306,0,0.478760045924225,-0.0317932212066725,5.67214974475094e-05,0.02625456962446,0.535904707884288,0.91008991008991,ok,0.981507735292596,-0.030289279636982025,5.67214974475094e-05
SIG243,GSE17536,8,8,0.532955190017017,1,0.476176808266361,0.23984427033364,0.0007373794668179,0.0461947490860751,0.534316505955757,0.515484515484515,ok,0.866422741345342,-0.0013613159387400042,0.0007373794668179
SIG244,GSE17536,13,13,0.553148043108338,0,0.571756601607348,0.656774122359143,0.0047078842881451,0.0594882020604852,0.535337492909813,0.312687312687313,ok,0.753407228252771,0.017810550198524955,0.0047078842881451
SIG245,GSE17536,3,3,0.510720363017584,0,0.506027554535017,0.226020653995428,0.0036868973340895,0.0528414755732802,0.535337492909813,0.825174825174825,ok,0.962170214434121,-0.024617129892229084,0.0036868973340895
SIG246,GSE17536,5,5,0.566193987521271,1,0.613949483352469,0.608040538397751,0.0098128190584231,0.0594882020604852,0.531934203062961,0.165834165834166,ok,0.660405868064189,0.034259784458310016,0.0098128190584231
SIG247,GSE17536,3,3,0.542711287577992,0,0.539609644087256,0.36627243969661,0.006182643221781,0.0860751080093054,0.535337492909813,0.413586413586414,ok,0.819472924736083,0.007373794668179001,0.006182643221781
SIG248,GSE17536,5,5,0.541123085649461,1,0.49052812858783,0.146989773247518,-0.0001701644923426,0.0395480225988701,0.531934203062961,0.381618381618382,ok,0.804283791033596,0.009188882586499969,-0.0001701644923426
SIG249,GSE17536,4,4,0.500623936471923,0,0.508897818599311,0.0318184102096866,0.0047078842881451,0.032901296111665,0.532217810550199,0.99000999000999,ok,0.998875751114557,-0.03159387407827596,0.0047078842881451
SIG250,GSE17536,4,4,0.571639251276234,0,0.589265212399541,0.503982346984754,0.0158252977878616,0.0661349285476903,0.532217810550199,0.134865134865135,ok,0.620196130400212,0.03942144072603504,0.0158252977878616
SIG251,GSE17536,14,13,0.562336925694838,1,0.571469575200919,0.610489649694288,0.0059557572319908,0.0794283815221004,0.535337492909813,0.236763236763237,ok,0.716548712109201,0.026999432785024924,0.0059557572319908
SIG252,GSE17536,3,3,0.587294384571753,1,0.525545350172216,0.400975044299761,0.0028927963698242,0.0794283815221004,0.535337492909813,0.0599400599400599,ok,0.457847237508254,0.05195689166193995,0.0028927963698242
SIG253,GSE17536,3,3,0.618264322178106,0,0.580654420206659,0.776943942130787,0.0126488939307997,0.0927218344965105,0.535337492909813,0.0099900099900099,ok,0.239052982415814,0.08292682926829298,0.0126488939307997
SIG254,GSE17536,3,3,0.545547362450369,0,0.486796785304248,0.175022240742116,0.0062960862166761,0.0063143901628448,0.535337492909813,0.374625374625375,ok,0.797627569281113,0.010209869540556027,0.0062960862166761
SIG255,GSE17536,3,2,0.532728304027226,1,0.530137772675086,0.193226762565138,0.0041406693136698,0.0461947490860751,0.53817356778219,0.571428571428571,ok,0.88400539027677,-0.005445263754964014,0.0041406693136698
SIG256,GSE17536,5,5,0.563698241633579,0,0.540183696900115,0.400463947251414,0.0075439591605217,0.0528414755732802,0.531934203062961,0.187812187812188,ok,0.67006240512734,0.031764038570617936,0.0075439591605217
SIG257,GSE17536,4,3,0.557345433919456,0,0.508323765786452,0.259469020849771,-0.0013045944412932,0.0528414755732802,0.535337492909813,0.255744255744256,ok,0.725637426581813,0.022007941009642984,-0.0013045944412932
SIG258,GSE17536,6,4,0.510266591038003,1,0.486796785304248,0.162893860873098,0.0007373794668179,0.0461947490860751,0.532217810550199,0.848151848151848,ok,0.9671735299876,-0.02195121951219603,0.0007373794668179
SIG259,GSE17536,6,5,0.527283040272263,1,0.558840413318025,0.314172670404758,0.0086783891094723,0.0528414755732802,0.531934203062961,0.583416583416583,ok,0.884777589208324,-0.0046511627906979935,0.0086783891094723
SIG260,GSE17536,5,5,0.589676687464549,0,0.552525832376579,0.668562367941844,0.0138967668746455,0.0727816550348953,0.531934203062961,0.0559440559440559,ok,0.447552447552448,0.05774248440158802,0.0138967668746455
SIG261,GSE17536,14,14,0.54781622234827,0,0.545924225028703,0.560697665533424,0.0040272263187748,0.0594882020604852,0.536358479863868,0.360639360639361,ok,0.785792772899944,0.011457742484402011,0.0040272263187748
SIG262,GSE17536,6,6,0.514463981849121,0,0.516647531572905,0.191539930054271,0.0013045944412932,0.0528414755732802,0.535904707884288,0.766233766233766,ok,0.943056943056943,-0.021440726035167,0.0013045944412932
SIG263,GSE17536,4,4,0.506976744186046,1,0.526119402985075,0.0981578835358335,0.0003970504821326,0.032901296111665,0.532217810550199,0.892107892107892,ok,0.979796807579098,-0.02524106636415302,0.0003970504821326
SIG264,GSE17536,6,6,0.606352807714124,0,0.624282433983927,0.668987970271045,0.0199092456040839,0.0927218344965105,0.535904707884288,0.027972027972028,ok,0.369517275177653,0.07044809982983602,0.0199092456040839
SIG265,GSE17536,7,7,0.609756097560976,1,0.577784156142365,1.00774590886014,0.0176403857061826,0.0794283815221004,0.536018150879183,0.014985014985015,ok,0.285348454362539,0.07373794668179301,0.0176403857061826
SIG266,GSE17536,5,5,0.595689166193988,0,0.539896670493685,0.503307473020379,0.006182643221781,0.0528414755732802,0.531934203062961,0.038961038961039,ok,0.406759263902121,0.06375496313102702,0.006182643221781
SIG267,GSE17536,11,11,0.549404424276801,0,0.549368541905855,0.483351888624898,0.0067498581962564,0.0395480225988701,0.535450935904708,0.328671328671329,ok,0.765174739423666,0.013953488372092981,0.0067498581962564
SIG268,GSE17536,6,6,0.555190017016449,0,0.574626865671642,0.335453279077669,0.0051616562677254,0.0395480225988701,0.535904707884288,0.292707292707293,ok,0.748521977551195,0.019285309132160977,0.0051616562677254
SIG269,GSE17536,3,3,0.559841179807147,0,0.548220436280138,0.257593033000701,-0.0016449234259785,0.0395480225988701,0.535337492909813,0.23976023976024,ok,0.717158947247443,0.024503686897333954,-0.0016449234259785
SIG270,GSE17536,4,4,0.570845150311968,1,0.545350172215844,0.490075594934163,0.009699376063528,0.0860751080093054,0.532217810550199,0.137862137862138,ok,0.623376623376623,0.03862733976176902,0.009699376063528
SIG271,GSE17536,5,5,0.556664775950085,0,0.637772675086108,0.324390823431996,0.0093590470788428,0.0395480225988701,0.531934203062961,0.238761238761239,ok,0.716548712109201,0.02473057288712399,0.0093590470788428
SIG272,GSE17536,4,4,0.596142938173568,0,0.5849598163031,0.369002790397341,0.0179807146908678,0.0860751080093054,0.532217810550199,0.032967032967033,ok,0.37772397094431,0.063925127623369,0.0179807146908678
SIG273,GSE17536,4,4,0.575950085082246,1,0.605338691159587,0.536884486858315,0.0033465683494043,0.0727816550348953,0.532217810550199,0.117882117882118,ok,0.59028379028379,0.04373227453204698,0.0033465683494043
SIG274,GSE17536,8,8,0.528304027226319,1,0.458381171067738,0.103960505543296,-0.0008508224617129,0.0395480225988701,0.534316505955757,0.582417582417583,ok,0.884751203852328,-0.006012478729437998,-0.0008508224617129
SIG275,GSE17536,4,4,0.505161656267726,0,0.551090700344432,0.0848994171007266,-0.0010777084515032,0.02625456962446,0.532217810550199,0.926073926073926,ok,0.983446526012238,-0.02705615428247299,-0.0010777084515032
SIG276,GSE17536,12,12,0.552240499149178,0,0.572330654420207,0.303522175411273,0.0121951219512195,0.0528414755732802,0.536018150879183,0.300699300699301,ok,0.75147034111914,0.016222348269995024,0.0121951219512195
SIG277,GSE17536,6,6,0.500850822461713,1,0.48105625717566,-0.046721494485296,0.0017583664208734,0.0528414755732802,0.535904707884288,0.992007992007992,ok,0.999400003870943,-0.03505388542257504,0.0017583664208734
SIG278,GSE17536,5,5,0.539875212705615,0,0.567738231917336,0.598484515068444,0.0014180374361882,0.0528414755732802,0.531934203062961,0.398601398601399,ok,0.814677386105958,0.007941009642653984,0.0014180374361882
SIG279,GSE17536,7,7,0.543505388542258,0,0.576923076923077,0.337145136874576,0.0035734543391945,0.0594882020604852,0.536018150879183,0.400599400599401,ok,0.815678297606008,0.007487237663075019,0.0035734543391945
SIG280,GSE17536,4,4,0.53079977311401,0,0.464695752009185,0.0215746047013704,0.0072036301758365,0.0461947490860751,0.532217810550199,0.523476523476524,ok,0.869459778550688,-0.001418037436188957,0.0072036301758365
SIG281,GSE17536,4,4,0.549631310266591,0,0.625717566016074,0.182368727965408,0.0102665910380033,0.032901296111665,0.532217810550199,0.314685314685315,ok,0.753407228252771,0.017413499716391945,0.0102665910380033
SIG282,GSE17536,16,16,0.552807714123653,0,0.523249138920781,0.636423589269061,0.0006239364719228,0.0594882020604852,0.534883720930233,0.2997002997003,ok,0.749666614606485,0.017923993193420085,0.0006239364719228
SIG283,GSE17536,10,10,0.554055587067499,0,0.560562571756602,0.468708926294154,0.0043675553034598,0.0528414755732802,0.536358479863868,0.306693306693307,ok,0.753407228252771,0.017697107203631046,0.0043675553034598
SIG284,GSE17536,3,3,0.622575155984118,0,0.640642939150402,0.495225663547811,0.0243335224049914,0.0794283815221004,0.535337492909813,0.0069930069930069,ok,0.205533596837945,0.08723766307430492,0.0243335224049914
SIG285,GSE17536,9,9,0.528077141236529,0,0.533295063145809,0.303288842637166,0.0092456040839477,0.0661349285476903,0.533692569483834,0.574425574425574,ok,0.884033439525756,-0.005615428247304988,0.0092456040839477
SIG286,GSE17536,5,5,0.530686330119115,0,0.491389207807118,0.188955662852183,-0.0009642654566081,0.0594882020604852,0.531934203062961,0.523476523476524,ok,0.869459778550688,-0.0012478729438459846,-0.0009642654566081
SIG287,GSE17536,3,3,0.544186046511628,0,0.532721010332951,0.339172870595633,0.0082246171298922,0.0461947490860751,0.535337492909813,0.402597402597403,ok,0.817047030639264,0.008848553601815023,0.0082246171298922
SIG288,GSE17536,5,5,0.53862733976177,1,0.508610792192882,0.286821178524643,0.0014180374361882,0.0528414755732802,0.531934203062961,0.422577422577423,ok,0.820868786386028,0.006693136698808999,0.0014180374361882
SIG289,GSE17536,17,16,0.527963698241634,1,0.547646383467279,0.683357805083997,0.0033465683494043,0.0528414755732802,0.534883720930233,0.593406593406593,ok,0.887975334018499,-0.006920022688598926,0.0033465683494043
SIG290,GSE17536,3,3,0.597050482132728,0,0.591561423650976,0.356767752239324,0.0026659103800339,0.0594882020604852,0.535337492909813,0.03996003996004,ok,0.410843908942768,0.061712989222915016,0.0026659103800339
SIG291,GSE17536,3,3,0.59171866137266,0,0.597014925373134,0.415687281667941,0.0142370958593306,0.0528414755732802,0.535337492909813,0.046953046953047,ok,0.427478245660064,0.05638116846284702,0.0142370958593306
SIG292,GSE17536,15,14,0.503346568349405,1,0.491389207807118,0.0162675579948109,-0.0001701644923426,0.032901296111665,0.536358479863868,0.948051948051948,ok,0.99269605587017,-0.03301191151446292,-0.0001701644923426
SIG293,GSE17536,7,6,0.534883720930233,1,0.49540757749713,0.273355142736914,0.0011911514463981,0.0461947490860751,0.535904707884288,0.504495504495505,ok,0.86258534439212,-0.0010209869540550587,0.0011911514463981
SIG294,GSE17536,4,4,0.517526942711288,1,0.504018369690011,0.0609976733549709,-0.0024390243902439,0.0528414755732802,0.532217810550199,0.737262737262737,ok,0.935016271784422,-0.014690867838911048,-0.0024390243902439
SIG295,GSE17536,9,7,0.508905275099263,1,0.49052812858783,-0.0212621138049295,0.0070901871809414,0.02625456962446,0.536018150879183,0.88011988011988,ok,0.973749654600718,-0.027112875779920054,0.0070901871809414
SIG296,GSE17536,11,11,0.567101531480431,1,0.547933409873708,0.596678926799455,0.0018718094157685,0.0461947490860751,0.535450935904708,0.172827172827173,ok,0.666223264606014,0.03165059557572292,0.0018718094157685
SIG297,GSE17536,11,11,0.534316505955757,0,0.568886337543054,0.434242004004308,0.0126488939307997,0.0594882020604852,0.535450935904708,0.513486513486514,ok,0.866422741345342,-0.0011344299489510767,0.0126488939307997
SIG298,GSE17536,9,9,0.546001134429949,1,0.533582089552239,0.557951838288824,0.0086783891094723,0.0661349285476903,0.533692569483834,0.372627372627373,ok,0.796755295178008,0.012308564946114986,0.0086783891094723
SIG300,GSE17536,5,5,0.501418037436188,0,0.564293915040184,0.032874223982937,-0.0020986954055587,0.0461947490860751,0.531934203062961,0.978021978021978,ok,0.996331023236853,-0.030516165626773062,-0.0020986954055587
SIG301,GSE17536,7,7,0.559273964832672,1,0.629161882893226,0.528405370817035,0.0099262620533181,0.0860751080093054,0.536018150879183,0.235764235764236,ok,0.715495503374291,0.02325581395348897,0.0099262620533181
SIG302,GSE17536,6,6,0.528190584231424,1,0.591848450057405,0.326935807686967,0.0016449234259783,0.0461947490860751,0.535904707884288,0.588411588411588,ok,0.886903858523224,-0.007714123652864058,0.0016449234259783
SIG303,GSE17536,3,3,0.509699376063528,1,0.568025258323766,0.0079628109368381,-0.0003970504821327,0.0129611166500498,0.535337492909813,0.838161838161838,ok,0.965653860413128,-0.02563811684628503,-0.0003970504821327
SIG304,GSE17536,4,4,0.541803743618832,1,0.588404133180253,0.313594199951432,0.0035734543391945,0.0461947490860751,0.532217810550199,0.396603396603397,ok,0.812436048799685,0.009585933068632979,0.0035734543391945
SIG305,GSE17536,7,7,0.554849688031764,0,0.580941446613088,0.425706118439702,0.0082246171298922,0.0528414755732802,0.536018150879183,0.274725274725275,ok,0.733323931744465,0.018831537152581013,0.0082246171298922
SIG306,GSE17536,11,11,0.525241066364152,0,0.568599311136625,0.348401107091608,0.0028927963698242,0.0528414755732802,0.535450935904708,0.646353646353646,ok,0.911705925790433,-0.010209869540556027,0.0028927963698242
SIG307,GSE17536,13,13,0.550538854225752,0,0.610792192881745,0.328236765796258,0.0114010209869539,0.0395480225988701,0.535337492909813,0.340659340659341,ok,0.778649921507064,0.015201361315938966,0.0114010209869539
SIG308,GSE17536,5,5,0.575723199092456,0,0.590700344431688,0.299144158674963,0.0118547929665342,0.0794283815221004,0.531934203062961,0.121878121878122,ok,0.598109694298442,0.04378899602949493,0.0118547929665342
SIG309,GSE17536,3,3,0.596710153148043,0,0.617393800229621,0.423821629281518,0.0194554736245036,0.0528414755732802,0.535337492909813,0.03996003996004,ok,0.410843908942768,0.06137266023822996,0.0194554736245036
SIG310,GSE17536,4,4,0.516392512762337,0,0.579219288174512,0.0580643742882193,0.0036868973340895,0.032901296111665,0.532217810550199,0.755244755244755,ok,0.939312410143829,-0.015825297787862014,0.0036868973340895
SIG311,GSE17536,5,4,0.578559273964833,0,0.576636050516648,0.399536887685021,0.0233125354509358,0.0461947490860751,0.532217810550199,0.102897102897103,ok,0.548784548784549,0.046341463414633965,0.0233125354509358
SIG312,GSE17536,9,9,0.518094157685763,0,0.550229621125144,0.219488272636132,0.0031196823596142,0.0528414755732802,0.533692569483834,0.715284715284715,ok,0.928530902606755,-0.015598411798071088,0.0031196823596142
SIG313,GSE17536,3,3,0.579807146908678,1,0.564867967853043,0.412053607976956,-0.0014180374361882,0.0528414755732802,0.535337492909813,0.0959040959040959,ok,0.538017998598911,0.04446965399886493,-0.0014180374361882
SIG314,GSE17536,8,7,0.595462280204197,0,0.581228473019518,0.695503338012176,0.0006239364719228,0.0661349285476903,0.536018150879183,0.042957042957043,ok,0.423926438524979,0.05944412932501397,0.0006239364719228
SIG315,GSE17536,8,8,0.507090187180942,1,0.491389207807118,0.0796699287722481,-5.67214974476205e-05,0.0196078431372549,0.534316505955757,0.889110889110889,ok,0.978492407063836,-0.02722631877481496,-5.67214974476205e-05
SIG316,GSE17536,10,10,0.584231423709586,0,0.578645235361653,0.56683123116849,0.0155984117980714,0.0395480225988701,0.536358479863868,0.0769230769230769,ok,0.495767761650115,0.04787294384571805,0.0155984117980714
SIG317,GSE17536,7,7,0.527396483267158,0,0.549655568312285,0.02082000093616,0.0015314804310833,0.02625456962446,0.536018150879183,0.601398601398601,ok,0.891547049441786,-0.008621667612024986,0.0015314804310833
SIG318,GSE17536,4,4,0.506636415201361,0,0.530711825487945,0.0880369422911569,0.0009642654566079,0.032901296111665,0.532217810550199,0.897102897102897,ok,0.981507735292596,-0.025581395348837965,0.0009642654566079
SIG319,GSE17536,8,8,0.577878615995462,0,0.617680826636051,0.488886045647541,0.0193420306296086,0.0661349285476903,0.534316505955757,0.0999000999000999,ok,0.542429458092109,0.043562110039705004,0.0193420306296086
SIG320,GSE17536,8,8,0.535110606920023,0,0.496555683122847,0.264418295439698,0.0033465683494043,0.0594882020604852,0.534316505955757,0.48951048951049,ok,0.856168411149006,0.0007941009642660202,0.0033465683494043
SIG321,GSE17536,3,3,0.535337492909813,0,0.550803673938002,0.0624379723517402,0.0001701644923426,0.0528414755732802,0.535337492909813,0.502497502497502,ok,0.86258534439212,0.0,0.0001701644923426
SIG322,GSE17536,7,7,0.522631877481565,0,0.511481056257176,0.288735204159367,0.0137833238797505,0.0461947490860751,0.536018150879183,0.669330669330669,ok,0.913912434870519,-0.013386273397617998,0.0137833238797505
SIG323,GSE17536,5,5,0.568916619398752,0,0.592709529276693,0.602007244608494,0.0026659103800339,0.0594882020604852,0.531934203062961,0.148851148851149,ok,0.636856814072004,0.036982416335791024,0.0026659103800339
SIG324,GSE17536,3,3,0.554395916052184,1,0.536165327210103,0.256480702149084,0.0039137833238797,0.0528414755732802,0.535337492909813,0.285714285714286,ok,0.742143543296281,0.01905842314237094,0.0039137833238797
SIG325,GSE17536,3,3,0.537039137833239,0,0.541331802525832,0.274547968499693,0.0035734543391945,0.0528414755732802,0.535337492909813,0.478521478521479,ok,0.851920746795911,0.001701644923425949,0.0035734543391945
SIG326,GSE17536,9,9,0.519001701644923,0,0.490241102181401,0.343783464692247,-0.0014180374361882,0.0528414755732802,0.533692569483834,0.699300699300699,ok,0.926385778364283,-0.014690867838911048,-0.0014180374361882
SIG327,GSE17536,3,2,0.598752127056154,0,0.591561423650976,0.446900560236585,0.0086783891094723,0.0927218344965105,0.53817356778219,0.043956043956044,ok,0.427478245660064,0.06057855927396394,0.0086783891094723
SIG328,GSE17536,9,9,0.595575723199092,1,0.562858783008037,0.567537874382911,0.0051616562677254,0.0927218344965105,0.533692569483834,0.046953046953047,ok,0.427478245660064,0.06188315371525799,0.0051616562677254
SIG329,GSE17536,5,4,0.530005672149745,0,0.482491389207807,0.0013206823755803,-0.0001701644923426,0.02625456962446,0.532217810550199,0.538461538461538,ok,0.876096876096876,-0.002212138400453978,-0.0001701644923426
SIG330,GSE17536,16,16,0.519795802609189,1,0.514638346727899,-0.0215942006260252,-0.0002836074872376,0.0196078431372549,0.534883720930233,0.695304695304695,ok,0.923883978429433,-0.015087918321043947,-0.0002836074872376
SIG331,GSE17536,4,4,0.553942144072604,0,0.543340987370838,0.444342570017288,0.009699376063528,0.0594882020604852,0.532217810550199,0.274725274725275,ok,0.733323931744465,0.021724333522404993,0.009699376063528
SIG332,GSE17536,3,3,0.577765173000567,0,0.574626865671642,0.228153217101824,0.007884288145207,0.0661349285476903,0.535337492909813,0.111888111888112,ok,0.574090046575815,0.04242768009075393,0.007884288145207
SIG334,GSE17536,4,4,0.578332387975043,0,0.555396096440873,0.45339948626762,0.0084515031196823,0.0794283815221004,0.532217810550199,0.105894105894106,ok,0.55599546084983,0.04611457742484404,0.0084515031196823
SIG335,GSE17536,8,7,0.566761202495746,0,0.572904707233065,0.580042022460653,0.0128757799205899,0.0461947490860751,0.536018150879183,0.17982017982018,ok,0.666223264606014,0.03074305161656299,0.0128757799205899
SIG336,GSE17536,3,3,0.509812819058423,0,0.581515499425947,0.106518607468538,0.0002836074872376,0.032901296111665,0.535337492909813,0.837162837162837,ok,0.965653860413128,-0.025524673851390012,0.0002836074872376
SIG337,GSE17536,4,4,0.593193420306296,1,0.528702640642939,0.528221617547425,0.0041406693136698,0.0727816550348953,0.532217810550199,0.041958041958042,ok,0.418651459241865,0.06097560975609695,0.0041406693136698
SIG338,GSE17536,3,3,0.52206466250709,0,0.460964408725603,0.0146339930789647,0.0008508224617129,0.0395480225988701,0.535337492909813,0.665334665334665,ok,0.91369473593953,-0.01327283040272298,0.0008508224617129
SIG001,GSE17537,4,4,0.563636363636364,0,0.566666666666667,0.32259239577138,0.0011363636363636,0.0994652406417112,0.561363636363636,0.488511488511489,ok,0.856082349277424,0.0022727272727280923,0.0011363636363636
SIG002,GSE17537,4,4,0.573863636363636,0,0.626666666666667,0.31349621761483,-0.0068181818181818,0.0566844919786096,0.561363636363636,0.423576423576424,ok,0.821628873278802,0.012500000000000067,-0.0068181818181818
SIG003,GSE17537,13,11,0.584090909090909,0,0.5,0.53665894575122,0.0022727272727272,0.0780748663101604,0.560227272727273,0.32967032967033,ok,0.765174739423666,0.023863636363635976,0.0022727272727272
SIG004,GSE17537,9,8,0.573863636363636,0,0.573333333333333,0.706266346124627,-0.0011363636363637,0.0566844919786096,0.560227272727273,0.401598401598402,ok,0.817047030639264,0.013636363636363003,-0.0011363636363637
SIG005,GSE17537,6,6,0.5625,0,0.476666666666667,0.657279942734845,0.0068181818181817,0.0780748663101604,0.556818181818182,0.463536463536464,ok,0.840885233670805,0.00568181818181801,0.0068181818181817
SIG006,GSE17537,8,8,0.536363636363636,1,0.563333333333333,0.656162476380428,-0.0045454545454546,0.0780748663101604,0.560227272727273,0.7002997002997,ok,0.926385778364283,-0.023863636363636975,-0.0045454545454546
SIG007,GSE17537,15,15,0.526136363636364,0,0.54,0.169381343281059,0.0022727272727272,0.0566844919786096,0.554545454545455,0.76023976023976,ok,0.942111966859905,-0.02840909090909105,0.0022727272727272
SIG009,GSE17537,6,6,0.592045454545455,0,0.633333333333333,0.593741958144398,0.0238636363636363,0.013903743315508,0.556818181818182,0.251748251748252,ok,0.720346320346321,0.035227272727272996,0.0238636363636363
SIG010,GSE17537,6,6,0.605681818181818,0,0.633333333333333,0.816186185698992,0.0159090909090909,0.0780748663101604,0.556818181818182,0.177822177822178,ok,0.666223264606014,0.048863636363636,0.0159090909090909
SIG011,GSE17537,3,3,0.610227272727273,1,0.746666666666667,0.61038509456954,0.0193181818181818,0.0566844919786096,0.5625,0.202797202797203,ok,0.684552714366379,0.04772727272727295,0.0193181818181818
SIG012,GSE17537,3,3,0.536363636363636,1,0.406666666666667,0.215884030071448,0.0,0.013903743315508,0.5625,0.687312687312687,ok,0.919136254447827,-0.026136363636363957,0.0
SIG013,GSE17537,9,9,0.536363636363636,0,0.586666666666667,0.193123149286527,-0.0011363636363637,0.0352941176470588,0.554545454545455,0.664335664335664,ok,0.91369473593953,-0.018181818181818965,-0.0011363636363637
SIG014,GSE17537,15,15,0.631818181818182,0,0.613333333333333,0.709186720073648,0.0352272727272727,0.0994652406417112,0.554545454545455,0.103896103896104,ok,0.550853068500127,0.07727272727272694,0.0352272727272727
SIG015,GSE17537,3,3,0.579545454545455,0,0.61,0.474203245846446,-0.0011363636363637,0.0780748663101604,0.5625,0.372627372627373,ok,0.796755295178008,0.01704545454545503,-0.0011363636363637
SIG016,GSE17537,57,50,0.502272727272727,0,0.526666666666667,0.283626709687492,0.009090909090909,0.0352941176470588,0.551704545454546,0.982017982017982,ok,0.996331023236853,-0.049431818181818965,0.009090909090909
SIG018,GSE17537,9,9,0.628409090909091,0,0.613333333333333,0.888017215516115,0.0295454545454545,0.0780748663101604,0.554545454545455,0.117882117882118,ok,0.59028379028379,0.07386363636363602,0.0295454545454545
SIG019,GSE17537,12,12,0.584090909090909,0,0.573333333333333,0.629654082982621,0.0022727272727272,0.0994652406417112,0.557954545454546,0.315684315684316,ok,0.753407228252771,0.026136363636362958,0.0022727272727272
SIG020,GSE17537,5,3,0.540909090909091,0,0.533333333333333,0.151095391177661,0.0,0.0780748663101604,0.5625,0.663336663336663,ok,0.91369473593953,-0.021590909090908994,0.0
SIG021,GSE17537,10,8,0.540909090909091,0,0.45,0.1324457606345,0.0011363636363636,0.013903743315508,0.560227272727273,0.666333666333666,ok,0.913912434870519,-0.019318181818182012,0.0011363636363636
SIG022,GSE17537,4,4,0.570454545454545,0,0.56,0.456340331337617,0.0034090909090909,0.0566844919786096,0.561363636363636,0.447552447552448,ok,0.831740081224617,0.009090909090909038,0.0034090909090909
SIG023,GSE17537,9,9,0.520454545454546,1,0.463333333333333,0.097213379192576,-0.0056818181818182,0.0352941176470588,0.554545454545455,0.818181818181818,ok,0.95890256929218,-0.03409090909090906,-0.0056818181818182
SIG024,GSE17537,7,6,0.595454545454546,0,0.503333333333333,0.360232697977439,-0.0011363636363637,0.0352941176470588,0.556818181818182,0.234765234765235,ok,0.715495503374291,0.038636363636364024,-0.0011363636363637
SIG025,GSE17537,13,11,0.595454545454546,0,0.53,0.991834792320317,0.0056818181818181,0.0780748663101604,0.560227272727273,0.263736263736264,ok,0.733323931744465,0.035227272727272996,0.0056818181818181
SIG026,GSE17537,31,29,0.55,0,0.53,0.941478835171279,-0.0193181818181819,0.0566844919786096,0.554545454545455,0.53946053946054,ok,0.876096876096876,-0.004545454545454963,-0.0193181818181819
SIG027,GSE17537,4,4,0.540909090909091,1,0.486666666666667,0.207024224206594,0.0,0.0780748663101604,0.561363636363636,0.661338661338661,ok,0.91369473593953,-0.020454545454544948,0.0
SIG028,GSE17537,4,4,0.65,0,0.583333333333333,0.381103889965771,0.0204545454545454,0.0780748663101604,0.561363636363636,0.0659340659340659,ok,0.47041085563513,0.08863636363636407,0.0204545454545454
SIG029,GSE17537,5,4,0.513636363636364,1,0.52,0.125628425057801,0.0022727272727272,0.0352941176470588,0.561363636363636,0.891108891108891,ok,0.979097294416271,-0.04772727272727195,0.0022727272727272
SIG030,GSE17537,7,7,0.55,0,0.55,0.111914402578715,0.0045454545454544,0.0352941176470588,0.557954545454546,0.572427572427572,ok,0.88400539027677,-0.007954545454545991,0.0045454545454544
SIG031,GSE17537,4,4,0.538636363636364,1,0.516666666666667,0.178096017396806,-0.0056818181818182,0.0780748663101604,0.561363636363636,0.678321678321678,ok,0.914347865494426,-0.02272727272727193,-0.0056818181818182
SIG032,GSE17537,10,10,0.611363636363636,0,0.566666666666667,1.03875412420574,0.0045454545454544,0.0994652406417112,0.556818181818182,0.175824175824176,ok,0.666223264606014,0.05454545454545401,0.0045454545454544
SIG033,GSE17537,10,9,0.594318181818182,0,0.59,1.19602918656782,0.0011363636363636,0.0780748663101604,0.554545454545455,0.251748251748252,ok,0.720346320346321,0.03977272727272696,0.0011363636363636
SIG034,GSE17537,14,14,0.557954545454546,1,0.61,0.589526161545242,0.0102272727272726,0.0780748663101604,0.553409090909091,0.45954045954046,ok,0.837894404988134,0.004545454545455074,0.0102272727272726
SIG035,GSE17537,3,2,0.538636363636364,0,0.45,0.189214685788008,0.0034090909090909,0.0352941176470588,0.561363636363636,0.681318681318681,ok,0.91610428358315,-0.02272727272727193,0.0034090909090909
SIG036,GSE17537,13,12,0.592045454545455,0,0.5,0.688622457758067,0.009090909090909,0.0566844919786096,0.557954545454546,0.26973026973027,ok,0.733323931744465,0.03409090909090895,0.009090909090909
SIG037,GSE17537,14,13,0.606818181818182,0,0.54,0.439397337923437,0.0318181818181817,0.0780748663101604,0.559090909090909,0.203796203796204,ok,0.684552714366379,0.04772727272727306,0.0318181818181817
SIG038,GSE17537,3,3,0.553409090909091,1,0.583333333333333,0.172930795380678,0.0056818181818181,0.0352941176470588,0.5625,0.572427572427572,ok,0.88400539027677,-0.009090909090909038,0.0056818181818181
SIG039,GSE17537,14,14,0.504545454545455,0,0.396666666666667,-0.211303033122857,0.0011363636363636,0.0780748663101604,0.553409090909091,0.958041958041958,ok,0.992820349635051,-0.048863636363636,0.0011363636363636
SIG040,GSE17537,15,13,0.522727272727273,0,0.496666666666667,0.27060959248331,-0.0011363636363637,0.013903743315508,0.559090909090909,0.786213786213786,ok,0.950278293135436,-0.03636363636363593,-0.0011363636363637
SIG041,GSE17537,10,10,0.615909090909091,0,0.646666666666667,0.885561768996902,0.0045454545454544,0.0780748663101604,0.556818181818182,0.158841158841159,ok,0.648801349707694,0.05909090909090897,0.0045454545454544
SIG042,GSE17537,8,7,0.609090909090909,1,0.62,0.2585596973549,0.0238636363636363,0.0566844919786096,0.557954545454546,0.168831168831169,ok,0.66548029230245,0.05113636363636298,0.0238636363636363
SIG043,GSE17537,14,14,0.567045454545455,0,0.583333333333333,0.429532709780457,-0.0034090909090909,0.0566844919786096,0.553409090909091,0.396603396603397,ok,0.812436048799685,0.013636363636364002,-0.0034090909090909
SIG044,GSE17537,3,3,0.5625,0,0.586666666666667,0.47367791788549,0.0034090909090909,0.0566844919786096,0.5625,0.503496503496504,ok,0.86258534439212,0.0,0.0034090909090909
SIG045,GSE17537,6,6,0.667045454545455,0,0.71,1.25495973304547,0.0147727272727272,0.142245989304813,0.556818181818182,0.026973026973027,ok,0.366507863995301,0.11022727272727306,0.0147727272727272
SIG046,GSE17537,5,4,0.540909090909091,1,0.593333333333333,0.18190997943363,0.0204545454545454,0.0352941176470588,0.561363636363636,0.661338661338661,ok,0.91369473593953,-0.020454545454544948,0.0204545454545454
SIG047,GSE17537,4,4,0.517045454545455,1,0.543333333333333,0.0989442160273043,-0.0011363636363637,0.0994652406417112,0.561363636363636,0.868131868131868,ok,0.972333417513393,-0.044318181818180924,-0.0011363636363637
SIG048,GSE17537,11,11,0.547727272727273,0,0.49,0.261859670356902,0.0056818181818181,0.0780748663101604,0.560227272727273,0.581418581418581,ok,0.884751203852328,-0.012500000000000067,0.0056818181818181
SIG049,GSE17537,14,14,0.670454545454545,0,0.556666666666667,1.73336521296143,0.0454545454545454,0.0566844919786096,0.553409090909091,0.021978021978022,ok,0.349579831932773,0.11704545454545401,0.0454545454545454
SIG050,GSE17537,6,5,0.579545454545455,0,0.59,0.697884209825135,0.0056818181818181,0.013903743315508,0.554545454545455,0.326673326673327,ok,0.764121691457332,0.025000000000000022,0.0056818181818181
SIG051,GSE17537,7,7,0.556818181818182,0,0.633333333333333,0.674929593908073,0.0045454545454544,0.0780748663101604,0.557954545454546,0.515484515484515,ok,0.866422741345342,-0.0011363636363640461,0.0045454545454544
SIG052,GSE17537,20,19,0.589772727272727,0,0.583333333333333,0.76771489792953,0.0011363636363636,0.0780748663101604,0.553409090909091,0.251748251748252,ok,0.720346320346321,0.03636363636363604,0.0011363636363636
SIG053,GSE17537,11,9,0.626136363636364,0,0.633333333333333,0.937868005712063,0.0011363636363636,0.0780748663101604,0.554545454545455,0.122877122877123,ok,0.6002886002886,0.07159090909090904,0.0011363636363636
SIG054,GSE17537,46,45,0.595454545454546,0,0.516666666666667,0.801108046761225,-0.0045454545454546,0.0566844919786096,0.550568181818182,0.196803196803197,ok,0.677905533956489,0.044886363636364,-0.0045454545454546
SIG055,GSE17537,21,20,0.601136363636364,0,0.64,1.26040015663407,-0.0090909090909091,0.0994652406417112,0.552840909090909,0.195804195804196,ok,0.677905533956489,0.04829545454545503,-0.0090909090909091
SIG056,GSE17537,7,6,0.5125,1,0.556666666666667,0.0070768995106477,0.0045454545454544,0.0352941176470588,0.556818181818182,0.897102897102897,ok,0.981507735292596,-0.044318181818182034,0.0045454545454544
SIG057,GSE17537,8,8,0.543181818181818,0,0.556666666666667,0.702681554934445,-0.0022727272727273,0.0780748663101604,0.560227272727273,0.645354645354645,ok,0.911705925790433,-0.01704545454545503,-0.0022727272727273
SIG058,GSE17537,24,22,0.535227272727273,1,0.526666666666667,0.0996281319618239,0.0125,0.0566844919786096,0.551136363636364,0.638361638361638,ok,0.908489405331511,-0.015909090909090984,0.0125
SIG059,GSE17537,14,13,0.604545454545455,0,0.556666666666667,0.538957275364045,0.0249999999999999,0.0780748663101604,0.559090909090909,0.211788211788212,ok,0.692473185822642,0.04545454545454608,0.0249999999999999
SIG060,GSE17537,7,6,0.571590909090909,1,0.606666666666667,0.524700673957277,-0.0079545454545455,0.0994652406417112,0.556818181818182,0.390609390609391,ok,0.811213177066836,0.014772727272727049,-0.0079545454545455
SIG062,GSE17537,43,42,0.511363636363636,0,0.486666666666667,-0.160054040119076,0.0056818181818181,0.0566844919786096,0.55,0.886113886113886,ok,0.976386286899734,-0.038636363636364024,0.0056818181818181
SIG063,GSE17537,19,19,0.584090909090909,0,0.503333333333333,0.827619508019629,0.0011363636363636,0.0566844919786096,0.553409090909091,0.281718281718282,ok,0.738145575354878,0.030681818181818032,0.0011363636363636
SIG064,GSE17537,3,3,0.706818181818182,0,0.69,1.03429528721077,0.0659090909090909,0.0994652406417112,0.5625,0.012987012987013,ok,0.266036993309721,0.144318181818182,0.0659090909090909
SIG065,GSE17537,5,5,0.540909090909091,0,0.53,0.136535364613963,0.0056818181818181,0.0566844919786096,0.554545454545455,0.614385614385614,ok,0.897029536338392,-0.013636363636364002,0.0056818181818181
SIG066,GSE17537,11,11,0.643181818181818,0,0.563333333333333,0.650173530034084,0.0204545454545454,0.0994652406417112,0.560227272727273,0.0809190809190809,ok,0.499555239281267,0.08295454545454495,0.0204545454545454
SIG067,GSE17537,5,5,0.527272727272727,0,0.513333333333333,0.0716033433628323,-0.0125000000000001,0.0780748663101604,0.554545454545455,0.723276723276723,ok,0.929976347950671,-0.027272727272728003,-0.0125000000000001
SIG068,GSE17537,5,5,0.6,0,0.503333333333333,0.414567744406071,0.0181818181818181,0.0566844919786096,0.554545454545455,0.231768231768232,ok,0.712800223559001,0.04545454545454497,0.0181818181818181
SIG069,GSE17537,7,7,0.521590909090909,0,0.543333333333333,0.0384476455946653,-0.0022727272727273,0.0780748663101604,0.557954545454546,0.803196803196803,ok,0.955496768959154,-0.03636363636363704,-0.0022727272727273
SIG070,GSE17537,3,3,0.509090909090909,1,0.466666666666667,0.135199542877985,-0.0056818181818182,0.0780748663101604,0.5625,0.924075924075924,ok,0.983446526012238,-0.05340909090909096,-0.0056818181818182
SIG071,GSE17537,13,13,0.570454545454545,0,0.576666666666667,0.565442402896048,0.0022727272727272,0.0566844919786096,0.559090909090909,0.407592407592408,ok,0.817603761223939,0.01136363636363602,0.0022727272727272
SIG072,GSE17537,15,14,0.509090909090909,0,0.61,0.0257807928796175,-0.0034090909090909,0.013903743315508,0.553409090909091,0.917082917082917,ok,0.981999013644583,-0.04431818181818192,-0.0034090909090909
SIG073,GSE17537,16,16,0.656818181818182,0,0.613333333333333,2.23813795313521,0.0147727272727272,0.0780748663101604,0.555681818181818,0.041958041958042,ok,0.418651459241865,0.10113636363636391,0.0147727272727272
SIG074,GSE17537,11,11,0.520454545454546,0,0.393333333333333,0.238495687350085,-0.0034090909090909,0.0566844919786096,0.560227272727273,0.821178821178821,ok,0.9595797460966,-0.03977272727272707,-0.0034090909090909
SIG075,GSE17537,14,13,0.578409090909091,0,0.563333333333333,0.541724867761799,0.0034090909090909,0.0352941176470588,0.559090909090909,0.347652347652348,ok,0.782306802108782,0.019318181818182012,0.0034090909090909
SIG076,GSE17537,9,8,0.5125,0,0.503333333333333,0.135557222892086,-0.0011363636363637,0.0566844919786096,0.560227272727273,0.908091908091908,ok,0.981507735292596,-0.04772727272727306,-0.0011363636363637
SIG077,GSE17537,7,7,0.511363636363636,0,0.52,0.0004655796182955,0.0125,0.0352941176470588,0.557954545454546,0.915084915084915,ok,0.981900639043496,-0.046590909090910015,0.0125
SIG078,GSE17537,6,5,0.544318181818182,1,0.526666666666667,0.276666918962036,-0.0011363636363637,0.0566844919786096,0.554545454545455,0.588411588411588,ok,0.886903858523224,-0.010227272727272974,-0.0011363636363637
SIG079,GSE17537,5,5,0.585227272727273,0,0.483333333333333,0.144771727832839,0.0011363636363636,0.0352941176470588,0.554545454545455,0.303696303696304,ok,0.752699179830252,0.030681818181818032,0.0011363636363636
SIG080,GSE17537,8,8,0.605681818181818,0,0.543333333333333,1.52559981982756,0.0227272727272727,0.0780748663101604,0.560227272727273,0.217782217782218,ok,0.701886909276659,0.04545454545454497,0.0227272727272727
SIG081,GSE17537,5,5,0.570454545454545,0,0.596666666666667,0.621388284861208,0.0045454545454544,0.0566844919786096,0.554545454545455,0.384615384615385,ok,0.808709175738725,0.015909090909089985,0.0045454545454544
SIG082,GSE17537,6,6,0.731818181818182,0,0.663333333333333,0.947373634653169,0.0534090909090909,0.0994652406417112,0.556818181818182,0.001998001998002,ok,0.108051948051948,0.17500000000000004,0.0534090909090909
SIG083,GSE17537,17,16,0.601136363636364,0,0.56,0.531656201345694,0.0329545454545455,0.0566844919786096,0.555681818181818,0.196803196803197,ok,0.677905533956489,0.04545454545454597,0.0329545454545455
SIG084,GSE17537,15,15,0.652272727272727,0,0.546666666666667,0.639280515199759,0.0125,0.0566844919786096,0.554545454545455,0.04995004995005,ok,0.439950928550277,0.097727272727272,0.0125
SIG085,GSE17537,7,7,0.532954545454546,0,0.606666666666667,0.0439098176840524,0.0011363636363636,0.0352941176470588,0.557954545454546,0.699300699300699,ok,0.926385778364283,-0.025000000000000022,0.0011363636363636
SIG086,GSE17537,5,5,0.595454545454546,1,0.67,0.636169011492728,0.0193181818181818,0.0780748663101604,0.554545454545455,0.250749250749251,ok,0.720346320346321,0.040909090909091006,0.0193181818181818
SIG087,GSE17537,5,5,0.6,0,0.543333333333333,0.677031713470295,0.0159090909090909,0.0566844919786096,0.554545454545455,0.231768231768232,ok,0.712800223559001,0.04545454545454497,0.0159090909090909
SIG088,GSE17537,6,6,0.561363636363636,0,0.51,0.459288492742887,-0.0034090909090909,0.0566844919786096,0.556818181818182,0.466533466533467,ok,0.841004329004329,0.004545454545453964,-0.0034090909090909
SIG089,GSE17537,5,5,0.593181818181818,0,0.53,0.520517950846509,0.0,0.0566844919786096,0.554545454545455,0.260739260739261,ok,0.732888732888733,0.038636363636363025,0.0
SIG090,GSE17537,4,4,0.605681818181818,0,0.596666666666667,0.940922548305471,0.0193181818181818,0.0780748663101604,0.561363636363636,0.228771228771229,ok,0.712800223559001,0.044318181818182034,0.0193181818181818
SIG091,GSE17537,7,7,0.546590909090909,0,0.496666666666667,0.175788913206743,-0.0022727272727273,0.0352941176470588,0.557954545454546,0.597402597402597,ok,0.89003186032889,-0.01136363636363702,-0.0022727272727273
SIG093,GSE17537,9,9,0.6,0,0.526666666666667,0.732036393739916,0.0227272727272727,0.0566844919786096,0.554545454545455,0.228771228771229,ok,0.712800223559001,0.04545454545454497,0.0227272727272727
SIG094,GSE17537,3,3,0.589772727272727,0,0.536666666666667,0.364482948649462,0.021590909090909,0.0994652406417112,0.5625,0.305694305694306,ok,0.753407228252771,0.027272727272727004,0.021590909090909
SIG095,GSE17537,18,16,0.668181818181818,0,0.626666666666667,1.35881661178478,0.0488636363636363,0.0994652406417112,0.555681818181818,0.031968031968032,ok,0.37772397094431,0.11249999999999993,0.0488636363636363
SIG096,GSE17537,11,11,0.656818181818182,0,0.693333333333333,1.19350902221637,0.0227272727272727,0.0994652406417112,0.560227272727273,0.050949050949051,ok,0.441558441558442,0.09659090909090895,0.0227272727272727
SIG097,GSE17537,14,14,0.640909090909091,0,0.626666666666667,1.04133408430693,0.0113636363636362,0.142245989304813,0.553409090909091,0.0599400599400599,ok,0.457847237508254,0.08750000000000002,0.0113636363636362
SIG098,GSE17537,5,5,0.572727272727273,0,0.573333333333333,0.374571063222857,0.0431818181818181,0.0566844919786096,0.554545454545455,0.367632367632368,ok,0.792982673650931,0.018181818181817966,0.0431818181818181
SIG099,GSE17537,11,11,0.617045454545455,0,0.603333333333333,0.575652689943752,0.034090909090909,0.0780748663101604,0.560227272727273,0.173826173826174,ok,0.666223264606014,0.05681818181818199,0.034090909090909
SIG101,GSE17537,10,8,0.569318181818182,0,0.536666666666667,0.405066483946646,0.0159090909090909,0.0566844919786096,0.560227272727273,0.433566433566434,ok,0.826772663161944,0.009090909090908927,0.0159090909090909
SIG102,GSE17537,4,4,0.506818181818182,0,0.5,-0.0163255804928008,-0.0079545454545455,0.013903743315508,0.561363636363636,0.955044955044955,ok,0.992820349635051,-0.05454545454545401,-0.0079545454545455
SIG107,GSE17537,15,13,0.5,0,0.453333333333333,-0.142579280081233,0.0,0.0352941176470588,0.559090909090909,1.0,ok,1.0,-0.05909090909090897,0.0
SIG108,GSE17537,15,13,0.518181818181818,0,0.5,-0.32897709959881,-0.0011363636363637,0.0352941176470588,0.559090909090909,0.828171828171828,ok,0.962930813830557,-0.040909090909091006,-0.0011363636363637
SIG109,GSE17537,7,7,0.552272727272727,0,0.556666666666667,0.416192519168337,-0.0056818181818182,0.0780748663101604,0.557954545454546,0.554445554445555,ok,0.881959775277478,-0.0056818181818190094,-0.0056818181818182
SIG110,GSE17537,9,9,0.521590909090909,0,0.483333333333333,0.389202551423919,-0.0034090909090909,0.0566844919786096,0.554545454545455,0.806193806193806,ok,0.955625810266791,-0.032954545454546014,-0.0034090909090909
SIG111,GSE17537,13,12,0.567045454545455,0,0.563333333333333,0.300653450022937,0.0261363636363636,0.0352941176470588,0.557954545454546,0.432567432567433,ok,0.826032724337809,0.009090909090908927,0.0261363636363636
SIG112,GSE17537,4,4,0.584090909090909,0,0.493333333333333,0.507721980198843,0.0181818181818181,0.0780748663101604,0.561363636363636,0.367632367632368,ok,0.792982673650931,0.02272727272727304,0.0181818181818181
SIG113,GSE17537,10,10,0.534090909090909,0,0.383333333333333,0.535204817511422,0.0,0.0566844919786096,0.556818181818182,0.69030969030969,ok,0.921321521518955,-0.02272727272727304,0.0
SIG114,GSE17537,20,18,0.510227272727273,0,0.476666666666667,0.127813816441811,0.0011363636363636,0.0566844919786096,0.554545454545455,0.917082917082917,ok,0.981999013644583,-0.044318181818182034,0.0011363636363636
SIG115,GSE17537,4,4,0.548863636363636,0,0.58,0.428001665980523,0.0249999999999999,0.0566844919786096,0.561363636363636,0.58941058941059,ok,0.886903858523224,-0.012499999999999956,0.0249999999999999
SIG116,GSE17537,5,5,0.638636363636364,0,0.57,0.807097221896517,0.0102272727272726,0.0780748663101604,0.554545454545455,0.0829170829170829,ok,0.504972504972505,0.084090909090909,0.0102272727272726
SIG117,GSE17537,4,4,0.523863636363636,0,0.54,0.0718631521267743,0.0045454545454544,0.0566844919786096,0.561363636363636,0.81018981018981,ok,0.956170246492827,-0.03749999999999998,0.0045454545454544
SIG118,GSE17537,15,14,0.5625,0,0.576666666666667,0.522455074741363,0.0238636363636363,0.0780748663101604,0.553409090909091,0.430569430569431,ok,0.826032724337809,0.009090909090909038,0.0238636363636363
SIG119,GSE17537,10,10,0.555681818181818,0,0.556666666666667,0.252336121039165,0.0374999999999999,0.0566844919786096,0.556818181818182,0.516483516483517,ok,0.866422741345342,-0.0011363636363639351,0.0374999999999999
SIG120,GSE17537,4,3,0.511363636363636,1,0.483333333333333,-0.0169891273693431,0.0136363636363636,0.0352941176470588,0.5625,0.907092907092907,ok,0.981507735292596,-0.05113636363636398,0.0136363636363636
SIG121,GSE17537,6,6,0.523863636363636,1,0.55,0.112337325162063,0.0318181818181817,0.0566844919786096,0.556818181818182,0.776223776223776,ok,0.949303071419761,-0.032954545454546014,0.0318181818181817
SIG122,GSE17537,8,8,0.581818181818182,0,0.546666666666667,0.705325844720629,0.0079545454545453,0.0780748663101604,0.560227272727273,0.34965034965035,ok,0.782306802108782,0.021590909090908994,0.0079545454545453
SIG124,GSE17537,4,4,0.670454545454545,0,0.533333333333333,1.04499993823561,0.0420454545454545,0.0352941176470588,0.561363636363636,0.034965034965035,ok,0.385899814471243,0.10909090909090902,0.0420454545454545
SIG125,GSE17537,4,4,0.521590909090909,0,0.516666666666667,0.143182381329868,0.0136363636363636,0.0566844919786096,0.561363636363636,0.831168831168831,ok,0.962930813830557,-0.03977272727272696,0.0136363636363636
SIG126,GSE17537,4,4,0.555681818181818,1,0.53,0.186519414394113,-0.0011363636363637,0.0780748663101604,0.561363636363636,0.55044955044955,ok,0.880198453232161,-0.005681818181817899,-0.0011363636363637
SIG127,GSE17537,6,6,0.586363636363636,0,0.48,0.272464785395644,0.0056818181818181,0.0780748663101604,0.556818181818182,0.28971028971029,ok,0.743241578156189,0.029545454545453986,0.0056818181818181
SIG128,GSE17537,11,11,0.597727272727273,0,0.556666666666667,0.884268517958658,0.0102272727272726,0.0994652406417112,0.560227272727273,0.248751248751249,ok,0.720346320346321,0.03749999999999998,0.0102272727272726
SIG129,GSE17537,9,9,0.535227272727273,0,0.52,0.300497527001845,0.0352272727272727,0.0566844919786096,0.554545454545455,0.673326673326673,ok,0.913912434870519,-0.019318181818182012,0.0352272727272727
SIG130,GSE17537,9,9,0.625,0,0.566666666666667,0.613924120616451,0.0159090909090909,0.0566844919786096,0.554545454545455,0.127872127872128,ok,0.607086293497443,0.07045454545454499,0.0159090909090909
SIG132,GSE17537,5,5,0.560227272727273,0,0.546666666666667,0.559128729883828,-0.0011363636363637,0.0566844919786096,0.554545454545455,0.458541458541459,ok,0.837894404988134,0.00568181818181801,-0.0011363636363637
SIG133,GSE17537,5,5,0.576136363636364,0,0.506666666666667,0.421310469483083,0.0056818181818181,0.0780748663101604,0.554545454545455,0.342657342657343,ok,0.779264469760685,0.021590909090908994,0.0056818181818181
SIG134,GSE17537,8,8,0.556818181818182,0,0.586666666666667,0.30022846110606,0.0,0.0352941176470588,0.560227272727273,0.527472527472528,ok,0.872346002621232,-0.003409090909091028,0.0
SIG135,GSE17537,3,3,0.538636363636364,0,0.55,0.270226370184675,0.0022727272727272,0.0780748663101604,0.5625,0.675324675324675,ok,0.913912434870519,-0.023863636363635976,0.0022727272727272
SIG136,GSE17537,9,9,0.592045454545455,0,0.57,0.469724462858813,-0.0011363636363637,0.0352941176470588,0.554545454545455,0.265734265734266,ok,0.733323931744465,0.03749999999999998,-0.0011363636363637
SIG138,GSE17537,5,5,0.531818181818182,1,0.746666666666667,0.160728980274867,0.0045454545454544,0.0352941176470588,0.554545454545455,0.695304695304695,ok,0.923883978429433,-0.02272727272727304,0.0045454545454544
SIG139,GSE17537,4,4,0.527272727272727,1,0.513333333333333,0.0595120654204581,0.0,0.0566844919786096,0.561363636363636,0.776223776223776,ok,0.949303071419761,-0.03409090909090895,0.0
SIG140,GSE17537,6,6,0.529545454545455,0,0.42,0.44350464914481,0.0,0.013903743315508,0.556818181818182,0.722277722277722,ok,0.929976347950671,-0.027272727272727004,0.0
SIG141,GSE17537,7,7,0.545454545454545,1,0.536666666666667,0.405607678331866,0.0,0.0352941176470588,0.557954545454546,0.603396603396603,ok,0.891576183379462,-0.012500000000001066,0.0
SIG142,GSE17537,12,12,0.572727272727273,0,0.483333333333333,0.661520911103445,0.0034090909090909,0.0566844919786096,0.557954545454546,0.395604395604396,ok,0.812235600390498,0.014772727272726938,0.0034090909090909
SIG143,GSE17537,6,6,0.545454545454545,1,0.54,0.229400479884971,0.0079545454545453,0.0352941176470588,0.556818181818182,0.58941058941059,ok,0.886903858523224,-0.01136363636363702,0.0079545454545453
SIG144,GSE17537,3,3,0.618181818181818,0,0.673333333333333,0.311653719456617,0.0056818181818181,0.0566844919786096,0.5625,0.177822177822178,ok,0.666223264606014,0.055681818181818055,0.0056818181818181
SIG145,GSE17537,12,12,0.514772727272727,0,0.466666666666667,0.110793963851713,0.0102272727272726,0.0352941176470588,0.557954545454546,0.865134865134865,ok,0.971077075684797,-0.04318181818181899,0.0102272727272726
SIG146,GSE17537,3,3,0.596590909090909,0,0.65,0.583725506832646,0.0011363636363636,0.0566844919786096,0.5625,0.270729270729271,ok,0.733323931744465,0.03409090909090895,0.0011363636363636
SIG147,GSE17537,3,3,0.593181818181818,1,0.566666666666667,0.791984725346312,0.0488636363636363,0.0780748663101604,0.5625,0.288711288711289,ok,0.743241578156189,0.030681818181818032,0.0488636363636363
SIG148,GSE17537,8,6,0.620454545454546,0,0.666666666666667,0.739974532016957,0.030681818181818,0.0780748663101604,0.556818181818182,0.125874125874126,ok,0.605629246198641,0.06363636363636405,0.030681818181818
SIG149,GSE17537,8,8,0.615909090909091,0,0.633333333333333,0.964996571478656,0.0068181818181817,0.0566844919786096,0.560227272727273,0.176823176823177,ok,0.666223264606014,0.055681818181817944,0.0068181818181817
SIG150,GSE17537,10,10,0.523863636363636,1,0.51,0.0358008685210422,0.0045454545454544,0.0566844919786096,0.556818181818182,0.769230769230769,ok,0.94496429160676,-0.032954545454546014,0.0045454545454544
SIG151,GSE17537,8,8,0.514772727272727,0,0.493333333333333,0.131488173290381,0.0022727272727272,0.0994652406417112,0.560227272727273,0.886113886113886,ok,0.976386286899734,-0.04545454545454597,0.0022727272727272
SIG152,GSE17537,8,8,0.5375,0,0.66,0.165792431297732,-0.0011363636363637,0.0352941176470588,0.560227272727273,0.693306693306693,ok,0.92258922180182,-0.02272727272727304,-0.0011363636363637
SIG153,GSE17537,8,8,0.547727272727273,0,0.456666666666667,0.332751140718007,0.0022727272727272,0.0566844919786096,0.560227272727273,0.611388611388611,ok,0.895555149076276,-0.012500000000000067,0.0022727272727272
SIG154,GSE17537,3,3,0.663636363636364,0,0.693333333333333,0.947088077528971,0.0079545454545453,0.120855614973262,0.5625,0.048951048951049,ok,0.432560903149138,0.10113636363636402,0.0079545454545453
SIG155,GSE17537,9,9,0.581818181818182,0,0.563333333333333,0.716213700216257,-0.0125000000000001,0.0352941176470588,0.554545454545455,0.315684315684316,ok,0.753407228252771,0.027272727272727004,-0.0125000000000001
SIG156,GSE17537,5,5,0.518181818181818,1,0.56,0.0499670991532903,0.0284090909090908,0.0352941176470588,0.554545454545455,0.798201798201798,ok,0.954450930630904,-0.03636363636363704,0.0284090909090908
SIG157,GSE17537,5,5,0.617045454545455,0,0.563333333333333,0.84982015167364,-0.0011363636363637,0.120855614973262,0.554545454545455,0.150849150849151,ok,0.640339252584151,0.0625,-0.0011363636363637
SIG159,GSE17537,6,6,0.546590909090909,0,0.576666666666667,0.445123660461935,0.0,0.0566844919786096,0.556818181818182,0.579420579420579,ok,0.884172261147431,-0.010227272727272974,0.0
SIG161,GSE17537,4,4,0.514772727272727,0,0.443333333333333,0.189921001187183,-0.0034090909090909,0.0352941176470588,0.561363636363636,0.886113886113886,ok,0.976386286899734,-0.046590909090908905,-0.0034090909090909
SIG163,GSE17537,4,4,0.634090909090909,0,0.553333333333333,0.58957373857363,0.0125,0.0994652406417112,0.561363636363636,0.112887112887113,ok,0.575937270276893,0.07272727272727308,0.0125
SIG164,GSE17537,4,4,0.620454545454546,0,0.56,0.271781367642367,0.0136363636363636,0.0994652406417112,0.561363636363636,0.164835164835165,ok,0.657395701643489,0.05909090909091008,0.0136363636363636
SIG165,GSE17537,5,5,0.554545454545455,1,0.566666666666667,0.292691636411976,-0.0045454545454546,0.0352941176470588,0.554545454545455,0.507492507492508,ok,0.86258534439212,0.0,-0.0045454545454546
SIG166,GSE17537,3,3,0.544318181818182,0,0.59,0.121651802181415,0.0011363636363636,0.013903743315508,0.5625,0.631368631368631,ok,0.902813738350492,-0.018181818181817966,0.0011363636363636
SIG167,GSE17537,3,3,0.579545454545455,1,0.58,0.162597381501684,0.0034090909090909,0.013903743315508,0.5625,0.372627372627373,ok,0.796755295178008,0.01704545454545503,0.0034090909090909
SIG168,GSE17537,9,9,0.655681818181818,0,0.59,0.503533977068793,0.0284090909090908,0.0566844919786096,0.554545454545455,0.046953046953047,ok,0.427478245660064,0.10113636363636302,0.0284090909090908
SIG169,GSE17537,8,8,0.560227272727273,0,0.493333333333333,0.637863619318311,-0.0056818181818182,0.0352941176470588,0.560227272727273,0.504495504495505,ok,0.86258534439212,0.0,-0.0056818181818182
SIG170,GSE17537,6,6,0.668181818181818,1,0.656666666666667,1.10192211321446,0.0420454545454545,0.0780748663101604,0.556818181818182,0.024975024975025,ok,0.363077782432621,0.111363636363636,0.0420454545454545
SIG171,GSE17537,4,4,0.509090909090909,0,0.48,-0.187758594203197,0.0,0.013903743315508,0.561363636363636,0.938061938061938,ok,0.988896483633326,-0.052272727272726915,0.0
SIG172,GSE17537,6,6,0.514772727272727,1,0.456666666666667,0.287390782435354,0.0034090909090909,0.0352941176470588,0.556818181818182,0.873126873126873,ok,0.972423230725814,-0.04204545454545494,0.0034090909090909
SIG173,GSE17537,5,5,0.596590909090909,0,0.553333333333333,0.423039233640913,0.0238636363636363,0.0780748663101604,0.554545454545455,0.247752247752248,ok,0.720346320346321,0.04204545454545394,0.0238636363636363
SIG175,GSE17537,6,5,0.623863636363636,1,0.633333333333333,1.1097339732884,0.0022727272727272,0.0994652406417112,0.554545454545455,0.123876123876124,ok,0.6002886002886,0.06931818181818095,0.0022727272727272
SIG176,GSE17537,8,8,0.523863636363636,1,0.54,0.386557735206616,0.021590909090909,0.0566844919786096,0.560227272727273,0.8001998001998,ok,0.954450930630904,-0.03636363636363704,0.021590909090909
SIG177,GSE17537,14,14,0.520454545454546,0,0.476666666666667,-0.120441537323828,-0.0034090909090909,0.0566844919786096,0.553409090909091,0.801198801198801,ok,0.955221145697336,-0.032954545454545014,-0.0034090909090909
SIG178,GSE17537,3,3,0.581818181818182,1,0.55,0.460068875421148,0.0068181818181817,0.0780748663101604,0.5625,0.358641358641359,ok,0.785235816814764,0.019318181818182012,0.0068181818181817
SIG179,GSE17537,12,12,0.645454545454546,0,0.603333333333333,1.83552291620966,0.0136363636363636,0.0780748663101604,0.557954545454546,0.0679320679320679,ok,0.475876455151067,0.08749999999999991,0.0136363636363636
SIG180,GSE17537,5,5,0.557954545454546,1,0.516666666666667,0.393883212475849,0.0159090909090909,0.0352941176470588,0.554545454545455,0.481518481518482,ok,0.853787523951458,0.003409090909091028,0.0159090909090909
SIG181,GSE17537,5,5,0.6,1,0.57,0.576497883951347,-0.0068181818181818,0.0780748663101604,0.554545454545455,0.231768231768232,ok,0.712800223559001,0.04545454545454497,-0.0068181818181818
SIG182,GSE17537,3,3,0.538636363636364,1,0.523333333333333,0.432106987388192,0.009090909090909,0.0566844919786096,0.5625,0.675324675324675,ok,0.913912434870519,-0.023863636363635976,0.009090909090909
SIG183,GSE17537,4,4,0.634090909090909,0,0.596666666666667,0.544695054989813,0.034090909090909,0.0780748663101604,0.561363636363636,0.112887112887113,ok,0.575937270276893,0.07272727272727308,0.034090909090909
SIG184,GSE17537,3,3,0.522727272727273,0,0.466666666666667,-0.265975183992873,0.0284090909090908,0.0352941176470588,0.5625,0.799200799200799,ok,0.954450930630904,-0.03977272727272696,0.0284090909090908
SIG185,GSE17537,22,22,0.563636363636364,0,0.51,0.345369207704765,0.0,0.0566844919786096,0.551136363636364,0.408591408591409,ok,0.817787689734396,0.012500000000000067,0.0
SIG186,GSE17537,19,18,0.603409090909091,0,0.643333333333333,0.843792905031001,-0.0056818181818182,0.0352941176470588,0.554545454545455,0.185814185814186,ok,0.67006240512734,0.048863636363636,-0.0056818181818182
SIG187,GSE17537,4,4,0.582954545454546,0,0.56,0.372349413164171,0.0249999999999999,0.0566844919786096,0.561363636363636,0.373626373626374,ok,0.796755295178008,0.021590909090909993,0.0249999999999999
SIG188,GSE17537,6,6,0.565909090909091,0,0.556666666666667,0.498761371787795,0.0011363636363636,0.0994652406417112,0.556818181818182,0.434565434565435,ok,0.827390791027155,0.009090909090909038,0.0011363636363636
SIG189,GSE17537,6,6,0.579545454545455,0,0.566666666666667,0.430924358831752,0.0068181818181817,0.120855614973262,0.556818181818182,0.33966033966034,ok,0.778340303764033,0.02272727272727304,0.0068181818181817
SIG190,GSE17537,7,7,0.540909090909091,1,0.633333333333333,0.629075244212645,0.0181818181818181,0.0780748663101604,0.557954545454546,0.634365634365634,ok,0.905184525237296,-0.01704545454545503,0.0181818181818181
SIG191,GSE17537,3,3,0.527272727272727,0,0.52,0.256551071964297,-0.0056818181818182,0.0566844919786096,0.5625,0.762237762237762,ok,0.942859519254761,-0.035227272727272996,-0.0056818181818182
SIG192,GSE17537,3,3,0.611363636363636,0,0.603333333333333,0.5895517670738,0.0147727272727272,0.0780748663101604,0.5625,0.1998001998002,ok,0.681285927187567,0.048863636363636,0.0147727272727272
SIG193,GSE17537,7,7,0.552272727272727,1,0.596666666666667,0.440426437773894,-0.0034090909090909,0.0780748663101604,0.557954545454546,0.554445554445555,ok,0.881959775277478,-0.0056818181818190094,-0.0034090909090909
SIG194,GSE17537,6,6,0.563636363636364,1,0.55,0.204307439707172,0.0181818181818181,0.0566844919786096,0.556818181818182,0.454545454545455,ok,0.83668543845535,0.006818181818182056,0.0181818181818181
SIG195,GSE17537,12,12,0.594318181818182,0,0.663333333333333,0.9571915240697,0.0579545454545454,0.0780748663101604,0.557954545454546,0.254745254745255,ok,0.724322995616371,0.03636363636363593,0.0579545454545454
SIG196,GSE17537,4,4,0.646590909090909,0,0.58,0.594850452988,0.0056818181818181,0.0780748663101604,0.561363636363636,0.0749250749250749,ok,0.495767761650115,0.08522727272727304,0.0056818181818181
SIG197,GSE17537,4,4,0.571590909090909,0,0.556666666666667,0.300920226849243,0.0125,0.0780748663101604,0.561363636363636,0.435564435564436,ok,0.827390791027155,0.010227272727273085,0.0125
SIG198,GSE17537,3,3,0.557954545454546,1,0.556666666666667,0.312339400363662,0.0159090909090909,0.0566844919786096,0.5625,0.541458541458542,ok,0.876184258590004,-0.004545454545453964,0.0159090909090909
SIG199,GSE17537,5,5,0.595454545454546,0,0.586666666666667,0.622865746230236,0.0079545454545453,0.0780748663101604,0.554545454545455,0.250749250749251,ok,0.720346320346321,0.040909090909091006,0.0079545454545453
SIG200,GSE17537,3,3,0.7,0,0.66,0.865109000099219,0.021590909090909,0.0780748663101604,0.5625,0.015984015984016,ok,0.296032734388899,0.13749999999999996,0.021590909090909
SIG201,GSE17537,4,3,0.553409090909091,1,0.703333333333333,0.269557490497825,0.0068181818181817,0.0994652406417112,0.5625,0.572427572427572,ok,0.88400539027677,-0.009090909090909038,0.0068181818181817
SIG202,GSE17537,29,29,0.695454545454545,0,0.64,2.24090562940677,0.0284090909090908,0.0566844919786096,0.554545454545455,0.0059940059940059,ok,0.2000962000962,0.14090909090908998,0.0284090909090908
SIG203,GSE17537,5,5,0.539772727272727,1,0.486666666666667,0.438242285358657,0.0034090909090909,0.0780748663101604,0.554545454545455,0.621378621378621,ok,0.898987582775705,-0.014772727272728048,0.0034090909090909
SIG204,GSE17537,3,3,0.560227272727273,1,0.553333333333333,0.385128435708881,0.0056818181818181,0.0566844919786096,0.5625,0.523476523476524,ok,0.869459778550688,-0.002272727272726982,0.0056818181818181
SIG205,GSE17537,7,7,0.605681818181818,0,0.463333333333333,0.334457434625011,0.0102272727272726,0.0780748663101604,0.557954545454546,0.188811188811189,ok,0.67006240512734,0.04772727272727195,0.0102272727272726
SIG206,GSE17537,11,11,0.555681818181818,0,0.56,0.4806522857976,-0.0011363636363637,0.0780748663101604,0.560227272727273,0.535464535464536,ok,0.874861694197042,-0.004545454545454963,-0.0011363636363637
SIG207,GSE17537,13,13,0.535227272727273,0,0.626666666666667,0.191389143106684,0.0045454545454544,0.0566844919786096,0.559090909090909,0.664335664335664,ok,0.91369473593953,-0.023863636363635976,0.0045454545454544
SIG208,GSE17537,7,6,0.659090909090909,0,0.713333333333333,0.862715073992522,0.0261363636363636,0.0780748663101604,0.556818181818182,0.037962037962038,ok,0.402546473134708,0.10227272727272696,0.0261363636363636
SIG209,GSE17537,5,5,0.505681818181818,1,0.533333333333333,0.0309384094255524,0.0113636363636362,0.0566844919786096,0.554545454545455,0.947052947052947,ok,0.99269605587017,-0.048863636363637,0.0113636363636362
SIG210,GSE17537,13,13,0.653409090909091,0,0.603333333333333,0.707348488691773,0.0249999999999999,0.0994652406417112,0.559090909090909,0.050949050949051,ok,0.441558441558442,0.09431818181818208,0.0249999999999999
SIG211,GSE17537,4,4,0.596590909090909,0,0.613333333333333,0.574662452647162,0.0136363636363636,0.0780748663101604,0.561363636363636,0.275724275724276,ok,0.733817363738624,0.035227272727272996,0.0136363636363636
SIG212,GSE17537,3,3,0.521590909090909,0,0.44,0.193473205307279,-0.0034090909090909,0.0566844919786096,0.5625,0.811188811188811,ok,0.956170246492827,-0.040909090909091006,-0.0034090909090909
SIG213,GSE17537,5,5,0.595454545454546,0,0.55,0.55171382162557,0.0261363636363636,0.0780748663101604,0.554545454545455,0.250749250749251,ok,0.720346320346321,0.040909090909091006,0.0261363636363636
SIG214,GSE17537,5,5,0.552272727272727,0,0.57,0.411001478784754,0.009090909090909,0.0566844919786096,0.554545454545455,0.522477522477522,ok,0.869459778550688,-0.0022727272727279813,0.009090909090909
SIG215,GSE17537,4,4,0.535227272727273,0,0.493333333333333,0.152682901852076,-0.0011363636363637,0.0566844919786096,0.561363636363636,0.707292707292707,ok,0.928530902606755,-0.026136363636362958,-0.0011363636363637
SIG216,GSE17537,4,4,0.5125,0,0.606666666666667,0.176761257540704,0.0113636363636362,0.0352941176470588,0.561363636363636,0.905094905094905,ok,0.981507735292596,-0.048863636363636,0.0113636363636362
SIG217,GSE17537,8,8,0.636363636363636,0,0.586666666666667,1.10466037551129,0.0397727272727272,0.0994652406417112,0.560227272727273,0.112887112887113,ok,0.575937270276893,0.076136363636363,0.0397727272727272
SIG218,GSE17537,4,4,0.563636363636364,0,0.516666666666667,0.56525049670428,0.0011363636363636,0.0780748663101604,0.561363636363636,0.488511488511489,ok,0.856082349277424,0.0022727272727280923,0.0011363636363636
SIG219,GSE17537,8,7,0.517045454545455,0,0.52,-0.149157808122637,-0.0011363636363637,0.013903743315508,0.557954545454546,0.851148851148851,ok,0.9671735299876,-0.040909090909091006,-0.0011363636363637
SIG220,GSE17537,7,7,0.570454545454545,0,0.463333333333333,0.303775986652283,-0.0022727272727273,0.0780748663101604,0.557954545454546,0.404595404595405,ok,0.817047030639264,0.012499999999998956,-0.0022727272727273
SIG221,GSE17537,4,4,0.503409090909091,0,0.49,-0.0689695762297035,0.0056818181818181,0.013903743315508,0.561363636363636,0.985014985014985,ok,0.996331023236853,-0.057954545454544926,0.0056818181818181
SIG222,GSE17537,3,3,0.502272727272727,1,0.51,0.13275280703796,0.0113636363636362,0.0780748663101604,0.5625,0.986013986013986,ok,0.996331023236853,-0.06022727272727302,0.0113636363636362
SIG223,GSE17537,4,4,0.505681818181818,0,0.556666666666667,-0.241604029669441,0.0022727272727272,0.013903743315508,0.561363636363636,0.966033966033966,ok,0.995865743101733,-0.055681818181817944,0.0022727272727272
SIG224,GSE17537,3,3,0.5875,0,0.42,0.377617091984747,0.0102272727272726,0.0352941176470588,0.5625,0.31968031968032,ok,0.757594727796305,0.025000000000000022,0.0102272727272726
SIG225,GSE17537,5,5,0.590909090909091,0,0.56,0.606104099575836,-0.0034090909090909,0.0352941176470588,0.554545454545455,0.272727272727273,ok,0.733323931744465,0.03636363636363604,-0.0034090909090909
SIG226,GSE17537,5,5,0.551136363636364,1,0.54,0.325228728109258,0.0022727272727272,0.0566844919786096,0.554545454545455,0.534465534465535,ok,0.874815257381843,-0.003409090909091028,0.0022727272727272
SIG227,GSE17537,8,8,0.563636363636364,0,0.513333333333333,0.544909999960097,0.0113636363636362,0.0780748663101604,0.560227272727273,0.474525474525475,ok,0.848622277193706,0.003409090909091028,0.0113636363636362
SIG228,GSE17537,6,6,0.573863636363636,0,0.543333333333333,0.488223112783754,0.021590909090909,0.0994652406417112,0.556818181818182,0.377622377622378,ok,0.798975672215109,0.01704545454545403,0.021590909090909
SIG229,GSE17537,4,4,0.605681818181818,1,0.616666666666667,0.629470762143645,0.0045454545454544,0.0780748663101604,0.561363636363636,0.228771228771229,ok,0.712800223559001,0.044318181818182034,0.0045454545454544
SIG230,GSE17537,16,16,0.506818181818182,1,0.533333333333333,-0.0719864970068039,0.0125,0.013903743315508,0.555681818181818,0.944055944055944,ok,0.992120976574921,-0.04886363636363611,0.0125
SIG231,GSE17537,3,3,0.555681818181818,0,0.593333333333333,0.361456158186639,0.0295454545454545,0.0566844919786096,0.5625,0.555444555444555,ok,0.881959775277478,-0.006818181818181945,0.0295454545454545
SIG232,GSE17537,7,7,0.610227272727273,0,0.686666666666667,0.612704852281829,0.046590909090909,0.0566844919786096,0.557954545454546,0.163836163836164,ok,0.656315536315536,0.052272727272726915,0.046590909090909
SIG233,GSE17537,10,10,0.584090909090909,0,0.556666666666667,0.46348990048991,0.0,0.0994652406417112,0.556818181818182,0.313686313686314,ok,0.753407228252771,0.027272727272727004,0.0
SIG234,GSE17537,13,12,0.5875,0,0.603333333333333,1.23216792696359,0.0056818181818181,0.0780748663101604,0.557954545454546,0.287712287712288,ok,0.743241578156189,0.029545454545453986,0.0056818181818181
SIG235,GSE17537,6,6,0.544318181818182,1,0.553333333333333,0.489181386671161,-0.0022727272727273,0.0566844919786096,0.556818181818182,0.599400599400599,ok,0.891027609004519,-0.012499999999999956,-0.0022727272727273
SIG236,GSE17537,5,5,0.625,0,0.646666666666667,0.956831222756908,0.0181818181818181,0.0780748663101604,0.554545454545455,0.120879120879121,ok,0.594285714285714,0.07045454545454499,0.0181818181818181
SIG237,GSE17537,6,6,0.679545454545455,0,0.673333333333333,1.38442907702354,0.0386363636363636,0.0994652406417112,0.556818181818182,0.020979020979021,ok,0.33968426782798,0.12272727272727302,0.0386363636363636
SIG238,GSE17537,6,6,0.617045454545455,0,0.723333333333333,0.833380457391696,-0.0102272727272728,0.0780748663101604,0.556818181818182,0.133866133866134,ok,0.619818537626757,0.06022727272727302,-0.0102272727272728
SIG239,GSE17537,7,7,0.572727272727273,0,0.543333333333333,0.486013068005733,0.0,0.0994652406417112,0.557954545454546,0.392607392607393,ok,0.811213177066836,0.014772727272726938,0.0
SIG240,GSE17537,6,6,0.536363636363636,0,0.483333333333333,0.124319457447677,-0.0090909090909091,0.0352941176470588,0.556818181818182,0.671328671328671,ok,0.913912434870519,-0.020454545454545947,-0.0090909090909091
SIG241,GSE17537,4,4,0.543181818181818,1,0.463333333333333,0.398594262185449,0.0,0.0566844919786096,0.561363636363636,0.642357642357642,ok,0.910343325437665,-0.018181818181817966,0.0
SIG242,GSE17537,6,6,0.505681818181818,0,0.433333333333333,-0.176019673324935,0.0238636363636363,0.013903743315508,0.556818181818182,0.961038961038961,ok,0.993367488780333,-0.05113636363636398,0.0238636363636363
SIG243,GSE17537,8,8,0.589772727272727,0,0.616666666666667,0.64664140129075,-0.0102272727272728,0.0566844919786096,0.560227272727273,0.298701298701299,ok,0.749666614606485,0.029545454545453986,-0.0102272727272728
SIG244,GSE17537,13,13,0.585227272727273,0,0.616666666666667,0.539647216119653,0.0045454545454544,0.0352941176470588,0.559090909090909,0.30969030969031,ok,0.753407228252771,0.02613636363636407,0.0045454545454544
SIG245,GSE17537,3,3,0.597727272727273,0,0.613333333333333,0.81755982055045,-0.0090909090909091,0.0994652406417112,0.5625,0.267732267732268,ok,0.733323931744465,0.035227272727272996,-0.0090909090909091
SIG246,GSE17537,5,5,0.55,0,0.526666666666667,0.343151642180196,-0.0011363636363637,0.0780748663101604,0.554545454545455,0.546453546453547,ok,0.877962204165413,-0.004545454545454963,-0.0011363636363637
SIG247,GSE17537,3,3,0.663636363636364,0,0.68,0.692684260658673,0.0147727272727272,0.0780748663101604,0.5625,0.048951048951049,ok,0.432560903149138,0.10113636363636402,0.0147727272727272
SIG248,GSE17537,5,5,0.511363636363636,0,0.47,0.275836141487997,0.0045454545454544,0.0566844919786096,0.554545454545455,0.876123876123876,ok,0.972423230725814,-0.04318181818181899,0.0045454545454544
SIG249,GSE17537,4,4,0.530681818181818,0,0.38,0.114747608016987,0.0034090909090909,0.0352941176470588,0.561363636363636,0.739260739260739,ok,0.935843183034194,-0.03068181818181792,0.0034090909090909
SIG250,GSE17537,4,4,0.554545454545455,0,0.53,0.166283284405114,-0.0022727272727273,0.0566844919786096,0.561363636363636,0.557442557442557,ok,0.882508592110466,-0.006818181818180946,-0.0022727272727273
SIG251,GSE17537,14,13,0.506818181818182,1,0.49,0.0809778203094689,-0.0034090909090909,0.0780748663101604,0.559090909090909,0.938061938061938,ok,0.988896483633326,-0.052272727272727026,-0.0034090909090909
SIG252,GSE17537,3,3,0.505681818181818,1,0.496666666666667,-0.146059077567764,0.0329545454545455,0.0780748663101604,0.5625,0.953046953046953,ok,0.99269605587017,-0.05681818181818199,0.0329545454545455
SIG253,GSE17537,3,3,0.538636363636364,0,0.53,0.336031409496668,0.0102272727272726,0.0566844919786096,0.5625,0.675324675324675,ok,0.913912434870519,-0.023863636363635976,0.0102272727272726
SIG254,GSE17537,3,3,0.503409090909091,0,0.45,0.287798675133596,0.0011363636363636,0.0352941176470588,0.5625,0.971028971028971,ok,0.996331023236853,-0.05909090909090897,0.0011363636363636
SIG255,GSE17537,3,2,0.510227272727273,1,0.546666666666667,-0.0079493399561026,0.0284090909090908,0.013903743315508,0.561363636363636,0.894105894105894,ok,0.980398352661127,-0.05113636363636298,0.0284090909090908
SIG256,GSE17537,5,5,0.606818181818182,0,0.553333333333333,0.559002611218345,0.0011363636363636,0.0566844919786096,0.554545454545455,0.198801198801199,ok,0.680453723491698,0.052272727272727026,0.0011363636363636
SIG257,GSE17537,4,3,0.543181818181818,0,0.546666666666667,0.263076747727385,0.0102272727272726,0.0994652406417112,0.5625,0.646353646353646,ok,0.911705925790433,-0.019318181818182012,0.0102272727272726
SIG258,GSE17537,6,4,0.507954545454545,0,0.553333333333333,0.214891465539018,-0.0022727272727273,0.0994652406417112,0.561363636363636,0.949050949050949,ok,0.99269605587017,-0.05340909090909096,-0.0022727272727273
SIG259,GSE17537,6,5,0.535227272727273,0,0.483333333333333,0.0787034550841949,0.009090909090909,0.0352941176470588,0.554545454545455,0.662337662337662,ok,0.91369473593953,-0.019318181818182012,0.009090909090909
SIG260,GSE17537,5,5,0.604545454545455,0,0.61,0.779641509958867,0.0022727272727272,0.0566844919786096,0.554545454545455,0.210789210789211,ok,0.692473185822642,0.050000000000000044,0.0022727272727272
SIG261,GSE17537,14,14,0.606818181818182,0,0.58,2.04873081234267,0.0181818181818181,0.0566844919786096,0.553409090909091,0.154845154845155,ok,0.648801349707694,0.05340909090909107,0.0181818181818181
SIG262,GSE17537,6,6,0.517045454545455,1,0.576666666666667,-0.0684883920229343,0.0159090909090909,0.013903743315508,0.556818181818182,0.85014985014985,ok,0.9671735299876,-0.03977272727272696,0.0159090909090909
SIG263,GSE17537,4,4,0.606818181818182,0,0.686666666666667,0.506543827150535,0.0329545454545455,0.0566844919786096,0.561363636363636,0.225774225774226,ok,0.712361151100941,0.04545454545454608,0.0329545454545455
SIG264,GSE17537,6,6,0.759090909090909,0,0.683333333333333,1.02408379742383,0.0488636363636363,0.0994652406417112,0.556818181818182,0.001998001998002,ok,0.108051948051948,0.20227272727272705,0.0488636363636363
SIG265,GSE17537,7,7,0.609090909090909,1,0.6,1.14031469191923,0.0,0.120855614973262,0.557954545454546,0.168831168831169,ok,0.66548029230245,0.05113636363636298,0.0
SIG266,GSE17537,5,5,0.578409090909091,0,0.55,0.413424329895885,0.0,0.0994652406417112,0.554545454545455,0.331668331668332,ok,0.76915194582433,0.023863636363635976,0.0
SIG267,GSE17537,11,11,0.642045454545455,0,0.523333333333333,0.972264944332045,0.0022727272727272,0.0780748663101604,0.560227272727273,0.0809190809190809,ok,0.499555239281267,0.08181818181818201,0.0022727272727272
SIG268,GSE17537,6,6,0.589772727272727,0,0.583333333333333,0.280226992033994,0.0056818181818181,0.0352941176470588,0.556818181818182,0.263736263736264,ok,0.733323931744465,0.032954545454545014,0.0056818181818181
SIG269,GSE17537,3,3,0.544318181818182,0,0.443333333333333,0.313382477415361,0.0034090909090909,0.0566844919786096,0.5625,0.631368631368631,ok,0.902813738350492,-0.018181818181817966,0.0034090909090909
SIG270,GSE17537,4,4,0.613636363636364,1,0.66,0.694827993859107,0.0045454545454544,0.0566844919786096,0.561363636363636,0.1998001998002,ok,0.681285927187567,0.052272727272728026,0.0045454545454544
SIG271,GSE17537,5,5,0.539772727272727,0,0.526666666666667,0.403510835807158,0.0318181818181817,0.120855614973262,0.554545454545455,0.621378621378621,ok,0.898987582775705,-0.014772727272728048,0.0318181818181817
SIG272,GSE17537,4,4,0.610227272727273,0,0.51,0.323302160379659,0.0022727272727272,0.0566844919786096,0.561363636363636,0.212787212787213,ok,0.693971094931479,0.048863636363637,0.0022727272727272
SIG273,GSE17537,4,4,0.515909090909091,1,0.463333333333333,-0.0435328207756126,0.0147727272727272,0.0566844919786096,0.561363636363636,0.877122877122877,ok,0.972423230725814,-0.04545454545454497,0.0147727272727272
SIG274,GSE17537,8,8,0.517045454545455,0,0.493333333333333,0.0616478479872109,0.0034090909090909,0.0352941176470588,0.560227272727273,0.869130869130869,ok,0.972333417513393,-0.04318181818181799,0.0034090909090909
SIG275,GSE17537,4,4,0.564772727272727,0,0.56,0.513474342166101,0.0045454545454544,0.0780748663101604,0.561363636363636,0.484515484515485,ok,0.856082349277424,0.003409090909091028,0.0045454545454544
SIG276,GSE17537,12,12,0.642045454545455,0,0.593333333333333,0.814339854042741,0.0295454545454545,0.0994652406417112,0.557954545454546,0.0779220779220779,ok,0.495767761650115,0.084090909090909,0.0295454545454545
SIG277,GSE17537,6,6,0.503409090909091,1,0.436666666666667,-0.0629062549823718,0.0022727272727272,0.0566844919786096,0.556818181818182,0.976023976023976,ok,0.996331023236853,-0.05340909090909096,0.0022727272727272
SIG278,GSE17537,5,5,0.619318181818182,0,0.63,1.1068236201342,0.0034090909090909,0.0780748663101604,0.554545454545455,0.141858141858142,ok,0.625749454460711,0.06477272727272698,0.0034090909090909
SIG279,GSE17537,7,7,0.635227272727273,0,0.626666666666667,0.733533506335913,0.0045454545454544,0.0566844919786096,0.557954545454546,0.0779220779220779,ok,0.495767761650115,0.07727272727272694,0.0045454545454544
SIG280,GSE17537,4,4,0.502272727272727,0,0.48,-0.125402771780253,0.0056818181818181,0.013903743315508,0.561363636363636,0.993006993006993,ok,0.999661544709944,-0.05909090909090897,0.0056818181818181
SIG281,GSE17537,4,4,0.589772727272727,0,0.526666666666667,0.211712988054817,0.0147727272727272,0.0780748663101604,0.561363636363636,0.318681318681319,ok,0.757218177253327,0.02840909090909105,0.0147727272727272
SIG282,GSE17537,16,16,0.614772727272727,0,0.513333333333333,1.36977285508232,0.0022727272727272,0.0566844919786096,0.555681818181818,0.144855144855145,ok,0.631755341432761,0.05909090909090897,0.0022727272727272
SIG283,GSE17537,10,10,0.5875,0,0.54,0.534781912835777,-0.0068181818181818,0.0780748663101604,0.556818181818182,0.287712287712288,ok,0.743241578156189,0.030681818181818032,-0.0068181818181818
SIG284,GSE17537,3,3,0.686363636363636,0,0.636666666666667,0.73922109789591,0.0159090909090909,0.0994652406417112,0.5625,0.025974025974026,ok,0.363905524527286,0.12386363636363595,0.0159090909090909
SIG285,GSE17537,9,9,0.677272727272727,0,0.673333333333333,1.46419172092829,0.0227272727272727,0.0780748663101604,0.554545454545455,0.021978021978022,ok,0.349579831932773,0.12272727272727202,0.0227272727272727
SIG286,GSE17537,5,5,0.660227272727273,0,0.613333333333333,1.40261293219905,0.0034090909090909,0.120855614973262,0.554545454545455,0.046953046953047,ok,0.427478245660064,0.10568181818181799,0.0034090909090909
SIG287,GSE17537,3,3,0.610227272727273,0,0.576666666666667,0.507394634460377,0.0295454545454545,0.0566844919786096,0.5625,0.202797202797203,ok,0.684552714366379,0.04772727272727295,0.0295454545454545
SIG288,GSE17537,5,5,0.657954545454546,0,0.67,0.355509358534288,0.0204545454545454,0.0566844919786096,0.554545454545455,0.051948051948052,ok,0.441879108545775,0.103409090909091,0.0204545454545454
SIG289,GSE17537,17,16,0.579545454545455,0,0.576666666666667,0.924232091260383,-0.0022727272727273,0.0566844919786096,0.555681818181818,0.325674325674326,ok,0.76310517904972,0.023863636363636975,-0.0022727272727273
SIG290,GSE17537,3,3,0.680681818181818,0,0.716666666666667,0.916977085274354,0.0363636363636364,0.0994652406417112,0.5625,0.032967032967033,ok,0.37772397094431,0.11818181818181805,0.0363636363636364
SIG291,GSE17537,3,3,0.652272727272727,0,0.62,0.482792695405906,0.0147727272727272,0.0566844919786096,0.5625,0.0709290709290709,ok,0.48554989314483,0.089772727272727,0.0147727272727272
SIG292,GSE17537,15,14,0.576136363636364,0,0.513333333333333,0.544875514146431,0.021590909090909,0.0780748663101604,0.553409090909091,0.343656343656344,ok,0.779569423864726,0.02272727272727304,0.021590909090909
SIG293,GSE17537,7,6,0.586363636363636,0,0.636666666666667,0.932440098251625,0.0079545454545453,0.0994652406417112,0.556818181818182,0.28971028971029,ok,0.743241578156189,0.029545454545453986,0.0079545454545453
SIG294,GSE17537,4,4,0.556818181818182,1,0.556666666666667,0.399836005015642,0.0147727272727272,0.0780748663101604,0.561363636363636,0.545454545454545,ok,0.877399816126764,-0.004545454545453964,0.0147727272727272
SIG295,GSE17537,9,7,0.528409090909091,0,0.566666666666667,0.0518192453070556,0.0045454545454544,0.0566844919786096,0.557954545454546,0.737262737262737,ok,0.935016271784422,-0.029545454545454986,0.0045454545454544
SIG296,GSE17537,11,11,0.646590909090909,0,0.67,0.7196009801375,0.0284090909090908,0.0566844919786096,0.560227272727273,0.0679320679320679,ok,0.475876455151067,0.08636363636363598,0.0284090909090908
SIG297,GSE17537,11,11,0.561363636363636,0,0.493333333333333,0.209631226704863,0.0011363636363636,0.0566844919786096,0.560227272727273,0.495504495504496,ok,0.858874458874459,0.001136363636362936,0.0011363636363636
SIG298,GSE17537,9,9,0.5125,0,0.546666666666667,0.23323175296799,0.0034090909090909,0.0566844919786096,0.554545454545455,0.898101898101898,ok,0.981507735292596,-0.04204545454545505,0.0034090909090909
SIG300,GSE17537,5,5,0.535227272727273,0,0.52,0.0704168443508677,0.0022727272727272,0.0780748663101604,0.554545454545455,0.662337662337662,ok,0.91369473593953,-0.019318181818182012,0.0022727272727272
SIG301,GSE17537,7,7,0.5375,1,0.49,0.139537548806064,0.0,0.0780748663101604,0.557954545454546,0.663336663336663,ok,0.91369473593953,-0.020454545454546058,0.0
SIG302,GSE17537,6,6,0.603409090909091,0,0.636666666666667,0.750567022295965,0.0204545454545454,0.0780748663101604,0.556818181818182,0.190809190809191,ok,0.67006240512734,0.046590909090909016,0.0204545454545454
SIG303,GSE17537,3,3,0.502272727272727,0,0.456666666666667,-0.0484574096678815,0.0147727272727272,0.0780748663101604,0.5625,0.986013986013986,ok,0.996331023236853,-0.06022727272727302,0.0147727272727272
SIG304,GSE17537,4,4,0.517045454545455,0,0.453333333333333,0.143716713850423,-0.0011363636363637,0.0566844919786096,0.561363636363636,0.868131868131868,ok,0.972333417513393,-0.044318181818180924,-0.0011363636363637
SIG305,GSE17537,7,7,0.570454545454545,0,0.533333333333333,0.382752580832875,0.0056818181818181,0.0994652406417112,0.557954545454546,0.404595404595405,ok,0.817047030639264,0.012499999999998956,0.0056818181818181
SIG306,GSE17537,11,11,0.5875,0,0.54,0.78728715600012,0.0113636363636362,0.0566844919786096,0.560227272727273,0.310689310689311,ok,0.753407228252771,0.027272727272727004,0.0113636363636362
SIG307,GSE17537,13,13,0.568181818181818,0,0.53,0.556953712968318,0.0204545454545454,0.0994652406417112,0.559090909090909,0.432567432567433,ok,0.826032724337809,0.009090909090909038,0.0204545454545454
SIG308,GSE17537,5,5,0.627272727272727,0,0.533333333333333,0.316636574206067,0.0079545454545453,0.0566844919786096,0.554545454545455,0.11988011988012,ok,0.594285714285714,0.07272727272727197,0.0079545454545453
SIG309,GSE17537,3,3,0.609090909090909,0,0.53,0.434990143800652,0.0102272727272726,0.0566844919786096,0.5625,0.210789210789211,ok,0.692473185822642,0.046590909090909016,0.0102272727272726
SIG310,GSE17537,4,4,0.580681818181818,0,0.52,0.318164781016826,0.021590909090909,0.0352941176470588,0.561363636363636,0.383616383616384,ok,0.807865032164098,0.019318181818182012,0.021590909090909
SIG311,GSE17537,5,4,0.505681818181818,0,0.52,0.246692641732516,0.009090909090909,0.0566844919786096,0.561363636363636,0.966033966033966,ok,0.995865743101733,-0.055681818181817944,0.009090909090909
SIG312,GSE17537,9,9,0.620454545454546,0,0.63,1.68643158645161,0.0488636363636363,0.142245989304813,0.554545454545455,0.137862137862138,ok,0.623376623376623,0.06590909090909103,0.0488636363636363
SIG313,GSE17537,3,3,0.552272727272727,0,0.553333333333333,0.151819546231133,0.0113636363636362,0.0566844919786096,0.5625,0.578421578421578,ok,0.884172261147431,-0.010227272727272974,0.0113636363636362
SIG314,GSE17537,8,7,0.572727272727273,0,0.55,0.655696655153854,-0.0056818181818182,0.0780748663101604,0.557954545454546,0.392607392607393,ok,0.811213177066836,0.014772727272726938,-0.0056818181818182
SIG315,GSE17537,8,8,0.648863636363636,0,0.636666666666667,0.810760786246279,0.0363636363636364,0.0780748663101604,0.560227272727273,0.0729270729270729,ok,0.494222569410539,0.08863636363636296,0.0363636363636364
SIG316,GSE17537,10,10,0.759090909090909,0,0.706666666666667,1.14233774753936,0.0477272727272726,0.0994652406417112,0.556818181818182,0.0009990009990009,ok,0.0771799628942486,0.20227272727272705,0.0477272727272726
SIG317,GSE17537,7,7,0.538636363636364,0,0.533333333333333,0.248230310190114,-0.0068181818181818,0.0566844919786096,0.557954545454546,0.649350649350649,ok,0.913550549346595,-0.019318181818182012,-0.0068181818181818
SIG318,GSE17537,4,4,0.586363636363636,0,0.576666666666667,0.61187771621447,0.0261363636363636,0.0994652406417112,0.561363636363636,0.350649350649351,ok,0.782306802108782,0.025000000000000022,0.0261363636363636
SIG319,GSE17537,8,8,0.580681818181818,0,0.503333333333333,0.632916211377415,0.0034090909090909,0.0994652406417112,0.560227272727273,0.354645354645355,ok,0.785235816814764,0.020454545454544948,0.0034090909090909
SIG320,GSE17537,8,8,0.570454545454545,0,0.463333333333333,0.654745943607072,0.0022727272727272,0.0780748663101604,0.560227272727273,0.422577422577423,ok,0.820868786386028,0.010227272727271974,0.0022727272727272
SIG321,GSE17537,3,3,0.581818181818182,0,0.56,0.360072554628976,0.0,0.0994652406417112,0.5625,0.358641358641359,ok,0.785235816814764,0.019318181818182012,0.0
SIG322,GSE17537,7,7,0.615909090909091,0,0.573333333333333,1.03158074852136,0.0125,0.0780748663101604,0.557954545454546,0.140859140859141,ok,0.624398552267405,0.057954545454544926,0.0125
SIG323,GSE17537,5,5,0.618181818181818,0,0.576666666666667,0.714544696700855,0.0136363636363636,0.0566844919786096,0.554545454545455,0.146853146853147,ok,0.633318834275772,0.06363636363636305,0.0136363636363636
SIG324,GSE17537,3,3,0.527272727272727,0,0.553333333333333,0.0702042216868838,0.0,0.0780748663101604,0.5625,0.762237762237762,ok,0.942859519254761,-0.035227272727272996,0.0
SIG325,GSE17537,3,3,0.719318181818182,0,0.72,1.04840314907494,0.0738636363636362,0.0780748663101604,0.5625,0.010989010989011,ok,0.249699879951981,0.15681818181818197,0.0738636363636362
SIG326,GSE17537,9,9,0.590909090909091,0,0.69,1.10927409991794,0.0,0.0780748663101604,0.554545454545455,0.271728271728272,ok,0.733323931744465,0.03636363636363604,0.0
SIG327,GSE17537,3,2,0.675,0,0.663333333333333,0.642676715896817,0.0329545454545455,0.0780748663101604,0.561363636363636,0.028971028971029,ok,0.369517275177653,0.11363636363636409,0.0329545454545455
SIG328,GSE17537,9,9,0.535227272727273,0,0.563333333333333,0.126415279308602,0.0079545454545453,0.0780748663101604,0.554545454545455,0.673326673326673,ok,0.913912434870519,-0.019318181818182012,0.0079545454545453
SIG329,GSE17537,5,4,0.645454545454546,0,0.623333333333333,0.711661616510576,0.0329545454545455,0.0780748663101604,0.561363636363636,0.0799200799200799,ok,0.499555239281267,0.08409090909091,0.0329545454545455
SIG330,GSE17537,16,16,0.505681818181818,1,0.506666666666667,-0.0603534117843114,-0.0022727272727273,0.0352941176470588,0.555681818181818,0.952047952047952,ok,0.99269605587017,-0.050000000000000044,-0.0022727272727273
SIG331,GSE17537,4,4,0.625,0,0.566666666666667,0.790528029872456,0.0113636363636362,0.0352941176470588,0.561363636363636,0.147852147852148,ok,0.635599694423224,0.06363636363636405,0.0113636363636362
SIG332,GSE17537,3,3,0.573863636363636,0,0.493333333333333,0.159829628067562,0.0011363636363636,0.0780748663101604,0.5625,0.414585414585415,ok,0.819472924736083,0.01136363636363602,0.0011363636363636
SIG334,GSE17537,4,4,0.567045454545455,0,0.606666666666667,0.485386862121636,0.0079545454545453,0.0352941176470588,0.561363636363636,0.466533466533467,ok,0.841004329004329,0.0056818181818190094,0.0079545454545453
SIG335,GSE17537,8,7,0.7125,0,0.79,1.77703978722961,0.0727272727272726,0.0994652406417112,0.557954545454546,0.0069930069930069,ok,0.205533596837945,0.154545454545454,0.0727272727272726
SIG336,GSE17537,3,3,0.623863636363636,0,0.716666666666667,0.348046491633372,0.0113636363636362,0.0780748663101604,0.5625,0.158841158841159,ok,0.648801349707694,0.061363636363635954,0.0113636363636362
SIG337,GSE17537,4,4,0.545454545454545,0,0.603333333333333,0.256436199360431,0.0443181818181817,0.0994652406417112,0.561363636363636,0.615384615384615,ok,0.897518878101403,-0.015909090909090984,0.0443181818181817
SIG338,GSE17537,3,3,0.607954545454545,1,0.593333333333333,0.573285093696104,0.0022727272727272,0.0780748663101604,0.5625,0.215784215784216,ok,0.698779065246131,0.04545454545454497,0.0022727272727272
SIG001,GSE29621,4,4,0.614066726780884,0,0.605978260869565,0.524644931947042,0.0495942290351669,0.081447963800905,0.54824165915239,0.0959040959040959,ok,0.538017998598911,0.06582506762849405,0.0495942290351669
SIG002,GSE29621,4,4,0.57439134355275,1,0.573369565217391,0.703634084464538,0.0081154192966636,0.0271493212669683,0.54824165915239,0.295704295704296,ok,0.749099639855942,0.02614968440036003,0.0081154192966636
SIG003,GSE29621,13,11,0.569882777276826,0,0.573369565217391,0.599309160186629,0.0126239855725879,0.0452488687782806,0.54824165915239,0.334665334665335,ok,0.771470643593406,0.021641118124436032,0.0126239855725879
SIG004,GSE29621,9,8,0.547339945897205,1,0.404891304347826,0.370767537207314,0.0045085662759242,0.0633484162895928,0.550946798917944,0.542457542457543,ok,0.876751461330063,-0.0036068530207389315,0.0045085662759242
SIG005,GSE29621,6,6,0.594229035166817,0,0.698369565217391,0.477547309419778,0.0261496844003607,0.0271493212669683,0.551397655545537,0.198801198801199,ok,0.680453723491698,0.04283137962128003,0.0261496844003607
SIG006,GSE29621,8,8,0.568079350766456,1,0.532608695652174,0.684348334298169,0.0054102795311091,0.0452488687782806,0.550946798917944,0.360639360639361,ok,0.785792772899944,0.017132551848512034,0.0054102795311091
SIG007,GSE29621,15,15,0.501352569882777,1,0.489130434782609,-0.179616532599151,0.0027051397655545,0.0090497737556561,0.54643823264202,0.991008991008991,ok,0.999138072963576,-0.04508566275924297,0.0027051397655545
SIG009,GSE29621,6,6,0.519386834986474,1,0.513586956521739,0.301865858336869,-0.0036068530207394,0.0633484162895928,0.551397655545537,0.794205794205794,ok,0.953540472830939,-0.032010820559063013,-0.0036068530207394
SIG010,GSE29621,6,6,0.570784490532011,1,0.592391304347826,0.304445939713516,0.0009017132551848,0.0633484162895928,0.551397655545537,0.342657342657343,ok,0.779264469760685,0.019386834986473978,0.0009017132551848
SIG011,GSE29621,3,3,0.523895401262399,1,0.559782608695652,0.197881012092656,0.0054102795311091,0.0452488687782806,0.552750225428314,0.78021978021978,ok,0.950278293135436,-0.028854824165915005,0.0054102795311091
SIG012,GSE29621,3,3,0.594229035166817,1,0.543478260869565,0.538807890505781,0.0027051397655545,0.0452488687782806,0.552750225428314,0.205794205794206,ok,0.686149855077106,0.04147880973850304,0.0027051397655545
SIG013,GSE29621,9,9,0.502254283137962,0,0.489130434782609,-0.0342429693521124,0.0036068530207393,0.0090497737556561,0.549143372407574,0.973026973026973,ok,0.996331023236853,-0.046889089269611994,0.0036068530207393
SIG014,GSE29621,15,15,0.592425608656447,1,0.611413043478261,0.42795006186726,0.0018034265103696,0.0452488687782806,0.54643823264202,0.17982017982018,ok,0.666223264606014,0.04598737601442704,0.0018034265103696
SIG015,GSE29621,3,3,0.530207394048692,0,0.513586956521739,0.386514468063997,0.0153291253381425,0.0452488687782806,0.552750225428314,0.708291708291708,ok,0.928530902606755,-0.022542831379621986,0.0153291253381425
SIG016,GSE29621,57,50,0.588818755635708,0,0.597826086956522,1.03487124727402,0.0477908025247972,0.0452488687782806,0.549143372407574,0.182817182817183,ok,0.666223264606014,0.03967538322813391,0.0477908025247972
SIG018,GSE29621,9,9,0.596934174932372,0,0.635869565217391,0.743402733072607,0.0135256988277728,0.0633484162895928,0.549143372407574,0.182817182817183,ok,0.666223264606014,0.04779080252479795,0.0135256988277728
SIG019,GSE29621,12,12,0.589720468890893,0,0.513586956521739,0.600869389872385,0.0441839495040577,0.0452488687782806,0.550946798917944,0.222777222777223,ok,0.707860881773925,0.038773669972949065,0.0441839495040577
SIG020,GSE29621,5,3,0.584310189359784,0,0.573369565217391,0.503936511193924,0.0414788097385032,0.081447963800905,0.552750225428314,0.261738261738262,ok,0.733323931744465,0.03155996393146998,0.0414788097385032
SIG021,GSE29621,10,8,0.569882777276826,0,0.638586956521739,0.34599622010007,0.011722272317403,0.081447963800905,0.550946798917944,0.350649350649351,ok,0.782306802108782,0.018935978358882055,0.011722272317403
SIG022,GSE29621,4,4,0.557258791704238,0,0.524456521739131,0.283686662027189,0.0054102795311091,0.0271493212669683,0.54824165915239,0.431568431568432,ok,0.826032724337809,0.009017132551847995,0.0054102795311091
SIG023,GSE29621,9,9,0.502254283137962,0,0.491847826086957,0.246347080351745,-0.0072137060414788,0.0452488687782806,0.549143372407574,0.973026973026973,ok,0.996331023236853,-0.046889089269611994,-0.0072137060414788
SIG024,GSE29621,7,6,0.560865644724978,0,0.589673913043478,0.271751326736711,0.0036068530207393,0.0452488687782806,0.551397655545537,0.413586413586414,ok,0.819472924736083,0.009467989179441028,0.0036068530207393
SIG025,GSE29621,13,11,0.531109107303877,1,0.467391304347826,0.417447975871844,0.0090171325518485,0.0452488687782806,0.54824165915239,0.666333666333666,ok,0.913912434870519,-0.017132551848513033,0.0090171325518485
SIG026,GSE29621,31,29,0.531109107303877,1,0.478260869565217,0.60461578406714,-0.0018034265103698,0.0090497737556561,0.547339945897205,0.673326673326673,ok,0.913912434870519,-0.01623083859332808,-0.0018034265103698
SIG027,GSE29621,4,4,0.666366095581605,1,0.665760869565217,0.717407916666272,0.0432822362488728,0.0452488687782806,0.54824165915239,0.016983016983017,ok,0.3001443001443,0.118124436429215,0.0432822362488728
SIG028,GSE29621,4,4,0.569882777276826,0,0.581521739130435,0.297914343156076,0.0027051397655545,0.0452488687782806,0.54824165915239,0.336663336663337,ok,0.774755457308649,0.021641118124436032,0.0027051397655545
SIG029,GSE29621,5,4,0.587917042380523,0,0.614130434782609,0.16744101296747,0.0432822362488728,0.0090497737556561,0.54824165915239,0.213786213786214,ok,0.693971094931479,0.03967538322813302,0.0432822362488728
SIG030,GSE29621,7,7,0.558160504959423,1,0.559782608695652,0.457259689426533,0.0036068530207393,0.0452488687782806,0.54824165915239,0.41958041958042,ok,0.820351015578781,0.009918845807033061,0.0036068530207393
SIG031,GSE29621,4,4,0.614066726780884,0,0.540760869565217,0.453416342883415,0.0027051397655545,0.0452488687782806,0.54824165915239,0.0959040959040959,ok,0.538017998598911,0.06582506762849405,0.0027051397655545
SIG032,GSE29621,10,10,0.51668169522092,0,0.532608695652174,-0.221548925227014,0.0,0.0452488687782806,0.547339945897205,0.831168831168831,ok,0.962930813830557,-0.030658250676285026,0.0
SIG033,GSE29621,10,9,0.57619477006312,0,0.608695652173913,0.558719268181566,0.0405770964833183,0.0633484162895928,0.549143372407574,0.293706293706294,ok,0.748521977551195,0.027051397655545983,0.0405770964833183
SIG034,GSE29621,14,14,0.673579801623084,0,0.701086956521739,1.58165569977662,0.0441839495040577,0.081447963800905,0.54643823264202,0.0079920079920079,ok,0.218286763741309,0.127141568981064,0.0441839495040577
SIG035,GSE29621,3,2,0.661857529305681,0,0.730978260869565,0.701951743006618,0.060414788097385,0.0995475113122172,0.549143372407574,0.017982017982018,ok,0.311688311688312,0.11271415689810693,0.060414788097385
SIG036,GSE29621,13,12,0.504959422903517,1,0.578804347826087,-0.109059130916784,-0.0036068530207394,0.0452488687782806,0.550946798917944,0.953046953046953,ok,0.99269605587017,-0.04598737601442693,-0.0036068530207394
SIG037,GSE29621,14,13,0.554553651938684,0,0.559782608695652,0.437075613566028,0.0153291253381425,0.0452488687782806,0.549143372407574,0.465534465534466,ok,0.840885233670805,0.005410279531109952,0.0153291253381425
SIG038,GSE29621,3,3,0.504959422903517,0,0.5,-0.0750158593949648,-0.0090171325518485,0.0452488687782806,0.552750225428314,0.958041958041958,ok,0.992820349635051,-0.04779080252479695,-0.0090171325518485
SIG039,GSE29621,14,14,0.561767357980162,0,0.684782608695652,0.671005255748949,0.0126239855725879,0.0452488687782806,0.54643823264202,0.393606393606394,ok,0.811213177066836,0.015329125338142013,0.0126239855725879
SIG040,GSE29621,15,13,0.603246167718666,1,0.652173913043478,0.620406617150031,0.0027051397655545,0.0452488687782806,0.549143372407574,0.150849150849151,ok,0.640339252584151,0.05410279531109197,0.0027051397655545
SIG041,GSE29621,10,10,0.523895401262399,1,0.535326086956522,0.0296500811038194,0.0135256988277728,-0.0271493212669683,0.547339945897205,0.746253746253746,ok,0.937185263715876,-0.023444544634806053,0.0135256988277728
SIG042,GSE29621,8,7,0.568079350766456,0,0.603260869565217,0.472617162957602,0.0288548241659152,0.0452488687782806,0.54824165915239,0.357642357642358,ok,0.785235816814764,0.01983769161406601,0.0288548241659152
SIG043,GSE29621,14,14,0.539224526600541,0,0.554347826086957,0.298492464759828,0.0216411181244364,0.0452488687782806,0.54643823264202,0.573426573426573,ok,0.88400539027677,-0.007213706041478973,0.0216411181244364
SIG044,GSE29621,3,3,0.568981064021641,0,0.464673913043478,0.272472916494879,-0.0045085662759242,0.0633484162895928,0.552750225428314,0.368631368631369,ok,0.792982673650931,0.01623083859332697,-0.0045085662759242
SIG045,GSE29621,6,6,0.504959422903517,0,0.445652173913043,-0.130271815191565,-0.0117222723174031,0.0271493212669683,0.551397655545537,0.949050949050949,ok,0.99269605587017,-0.04643823264201996,-0.0117222723174031
SIG046,GSE29621,5,4,0.540126239855726,1,0.505434782608696,0.364406234736584,-0.0027051397655545,0.0452488687782806,0.54824165915239,0.594405594405594,ok,0.888486858636112,-0.008115419296663928,-0.0027051397655545
SIG047,GSE29621,4,4,0.560865644724978,1,0.380434782608696,0.270739930455538,0.0126239855725879,0.0452488687782806,0.54824165915239,0.405594405594406,ok,0.817233437203631,0.012623985572588037,0.0126239855725879
SIG048,GSE29621,11,11,0.547339945897205,1,0.494565217391304,0.352726229028778,0.0090171325518485,0.0090497737556561,0.54824165915239,0.518481518481519,ok,0.867558184389868,-0.0009017132551849549,0.0090171325518485
SIG049,GSE29621,14,14,0.558160504959423,0,0.527173913043478,0.548617203031727,0.0198376916140667,0.0452488687782806,0.54643823264202,0.41958041958042,ok,0.820351015578781,0.011722272317403082,0.0198376916140667
SIG050,GSE29621,6,5,0.503155996393147,1,0.535326086956522,-0.014804920570354,0.0090171325518485,-0.0090497737556561,0.551848512173129,0.976023976023976,ok,0.996331023236853,-0.048692515779982015,0.0090171325518485
SIG051,GSE29621,7,7,0.587015329125338,0,0.573369565217391,0.608904978581595,0.0144274120829576,0.0633484162895928,0.54824165915239,0.253746253746254,ok,0.723765685791002,0.038773669972948066,0.0144274120829576
SIG052,GSE29621,20,19,0.538322813345356,0,0.53804347826087,0.38990783524264,0.0387736699729485,0.0271493212669683,0.54824165915239,0.595404595404595,ok,0.889488412140346,-0.00991884580703395,0.0387736699729485
SIG053,GSE29621,11,9,0.550946798917944,0,0.554347826086957,0.357042920628014,0.024346257889991,0.0271493212669683,0.549143372407574,0.493506493506494,ok,0.857059446654822,0.0018034265103699099,0.024346257889991
SIG054,GSE29621,46,45,0.613165013525699,0,0.616847826086957,1.35842232481892,0.0486925157799819,0.081447963800905,0.550045085662759,0.105894105894106,ok,0.55599546084983,0.06311992786293996,0.0486925157799819
SIG055,GSE29621,21,20,0.549143372407574,1,0.551630434782609,0.345771170853151,0.0045085662759242,0.0452488687782806,0.550045085662759,0.507492507492508,ok,0.86258534439212,-0.0009017132551849549,0.0045085662759242
SIG056,GSE29621,7,6,0.504959422903517,0,0.532608695652174,0.23938922394491,0.0108205590622182,0.0271493212669683,0.551397655545537,0.949050949050949,ok,0.99269605587017,-0.04643823264201996,0.0108205590622182
SIG057,GSE29621,8,8,0.579801623083859,0,0.519021739130435,0.630191824094859,0.0486925157799819,0.0452488687782806,0.550946798917944,0.277722277722278,ok,0.736236312706901,0.028854824165915005,0.0486925157799819
SIG058,GSE29621,24,22,0.550946798917944,0,0.554347826086957,0.286381911717806,0.0315599639314698,0.0271493212669683,0.549143372407574,0.47952047952048,ok,0.851920746795911,0.0018034265103699099,0.0315599639314698
SIG059,GSE29621,14,13,0.51487826871055,1,0.505434782608696,0.110138064281418,-0.0099188458070333,0.0271493212669683,0.549143372407574,0.838161838161838,ok,0.965653860413128,-0.03426510369702407,-0.0099188458070333
SIG060,GSE29621,7,6,0.538322813345356,0,0.442934782608696,0.049868091146822,-0.0135256988277728,0.0271493212669683,0.551397655545537,0.605394605394606,ok,0.892091015251778,-0.013074842200180958,-0.0135256988277728
SIG062,GSE29621,43,42,0.532912533814247,1,0.529891304347826,0.243272598476067,0.0018034265103696,0.0271493212669683,0.54824165915239,0.646353646353646,ok,0.911705925790433,-0.015329125338143013,0.0018034265103696
SIG063,GSE29621,19,19,0.549143372407574,0,0.589673913043478,0.737196971802755,0.018034265103697,0.0271493212669683,0.54824165915239,0.491508491508492,ok,0.857059446654822,0.0009017132551840668,0.018034265103697
SIG064,GSE29621,3,3,0.578899909828675,0,0.60054347826087,0.299044797511678,0.0261496844003607,0.0271493212669683,0.552750225428314,0.298701298701299,ok,0.749666614606485,0.02614968440036103,0.0261496844003607
SIG065,GSE29621,5,5,0.580703336339044,0,0.53804347826087,0.565178129036779,-0.0027051397655545,0.0271493212669683,0.551848512173129,0.280719280719281,ok,0.737672434465437,0.028854824165915005,-0.0027051397655545
SIG066,GSE29621,11,11,0.522091974752029,0,0.524456521739131,0.178719364005501,-0.0018034265103698,0.0452488687782806,0.54824165915239,0.777222777222777,ok,0.949665788346312,-0.02614968440036103,-0.0018034265103698
SIG067,GSE29621,5,5,0.51307484220018,1,0.494565217391304,-0.0350644013464768,0.0144274120829576,0.0633484162895928,0.551848512173129,0.872127872127872,ok,0.972423230725814,-0.038773669972949065,0.0144274120829576
SIG068,GSE29621,5,5,0.54463480613165,0,0.47554347826087,0.282773909529886,-0.0072137060414788,0.0452488687782806,0.551848512173129,0.563436563436564,ok,0.88400539027677,-0.007213706041478973,-0.0072137060414788
SIG069,GSE29621,7,7,0.558160504959423,1,0.573369565217391,0.226699225398103,-0.0063119927862939,0.0633484162895928,0.54824165915239,0.41958041958042,ok,0.820351015578781,0.009918845807033061,-0.0063119927862939
SIG070,GSE29621,3,3,0.632100991884581,1,0.673913043478261,0.862034853846262,0.024346257889991,0.0633484162895928,0.552750225428314,0.0629370629370629,ok,0.464977645305514,0.07935076645626704,0.024346257889991
SIG071,GSE29621,13,13,0.674481514878269,1,0.752717391304348,1.12327875767723,0.0090171325518485,0.081447963800905,0.549143372407574,0.0089910089910089,ok,0.231539888682746,0.12533814247069497,0.0090171325518485
SIG072,GSE29621,15,14,0.541929666366096,1,0.442934782608696,0.611656480366979,0.0,0.0271493212669683,0.54643823264202,0.544455544455544,ok,0.877358636595824,-0.0045085662759239975,0.0
SIG073,GSE29621,16,16,0.558160504959423,0,0.527173913043478,1.06611784023132,0.0036068530207393,0.0452488687782806,0.550946798917944,0.430569430569431,ok,0.826032724337809,0.007213706041479084,0.0036068530207393
SIG074,GSE29621,11,11,0.510369702434626,1,0.513586956521739,0.331760130262941,0.0108205590622182,0.0452488687782806,0.54824165915239,0.9000999000999,ok,0.981507735292596,-0.037871956717764,0.0108205590622182
SIG075,GSE29621,14,13,0.603246167718666,0,0.644021739130435,0.64762048669931,0.0342651036970244,0.081447963800905,0.549143372407574,0.150849150849151,ok,0.640339252584151,0.05410279531109197,0.0342651036970244
SIG076,GSE29621,9,8,0.720468890892696,0,0.785326086956522,1.45733234804111,0.0802524797114518,0.081447963800905,0.550946798917944,0.0009990009990009,ok,0.0771799628942486,0.169522091974752,0.0802524797114518
SIG077,GSE29621,7,7,0.517583408476105,0,0.567934782608696,0.182235975792973,0.0045085662759242,0.0271493212669683,0.54824165915239,0.807192807192807,ok,0.955625810266791,-0.030658250676285026,0.0045085662759242
SIG078,GSE29621,6,5,0.563570784490532,1,0.47554347826087,0.212276673237341,0.0072137060414788,0.0090497737556561,0.551848512173129,0.3996003996004,ok,0.815486400392061,0.01172227231740297,0.0072137060414788
SIG079,GSE29621,5,5,0.549143372407574,0,0.543478260869565,0.409944893600801,-0.0054102795311091,0.0633484162895928,0.551848512173129,0.526473526473527,ok,0.871226692524122,-0.002705139765554976,-0.0054102795311091
SIG080,GSE29621,8,8,0.54463480613165,1,0.597826086956522,0.530768334848637,0.0018034265103696,0.0271493212669683,0.550946798917944,0.567432567432567,ok,0.88400539027677,-0.006311992786293907,0.0018034265103696
SIG081,GSE29621,5,5,0.538322813345356,0,0.565217391304348,0.149822399962128,0.0171325518485121,0.0271493212669683,0.551848512173129,0.621378621378621,ok,0.898987582775705,-0.013525698827772992,0.0171325518485121
SIG082,GSE29621,6,6,0.563570784490532,0,0.592391304347826,0.312860739265366,0.0189359783588819,0.0271493212669683,0.551397655545537,0.390609390609391,ok,0.811213177066836,0.012173128944995004,0.0189359783588819
SIG083,GSE29621,17,16,0.537421100090171,1,0.505434782608696,0.175688145447693,0.0018034265103696,0.0452488687782806,0.550946798917944,0.63036963036963,ok,0.902813738350492,-0.013525698827772992,0.0018034265103696
SIG084,GSE29621,15,15,0.54824165915239,0,0.592391304347826,0.25829538448596,-0.0072137060414788,0.0633484162895928,0.54643823264202,0.487512487512488,ok,0.856082349277424,0.0018034265103700209,-0.0072137060414788
SIG085,GSE29621,7,7,0.599639314697926,1,0.671195652173913,0.490679147593572,0.0198376916140667,0.0633484162895928,0.54824165915239,0.184815184815185,ok,0.669893109571394,0.05139765554553599,0.0198376916140667
SIG086,GSE29621,5,5,0.524797114517583,0,0.5625,0.0815654266837911,0.0027051397655545,0.0090497737556561,0.551848512173129,0.754245754245754,ok,0.939312410143829,-0.027051397655545983,0.0027051397655545
SIG087,GSE29621,5,5,0.621280432822362,0,0.673913043478261,0.772324961849849,0.0261496844003607,0.0633484162895928,0.551848512173129,0.0899100899100899,ok,0.525090460295644,0.06943192064923298,0.0261496844003607
SIG088,GSE29621,6,6,0.619477006311993,0,0.709239130434783,0.463677157633959,0.0306582506762849,0.081447963800905,0.551397655545537,0.0989010989010989,ok,0.541353383458647,0.06807935076645599,0.0306582506762849
SIG089,GSE29621,5,5,0.577096483318305,0,0.567934782608696,0.365965480049614,0.0081154192966636,0.0452488687782806,0.551848512173129,0.302697302697303,ok,0.751601016063826,0.025247971145175963,0.0081154192966636
SIG090,GSE29621,4,4,0.536519386834987,0,0.532608695652174,0.449207043321179,0.0027051397655545,0.081447963800905,0.54824165915239,0.631368631368631,ok,0.902813738350492,-0.01172227231740297,0.0027051397655545
SIG091,GSE29621,7,7,0.526600541027953,1,0.535326086956522,0.354649877223697,-0.0063119927862939,0.0995475113122172,0.54824165915239,0.71028971028971,ok,0.928530902606755,-0.02164111812443703,-0.0063119927862939
SIG093,GSE29621,9,9,0.51307484220018,1,0.434782608695652,0.106333732984256,0.0144274120829576,0.0452488687782806,0.549143372407574,0.85014985014985,ok,0.9671735299876,-0.03606853020739409,0.0144274120829576
SIG094,GSE29621,3,3,0.522091974752029,1,0.486413043478261,0.0479727885435206,0.0,0.0090497737556561,0.552750225428314,0.792207792207792,ok,0.952481044966594,-0.030658250676285026,0.0
SIG095,GSE29621,18,16,0.623985572587917,0,0.625,0.91930870069038,0.0324616771866546,0.0633484162895928,0.550946798917944,0.0719280719280719,ok,0.48990807680984,0.07303877366997302,0.0324616771866546
SIG096,GSE29621,11,11,0.513976555455365,0,0.502717391304348,0.29914804558856,0.0045085662759242,0.0452488687782806,0.54824165915239,0.869130869130869,ok,0.972333417513393,-0.03426510369702496,0.0045085662759242
SIG097,GSE29621,14,14,0.506762849413886,1,0.5,-0.22036528250938,-0.0027051397655545,-0.0090497737556561,0.54643823264202,0.927072927072927,ok,0.983446526012238,-0.03967538322813391,-0.0027051397655545
SIG098,GSE29621,5,5,0.571686203787196,1,0.5625,0.287786579730135,-0.0045085662759242,0.0271493212669683,0.551848512173129,0.343656343656344,ok,0.779569423864726,0.01983769161406701,-0.0045085662759242
SIG099,GSE29621,11,11,0.594229035166817,1,0.519021739130435,0.516274343010053,-0.0018034265103698,0.0452488687782806,0.54824165915239,0.18981018981019,ok,0.67006240512734,0.04598737601442704,-0.0018034265103698
SIG101,GSE29621,10,8,0.558160504959423,1,0.548913043478261,0.515198446643307,-0.0009017132551848,0.0090497737556561,0.550946798917944,0.447552447552448,ok,0.831740081224617,0.007213706041479084,-0.0009017132551848
SIG102,GSE29621,4,4,0.543733092876465,0,0.565217391304348,0.310743208978062,-0.0081154192966636,0.0271493212669683,0.54824165915239,0.556443556443557,ok,0.881959775277478,-0.004508566275924997,-0.0081154192966636
SIG107,GSE29621,15,13,0.541929666366096,1,0.554347826086957,0.272703525857247,0.0063119927862939,0.0090497737556561,0.549143372407574,0.572427572427572,ok,0.88400539027677,-0.007213706041478085,0.0063119927862939
SIG108,GSE29621,15,13,0.583408476104599,0,0.519021739130435,0.866949222297465,0.0162308385933273,0.0633484162895928,0.549143372407574,0.255744255744256,ok,0.725637426581813,0.03426510369702496,0.0162308385933273
SIG109,GSE29621,7,7,0.603246167718666,1,0.614130434782609,0.896904853099559,0.0108205590622182,0.0633484162895928,0.54824165915239,0.161838161838162,ok,0.654126142915381,0.055004508566276034,0.0108205590622182
SIG110,GSE29621,9,9,0.525698827772768,1,0.388586956521739,0.0867953606310936,-0.0108205590622182,0.0271493212669683,0.549143372407574,0.73026973026973,ok,0.932758313958125,-0.023444544634806053,-0.0108205590622182
SIG111,GSE29621,13,12,0.531109107303877,0,0.597826086956522,0.0178120651530591,0.0045085662759242,0.0452488687782806,0.550946798917944,0.693306693306693,ok,0.92258922180182,-0.01983769161406701,0.0045085662759242
SIG112,GSE29621,4,4,0.583408476104599,0,0.638586956521739,0.420623120524489,0.0135256988277728,0.081447963800905,0.54824165915239,0.24975024975025,ok,0.720346320346321,0.035166816952209023,0.0135256988277728
SIG113,GSE29621,10,10,0.578899909828675,0,0.578804347826087,0.593038732220609,0.0216411181244364,0.081447963800905,0.547339945897205,0.271728271728272,ok,0.733323931744465,0.03155996393146998,0.0216411181244364
SIG114,GSE29621,20,18,0.60414788097385,0,0.546195652173913,1.08770763174205,0.0441839495040577,0.0452488687782806,0.547339945897205,0.125874125874126,ok,0.605629246198641,0.056807935076644944,0.0441839495040577
SIG115,GSE29621,4,4,0.566275924256087,1,0.559782608695652,0.464822028423887,-0.0135256988277728,0.0452488687782806,0.54824165915239,0.362637362637363,ok,0.788240698208544,0.01803426510369699,-0.0135256988277728
SIG116,GSE29621,5,5,0.506762849413886,0,0.527173913043478,-0.173329868116898,0.0090171325518485,0.0271493212669683,0.551848512173129,0.938061938061938,ok,0.988896483633326,-0.04508566275924297,0.0090171325518485
SIG117,GSE29621,4,4,0.558160504959423,1,0.470108695652174,0.563992805338687,-0.0072137060414788,0.0271493212669683,0.54824165915239,0.421578421578422,ok,0.820868786386028,0.009918845807033061,-0.0072137060414788
SIG118,GSE29621,15,14,0.660955816050496,1,0.605978260869565,1.20132212650533,0.0108205590622182,0.081447963800905,0.54643823264202,0.012987012987013,ok,0.266036993309721,0.11451758340847606,0.0108205590622182
SIG119,GSE29621,10,10,0.521190261496844,0,0.578804347826087,0.310310951288181,-0.0027051397655545,0.0633484162895928,0.547339945897205,0.777222777222777,ok,0.949665788346312,-0.02614968440036103,-0.0027051397655545
SIG120,GSE29621,4,3,0.579801623083859,0,0.597826086956522,0.450362837356413,0.0306582506762849,0.0452488687782806,0.552750225428314,0.294705294705295,ok,0.749099639855942,0.027051397655544984,0.0306582506762849
SIG121,GSE29621,6,6,0.54824165915239,0,0.5,0.291286972408394,0.0252479711451757,0.0271493212669683,0.551397655545537,0.534465534465535,ok,0.874815257381843,-0.003155996393147009,0.0252479711451757
SIG122,GSE29621,8,8,0.596032461677187,1,0.581521739130435,0.839807211007322,0.0369702434625788,0.0452488687782806,0.550946798917944,0.176823176823177,ok,0.666223264606014,0.045085662759243084,0.0369702434625788
SIG124,GSE29621,4,4,0.596934174932372,0,0.578804347826087,0.451563765768734,0.0532010820559062,0.0633484162895928,0.54824165915239,0.167832167832168,ok,0.66548029230245,0.048692515779982015,0.0532010820559062
SIG125,GSE29621,4,4,0.522091974752029,0,0.5,0.104592438327272,0.0081154192966636,0.0271493212669683,0.54824165915239,0.775224775224775,ok,0.94893969769479,-0.02614968440036103,0.0081154192966636
SIG126,GSE29621,4,4,0.500450856627593,1,0.421195652173913,0.133586618810665,0.0099188458070332,0.0090497737556561,0.54824165915239,1.0,ok,1.0,-0.04779080252479695,0.0099188458070332
SIG127,GSE29621,6,6,0.535617673579802,0,0.570652173913044,0.160041115836481,-0.0018034265103698,0.0452488687782806,0.551397655545537,0.633366633366633,ok,0.904236207298509,-0.015779981965735046,-0.0018034265103698
SIG128,GSE29621,11,11,0.504959422903517,1,0.513586956521739,0.332401952715089,0.0054102795311091,0.0452488687782806,0.54824165915239,0.951048951048951,ok,0.99269605587017,-0.04328223624887295,0.0054102795311091
SIG129,GSE29621,9,9,0.602344454463481,1,0.573369565217391,0.421404314118004,0.0027051397655545,0.0633484162895928,0.549143372407574,0.161838161838162,ok,0.654126142915381,0.0532010820559069,0.0027051397655545
SIG130,GSE29621,9,9,0.584310189359784,0,0.573369565217391,0.466140092967856,0.0045085662759242,0.081447963800905,0.549143372407574,0.251748251748252,ok,0.720346320346321,0.03516681695220991,0.0045085662759242
SIG132,GSE29621,5,5,0.555455365193868,0,0.611413043478261,0.591190385450001,0.0054102795311091,0.0271493212669683,0.551848512173129,0.46953046953047,ok,0.843594943262717,0.0036068530207389315,0.0054102795311091
SIG133,GSE29621,5,5,0.557258791704238,0,0.478260869565217,0.183027189406085,-0.0090171325518485,0.0271493212669683,0.551848512173129,0.453546453546454,ok,0.835415265932977,0.005410279531108952,-0.0090171325518485
SIG134,GSE29621,8,8,0.533814247069432,0,0.535326086956522,0.151177164013974,0.0261496844003607,0.0271493212669683,0.550946798917944,0.665334665334665,ok,0.91369473593953,-0.017132551848511923,0.0261496844003607
SIG135,GSE29621,3,3,0.609558160504959,0,0.605978260869565,0.904931507978581,0.0342651036970244,0.0633484162895928,0.552750225428314,0.132867132867133,ok,0.617307091533896,0.056807935076645055,0.0342651036970244
SIG136,GSE29621,9,9,0.578899909828675,0,0.570652173913044,0.596705229105306,0.0036068530207393,0.0633484162895928,0.549143372407574,0.280719280719281,ok,0.737672434465437,0.02975653742110096,0.0036068530207393
SIG138,GSE29621,5,5,0.555455365193868,0,0.578804347826087,0.411950713118053,-0.0009017132551848,0.0271493212669683,0.551848512173129,0.46953046953047,ok,0.843594943262717,0.0036068530207389315,-0.0009017132551848
SIG139,GSE29621,4,4,0.556357078449053,1,0.578804347826087,0.248318667439545,-0.0162308385933273,0.0452488687782806,0.54824165915239,0.43956043956044,ok,0.828272772523644,0.00811541929666304,-0.0162308385933273
SIG140,GSE29621,6,6,0.642921550946799,0,0.603260869565217,0.907574980802998,0.0270513976555455,0.0633484162895928,0.551397655545537,0.048951048951049,ok,0.432560903149138,0.09152389540126205,0.0270513976555455
SIG141,GSE29621,7,7,0.536519386834987,1,0.456521739130435,0.371178070168261,0.0108205590622182,0.0271493212669683,0.54824165915239,0.615384615384615,ok,0.897518878101403,-0.01172227231740297,0.0108205590622182
SIG142,GSE29621,12,12,0.515779981965735,1,0.39945652173913,0.297788406812795,0.0099188458070332,0.0633484162895928,0.550946798917944,0.846153846153846,ok,0.9671735299876,-0.03516681695220891,0.0099188458070332
SIG143,GSE29621,6,6,0.549143372407574,0,0.586956521739131,0.610540703725978,0.0099188458070332,0.0633484162895928,0.551397655545537,0.524475524475525,ok,0.870050195203569,-0.0022542831379629424,0.0099188458070332
SIG144,GSE29621,3,3,0.51487826871055,0,0.584239130434783,0.0851904245796089,0.0018034265103696,0.0271493212669683,0.552750225428314,0.865134865134865,ok,0.971077075684797,-0.037871956717764,0.0018034265103696
SIG145,GSE29621,12,12,0.571686203787196,0,0.614130434782609,0.410192173622017,0.0532010820559062,0.0452488687782806,0.550946798917944,0.353646353646354,ok,0.785235816814764,0.020739404869252076,0.0532010820559062
SIG146,GSE29621,3,3,0.511271415689811,1,0.532608695652174,0.0014915317583754,-0.0126239855725879,0.0090497737556561,0.552750225428314,0.9000999000999,ok,0.981507735292596,-0.04147880973850293,-0.0126239855725879
SIG147,GSE29621,3,3,0.537421100090171,0,0.429347826086957,0.220281575836356,-0.0135256988277728,0.0633484162895928,0.552750225428314,0.636363636363636,ok,0.906600249066002,-0.015329125338143013,-0.0135256988277728
SIG148,GSE29621,8,6,0.581605049594229,0,0.595108695652174,0.147409879819949,0.0171325518485121,0.0271493212669683,0.551397655545537,0.270729270729271,ok,0.733323931744465,0.030207394048691993,0.0171325518485121
SIG149,GSE29621,8,8,0.559963931469793,0,0.614130434782609,0.164540846569355,0.0171325518485121,0.0090497737556561,0.550946798917944,0.431568431568432,ok,0.826032724337809,0.009017132551848994,0.0171325518485121
SIG150,GSE29621,10,10,0.563570784490532,0,0.605978260869565,0.295140693194927,0.0369702434625788,0.0271493212669683,0.547339945897205,0.370629370629371,ok,0.795382395382395,0.01623083859332697,0.0369702434625788
SIG151,GSE29621,8,8,0.560865644724978,0,0.570652173913044,0.587034799447874,0.0216411181244364,0.0452488687782806,0.550946798917944,0.427572427572428,ok,0.82582560296846,0.00991884580703406,0.0216411181244364
SIG152,GSE29621,8,8,0.508566275924256,1,0.456521739130435,-0.0491672830746627,-0.0126239855725879,0.0452488687782806,0.550946798917944,0.91008991008991,ok,0.981507735292596,-0.042380522993688,-0.0126239855725879
SIG153,GSE29621,8,8,0.642019837691614,0,0.638586956521739,0.695874876033923,0.042380522993688,0.0452488687782806,0.550946798917944,0.032967032967033,ok,0.37772397094431,0.09107303877367001,0.042380522993688
SIG154,GSE29621,3,3,0.601442741208296,0,0.584239130434783,0.609572734966483,0.0153291253381425,0.0633484162895928,0.552750225428314,0.164835164835165,ok,0.657395701643489,0.048692515779982015,0.0153291253381425
SIG155,GSE29621,9,9,0.545536519386835,0,0.570652173913044,0.382501600207961,0.0378719567177638,0.0090497737556561,0.549143372407574,0.542457542457543,ok,0.876751461330063,-0.0036068530207390426,0.0378719567177638
SIG156,GSE29621,5,5,0.503155996393147,1,0.494565217391304,-0.158887207661155,-0.0009017132551848,0.0090497737556561,0.551848512173129,0.976023976023976,ok,0.996331023236853,-0.048692515779982015,-0.0009017132551848
SIG157,GSE29621,5,5,0.69702434625789,0,0.641304347826087,1.47963831859343,0.0613165013525699,0.081447963800905,0.551848512173129,0.0059940059940059,ok,0.2000962000962,0.14517583408476098,0.0613165013525699
SIG159,GSE29621,6,6,0.503155996393147,1,0.497282608695652,-0.169246187077891,-0.0081154192966636,0.0271493212669683,0.551397655545537,0.971028971028971,ok,0.996331023236853,-0.04824165915238998,-0.0081154192966636
SIG161,GSE29621,4,4,0.660955816050496,0,0.649456521739131,1.03879378882039,0.0414788097385032,0.0633484162895928,0.54824165915239,0.018981018981019,ok,0.322796700155191,0.11271415689810604,0.0414788097385032
SIG163,GSE29621,4,4,0.629395852119026,0,0.668478260869565,0.437912020409426,0.0297565374211001,0.081447963800905,0.54824165915239,0.0609390609390609,ok,0.460111317254174,0.08115419296663606,0.0297565374211001
SIG164,GSE29621,4,4,0.616771866546438,0,0.66304347826087,0.39031790782053,0.0126239855725879,0.081447963800905,0.54824165915239,0.0829170829170829,ok,0.504972504972505,0.06853020739404803,0.0126239855725879
SIG165,GSE29621,5,5,0.605049594229035,0,0.516304347826087,0.588532758110305,-0.0009017132551848,0.0271493212669683,0.551848512173129,0.145854145854146,ok,0.633318834275772,0.05320108205590601,-0.0009017132551848
SIG166,GSE29621,3,3,0.540126239855726,1,0.529891304347826,0.11735174479077,-0.0018034265103698,0.0452488687782806,0.552750225428314,0.619380619380619,ok,0.898500640989911,-0.012623985572587926,-0.0018034265103698
SIG167,GSE29621,3,3,0.522993688007214,0,0.483695652173913,0.0547498581064034,0.0090171325518485,0.0271493212669683,0.552750225428314,0.787212787212787,ok,0.950278293135436,-0.02975653742109996,0.0090171325518485
SIG168,GSE29621,9,9,0.57619477006312,0,0.595108695652174,0.247265519953156,0.0027051397655545,0.0633484162895928,0.549143372407574,0.293706293706294,ok,0.748521977551195,0.027051397655545983,0.0027051397655545
SIG169,GSE29621,8,8,0.557258791704238,0,0.578804347826087,0.424821839178646,0.0225428313796213,0.0271493212669683,0.550946798917944,0.44955044955045,ok,0.8337341670675,0.006311992786294018,0.0225428313796213
SIG170,GSE29621,6,6,0.521190261496844,0,0.478260869565217,-0.024242326713849,0.0036068530207393,0.0271493212669683,0.551397655545537,0.774225774225774,ok,0.948575665385815,-0.030207394048692993,0.0036068530207393
SIG171,GSE29621,4,4,0.568981064021641,1,0.60054347826087,0.335800582281048,0.0108205590622182,0.0452488687782806,0.54824165915239,0.343656343656344,ok,0.779569423864726,0.020739404869250966,0.0108205590622182
SIG172,GSE29621,6,6,0.510369702434626,1,0.429347826086957,-0.0693087464699506,-0.0018034265103698,-0.0090497737556561,0.551397655545537,0.893106893106893,ok,0.980097824253668,-0.04102795311091101,-0.0018034265103698
SIG173,GSE29621,5,5,0.542831379621281,1,0.527173913043478,0.18400773374447,0.0009017132551848,0.0090497737556561,0.551848512173129,0.582417582417583,ok,0.884751203852328,-0.009017132551847995,0.0009017132551848
SIG175,GSE29621,6,5,0.54824165915239,0,0.622282608695652,0.0465885551239524,0.0027051397655545,0.0090497737556561,0.551848512173129,0.532467532467532,ok,0.874815257381843,-0.0036068530207390426,0.0027051397655545
SIG176,GSE29621,8,8,0.508566275924256,1,0.519021739130435,-0.183935084723297,0.0027051397655545,0.0090497737556561,0.550946798917944,0.91008991008991,ok,0.981507735292596,-0.042380522993688,0.0027051397655545
SIG177,GSE29621,14,14,0.561767357980162,0,0.578804347826087,0.910839843075499,0.0072137060414788,0.081447963800905,0.54643823264202,0.393606393606394,ok,0.811213177066836,0.015329125338142013,0.0072137060414788
SIG178,GSE29621,3,3,0.550946798917944,1,0.527173913043478,0.0948524314280601,0.011722272317403,0.0271493212669683,0.552750225428314,0.525474525474525,ok,0.870639164756812,-0.0018034265103700209,0.011722272317403
SIG179,GSE29621,12,12,0.527502254283138,1,0.5625,0.558770005940857,-0.0117222723174031,0.0090497737556561,0.550946798917944,0.726273726273726,ok,0.931614874688879,-0.02344454463480594,-0.0117222723174031
SIG180,GSE29621,5,5,0.568079350766456,1,0.589673913043478,0.353397823930188,0.0045085662759242,0.0633484162895928,0.551848512173129,0.368631368631369,ok,0.792982673650931,0.01623083859332697,0.0045085662759242
SIG181,GSE29621,5,5,0.697926059513075,1,0.717391304347826,0.944125183797073,0.0414788097385032,0.0633484162895928,0.551848512173129,0.0059940059940059,ok,0.2000962000962,0.14607754733994593,0.0414788097385032
SIG182,GSE29621,3,3,0.589720468890893,1,0.665760869565217,0.743070642633191,0.0135256988277728,0.117647058823529,0.552750225428314,0.232767232767233,ok,0.712800223559001,0.036970243462579044,0.0135256988277728
SIG183,GSE29621,4,4,0.520288548241659,1,0.494565217391304,0.198734929785353,-0.0027051397655545,0.0452488687782806,0.54824165915239,0.799200799200799,ok,0.954450930630904,-0.02795311091073094,-0.0027051397655545
SIG184,GSE29621,3,3,0.605049594229035,0,0.5,0.684619002496134,0.0153291253381425,0.0452488687782806,0.552750225428314,0.148851148851149,ok,0.636856814072004,0.05229936880072106,0.0153291253381425
SIG185,GSE29621,22,22,0.517583408476105,1,0.554347826086957,0.394736104826876,-0.0099188458070333,0.0090497737556561,0.549143372407574,0.821178821178821,ok,0.9595797460966,-0.03155996393146909,-0.0099188458070333
SIG186,GSE29621,19,18,0.593327321911632,0,0.567934782608696,0.521648173132193,0.0099188458070332,0.0633484162895928,0.547339945897205,0.173826173826174,ok,0.666223264606014,0.04598737601442693,0.0099188458070332
SIG187,GSE29621,4,4,0.629395852119026,1,0.605978260869565,0.495104051453767,0.0072137060414788,0.081447963800905,0.54824165915239,0.0609390609390609,ok,0.460111317254174,0.08115419296663606,0.0072137060414788
SIG188,GSE29621,6,6,0.619477006311993,0,0.53804347826087,0.977630310374728,0.066726780883679,0.0633484162895928,0.551397655545537,0.0989010989010989,ok,0.541353383458647,0.06807935076645599,0.066726780883679
SIG189,GSE29621,6,6,0.561767357980162,0,0.60054347826087,0.355580056726589,0.0,0.0452488687782806,0.551397655545537,0.408591408591409,ok,0.817787689734396,0.010369702434624983,0.0
SIG190,GSE29621,7,7,0.650135256988278,0,0.578804347826087,1.55499175043842,0.0144274120829576,0.0995475113122172,0.54824165915239,0.027972027972028,ok,0.369517275177653,0.10189359783588803,0.0144274120829576
SIG191,GSE29621,3,3,0.557258791704238,0,0.543478260869565,0.407825576977175,0.0171325518485121,0.0452488687782806,0.552750225428314,0.464535464535465,ok,0.840885233670805,0.0045085662759239975,0.0171325518485121
SIG192,GSE29621,3,3,0.536519386834987,1,0.513586956521739,0.137785132905778,0.0054102795311091,0.0271493212669683,0.552750225428314,0.641358641358641,ok,0.909881304424851,-0.01623083859332697,0.0054102795311091
SIG193,GSE29621,7,7,0.593327321911632,1,0.608695652173913,0.709150214935009,0.0297565374211001,0.0633484162895928,0.54824165915239,0.218781218781219,ok,0.704267161410019,0.04508566275924197,0.0297565374211001
SIG194,GSE29621,6,6,0.597835888187556,0,0.616847826086957,0.562816339096855,0.0532010820559062,0.0452488687782806,0.551397655545537,0.182817182817183,ok,0.666223264606014,0.04643823264201896,0.0532010820559062
SIG195,GSE29621,12,12,0.581605049594229,1,0.570652173913044,0.707392371212595,0.0090171325518485,0.0271493212669683,0.550946798917944,0.274725274725275,ok,0.733323931744465,0.030658250676285026,0.0090171325518485
SIG196,GSE29621,4,4,0.57619477006312,0,0.557065217391304,0.416461426714577,0.0009017132551848,0.0633484162895928,0.54824165915239,0.286713286713287,ok,0.743241578156189,0.02795311091073005,0.0009017132551848
SIG197,GSE29621,4,4,0.628494138863841,1,0.570652173913044,0.493597381515524,0.0099188458070332,0.0452488687782806,0.54824165915239,0.0659340659340659,ok,0.47041085563513,0.080252479711451,0.0099188458070332
SIG198,GSE29621,3,3,0.532010820559062,0,0.513586956521739,0.101018489848182,-0.0099188458070333,0.081447963800905,0.552750225428314,0.684315684315684,ok,0.917851989280561,-0.020739404869251965,-0.0099188458070333
SIG199,GSE29621,5,5,0.557258791704238,1,0.551630434782609,0.105777091147053,0.0153291253381425,0.081447963800905,0.551848512173129,0.453546453546454,ok,0.835415265932977,0.005410279531108952,0.0153291253381425
SIG200,GSE29621,3,3,0.550946798917944,0,0.529891304347826,0.145174477150546,0.024346257889991,0.0452488687782806,0.552750225428314,0.525474525474525,ok,0.870639164756812,-0.0018034265103700209,0.024346257889991
SIG201,GSE29621,4,3,0.660054102795311,0,0.668478260869565,0.752267839108211,0.0297565374211001,0.081447963800905,0.552750225428314,0.022977022977023,ok,0.353010625737898,0.10730387736699698,0.0297565374211001
SIG202,GSE29621,29,29,0.592425608656447,0,0.529891304347826,1.12231577132676,0.0234445446348061,0.081447963800905,0.547339945897205,0.181818181818182,ok,0.666223264606014,0.04508566275924197,0.0234445446348061
SIG203,GSE29621,5,5,0.510369702434626,0,0.440217391304348,0.0217902772789793,0.0027051397655545,0.0452488687782806,0.551848512173129,0.902097902097902,ok,0.981507735292596,-0.04147880973850304,0.0027051397655545
SIG204,GSE29621,3,3,0.503155996393147,1,0.483695652173913,0.1322217554988,0.0135256988277728,0.0271493212669683,0.552750225428314,0.977022977022977,ok,0.996331023236853,-0.04959422903516697,0.0135256988277728
SIG205,GSE29621,7,7,0.596934174932372,0,0.630434782608696,0.340909764375738,0.0081154192966636,0.0633484162895928,0.54824165915239,0.198801198801199,ok,0.680453723491698,0.048692515779982015,0.0081154192966636
SIG206,GSE29621,11,11,0.504057709648332,0,0.4375,-0.0635626948979433,-0.0099188458070333,0.0452488687782806,0.54824165915239,0.956043956043956,ok,0.992820349635051,-0.04418394950405802,-0.0099188458070333
SIG207,GSE29621,13,13,0.573489630297565,0,0.60054347826087,0.708007831830788,0.0018034265103696,0.081447963800905,0.549143372407574,0.313686313686314,ok,0.753407228252771,0.024346257889990897,0.0018034265103696
SIG208,GSE29621,7,6,0.545536519386835,1,0.567934782608696,0.117008363699722,-0.0063119927862939,0.0090497737556561,0.551397655545537,0.551448551448551,ok,0.881274753615179,-0.005861136158701985,-0.0063119927862939
SIG209,GSE29621,5,5,0.592425608656447,0,0.608695652173913,0.309872535721393,0.0405770964833183,0.0271493212669683,0.551848512173129,0.217782217782218,ok,0.701886909276659,0.040577096483317976,0.0405770964833183
SIG210,GSE29621,13,13,0.592425608656447,0,0.605978260869565,0.505560234862093,0.0189359783588819,0.0633484162895928,0.549143372407574,0.204795204795205,ok,0.685354249710685,0.04328223624887295,0.0189359783588819
SIG211,GSE29621,4,4,0.559963931469793,0,0.527173913043478,0.502598466428175,-0.0072137060414788,0.0633484162895928,0.54824165915239,0.414585414585415,ok,0.819472924736083,0.01172227231740297,-0.0072137060414788
SIG212,GSE29621,3,3,0.503155996393147,1,0.480978260869565,0.078082105616409,0.0009017132551848,0.0090497737556561,0.552750225428314,0.977022977022977,ok,0.996331023236853,-0.04959422903516697,0.0009017132551848
SIG213,GSE29621,5,5,0.608656447249775,0,0.638586956521739,0.350881488595423,0.024346257889991,0.0452488687782806,0.551848512173129,0.128871128871129,ok,0.607086293497443,0.05680793507664594,0.024346257889991
SIG214,GSE29621,5,5,0.532912533814247,1,0.586956521739131,0.160844809849876,0.0099188458070332,-0.0090497737556561,0.551848512173129,0.676323676323676,ok,0.913912434870519,-0.018935978358882055,0.0099188458070332
SIG215,GSE29621,4,4,0.593327321911632,0,0.581521739130435,0.475453983015308,0.0288548241659152,0.0452488687782806,0.54824165915239,0.184815184815185,ok,0.669893109571394,0.04508566275924197,0.0288548241659152
SIG216,GSE29621,4,4,0.559963931469793,1,0.622282608695652,0.364139882196765,0.0,0.0452488687782806,0.54824165915239,0.414585414585415,ok,0.819472924736083,0.01172227231740297,0.0
SIG217,GSE29621,8,8,0.530207394048692,0,0.546195652173913,0.115630802625297,0.0072137060414788,0.0090497737556561,0.550946798917944,0.704295704295704,ok,0.927625710869744,-0.020739404869251965,0.0072137060414788
SIG218,GSE29621,4,4,0.641118124436429,0,0.567934782608696,1.12297777955318,0.0234445446348061,0.0633484162895928,0.54824165915239,0.037962037962038,ok,0.402546473134708,0.09287646528403903,0.0234445446348061
SIG219,GSE29621,8,7,0.532010820559062,1,0.554347826086957,0.313237394047191,-0.0054102795311091,0.0271493212669683,0.54824165915239,0.652347652347652,ok,0.91369473593953,-0.016230838593327968,-0.0054102795311091
SIG220,GSE29621,7,7,0.573489630297565,0,0.633152173913044,0.376450659652458,0.0216411181244364,0.0452488687782806,0.54824165915239,0.323676323676324,ok,0.762387438345627,0.025247971145174963,0.0216411181244364
SIG221,GSE29621,4,4,0.594229035166817,1,0.603260869565217,0.700080658759268,0.0045085662759242,0.0633484162895928,0.54824165915239,0.17982017982018,ok,0.666223264606014,0.04598737601442704,0.0045085662759242
SIG222,GSE29621,3,3,0.578899909828675,1,0.608695652173913,0.442698816331355,0.0351668169522091,0.0452488687782806,0.552750225428314,0.298701298701299,ok,0.749666614606485,0.02614968440036103,0.0351668169522091
SIG223,GSE29621,4,4,0.521190261496844,1,0.516304347826087,-0.0484379918459384,-0.0072137060414788,0.0633484162895928,0.54824165915239,0.783216783216783,ok,0.950278293135436,-0.027051397655545983,-0.0072137060414788
SIG224,GSE29621,3,3,0.621280432822362,0,0.584239130434783,0.369189524434674,0.0279531109107304,0.0452488687782806,0.552750225428314,0.0929070929070929,ok,0.533377450574903,0.06853020739404803,0.0279531109107304
SIG225,GSE29621,5,5,0.580703336339044,0,0.570652173913044,0.569688153601311,0.0306582506762849,0.0633484162895928,0.551848512173129,0.280719280719281,ok,0.737672434465437,0.028854824165915005,0.0306582506762849
SIG226,GSE29621,5,5,0.532010820559062,1,0.540760869565217,0.134905559143559,0.0009017132551848,0.0090497737556561,0.551848512173129,0.686313686313686,ok,0.918709013758519,-0.01983769161406701,0.0009017132551848
SIG227,GSE29621,8,8,0.579801623083859,0,0.652173913043478,0.737492562415174,0.0027051397655545,0.0633484162895928,0.550946798917944,0.277722277722278,ok,0.736236312706901,0.028854824165915005,0.0027051397655545
SIG228,GSE29621,6,6,0.626690712353472,1,0.551630434782609,0.719069218825095,-0.0054102795311091,0.081447963800905,0.551397655545537,0.0809190809190809,ok,0.499555239281267,0.07529305680793497,-0.0054102795311091
SIG229,GSE29621,4,4,0.527502254283138,1,0.603260869565217,0.122634212385957,0.0108205590622182,0.0090497737556561,0.54824165915239,0.723276723276723,ok,0.929976347950671,-0.020739404869251965,0.0108205590622182
SIG230,GSE29621,16,16,0.596032461677187,0,0.665760869565217,0.753240393670163,0.0504959422903516,0.0633484162895928,0.550946798917944,0.158841158841159,ok,0.648801349707694,0.045085662759243084,0.0504959422903516
SIG231,GSE29621,3,3,0.614066726780884,1,0.576086956521739,0.765787248532396,0.0189359783588819,0.0271493212669683,0.552750225428314,0.11988011988012,ok,0.594285714285714,0.06131650135257005,0.0189359783588819
SIG232,GSE29621,7,7,0.558160504959423,1,0.551630434782609,0.486338131507789,0.0225428313796213,0.0271493212669683,0.54824165915239,0.41958041958042,ok,0.820351015578781,0.009918845807033061,0.0225428313796213
SIG233,GSE29621,10,10,0.589720468890893,0,0.60054347826087,0.789863896569829,0.0324616771866546,0.0995475113122172,0.547339945897205,0.220779220779221,ok,0.706493506493507,0.042380522993688,0.0324616771866546
SIG234,GSE29621,13,12,0.633002705139766,0,0.728260869565217,1.1732376453208,0.0207394048692516,0.0633484162895928,0.550946798917944,0.054945054945055,ok,0.444824636441403,0.08205590622182202,0.0207394048692516
SIG235,GSE29621,6,6,0.686203787195672,1,0.730978260869565,1.45029704255559,0.0378719567177638,0.117647058823529,0.551397655545537,0.0079920079920079,ok,0.218286763741309,0.134806131650135,0.0378719567177638
SIG236,GSE29621,5,5,0.591523895401262,0,0.635869565217391,0.372731763097089,0.0171325518485121,0.0452488687782806,0.551848512173129,0.222777222777223,ok,0.707860881773925,0.03967538322813302,0.0171325518485121
SIG237,GSE29621,6,6,0.542831379621281,0,0.529891304347826,0.108229688105065,0.0126239855725879,0.0452488687782806,0.551397655545537,0.572427572427572,ok,0.88400539027677,-0.008566275924255962,0.0126239855725879
SIG238,GSE29621,6,6,0.500450856627593,0,0.461956521739131,0.0707929321210858,0.0063119927862939,0.0452488687782806,0.551397655545537,1.0,ok,1.0,-0.05094679891794396,0.0063119927862939
SIG239,GSE29621,7,7,0.519386834986474,0,0.554347826086957,0.0687219988991802,0.0036068530207393,0.0271493212669683,0.54824165915239,0.794205794205794,ok,0.953540472830939,-0.028854824165916004,0.0036068530207393
SIG240,GSE29621,6,6,0.527502254283138,0,0.597826086956522,0.0094591220735585,0.0126239855725879,0.0452488687782806,0.551397655545537,0.716283716283716,ok,0.92893581238905,-0.023895401262398974,0.0126239855725879
SIG241,GSE29621,4,4,0.614968440036069,0,0.60054347826087,0.48047971775333,0.0333633904418394,-0.0090497737556561,0.54824165915239,0.0899100899100899,ok,0.525090460295644,0.066726780883679,0.0333633904418394
SIG242,GSE29621,6,6,0.557258791704238,0,0.540760869565217,0.288600944681177,0.0288548241659152,0.0271493212669683,0.551397655545537,0.446553446553447,ok,0.831740081224617,0.005861136158700986,0.0288548241659152
SIG243,GSE29621,8,8,0.502254283137962,0,0.540760869565217,0.158002752541701,0.0063119927862939,0.0452488687782806,0.550946798917944,0.976023976023976,ok,0.996331023236853,-0.048692515779981904,0.0063119927862939
SIG244,GSE29621,13,13,0.573489630297565,0,0.589673913043478,0.959472112183512,0.0099188458070332,0.081447963800905,0.549143372407574,0.313686313686314,ok,0.753407228252771,0.024346257889990897,0.0099188458070332
SIG245,GSE29621,3,3,0.559062218214608,1,0.532608695652174,0.145170971617743,-0.0045085662759242,0.0452488687782806,0.552750225428314,0.44955044955045,ok,0.8337341670675,0.006311992786294018,-0.0045085662759242
SIG246,GSE29621,5,5,0.519386834986474,0,0.489130434782609,0.12258111505624,0.0018034265103696,0.0271493212669683,0.551848512173129,0.809190809190809,ok,0.956170246492827,-0.03246167718665505,0.0018034265103696
SIG247,GSE29621,3,3,0.568981064021641,0,0.486413043478261,0.662664998265903,0.0099188458070332,0.081447963800905,0.552750225428314,0.368631368631369,ok,0.792982673650931,0.01623083859332697,0.0099188458070332
SIG248,GSE29621,5,5,0.542831379621281,0,0.603260869565217,0.341665048985649,0.0441839495040577,0.0452488687782806,0.551848512173129,0.582417582417583,ok,0.884751203852328,-0.009017132551847995,0.0441839495040577
SIG249,GSE29621,4,4,0.504959422903517,0,0.480978260869565,-0.0378322055917531,0.0135256988277728,0.0633484162895928,0.54824165915239,0.958041958041958,ok,0.992820349635051,-0.04328223624887295,0.0135256988277728
SIG250,GSE29621,4,4,0.582506762849414,0,0.695652173913044,0.563065907320335,0.0306582506762849,0.0633484162895928,0.54824165915239,0.251748251748252,ok,0.720346320346321,0.03426510369702407,0.0306582506762849
SIG251,GSE29621,14,13,0.547339945897205,1,0.5625,0.519589230598391,0.0306582506762849,0.0452488687782806,0.549143372407574,0.517482517482518,ok,0.866422741345342,-0.0018034265103690217,0.0306582506762849
SIG252,GSE29621,3,3,0.66366095581605,1,0.682065217391304,0.709246224051486,0.0252479711451757,0.081447963800905,0.552750225428314,0.017982017982018,ok,0.311688311688312,0.11091073038773602,0.0252479711451757
SIG253,GSE29621,3,3,0.699729486023445,0,0.649456521739131,1.74513071432657,0.0559062218214608,0.117647058823529,0.552750225428314,0.003996003996004,ok,0.163715072805982,0.146979260595131,0.0559062218214608
SIG254,GSE29621,3,3,0.541929666366096,0,0.459239130434783,0.139164818947676,0.0162308385933273,0.0090497737556561,0.552750225428314,0.61038961038961,ok,0.895061554497563,-0.010820559062218016,0.0162308385933273
SIG255,GSE29621,3,2,0.591523895401262,1,0.66304347826087,0.446608045665162,0.0270513976555455,0.0452488687782806,0.549143372407574,0.213786213786214,ok,0.693971094931479,0.042380522993688,0.0270513976555455
SIG256,GSE29621,5,5,0.580703336339044,0,0.581521739130435,0.686577472385347,0.0198376916140667,0.0452488687782806,0.551848512173129,0.280719280719281,ok,0.737672434465437,0.028854824165915005,0.0198376916140667
SIG257,GSE29621,4,3,0.678088367899008,0,0.646739130434783,1.03373887932499,0.0153291253381425,0.0633484162895928,0.552750225428314,0.0099900099900099,ok,0.239052982415814,0.12533814247069397,0.0153291253381425
SIG258,GSE29621,6,4,0.554553651938684,1,0.459239130434783,0.632786096289785,-0.0018034265103698,0.0452488687782806,0.54824165915239,0.455544455544456,ok,0.837384233713262,0.006311992786294018,-0.0018034265103698
SIG259,GSE29621,6,5,0.511271415689811,0,0.489130434782609,-0.0063512201866998,0.0009017132551848,0.0633484162895928,0.551848512173129,0.891108891108891,ok,0.979097294416271,-0.040577096483317976,0.0009017132551848
SIG260,GSE29621,5,5,0.652840396753832,0,0.584239130434783,0.902024018366451,0.0513976555455366,0.0995475113122172,0.551848512173129,0.027972027972028,ok,0.369517275177653,0.10099188458070296,0.0513976555455366
SIG261,GSE29621,14,14,0.572587917042381,0,0.584239130434783,1.26789371361962,-0.0045085662759242,0.0633484162895928,0.54643823264202,0.307692307692308,ok,0.753407228252771,0.02614968440036103,-0.0045085662759242
SIG262,GSE29621,6,6,0.550045085662759,1,0.581521739130435,0.392472270388667,-0.0009017132551848,0.0452488687782806,0.551397655545537,0.516483516483517,ok,0.866422741345342,-0.0013525698827779875,-0.0009017132551848
SIG263,GSE29621,4,4,0.533814247069432,1,0.489130434782609,0.288075628863378,-0.0081154192966636,0.0452488687782806,0.54824165915239,0.657342657342657,ok,0.91369473593953,-0.014427412082957947,-0.0081154192966636
SIG264,GSE29621,6,6,0.626690712353472,0,0.573369565217391,0.614286602027648,0.0270513976555455,0.081447963800905,0.551397655545537,0.0809190809190809,ok,0.499555239281267,0.07529305680793497,0.0270513976555455
SIG265,GSE29621,7,7,0.649233543733093,1,0.644021739130435,1.57657272535474,0.0252479711451757,0.0995475113122172,0.54824165915239,0.030969030969031,ok,0.37772397094431,0.10099188458070307,0.0252479711451757
SIG266,GSE29621,5,5,0.633002705139766,0,0.581521739130435,0.728012534188588,0.0405770964833183,0.0633484162895928,0.551848512173129,0.056943056943057,ok,0.45021645021645,0.08115419296663695,0.0405770964833183
SIG267,GSE29621,11,11,0.569882777276826,0,0.5625,0.757933639793693,0.0036068530207393,0.0452488687782806,0.54824165915239,0.334665334665335,ok,0.771470643593406,0.021641118124436032,0.0036068530207393
SIG268,GSE29621,6,6,0.513976555455365,1,0.497282608695652,0.0511890692949759,0.0108205590622182,0.0271493212669683,0.551397655545537,0.854145854145854,ok,0.9671735299876,-0.037421100090171966,0.0108205590622182
SIG269,GSE29621,3,3,0.60775473399459,0,0.554347826086957,0.510687932843191,0.024346257889991,0.0452488687782806,0.552750225428314,0.140859140859141,ok,0.624398552267405,0.055004508566276034,0.024346257889991
SIG270,GSE29621,4,4,0.602344454463481,1,0.543478260869565,0.542447008495307,0.024346257889991,0.0633484162895928,0.54824165915239,0.13986013986014,ok,0.624398552267405,0.05410279531109097,0.024346257889991
SIG271,GSE29621,5,5,0.556357078449053,0,0.684782608695652,0.163417311527148,0.0288548241659152,0.0452488687782806,0.551848512173129,0.464535464535465,ok,0.840885233670805,0.0045085662759239975,0.0288548241659152
SIG272,GSE29621,4,4,0.584310189359784,0,0.570652173913044,0.323348932334149,0.0216411181244364,0.0633484162895928,0.54824165915239,0.242757242757243,ok,0.717394081328508,0.03606853020739398,0.0216411181244364
SIG273,GSE29621,4,4,0.594229035166817,1,0.586956521739131,0.451494408018666,0.0144274120829576,0.0633484162895928,0.54824165915239,0.17982017982018,ok,0.666223264606014,0.04598737601442704,0.0144274120829576
SIG274,GSE29621,8,8,0.563570784490532,1,0.497282608695652,0.334051537643799,0.0090171325518485,0.0271493212669683,0.550946798917944,0.402597402597403,ok,0.817047030639264,0.012623985572588037,0.0090171325518485
SIG275,GSE29621,4,4,0.506762849413886,1,0.415760869565217,-0.0548056061204392,0.0036068530207393,0.0090497737556561,0.54824165915239,0.944055944055944,ok,0.992120976574921,-0.04147880973850393,0.0036068530207393
SIG276,GSE29621,12,12,0.51487826871055,0,0.486413043478261,0.0290657980356884,0.0072137060414788,0.0090497737556561,0.550946798917944,0.852147852147852,ok,0.9671735299876,-0.03606853020739398,0.0072137060414788
SIG277,GSE29621,6,6,0.500450856627593,0,0.483695652173913,-0.0177076122738475,0.0018034265103696,0.0271493212669683,0.551397655545537,1.0,ok,1.0,-0.05094679891794396,0.0018034265103696
SIG278,GSE29621,5,5,0.634806131650135,0,0.692934782608696,1.64691346235577,0.0522993688007213,0.0633484162895928,0.551848512173129,0.054945054945055,ok,0.444824636441403,0.08295761947700597,0.0522993688007213
SIG279,GSE29621,7,7,0.527502254283138,1,0.543478260869565,0.0687810977736868,0.0027051397655545,0.0452488687782806,0.54824165915239,0.699300699300699,ok,0.926385778364283,-0.020739404869251965,0.0027051397655545
SIG280,GSE29621,4,4,0.505861136158702,0,0.478260869565217,-0.174771131229458,0.0009017132551848,0.0090497737556561,0.54824165915239,0.953046953046953,ok,0.99269605587017,-0.042380522993688,0.0009017132551848
SIG281,GSE29621,4,4,0.519386834986474,0,0.565217391304348,0.0063577296173892,0.0162308385933273,0.0090497737556561,0.54824165915239,0.807192807192807,ok,0.955625810266791,-0.028854824165916004,0.0162308385933273
SIG282,GSE29621,16,16,0.580703336339044,0,0.559782608695652,0.60811531898523,0.0009017132551848,0.0452488687782806,0.550946798917944,0.254745254745255,ok,0.724322995616371,0.02975653742110007,0.0009017132551848
SIG283,GSE29621,10,10,0.573489630297565,0,0.565217391304348,0.440183611332449,0.0405770964833183,0.0271493212669683,0.547339945897205,0.298701298701299,ok,0.749666614606485,0.026149684400359918,0.0405770964833183
SIG284,GSE29621,3,3,0.597835888187556,0,0.565217391304348,0.411867477245342,0.0225428313796213,0.0633484162895928,0.552750225428314,0.185814185814186,ok,0.67006240512734,0.04508566275924197,0.0225428313796213
SIG285,GSE29621,9,9,0.532010820559062,0,0.567934782608696,0.276200630598055,0.0324616771866546,0.0633484162895928,0.549143372407574,0.652347652347652,ok,0.91369473593953,-0.017132551848512034,0.0324616771866546
SIG286,GSE29621,5,5,0.541929666366096,0,0.478260869565217,0.363261077018061,-0.0045085662759242,0.0633484162895928,0.551848512173129,0.59040959040959,ok,0.886926406926407,-0.009918845807033061,-0.0045085662759242
SIG287,GSE29621,3,3,0.565374211000902,0,0.578804347826087,0.316406589060047,0.0081154192966636,0.0633484162895928,0.552750225428314,0.395604395604396,ok,0.812235600390498,0.012623985572588037,0.0081154192966636
SIG288,GSE29621,5,5,0.555455365193868,1,0.551630434782609,0.351292215073346,-0.0018034265103698,0.0271493212669683,0.551848512173129,0.46953046953047,ok,0.843594943262717,0.0036068530207389315,-0.0018034265103698
SIG289,GSE29621,17,16,0.54824165915239,1,0.630434782608696,0.584220139083528,0.0009017132551848,0.0452488687782806,0.550946798917944,0.528471528471529,ok,0.872397443826015,-0.0027051397655539766,0.0009017132551848
SIG290,GSE29621,3,3,0.599639314697926,0,0.540760869565217,0.461162102080547,0.0234445446348061,0.0452488687782806,0.552750225428314,0.176823176823177,ok,0.666223264606014,0.046889089269611994,0.0234445446348061
SIG291,GSE29621,3,3,0.549143372407574,0,0.494565217391304,-0.116452350841568,-0.0117222723174031,0.0271493212669683,0.552750225428314,0.545454545454545,ok,0.877399816126764,-0.0036068530207399307,-0.0117222723174031
SIG292,GSE29621,15,14,0.539224526600541,1,0.567934782608696,0.72320578526094,0.0099188458070332,0.0452488687782806,0.54643823264202,0.573426573426573,ok,0.88400539027677,-0.007213706041478973,0.0099188458070332
SIG293,GSE29621,7,6,0.640216411181244,1,0.513586956521739,1.04037254515047,0.0108205590622182,0.0452488687782806,0.551397655545537,0.0539460539460539,ok,0.444824636441403,0.08881875563570696,0.0108205590622182
SIG294,GSE29621,4,4,0.529305680793508,1,0.543478260869565,0.385135706585482,0.0063119927862939,0.0452488687782806,0.54824165915239,0.709290709290709,ok,0.928530902606755,-0.018935978358881944,0.0063119927862939
SIG295,GSE29621,9,7,0.553651938683499,1,0.489130434782609,0.327297311316481,0.0036068530207393,0.0271493212669683,0.54824165915239,0.464535464535465,ok,0.840885233670805,0.0054102795311090635,0.0036068530207393
SIG296,GSE29621,11,11,0.682596934174932,1,0.622282608695652,1.19165535013705,0.0378719567177638,0.0633484162895928,0.54824165915239,0.0089910089910089,ok,0.231539888682746,0.13435527502254196,0.0378719567177638
SIG297,GSE29621,11,11,0.51668169522092,1,0.551630434782609,0.123339481085915,0.0054102795311091,0.0090497737556561,0.54824165915239,0.843156843156843,ok,0.9671735299876,-0.03155996393146998,0.0054102795311091
SIG298,GSE29621,9,9,0.54643823264202,1,0.521739130434783,0.264148814383606,0.0144274120829576,0.0452488687782806,0.549143372407574,0.533466533466534,ok,0.874815257381843,-0.0027051397655540876,0.0144274120829576
SIG300,GSE29621,5,5,0.54643823264202,0,0.608695652173913,0.260237506377044,0.0324616771866546,0.0452488687782806,0.551848512173129,0.548451548451548,ok,0.878042029018939,-0.0054102795311090635,0.0324616771866546
SIG301,GSE29621,7,7,0.583408476104599,1,0.611413043478261,0.492657192540838,0.0306582506762849,0.0090497737556561,0.54824165915239,0.267732267732268,ok,0.733323931744465,0.035166816952209023,0.0306582506762849
SIG302,GSE29621,6,6,0.503155996393147,0,0.489130434782609,-0.0367245224799054,0.0036068530207393,0.0452488687782806,0.551397655545537,0.971028971028971,ok,0.996331023236853,-0.04824165915238998,0.0036068530207393
SIG303,GSE29621,3,3,0.503155996393147,0,0.377717391304348,0.0056148642277385,-0.0054102795311091,-0.0090497737556561,0.552750225428314,0.977022977022977,ok,0.996331023236853,-0.04959422903516697,-0.0054102795311091
SIG304,GSE29621,4,4,0.51307484220018,0,0.516304347826087,0.137120102459344,0.0027051397655545,0.0452488687782806,0.54824165915239,0.874125874125874,ok,0.972423230725814,-0.03516681695221002,0.0027051397655545
SIG305,GSE29621,7,7,0.507664562669071,0,0.524456521739131,-0.117681621549354,0.0018034265103696,0.0452488687782806,0.54824165915239,0.918081918081918,ok,0.981999013644583,-0.040577096483318975,0.0018034265103696
SIG306,GSE29621,11,11,0.527502254283138,1,0.532608695652174,0.0308058386301837,0.0171325518485121,0.0271493212669683,0.54824165915239,0.711288711288711,ok,0.928530902606755,-0.020739404869251965,0.0171325518485121
SIG307,GSE29621,13,13,0.509467989179441,0,0.551630434782609,-0.0104824508676524,0.0171325518485121,0.0090497737556561,0.549143372407574,0.909090909090909,ok,0.981507735292596,-0.03967538322813302,0.0171325518485121
SIG308,GSE29621,5,5,0.57439134355275,0,0.622282608695652,0.307638559999077,0.0027051397655545,0.0633484162895928,0.551848512173129,0.313686313686314,ok,0.753407228252771,0.022542831379620987,0.0027051397655545
SIG309,GSE29621,3,3,0.627592425608657,0,0.671195652173913,0.516023728213247,0.0270513976555455,0.081447963800905,0.552750225428314,0.0739260739260739,ok,0.494792336376495,0.07484220018034304,0.0270513976555455
SIG310,GSE29621,4,4,0.526600541027953,1,0.532608695652174,0.144232708679883,0.0018034265103696,0.0271493212669683,0.54824165915239,0.733266733266733,ok,0.933499645364052,-0.02164111812443703,0.0018034265103696
SIG311,GSE29621,5,4,0.63390441839495,0,0.635869565217391,0.619865450011836,0.0622182146077547,0.081447963800905,0.54824165915239,0.051948051948052,ok,0.441879108545775,0.08566275924256006,0.0622182146077547
SIG312,GSE29621,9,9,0.513976555455365,1,0.47554347826087,0.141154722788973,0.0045085662759242,0.0271493212669683,0.549143372407574,0.844155844155844,ok,0.9671735299876,-0.035166816952209023,0.0045085662759242
SIG313,GSE29621,3,3,0.610459873760144,1,0.581521739130435,0.402946193638435,0.0018034265103696,0.0452488687782806,0.552750225428314,0.132867132867133,ok,0.617307091533896,0.05770964833183001,0.0018034265103696
SIG314,GSE29621,8,7,0.614066726780884,0,0.638586956521739,0.794270418816606,0.0045085662759242,0.081447963800905,0.54824165915239,0.114885114885115,ok,0.580652991867945,0.06582506762849405,0.0045085662759242
SIG315,GSE29621,8,8,0.581605049594229,1,0.633152173913044,0.519020759119174,-0.0081154192966636,0.0452488687782806,0.550946798917944,0.262737262737263,ok,0.733323931744465,0.030658250676285026,-0.0081154192966636
SIG316,GSE29621,10,10,0.598737601442741,0,0.608695652173913,0.702579188120683,0.0234445446348061,0.0452488687782806,0.547339945897205,0.175824175824176,ok,0.666223264606014,0.05139765554553599,0.0234445446348061
SIG317,GSE29621,7,7,0.603246167718666,0,0.638586956521739,0.41631585426818,0.0369702434625788,0.0271493212669683,0.54824165915239,0.161838161838162,ok,0.654126142915381,0.055004508566276034,0.0369702434625788
SIG318,GSE29621,4,4,0.543733092876465,1,0.529891304347826,0.0988606723700321,0.0,0.0271493212669683,0.54824165915239,0.556443556443557,ok,0.881959775277478,-0.004508566275924997,0.0
SIG319,GSE29621,8,8,0.561767357980162,0,0.6875,0.317841354031045,0.0153291253381425,0.0271493212669683,0.550946798917944,0.416583416583417,ok,0.820351015578781,0.010820559062218016,0.0153291253381425
SIG320,GSE29621,8,8,0.584310189359784,0,0.578804347826087,0.435619542886868,0.0216411181244364,0.0452488687782806,0.550946798917944,0.242757242757243,ok,0.717394081328508,0.03336339044184,0.0216411181244364
SIG321,GSE29621,3,3,0.562669071235347,0,0.597826086956522,0.5405811103156,0.0126239855725879,0.0633484162895928,0.552750225428314,0.414585414585415,ok,0.819472924736083,0.009918845807033061,0.0126239855725879
SIG322,GSE29621,7,7,0.512173128944996,1,0.532608695652174,-0.0054797955793182,0.0153291253381425,0.0271493212669683,0.54824165915239,0.873126873126873,ok,0.972423230725814,-0.03606853020739398,0.0153291253381425
SIG323,GSE29621,5,5,0.613165013525699,0,0.60054347826087,1.11370499901311,0.0162308385933273,0.0633484162895928,0.551848512173129,0.10989010989011,ok,0.569239189928845,0.06131650135256994,0.0162308385933273
SIG324,GSE29621,3,3,0.655545536519387,1,0.668478260869565,0.878016280506112,0.0153291253381425,0.0633484162895928,0.552750225428314,0.028971028971029,ok,0.369517275177653,0.10279531109107298,0.0153291253381425
SIG325,GSE29621,3,3,0.608656447249775,0,0.611413043478261,0.453473522512122,0.0063119927862939,0.0271493212669683,0.552750225428314,0.137862137862138,ok,0.623376623376623,0.05590622182146099,0.0063119927862939
SIG326,GSE29621,9,9,0.562669071235347,0,0.529891304347826,0.588753790072086,0.0108205590622182,0.081447963800905,0.549143372407574,0.388611388611389,ok,0.811213177066836,0.013525698827772992,0.0108205590622182
SIG327,GSE29621,3,2,0.653742110009017,0,0.616847826086957,0.752484637719004,0.042380522993688,0.0995475113122172,0.549143372407574,0.028971028971029,ok,0.369517275177653,0.104598737601443,0.042380522993688
SIG328,GSE29621,9,9,0.654643823264202,1,0.660326086956522,0.915371668605464,0.0207394048692516,0.081447963800905,0.549143372407574,0.028971028971029,ok,0.369517275177653,0.10550045085662796,0.0207394048692516
SIG329,GSE29621,5,4,0.599639314697926,0,0.573369565217391,0.345290768380138,0.0135256988277728,0.0271493212669683,0.54824165915239,0.156843156843157,ok,0.648801349707694,0.05139765554553599,0.0135256988277728
SIG330,GSE29621,16,16,0.545536519386835,1,0.551630434782609,-0.0764137782268661,-0.0036068530207394,0.0271493212669683,0.550946798917944,0.555444555444555,ok,0.881959775277478,-0.005410279531108952,-0.0036068530207394
SIG331,GSE29621,4,4,0.560865644724978,0,0.559782608695652,0.512326728609471,0.0216411181244364,0.0633484162895928,0.54824165915239,0.405594405594406,ok,0.817233437203631,0.012623985572588037,0.0216411181244364
SIG332,GSE29621,3,3,0.578899909828675,0,0.576086956521739,0.230319875485021,0.0018034265103696,0.081447963800905,0.552750225428314,0.298701298701299,ok,0.749666614606485,0.02614968440036103,0.0018034265103696
SIG334,GSE29621,4,4,0.57799819657349,0,0.546195652173913,0.473255984096831,0.0369702434625788,0.081447963800905,0.54824165915239,0.26973026973027,ok,0.733323931744465,0.02975653742110007,0.0369702434625788
SIG335,GSE29621,8,7,0.526600541027953,0,0.532608695652174,0.188594327909991,0.0063119927862939,0.0090497737556561,0.54824165915239,0.71028971028971,ok,0.928530902606755,-0.02164111812443703,0.0063119927862939
SIG336,GSE29621,3,3,0.502254283137962,0,0.489130434782609,0.0849623631685738,-0.0045085662759242,0.0452488687782806,0.552750225428314,0.983016983016983,ok,0.996331023236853,-0.050495942290351925,-0.0045085662759242
SIG337,GSE29621,4,4,0.672678088367899,1,0.605978260869565,0.927306729833069,0.0108205590622182,0.0633484162895928,0.54824165915239,0.011988011988012,ok,0.261416003351487,0.12443642921550901,0.0108205590622182
SIG338,GSE29621,3,3,0.547339945897205,0,0.448369565217391,0.130616674071917,0.0009017132551848,0.0090497737556561,0.552750225428314,0.557442557442557,ok,0.882508592110466,-0.005410279531108952,0.0009017132551848
SIG001,GSE38832,4,4,0.537256562235394,0,0.57977207977208,0.0017212414388676,0.0035986452159186,0.0014464802314368,0.543395427603726,0.56943056943057,ok,0.88400539027677,-0.006138865368331969,0.0035986452159186
SIG002,GSE38832,4,4,0.583827265029636,1,0.606837606837607,0.491455940926297,0.0112193056731584,0.0303760848601736,0.543395427603726,0.175824175824176,ok,0.666223264606014,0.040431837425910055,0.0112193056731584
SIG003,GSE38832,13,11,0.543183742591025,1,0.482905982905983,0.570342764336693,0.0061388653683318,0.0110896817743491,0.539373412362405,0.462537462537463,ok,0.840525066331518,0.0038103302286199847,0.0061388653683318
SIG004,GSE38832,9,8,0.508890770533446,1,0.505698005698006,0.118108072121842,0.0078323454699407,0.0110896817743491,0.541490262489416,0.887112887112887,ok,0.976691061381615,-0.032599491955970006,0.0078323454699407
SIG005,GSE38832,6,6,0.516934801016088,0,0.562678062678063,0.471601497814988,0.0010584250635055,0.0207328833172613,0.542760372565622,0.783216783216783,ok,0.950278293135436,-0.02582557154953402,0.0010584250635055
SIG006,GSE38832,8,8,0.535139712108383,1,0.623931623931624,0.480757887254753,0.0095258255715495,0.0207328833172613,0.541490262489416,0.577422577422578,ok,0.884172261147431,-0.006350550381033049,0.0095258255715495
SIG007,GSE38832,15,15,0.587214225232854,1,0.565527065527066,0.646868642416902,-0.0057154953429297,0.0303760848601736,0.539796782387807,0.124875124875125,ok,0.602968460111317,0.04741744284504701,-0.0057154953429297
SIG009,GSE38832,6,6,0.536409822184589,0,0.415954415954416,-0.0542001988610413,0.0175698560541914,0.0207328833172613,0.542760372565622,0.571428571428571,ok,0.88400539027677,-0.006350550381033049,0.0175698560541914
SIG010,GSE38832,6,6,0.531752751905165,1,0.33048433048433,0.303144703654373,0.0082557154953428,0.0207328833172613,0.542760372565622,0.623376623376623,ok,0.898992207792208,-0.011007620660457018,0.0082557154953428
SIG011,GSE38832,3,3,0.603302286198137,1,0.481481481481482,0.558507864544156,0.0006350550381033,0.0496624879459981,0.542548687552921,0.0669330669330669,ok,0.47503153014964,0.06075359864521601,0.0006350550381033
SIG012,GSE38832,3,3,0.510584250635055,0,0.364672364672365,0.143115607450147,-0.0040220152413208,0.0303760848601736,0.542548687552921,0.874125874125874,ok,0.972423230725814,-0.03196443691786599,-0.0040220152413208
SIG013,GSE38832,9,9,0.593564775613887,0,0.447293447293447,0.701471159821357,0.0162997459779848,0.0496624879459981,0.541913632514818,0.0889110889110889,ok,0.523781229663583,0.05165114309906904,0.0162997459779848
SIG014,GSE38832,15,15,0.500846740050804,1,0.47008547008547,0.030559906870611,0.0099491955969517,0.0303760848601736,0.539796782387807,0.992007992007992,ok,0.999400003870943,-0.038950042337003055,0.0099491955969517
SIG015,GSE38832,3,3,0.519051651143099,1,0.316239316239316,0.0792442195409963,0.0002116850127011,0.0207328833172613,0.542548687552921,0.765234765234765,ok,0.943056943056943,-0.023497036409821925,0.0002116850127011
SIG016,GSE38832,57,50,0.572819644369179,1,0.467236467236467,1.01929758484405,0.0044453852667231,0.0207328833172613,0.5385266723116,0.147852147852148,ok,0.635599694423224,0.034292972057578974,0.0044453852667231
SIG018,GSE38832,9,9,0.701524132091448,0,0.733618233618234,1.57766283524532,0.0298475867908552,0.0496624879459981,0.541913632514818,0.0009990009990009,ok,0.0771799628942486,0.1596104995766301,0.0298475867908552
SIG019,GSE38832,12,12,0.541066892464014,1,0.363247863247863,0.263232214989972,0.0048687552921253,0.0207328833172613,0.539373412362405,0.484515484515485,ok,0.856082349277424,0.0016934801016089684,0.0048687552921253
SIG020,GSE38832,5,3,0.516934801016088,0,0.398860398860399,0.115667818323358,-0.000211685012701,0.0207328833172613,0.542548687552921,0.793206793206793,ok,0.953258297258297,-0.02561388653683294,-0.000211685012701
SIG021,GSE38832,10,8,0.537256562235394,0,0.527065527065527,0.269178712784917,0.0095258255715495,0.0207328833172613,0.541490262489416,0.546453546453547,ok,0.877962204165413,-0.0042337002540220325,0.0095258255715495
SIG022,GSE38832,4,4,0.508044030482642,1,0.52991452991453,0.0453823483506423,-0.0035986452159186,0.0207328833172613,0.543395427603726,0.91008991008991,ok,0.981507735292596,-0.03535139712108393,-0.0035986452159186
SIG023,GSE38832,9,9,0.589754445385267,0,0.396011396011396,0.8127297993727,0.0116426756985606,0.0207328833172613,0.541913632514818,0.108891108891109,ok,0.567324775417261,0.047840812870449057,0.0116426756985606
SIG024,GSE38832,7,6,0.528365791701948,1,0.417378917378917,0.0210736890547113,0.0044453852667231,0.0400192864030858,0.542760372565622,0.662337662337662,ok,0.91369473593953,-0.014394580863674067,0.0044453852667231
SIG025,GSE38832,13,11,0.588060965283658,0,0.50997150997151,0.662712034797362,0.0082557154953428,0.0593056894889103,0.539373412362405,0.10989010989011,ok,0.569239189928845,0.04868755292125304,0.0082557154953428
SIG026,GSE38832,31,29,0.612193056731583,0,0.515669515669516,1.36733422894143,0.018839966130398,0.0400192864030858,0.539161727349704,0.026973026973027,ok,0.366507863995301,0.07303132938187895,0.018839966130398
SIG027,GSE38832,4,4,0.571549534292972,1,0.776353276353276,0.296303939630331,0.0023285351397122,0.0014464802314368,0.543395427603726,0.246753246753247,ok,0.720346320346321,0.028154106689246006,0.0023285351397122
SIG028,GSE38832,4,4,0.576206604572396,0,0.591168091168091,0.287894314377496,0.0099491955969517,0.0110896817743491,0.543395427603726,0.222777222777223,ok,0.707860881773925,0.032811176968670086,0.0099491955969517
SIG029,GSE38832,5,4,0.527095681625741,0,0.356125356125356,0.228705736181909,0.0086790855207451,0.0110896817743491,0.543395427603726,0.686313686313686,ok,0.918709013758519,-0.016299745977984892,0.0086790855207451
SIG030,GSE38832,7,7,0.585944115156647,0,0.34045584045584,0.451188978624502,0.0116426756985606,0.0207328833172613,0.539796782387807,0.150849150849151,ok,0.640339252584151,0.04614733276883998,0.0116426756985606
SIG031,GSE38832,4,4,0.53259949195597,0,0.517094017094017,0.319624008851967,0.0091024555461474,0.0207328833172613,0.543395427603726,0.62037962037962,ok,0.898985259113877,-0.010795935647755939,0.0091024555461474
SIG032,GSE38832,10,10,0.500423370025402,1,0.428774928774929,0.0742623920643822,0.0006350550381033,0.0110896817743491,0.541490262489416,0.998001998001998,ok,1.0,-0.04106689246401396,0.0006350550381033
SIG033,GSE38832,10,9,0.585520745131245,0,0.465811965811966,0.859491623607068,0.0091024555461474,0.0400192864030858,0.541913632514818,0.127872127872128,ok,0.607086293497443,0.043607112616427024,0.0091024555461474
SIG034,GSE38832,14,14,0.54233700254022,0,0.423076923076923,0.330568402347122,0.0052921253175275,0.0303760848601736,0.540643522438611,0.486513486513487,ok,0.856082349277424,0.0016934801016089684,0.0052921253175275
SIG035,GSE38832,3,2,0.539373412362405,1,0.434472934472934,0.158209836050623,-0.0069856054191362,0.0400192864030858,0.540643522438611,0.517482517482518,ok,0.866422741345342,-0.0012701100762060324,-0.0069856054191362
SIG036,GSE38832,13,12,0.505080440304826,0,0.358974358974359,0.252609055594571,0.0179932260795936,0.0400192864030858,0.539373412362405,0.926073926073926,ok,0.983446526012238,-0.034292972057578974,0.0179932260795936
SIG037,GSE38832,14,13,0.547840812870449,0,0.574074074074074,0.341373659350312,0.0082557154953428,0.0400192864030858,0.541066892464014,0.417582417582418,ok,0.820351015578781,0.006773920406434986,0.0082557154953428
SIG038,GSE38832,3,3,0.588060965283658,1,0.518518518518519,0.530878679470034,0.0035986452159186,0.0496624879459981,0.542548687552921,0.133866133866134,ok,0.619818537626757,0.04551227773073707,0.0035986452159186
SIG039,GSE38832,14,14,0.525825571549534,1,0.592592592592593,0.154098607731364,-0.000211685012701,-0.0081967213114754,0.540643522438611,0.676323676323676,ok,0.913912434870519,-0.014817950889077003,-0.000211685012701
SIG040,GSE38832,15,13,0.577053344623201,1,0.60968660968661,0.399283179366241,0.0302709568162574,-0.0081967213114754,0.541066892464014,0.182817182817183,ok,0.666223264606014,0.035986452159187055,0.0302709568162574
SIG041,GSE38832,10,10,0.638018628281118,0,0.49002849002849,1.06746604695263,0.0150296359017782,0.0303760848601736,0.541490262489416,0.0099900099900099,ok,0.239052982415814,0.09652836579170199,0.0150296359017782
SIG042,GSE38832,8,7,0.580016934801016,1,0.554131054131054,0.281699790762056,0.0129127857747672,0.0207328833172613,0.539796782387807,0.174825174825175,ok,0.666223264606014,0.040220152413208976,0.0129127857747672
SIG043,GSE38832,14,14,0.506350550381033,0,0.407407407407407,0.054741379826845,0.0027519051651143,0.0207328833172613,0.540643522438611,0.915084915084915,ok,0.981900639043496,-0.034292972057577975,0.0027519051651143
SIG044,GSE38832,3,3,0.570702794242168,0,0.501424501424502,0.509157544742477,0.0112193056731584,0.0400192864030858,0.542548687552921,0.257742257742258,ok,0.727489629368544,0.028154106689247005,0.0112193056731584
SIG045,GSE38832,6,6,0.578323454699407,0,0.538461538461538,0.848192737162035,0.0061388653683318,0.0496624879459981,0.542760372565622,0.190809190809191,ok,0.67006240512734,0.03556308213378501,0.0061388653683318
SIG046,GSE38832,5,4,0.594411515664691,1,0.581196581196581,0.514283737402368,0.0184165961049958,0.0014464802314368,0.543395427603726,0.128871128871129,ok,0.607086293497443,0.051016088060965026,0.0184165961049958
SIG047,GSE38832,4,4,0.544030482641829,0,0.353276353276353,0.174702668916066,0.0057154953429297,0.0496624879459981,0.543395427603726,0.492507492507493,ok,0.857059446654822,0.0006350550381030162,0.0057154953429297
SIG048,GSE38832,11,11,0.524555461473328,1,0.495726495726496,0.101665935568278,0.0162997459779848,0.0110896817743491,0.539373412362405,0.691308691308691,ok,0.921744921744922,-0.014817950889077003,0.0162997459779848
SIG049,GSE38832,14,14,0.533869602032176,0,0.534188034188034,0.793506761037407,0.0031752751905165,0.0207328833172613,0.540643522438611,0.577422577422578,ok,0.884172261147431,-0.006773920406434986,0.0031752751905165
SIG050,GSE38832,6,5,0.549534292972058,0,0.532763532763533,0.424831964130179,-0.000211685012701,0.0110896817743491,0.540643522438611,0.417582417582418,ok,0.820351015578781,0.008890770533447001,-0.000211685012701
SIG051,GSE38832,7,7,0.565198983911939,1,0.648148148148148,0.35315898358339,0.0069856054191364,0.0014464802314368,0.539796782387807,0.276723276723277,ok,0.735751956990895,0.025402201524131973,0.0069856054191364
SIG052,GSE38832,20,19,0.541066892464014,1,0.532763532763533,0.796481707426132,0.0044453852667231,0.0593056894889103,0.540220152413209,0.492507492507493,ok,0.857059446654822,0.0008467400508049838,0.0044453852667231
SIG053,GSE38832,11,9,0.541913632514818,1,0.50997150997151,0.690356722551609,-0.0010584250635055,0.0303760848601736,0.541913632514818,0.503496503496504,ok,0.86258534439212,0.0,-0.0010584250635055
SIG054,GSE38832,46,45,0.512701100762066,0,0.396011396011396,0.277899156910542,0.0074089754445385,0.0110896817743491,0.539161727349704,0.826173826173826,ok,0.962919838781908,-0.026460626587638036,0.0074089754445385
SIG055,GSE38832,21,20,0.570702794242168,1,0.66951566951567,1.41980079031057,0.0052921253175275,0.0110896817743491,0.539796782387807,0.208791208791209,ok,0.688501742160279,0.030906011854360926,0.0052921253175275
SIG056,GSE38832,7,6,0.518628281117697,0,0.415954415954416,-0.192513337244766,0.0222269263336157,0.0014464802314368,0.542760372565622,0.762237762237762,ok,0.942859519254761,-0.024132091447925053,0.0222269263336157
SIG057,GSE38832,8,8,0.530482641828959,0,0.505698005698006,0.522385416098063,0.0086790855207451,0.0496624879459981,0.541490262489416,0.645354645354645,ok,0.911705925790433,-0.011007620660457018,0.0086790855207451
SIG058,GSE38832,24,22,0.546570702794242,1,0.547008547008547,0.223780086287894,-0.0027519051651143,0.0207328833172613,0.539796782387807,0.431568431568432,ok,0.826032724337809,0.006773920406434986,-0.0027519051651143
SIG059,GSE38832,14,13,0.502540220152413,1,0.505698005698006,0.0030994742949617,0.0082557154953428,0.0303760848601736,0.541066892464014,0.977022977022977,ok,0.996331023236853,-0.03852667231160101,0.0082557154953428
SIG060,GSE38832,7,6,0.500846740050804,0,0.401709401709402,-0.0589701564722692,0.0019051651143099,0.0303760848601736,0.542760372565622,0.993006993006993,ok,0.999661544709944,-0.041913632514818056,0.0019051651143099
SIG062,GSE38832,43,42,0.509314140558848,0,0.46011396011396,0.238143653467073,-0.0010584250635055,0.0303760848601736,0.537679932260796,0.882117882117882,ok,0.974763691559768,-0.028365791701947973,-0.0010584250635055
SIG063,GSE38832,19,19,0.588907705334462,0,0.437321937321937,1.18430572026254,0.0162997459779848,0.0400192864030858,0.540220152413209,0.101898101898102,ok,0.545608846598946,0.04868755292125304,0.0162997459779848
SIG064,GSE38832,3,3,0.610499576629975,0,0.6994301994302,0.514345048178267,0.0129127857747672,0.0110896817743491,0.542548687552921,0.0539460539460539,ok,0.444824636441403,0.06795088907705404,0.0129127857747672
SIG065,GSE38832,5,5,0.506773920406435,1,0.49002849002849,-0.0114334115447029,0.0146062658763759,0.0014464802314368,0.540643522438611,0.922077922077922,ok,0.983161948461633,-0.03386960203217604,0.0146062658763759
SIG066,GSE38832,11,11,0.526672311600339,0,0.515669515669516,0.173717777359541,0.0086790855207451,0.0303760848601736,0.539373412362405,0.665334665334665,ok,0.91369473593953,-0.012701100762065987,0.0086790855207451
SIG067,GSE38832,5,5,0.520321761219306,1,0.545584045584046,0.100137399987037,0.0061388653683318,0.0303760848601736,0.540643522438611,0.747252747252747,ok,0.937185263715876,-0.020321761219305068,0.0061388653683318
SIG068,GSE38832,5,5,0.551227773073666,0,0.457264957264957,0.440319519211718,0.0044453852667231,0.0400192864030858,0.540643522438611,0.406593406593407,ok,0.817419012214551,0.01058425063505497,0.0044453852667231
SIG069,GSE38832,7,7,0.559271803556308,0,0.331908831908832,0.423146987542788,0.0116426756985606,0.0207328833172613,0.539796782387807,0.312687312687313,ok,0.753407228252771,0.019475021168500972,0.0116426756985606
SIG070,GSE38832,3,3,0.512701100762066,0,0.435897435897436,-0.0011862568947478,0.0074089754445385,0.0207328833172613,0.542548687552921,0.847152847152847,ok,0.9671735299876,-0.029847586790854974,0.0074089754445385
SIG071,GSE38832,13,13,0.643099068585944,1,0.612535612535613,1.29960274960319,0.0065622353937341,0.0400192864030858,0.541066892464014,0.012987012987013,ok,0.266036993309721,0.10203217612193005,0.0065622353937341
SIG072,GSE38832,15,14,0.544030482641829,0,0.313390313390313,0.478684537643207,0.0074089754445385,-0.0081967213114754,0.540643522438611,0.475524475524476,ok,0.84928545694728,0.003386960203217937,0.0074089754445385
SIG073,GSE38832,16,16,0.659187129551228,0,0.702279202279202,1.94726822549063,0.0192633361558001,0.0303760848601736,0.537468247248095,0.001998001998002,ok,0.108051948051948,0.12171888230313299,0.0192633361558001
SIG074,GSE38832,11,11,0.579170194750212,1,0.586894586894587,0.798875864689969,-0.0035986452159186,0.0496624879459981,0.539373412362405,0.162837162837163,ok,0.656315536315536,0.03979678238780704,-0.0035986452159186
SIG075,GSE38832,14,13,0.52878916172735,0,0.548433048433048,-0.0438823329213462,0.0112193056731584,0.0207328833172613,0.541066892464014,0.659340659340659,ok,0.91369473593953,-0.012277730736663939,0.0112193056731584
SIG076,GSE38832,9,8,0.518628281117697,1,0.484330484330484,0.0802244224834033,0.0027519051651143,0.0110896817743491,0.541490262489416,0.79020979020979,ok,0.95134785072452,-0.02286198137171902,0.0027519051651143
SIG077,GSE38832,7,7,0.562235393734124,0,0.521367521367521,0.417646449261311,-0.0014817950889076,-0.0081967213114754,0.539796782387807,0.295704295704296,ok,0.749099639855942,0.022438611346316972,-0.0014817950889076
SIG078,GSE38832,6,5,0.621930567315834,1,0.648148148148148,0.867004293994935,0.0044453852667231,0.0400192864030858,0.540643522438611,0.028971028971029,ok,0.369517275177653,0.08128704487722294,0.0044453852667231
SIG079,GSE38832,5,5,0.570279424216766,0,0.537037037037037,0.497721371321919,0.0019051651143099,0.0207328833172613,0.540643522438611,0.247752247752248,ok,0.720346320346321,0.029635901778155005,0.0019051651143099
SIG080,GSE38832,8,8,0.515664690939881,1,0.46011396011396,-0.431523045277178,-0.0069856054191362,0.0207328833172613,0.541490262489416,0.819180819180819,ok,0.95890256929218,-0.02582557154953502,-0.0069856054191362
SIG081,GSE38832,5,5,0.68077900084674,0,0.675213675213675,1.2496714500102,0.0184165961049958,0.0593056894889103,0.540643522438611,0.003996003996004,ok,0.163715072805982,0.140135478408129,0.0184165961049958
SIG082,GSE38832,6,6,0.623200677392041,0,0.608262108262108,0.700151688305006,0.0141828958509738,0.0400192864030858,0.542760372565622,0.038961038961039,ok,0.406759263902121,0.08044030482641895,0.0141828958509738
SIG083,GSE38832,17,16,0.516934801016088,1,0.46011396011396,0.0965684337000969,0.0044453852667231,0.0207328833172613,0.537468247248095,0.754245754245754,ok,0.939312410143829,-0.020533446232007035,0.0044453852667231
SIG084,GSE38832,15,15,0.586790855207451,0,0.618233618233618,0.570438264324049,0.0069856054191364,0.0207328833172613,0.539796782387807,0.128871128871129,ok,0.607086293497443,0.04699407281964396,0.0069856054191364
SIG085,GSE38832,7,7,0.555461473327688,0,0.411680911680912,0.310439131358836,0.0116426756985606,0.0207328833172613,0.539796782387807,0.344655344655345,ok,0.78052600665666,0.015664690939880987,0.0116426756985606
SIG086,GSE38832,5,5,0.536409822184589,1,0.715099715099715,0.154153155456016,0.0065622353937341,0.0014464802314368,0.540643522438611,0.562437562437563,ok,0.88400539027677,-0.0042337002540220325,0.0065622353937341
SIG087,GSE38832,5,5,0.525402201524132,0,0.58974358974359,0.113373910751954,0.0103725656223539,0.0207328833172613,0.540643522438611,0.691308691308691,ok,0.921744921744922,-0.01524132091447905,0.0103725656223539
SIG088,GSE38832,6,6,0.534716342082981,0,0.547008547008547,0.198631607611882,0.0116426756985606,0.0110896817743491,0.542760372565622,0.58941058941059,ok,0.886903858523224,-0.008044030482641018,0.0116426756985606
SIG089,GSE38832,5,5,0.619390347163421,0,0.638176638176638,0.891326055966317,0.0133361558001694,0.0303760848601736,0.540643522438611,0.036963036963037,ok,0.399792207792208,0.07874682472480998,0.0133361558001694
SIG090,GSE38832,4,4,0.508044030482642,1,0.428774928774929,0.0288857660478946,0.0146062658763759,0.0014464802314368,0.543395427603726,0.91008991008991,ok,0.981507735292596,-0.03535139712108393,0.0146062658763759
SIG091,GSE38832,7,7,0.534292972057578,1,0.653846153846154,0.154129919783245,-0.0006350550381033,-0.0081967213114754,0.539796782387807,0.565434565434565,ok,0.88400539027677,-0.005503810330229064,-0.0006350550381033
SIG093,GSE38832,9,9,0.52878916172735,0,0.497150997150997,0.158868945173065,0.0201100762066047,0.0303760848601736,0.541913632514818,0.671328671328671,ok,0.913912434870519,-0.013124470787467923,0.0201100762066047
SIG094,GSE38832,3,3,0.555038103302286,1,0.478632478632479,0.204007941726464,0.0002116850127011,0.0303760848601736,0.542548687552921,0.378621378621379,ok,0.799837662337662,0.012489415749365018,0.0002116850127011
SIG095,GSE38832,18,16,0.599491955969517,0,0.561253561253561,0.965206940989945,0.0196867061812024,0.0207328833172613,0.537468247248095,0.0699300699300699,ok,0.481147351376359,0.06202370872142193,0.0196867061812024
SIG096,GSE38832,11,11,0.530906011854361,1,0.454415954415954,0.333989592478487,0.0044453852667231,0.0110896817743491,0.539373412362405,0.607392607392607,ok,0.894060756880572,-0.008467400508043954,0.0044453852667231
SIG097,GSE38832,14,14,0.554614733276884,1,0.47008547008547,0.636308821267834,0.0010584250635055,0.0207328833172613,0.540643522438611,0.366633366633367,ok,0.792982673650931,0.013971210838273018,0.0010584250635055
SIG098,GSE38832,5,5,0.571972904318374,1,0.55982905982906,0.35374901300726,0.0137595258255716,0.0400192864030858,0.540643522438611,0.231768231768232,ok,0.712800223559001,0.031329381879762974,0.0137595258255716
SIG099,GSE38832,11,11,0.597798475867909,0,0.608262108262108,0.47804939677801,0.0243437764606267,0.0303760848601736,0.539373412362405,0.0759240759240759,ok,0.495767761650115,0.05842506350550403,0.0243437764606267
SIG101,GSE38832,10,8,0.502540220152413,1,0.448717948717949,0.0129489204684369,0.0103725656223539,0.0110896817743491,0.541490262489416,0.973026973026973,ok,0.996331023236853,-0.038950042337003055,0.0103725656223539
SIG102,GSE38832,4,4,0.519051651143099,0,0.561253561253561,0.205535737582955,0.0031752751905165,0.0207328833172613,0.543395427603726,0.783216783216783,ok,0.950278293135436,-0.02434377646062691,0.0031752751905165
SIG107,GSE38832,15,13,0.57493649449619,1,0.605413105413105,0.825984703296979,0.0158763759525826,0.0110896817743491,0.541066892464014,0.18981018981019,ok,0.67006240512734,0.03386960203217604,0.0158763759525826
SIG108,GSE38832,15,13,0.526672311600339,1,0.713675213675214,0.577317408261459,0.0023285351397122,0.0014464802314368,0.541066892464014,0.686313686313686,ok,0.918709013758519,-0.014394580863674955,0.0023285351397122
SIG109,GSE38832,7,7,0.61727349703641,1,0.595441595441596,0.835924378055759,-0.0044453852667231,0.0303760848601736,0.539796782387807,0.046953046953047,ok,0.427478245660064,0.07747671464860295,-0.0044453852667231
SIG110,GSE38832,9,9,0.548264182895851,1,0.710826210826211,0.351397274611053,0.0065622353937341,0.0400192864030858,0.541913632514818,0.430569430569431,ok,0.826032724337809,0.006350550381033049,0.0065622353937341
SIG111,GSE38832,13,12,0.546994072819644,0,0.397435897435897,0.361079589314061,0.0175698560541914,0.0207328833172613,0.539373412362405,0.417582417582418,ok,0.820351015578781,0.00762066045723897,0.0175698560541914
SIG112,GSE38832,4,4,0.50381033022862,0,0.615384615384615,0.0153925155201287,0.018839966130398,0.0110896817743491,0.543395427603726,0.952047952047952,ok,0.99269605587017,-0.03958509737510596,0.018839966130398
SIG113,GSE38832,10,10,0.620660457239628,0,0.60968660968661,1.59713406045985,0.0141828958509738,0.0689488910318226,0.541490262489416,0.025974025974026,ok,0.363905524527286,0.07917019475021203,0.0141828958509738
SIG114,GSE38832,20,18,0.616850127011008,0,0.495726495726496,1.05275104629677,0.0162997459779848,0.0303760848601736,0.5385266723116,0.032967032967033,ok,0.37772397094431,0.07832345469940805,0.0162997459779848
SIG115,GSE38832,4,4,0.50381033022862,1,0.527065527065527,-0.0136564176855907,0.0120660457239627,-0.0081967213114754,0.543395427603726,0.952047952047952,ok,0.99269605587017,-0.03958509737510596,0.0120660457239627
SIG116,GSE38832,5,5,0.52116850127011,0,0.611111111111111,0.127559490986066,0.0074089754445385,0.0207328833172613,0.540643522438611,0.736263736263736,ok,0.935016271784422,-0.019475021168500972,0.0074089754445385
SIG117,GSE38832,4,4,0.575359864521592,0,0.491452991452991,0.462116988246068,0.0226502963590178,0.0110896817743491,0.543395427603726,0.225774225774226,ok,0.712361151100941,0.0319644369178661,0.0226502963590178
SIG118,GSE38832,15,14,0.68839966130398,1,0.710826210826211,1.38921033882595,0.0099491955969517,0.0689488910318226,0.540643522438611,0.001998001998002,ok,0.108051948051948,0.14775613886536898,0.0099491955969517
SIG119,GSE38832,10,10,0.56731583403895,0,0.472934472934473,0.374729072033782,0.0222269263336157,0.0496624879459981,0.541490262489416,0.254745254745255,ok,0.724322995616371,0.02582557154953402,0.0222269263336157
SIG120,GSE38832,4,3,0.543607112616427,0,0.378917378917379,0.0844922520330829,0.0023285351397122,0.0207328833172613,0.542548687552921,0.485514485514486,ok,0.856082349277424,0.0010584250635060632,0.0023285351397122
SIG121,GSE38832,6,6,0.61346316680779,1,0.584045584045584,0.673093458267465,0.020956816257409,0.0400192864030858,0.542760372565622,0.0619380619380619,ok,0.460111317254174,0.07070279424216797,0.020956816257409
SIG122,GSE38832,8,8,0.548687552921253,0,0.418803418803419,0.508670407584483,0.0086790855207451,0.0400192864030858,0.541490262489416,0.420579420579421,ok,0.820868786386028,0.007197290431837033,0.0086790855207451
SIG124,GSE38832,4,4,0.63082133784928,0,0.623931623931624,0.585314513207911,0.0218035563082134,0.0110896817743491,0.543395427603726,0.032967032967033,ok,0.37772397094431,0.08742591024555402,0.0218035563082134
SIG125,GSE38832,4,4,0.503386960203218,0,0.598290598290598,-0.140381807624336,0.0035986452159186,0.0207328833172613,0.543395427603726,0.959040959040959,ok,0.992820349635051,-0.0400084674005079,0.0035986452159186
SIG126,GSE38832,4,4,0.507197290431837,1,0.535612535612536,0.252721145984396,-0.0031752751905165,0.0207328833172613,0.543395427603726,0.918081918081918,ok,0.981999013644583,-0.03619813717188891,-0.0031752751905165
SIG127,GSE38832,6,6,0.511854360711262,1,0.415954415954416,0.0349353710349635,0.0035986452159186,0.0303760848601736,0.542760372565622,0.847152847152847,ok,0.9671735299876,-0.030906011854360038,0.0035986452159186
SIG128,GSE38832,11,11,0.544030482641829,1,0.521367521367521,0.315706756792215,0.0044453852667231,0.0303760848601736,0.539373412362405,0.453546453546454,ok,0.835415265932977,0.004657070279423969,0.0044453852667231
SIG129,GSE38832,9,9,0.539796782387807,1,0.660968660968661,0.206262356491516,0.0078323454699407,0.0110896817743491,0.541913632514818,0.528471528471529,ok,0.872397443826015,-0.0021168501270109052,0.0078323454699407
SIG130,GSE38832,9,9,0.511854360711262,1,0.354700854700855,-0.0622976972671211,0.0044453852667231,0.0303760848601736,0.541913632514818,0.859140859140859,ok,0.96836885498828,-0.030059271803555943,0.0044453852667231
SIG132,GSE38832,5,5,0.508467400508044,0,0.542735042735043,0.204045336889708,0.0031752751905165,0.0303760848601736,0.540643522438611,0.901098901098901,ok,0.981507735292596,-0.03217612193056707,0.0031752751905165
SIG133,GSE38832,5,5,0.56731583403895,0,0.494301994301994,0.502537733874771,0.0205334462320068,0.0207328833172613,0.540643522438611,0.271728271728272,ok,0.733323931744465,0.026672311600339005,0.0205334462320068
SIG134,GSE38832,8,8,0.534292972057578,1,0.391737891737892,0.334106854246948,0.0035986452159186,0.0014464802314368,0.541490262489416,0.587412587412587,ok,0.886903858523224,-0.007197290431838033,0.0035986452159186
SIG135,GSE38832,3,3,0.538103302286198,1,0.528490028490029,0.239342286018502,-0.0010584250635055,0.0110896817743491,0.542548687552921,0.55044955044955,ok,0.880198453232161,-0.004445385266723001,-0.0010584250635055
SIG136,GSE38832,9,9,0.567739204064352,0,0.535612535612536,0.588951583371891,-0.000211685012701,-0.0081967213114754,0.541913632514818,0.237762237762238,ok,0.716548712109201,0.02582557154953402,-0.000211685012701
SIG138,GSE38832,5,5,0.560118543607113,1,0.552706552706553,0.162355499555356,0.0306943268416596,0.0207328833172613,0.540643522438611,0.314685314685315,ok,0.753407228252771,0.01947502116850197,0.0306943268416596
SIG139,GSE38832,4,4,0.581710414902625,0,0.485754985754986,0.615973559295342,0.0035986452159186,0.0400192864030858,0.543395427603726,0.184815184815185,ok,0.669893109571394,0.03831498729889904,0.0035986452159186
SIG140,GSE38832,6,6,0.522015241320915,0,0.532763532763533,0.346908293062983,-0.0095258255715495,0.0110896817743491,0.542760372565622,0.726273726273726,ok,0.931614874688879,-0.020745131244707005,-0.0095258255715495
SIG141,GSE38832,7,7,0.61727349703641,0,0.458689458689459,1.14811040484528,0.0129127857747672,0.0207328833172613,0.539796782387807,0.046953046953047,ok,0.427478245660064,0.07747671464860295,0.0129127857747672
SIG142,GSE38832,12,12,0.590177815410669,1,0.622507122507123,0.725532229498066,0.0057154953429297,0.0303760848601736,0.539373412362405,0.106893106893107,ok,0.559069557135321,0.05080440304826406,0.0057154953429297
SIG143,GSE38832,6,6,0.673581710414903,1,0.638176638176638,1.66582687197938,0.0133361558001694,0.0400192864030858,0.542760372565622,0.0009990009990009,ok,0.0771799628942486,0.13082133784928096,0.0133361558001694
SIG144,GSE38832,3,3,0.600338696020322,0,0.527065527065527,0.546290736357337,0.0095258255715495,0.0496624879459981,0.542548687552921,0.0779220779220779,ok,0.495767761650115,0.05779000846740101,0.0095258255715495
SIG145,GSE38832,12,12,0.540643522438611,1,0.457264957264957,0.311201045444189,0.0031752751905165,0.0207328833172613,0.539373412362405,0.487512487512488,ok,0.856082349277424,0.0012701100762060324,0.0031752751905165
SIG146,GSE38832,3,3,0.571549534292972,0,0.505698005698006,0.627918641318083,-0.0010584250635055,0.0207328833172613,0.542548687552921,0.250749250749251,ok,0.720346320346321,0.02900084674005099,-0.0010584250635055
SIG147,GSE38832,3,3,0.507197290431837,1,0.625356125356125,0.0551638997013185,0.0014817950889076,0.0207328833172613,0.542548687552921,0.918081918081918,ok,0.981999013644583,-0.03535139712108393,0.0014817950889076
SIG148,GSE38832,8,6,0.654953429297206,0,0.594017094017094,1.0143672473561,0.0179932260795936,0.0593056894889103,0.542760372565622,0.0069930069930069,ok,0.205533596837945,0.11219305673158397,0.0179932260795936
SIG149,GSE38832,8,8,0.610076206604572,0,0.556980056980057,0.877695760795319,0.0264606265876376,0.0400192864030858,0.541490262489416,0.0579420579420579,ok,0.45021645021645,0.06858594411515595,0.0264606265876376
SIG150,GSE38832,10,10,0.50381033022862,1,0.531339031339031,0.0286085771639436,-0.0006350550381033,0.0014464802314368,0.541490262489416,0.946053946053946,ok,0.99267748161811,-0.03767993226079602,-0.0006350550381033
SIG151,GSE38832,8,8,0.555461473327688,0,0.527065527065527,0.585970304784247,0.0069856054191364,0.0303760848601736,0.541490262489416,0.354645354645355,ok,0.785235816814764,0.013971210838272019,0.0069856054191364
SIG152,GSE38832,8,8,0.560965283657917,0,0.443019943019943,0.943556736126062,0.0006350550381033,0.0400192864030858,0.541490262489416,0.30969030969031,ok,0.753407228252771,0.019475021168500972,0.0006350550381033
SIG153,GSE38832,8,8,0.555461473327688,0,0.447293447293447,0.426451784496962,-0.0027519051651143,0.0303760848601736,0.541490262489416,0.354645354645355,ok,0.785235816814764,0.013971210838272019,-0.0027519051651143
SIG154,GSE38832,3,3,0.710838272650296,0,0.737891737891738,1.06419809317519,0.0256138865368332,0.0496624879459981,0.542548687552921,0.0009990009990009,ok,0.0771799628942486,0.16828958509737502,0.0256138865368332
SIG155,GSE38832,9,9,0.552921253175275,1,0.367521367521368,0.285415605008662,0.0010584250635055,0.0207328833172613,0.541913632514818,0.358641358641359,ok,0.785235816814764,0.011007620660457018,0.0010584250635055
SIG156,GSE38832,5,5,0.572396274343777,1,0.517094017094017,0.351186911341907,0.0218035563082134,0.0207328833172613,0.540643522438611,0.22977022977023,ok,0.712800223559001,0.03175275190516602,0.0218035563082134
SIG157,GSE38832,5,5,0.665537679932261,0,0.730769230769231,1.27638415634808,0.0192633361558001,0.0303760848601736,0.540643522438611,0.003996003996004,ok,0.163715072805982,0.12489415749364996,0.0192633361558001
SIG159,GSE38832,6,6,0.521591871295512,1,0.70940170940171,0.119023165803113,0.0107959356477562,0.0110896817743491,0.542760372565622,0.727272727272727,ok,0.932453985085564,-0.02116850127011005,0.0107959356477562
SIG161,GSE38832,4,4,0.556731583403895,0,0.605413105413105,0.324561529838318,0.0167231160033869,0.0303760848601736,0.543395427603726,0.374625374625375,ok,0.797627569281113,0.013336155800169003,0.0167231160033869
SIG163,GSE38832,4,4,0.618966977138019,0,0.685185185185185,0.379997121074749,0.0154530059271804,0.0110896817743491,0.543395427603726,0.0539460539460539,ok,0.444824636441403,0.07557154953429301,0.0154530059271804
SIG164,GSE38832,4,4,0.522015241320915,0,0.652421652421652,0.127055950972432,0.0082557154953428,0.0207328833172613,0.543395427603726,0.752247752247752,ok,0.939312410143829,-0.02138018628281091,0.0082557154953428
SIG165,GSE38832,5,5,0.602032176121931,0,0.635327635327635,0.880121303910461,0.0150296359017782,0.0207328833172613,0.540643522438611,0.0849150849150849,ok,0.509113945921041,0.06138865368332003,0.0150296359017782
SIG166,GSE38832,3,3,0.572396274343777,0,0.444444444444444,0.606556177767958,0.0196867061812024,0.0400192864030858,0.542548687552921,0.241758241758242,ok,0.717394081328508,0.029847586790856084,0.0196867061812024
SIG167,GSE38832,3,3,0.541066892464014,1,0.592592592592593,0.345840617121002,0.0019051651143099,0.0207328833172613,0.542548687552921,0.516483516483517,ok,0.866422741345342,-0.0014817950889070008,0.0019051651143099
SIG168,GSE38832,9,9,0.573243014394581,0,0.648148148148148,0.308473193695086,0.0120660457239627,0.0110896817743491,0.541913632514818,0.193806193806194,ok,0.674455531598389,0.031329381879763085,0.0120660457239627
SIG169,GSE38832,8,8,0.56350550381033,1,0.511396011396012,0.560293402813844,0.0035986452159186,0.0400192864030858,0.541490262489416,0.288711288711289,ok,0.743241578156189,0.022015241320914036,0.0035986452159186
SIG170,GSE38832,6,6,0.502540220152413,0,0.311965811965812,-0.0697841691705891,0.0052921253175275,0.0110896817743491,0.542760372565622,0.975024975024975,ok,0.996331023236853,-0.04022015241320909,0.0052921253175275
SIG171,GSE38832,4,4,0.622777307366639,1,0.596866096866097,1.20259431813844,0.0086790855207451,0.0303760848601736,0.543395427603726,0.050949050949051,ok,0.441558441558442,0.07938187976291311,0.0086790855207451
SIG172,GSE38832,6,6,0.535563082133785,0,0.319088319088319,0.240473210324513,0.0078323454699407,0.0110896817743491,0.542760372565622,0.582417582417583,ok,0.884751203852328,-0.007197290431837033,0.0078323454699407
SIG173,GSE38832,5,5,0.512701100762066,0,0.602564102564103,0.0596622250071971,0.0091024555461474,0.0014464802314368,0.540643522438611,0.839160839160839,ok,0.966393061793403,-0.027942421676545037,0.0091024555461474
SIG175,GSE38832,6,5,0.597798475867909,0,0.408831908831909,0.667621864984585,0.0150296359017782,0.0207328833172613,0.540643522438611,0.104895104895105,ok,0.553977272727273,0.057154953429297994,0.0150296359017782
SIG176,GSE38832,8,8,0.636748518204911,1,0.591168091168091,0.880111073619662,0.0120660457239627,0.0303760848601736,0.541490262489416,0.013986013986014,ok,0.276045122760451,0.09525825571549495,0.0120660457239627
SIG177,GSE38832,14,14,0.578323454699407,0,0.391737891737892,0.590428100447348,-0.0057154953429297,0.0496624879459981,0.540643522438611,0.178821178821179,ok,0.666223264606014,0.03767993226079602,-0.0057154953429297
SIG178,GSE38832,3,3,0.536409822184589,1,0.514245014245014,0.155347430031469,0.0171464860287891,0.0014464802314368,0.542548687552921,0.571428571428571,ok,0.88400539027677,-0.006138865368331969,0.0171464860287891
SIG179,GSE38832,12,12,0.673581710414903,0,0.641025641025641,2.11455484218315,0.0213801862828111,0.0496624879459981,0.539373412362405,0.0009990009990009,ok,0.0771799628942486,0.134208298052498,0.0213801862828111
SIG180,GSE38832,5,5,0.598221845893311,0,0.505698005698006,0.51448963697192,0.0158763759525826,0.0207328833172613,0.540643522438611,0.101898101898102,ok,0.545608846598946,0.05757832345469993,0.0158763759525826
SIG181,GSE38832,5,5,0.54614733276884,1,0.67948717948718,0.186641548155663,0.0107959356477562,0.0207328833172613,0.540643522438611,0.441558441558442,ok,0.829724826945119,0.005503810330228953,0.0107959356477562
SIG182,GSE38832,3,3,0.572396274343777,0,0.434472934472934,0.317946168119439,0.0201100762066047,0.0496624879459981,0.542548687552921,0.241758241758242,ok,0.717394081328508,0.029847586790856084,0.0201100762066047
SIG183,GSE38832,4,4,0.573243014394581,0,0.492877492877493,0.368954267476743,0.025190516511431,0.0207328833172613,0.543395427603726,0.237762237762238,ok,0.716548712109201,0.029847586790855085,0.025190516511431
SIG184,GSE38832,3,3,0.548264182895851,1,0.435897435897436,0.330750155524011,0.0082557154953428,0.0496624879459981,0.542548687552921,0.432567432567433,ok,0.826032724337809,0.005715495342930033,0.0082557154953428
SIG185,GSE38832,22,22,0.617696867061812,1,0.54985754985755,1.54810619348494,0.0069856054191364,0.0303760848601736,0.539796782387807,0.028971028971029,ok,0.369517275177653,0.077900084674005,0.0069856054191364
SIG186,GSE38832,19,18,0.654530059271804,0,0.595441595441596,1.26790267660577,0.0074089754445385,0.0593056894889103,0.5385266723116,0.0069930069930069,ok,0.205533596837945,0.11600338696020396,0.0074089754445385
SIG187,GSE38832,4,4,0.506773920406435,0,0.558404558404558,-0.0240286175473703,0.0031752751905165,0.0110896817743491,0.543395427603726,0.922077922077922,ok,0.983161948461633,-0.03662150719729096,0.0031752751905165
SIG188,GSE38832,6,6,0.578323454699407,1,0.472934472934473,0.60994314516291,0.0086790855207451,0.0303760848601736,0.542760372565622,0.190809190809191,ok,0.67006240512734,0.03556308213378501,0.0086790855207451
SIG189,GSE38832,6,6,0.548264182895851,0,0.5997150997151,0.272867361194637,0.0133361558001694,0.0303760848601736,0.542760372565622,0.436563436563437,ok,0.827390791027155,0.005503810330228953,0.0133361558001694
SIG190,GSE38832,7,7,0.607959356477561,0,0.535612535612536,0.810001071741776,0.0171464860287891,0.0400192864030858,0.539796782387807,0.0649350649350649,ok,0.47041085563513,0.06816257408975401,0.0171464860287891
SIG191,GSE38832,3,3,0.510160880609653,1,0.384615384615385,0.0905426699837683,-0.0023285351397121,0.0014464802314368,0.542548687552921,0.879120879120879,ok,0.973440973440973,-0.03238780694326793,-0.0023285351397121
SIG192,GSE38832,3,3,0.529635901778154,1,0.353276353276353,0.167098408752153,0.0044453852667231,0.0110896817743491,0.542548687552921,0.645354645354645,ok,0.911705925790433,-0.012912785774766955,0.0044453852667231
SIG193,GSE38832,7,7,0.507197290431837,0,0.387464387464387,0.0480996144679008,0.0091024555461474,0.0207328833172613,0.539796782387807,0.909090909090909,ok,0.981507735292596,-0.032599491955970006,0.0091024555461474
SIG194,GSE38832,6,6,0.528365791701948,1,0.414529914529915,0.190374515817261,0.0031752751905165,0.0207328833172613,0.542760372565622,0.662337662337662,ok,0.91369473593953,-0.014394580863674067,0.0031752751905165
SIG195,GSE38832,12,12,0.525825571549534,1,0.531339031339031,0.184316241190084,0.0137595258255716,0.0014464802314368,0.539373412362405,0.657342657342657,ok,0.91369473593953,-0.01354784081287097,0.0137595258255716
SIG196,GSE38832,4,4,0.641405588484335,0,0.576923076923077,0.731161264991589,0.0103725656223539,0.0689488910318226,0.543395427603726,0.023976023976024,ok,0.358183253210878,0.0980101608806091,0.0103725656223539
SIG197,GSE38832,4,4,0.560965283657917,1,0.608262108262108,0.229614269384612,0.0019051651143099,0.0207328833172613,0.543395427603726,0.333666333666334,ok,0.771470643593406,0.017569856054191035,0.0019051651143099
SIG198,GSE38832,3,3,0.547417442845047,1,0.58974358974359,0.263267487696139,0.0074089754445385,0.0593056894889103,0.542548687552921,0.443556443556444,ok,0.831168831168831,0.004868755292126048,0.0074089754445385
SIG199,GSE38832,5,5,0.527519051651143,0,0.505698005698006,0.36283137646851,-0.0031752751905165,0.0303760848601736,0.540643522438611,0.665334665334665,ok,0.91369473593953,-0.013124470787468034,-0.0031752751905165
SIG200,GSE38832,3,3,0.569009314140559,0,0.735042735042735,0.365981600551566,0.0057154953429297,0.0207328833172613,0.542548687552921,0.273726273726274,ok,0.733323931744465,0.026460626587638036,0.0057154953429297
SIG201,GSE38832,4,3,0.585944115156647,0,0.477207977207977,0.515202601573068,0.0048687552921253,0.0303760848601736,0.542548687552921,0.142857142857143,ok,0.628106852497096,0.043395427603726056,0.0048687552921253
SIG202,GSE38832,29,29,0.57112616426757,0,0.575498575498576,1.00482861053272,0.0074089754445385,0.0207328833172613,0.539161727349704,0.196803196803197,ok,0.677905533956489,0.03196443691786599,0.0074089754445385
SIG203,GSE38832,5,5,0.550804403048264,1,0.653846153846154,0.585487989781283,-0.0014817950889076,0.0496624879459981,0.540643522438611,0.40959040959041,ok,0.81857536402991,0.010160880609652923,-0.0014817950889076
SIG204,GSE38832,3,3,0.569009314140559,0,0.471509971509972,0.473965768159378,0.0074089754445385,0.0207328833172613,0.542548687552921,0.273726273726274,ok,0.733323931744465,0.026460626587638036,0.0074089754445385
SIG205,GSE38832,7,7,0.506773920406435,0,0.574074074074074,0.0926456710433386,0.0065622353937341,-0.0081967213114754,0.539796782387807,0.913086913086913,ok,0.981704577728435,-0.033022861981372054,0.0065622353937341
SIG206,GSE38832,11,11,0.551651143099069,0,0.515669515669516,0.519081112343905,0.0027519051651143,0.0496624879459981,0.539373412362405,0.378621378621379,ok,0.799837662337662,0.01227773073666405,0.0027519051651143
SIG207,GSE38832,13,13,0.573666384419983,0,0.405982905982906,0.821790397381567,0.0065622353937341,0.0400192864030858,0.541066892464014,0.195804195804196,ok,0.677905533956489,0.03259949195596901,0.0065622353937341
SIG208,GSE38832,7,6,0.632514817950889,0,0.545584045584046,0.882349564448334,0.0323878069432684,0.0496624879459981,0.542760372565622,0.024975024975025,ok,0.363077782432621,0.089754445385267,0.0323878069432684
SIG209,GSE38832,5,5,0.616426756985606,1,0.481481481481482,0.612995833184345,0.0234970364098221,0.0400192864030858,0.540643522438611,0.044955044955045,ok,0.427478245660064,0.07578323454699498,0.0234970364098221
SIG210,GSE38832,13,13,0.537679932260796,0,0.618233618233618,0.310089613814536,0.0019051651143099,0.0303760848601736,0.541066892464014,0.53946053946054,ok,0.876096876096876,-0.003386960203217937,0.0019051651143099
SIG211,GSE38832,4,4,0.608806096528366,0,0.517094017094017,0.948507865215445,0.0268839966130399,0.0400192864030858,0.543395427603726,0.0789210789210789,ok,0.499555239281267,0.06541066892464009,0.0268839966130399
SIG212,GSE38832,3,3,0.576629974597799,1,0.515669515669516,0.396312548929183,-0.0052921253175275,0.0400192864030858,0.542548687552921,0.211788211788212,ok,0.692473185822642,0.034081287044878006,-0.0052921253175275
SIG213,GSE38832,5,5,0.547840812870449,0,0.568376068376068,0.348187129513653,0.0171464860287891,0.0207328833172613,0.540643522438611,0.427572427572428,ok,0.82582560296846,0.007197290431837922,0.0171464860287891
SIG214,GSE38832,5,5,0.540643522438611,1,0.54985754985755,0.242259741361785,0.0086790855207451,-0.0081967213114754,0.540643522438611,0.505494505494506,ok,0.86258534439212,0.0,0.0086790855207451
SIG215,GSE38832,4,4,0.502963590177815,0,0.336182336182336,0.0312739805397512,0.0035986452159186,0.0303760848601736,0.543395427603726,0.96003996003996,ok,0.993367488780333,-0.040431837425910944,0.0035986452159186
SIG216,GSE38832,4,4,0.537256562235394,0,0.373219373219373,0.0945519979886771,0.018839966130398,0.0303760848601736,0.543395427603726,0.56943056943057,ok,0.88400539027677,-0.006138865368331969,0.018839966130398
SIG217,GSE38832,8,8,0.512277730736664,0,0.552706552706553,-0.0432581932580368,0.0082557154953428,0.0014464802314368,0.541490262489416,0.852147852147852,ok,0.9671735299876,-0.029212531752751958,0.0082557154953428
SIG218,GSE38832,4,4,0.560541913632515,0,0.598290598290598,0.895542822482043,-0.0061388653683318,0.0207328833172613,0.543395427603726,0.338661338661339,ok,0.776709295793265,0.0171464860287891,-0.0061388653683318
SIG219,GSE38832,8,7,0.526672311600339,1,0.695156695156695,0.210830335046014,0.0154530059271804,0.0014464802314368,0.539796782387807,0.654345654345654,ok,0.91369473593953,-0.013124470787468034,0.0154530059271804
SIG220,GSE38832,7,7,0.513124470787468,0,0.525641025641026,-0.0870528186437432,0.0146062658763759,0.0207328833172613,0.539796782387807,0.832167832167832,ok,0.963262764632628,-0.026672311600339005,0.0146062658763759
SIG221,GSE38832,4,4,0.565622353937341,1,0.720797720797721,0.505104585467644,0.0052921253175275,0.0110896817743491,0.543395427603726,0.301698301698302,ok,0.751601016063826,0.022226926333615005,0.0052921253175275
SIG222,GSE38832,3,3,0.515664690939881,1,0.564102564102564,0.0657285472416831,0.0052921253175275,0.0207328833172613,0.542548687552921,0.81018981018981,ok,0.956170246492827,-0.026883996613039973,0.0052921253175275
SIG223,GSE38832,4,4,0.519051651143099,0,0.368945868945869,0.0694103496535971,0.0137595258255716,0.0110896817743491,0.543395427603726,0.783216783216783,ok,0.950278293135436,-0.02434377646062691,0.0137595258255716
SIG224,GSE38832,3,3,0.588907705334462,0,0.561253561253561,0.498956676416101,0.0044453852667231,0.0496624879459981,0.542548687552921,0.130869130869131,ok,0.613293119358977,0.046359017781541056,0.0044453852667231
SIG225,GSE38832,5,5,0.588907705334462,0,0.467236467236467,0.762568061219661,0.0112193056731584,0.0400192864030858,0.540643522438611,0.137862137862138,ok,0.623376623376623,0.04826418289585099,0.0112193056731584
SIG226,GSE38832,5,5,0.638865368331922,0,0.581196581196581,0.752913504665873,0.0205334462320068,0.0593056894889103,0.540643522438611,0.016983016983017,ok,0.3001443001443,0.09822184589331096,0.0205334462320068
SIG227,GSE38832,8,8,0.547840812870449,1,0.606837606837607,0.180595018692815,0.0031752751905165,0.0303760848601736,0.541490262489416,0.430569430569431,ok,0.826032724337809,0.006350550381032938,0.0031752751905165
SIG228,GSE38832,6,6,0.505503810330229,0,0.378917378917379,0.0882765981960051,0.0120660457239627,0.0207328833172613,0.542760372565622,0.932067932067932,ok,0.985551948051948,-0.03725656223539309,0.0120660457239627
SIG229,GSE38832,4,4,0.575359864521592,0,0.586894586894587,0.289480953149062,0.0002116850127011,0.0014464802314368,0.543395427603726,0.225774225774226,ok,0.712361151100941,0.0319644369178661,0.0002116850127011
SIG230,GSE38832,16,16,0.602455546147333,1,0.514245014245014,0.722549273324791,0.0141828958509738,0.0110896817743491,0.537468247248095,0.0619380619380619,ok,0.460111317254174,0.06498729889923793,0.0141828958509738
SIG231,GSE38832,3,3,0.599491955969517,0,0.452991452991453,0.324059609406538,0.0349280270956817,0.0207328833172613,0.542548687552921,0.0829170829170829,ok,0.504972504972505,0.05694326841659603,0.0349280270956817
SIG232,GSE38832,7,7,0.546994072819644,0,0.457264957264957,0.302235750483957,0.0124894157493649,0.0014464802314368,0.539796782387807,0.423576423576424,ok,0.821628873278802,0.007197290431836922,0.0124894157493649
SIG233,GSE38832,10,10,0.528365791701948,1,0.465811965811966,0.301142266351523,0.0044453852667231,0.0207328833172613,0.541490262489416,0.659340659340659,ok,0.91369473593953,-0.013124470787468034,0.0044453852667231
SIG234,GSE38832,13,12,0.510584250635055,0,0.358974358974359,0.484034018579614,0.0023285351397122,0.0207328833172613,0.539373412362405,0.854145854145854,ok,0.9671735299876,-0.02878916172735002,0.0023285351397122
SIG235,GSE38832,6,6,0.582980524978832,1,0.618233618233618,0.562606480741982,0.0027519051651143,0.0400192864030858,0.542760372565622,0.173826173826174,ok,0.666223264606014,0.040220152413209975,0.0027519051651143
SIG236,GSE38832,5,5,0.646486028789162,0,0.611111111111111,1.15530695845731,0.0196867061812024,0.0593056894889103,0.540643522438611,0.010989010989011,ok,0.249699879951981,0.10584250635055092,0.0196867061812024
SIG237,GSE38832,6,6,0.561388653683319,0,0.566951566951567,0.371304765236496,0.0099491955969517,0.0014464802314368,0.542760372565622,0.30969030969031,ok,0.753407228252771,0.018628281117696988,0.0099491955969517
SIG238,GSE38832,6,6,0.533022861981372,1,0.502849002849003,0.410915949453034,0.0091024555461474,0.0400192864030858,0.542760372565622,0.61038961038961,ok,0.895061554497563,-0.009737510584249987,0.0091024555461474
SIG239,GSE38832,7,7,0.560541913632515,0,0.574074074074074,0.448009991978686,0.0124894157493649,0.0207328833172613,0.539796782387807,0.301698301698302,ok,0.751601016063826,0.020745131244708004,0.0124894157493649
SIG240,GSE38832,6,6,0.54614733276884,1,0.468660968660969,0.221754768704027,-0.0040220152413208,0.0110896817743491,0.542760372565622,0.45954045954046,ok,0.837894404988134,0.003386960203217937,-0.0040220152413208
SIG241,GSE38832,4,4,0.525402201524132,0,0.455840455840456,0.0536979694148879,0.0010584250635055,0.0014464802314368,0.543395427603726,0.704295704295704,ok,0.927625710869744,-0.01799322607959397,0.0010584250635055
SIG242,GSE38832,6,6,0.547840812870449,1,0.592592592592593,0.842769057773413,0.0146062658763759,0.0496624879459981,0.542760372565622,0.43956043956044,ok,0.828272772523644,0.005080440304826905,0.0146062658763759
SIG243,GSE38832,8,8,0.608806096528366,0,0.537037037037037,0.736253496975868,0.0091024555461474,0.0400192864030858,0.541490262489416,0.0619380619380619,ok,0.460111317254174,0.06731583403895003,0.0091024555461474
SIG244,GSE38832,13,13,0.561388653683319,0,0.465811965811966,0.621930303109188,0.0129127857747672,0.0110896817743491,0.541066892464014,0.27972027972028,ok,0.737672434465437,0.020321761219305068,0.0129127857747672
SIG245,GSE38832,3,3,0.57874682472481,0,0.56980056980057,0.669652583672824,0.0069856054191364,0.0400192864030858,0.542548687552921,0.190809190809191,ok,0.67006240512734,0.03619813717188902,0.0069856054191364
SIG246,GSE38832,5,5,0.575359864521592,1,0.70940170940171,0.532223581203584,0.018839966130398,0.0110896817743491,0.540643522438611,0.205794205794206,ok,0.686149855077106,0.03471634208298102,0.018839966130398
SIG247,GSE38832,3,3,0.662997459779848,0,0.618233618233618,0.85070707321805,0.0201100762066047,0.0593056894889103,0.542548687552921,0.004995004995005,ok,0.182520182520183,0.12044877222692707,0.0201100762066047
SIG248,GSE38832,5,5,0.64817950889077,1,0.625356125356125,0.926768347214693,0.0154530059271804,0.0207328833172613,0.540643522438611,0.0079920079920079,ok,0.218286763741309,0.107535986452159,0.0154530059271804
SIG249,GSE38832,4,4,0.594411515664691,0,0.541310541310541,0.52145371241684,0.0103725656223539,0.0303760848601736,0.543395427603726,0.128871128871129,ok,0.607086293497443,0.051016088060965026,0.0103725656223539
SIG250,GSE38832,4,4,0.546570702794242,1,0.492877492877493,0.328428078172458,0.0040220152413209,0.0110896817743491,0.543395427603726,0.45954045954046,ok,0.837894404988134,0.0031752751905160803,0.0040220152413209
SIG251,GSE38832,14,13,0.604149026248942,0,0.387464387464387,0.728626220526542,0.0213801862828111,0.0207328833172613,0.541066892464014,0.0619380619380619,ok,0.460111317254174,0.063082133784928,0.0213801862828111
SIG252,GSE38832,3,3,0.622353937341236,1,0.690883190883191,0.544045784022054,0.0078323454699407,0.0110896817743491,0.542548687552921,0.034965034965035,ok,0.385899814471243,0.07980524978831505,0.0078323454699407
SIG253,GSE38832,3,3,0.653683319220999,0,0.645299145299145,0.85223920672638,0.0091024555461474,0.0303760848601736,0.542548687552921,0.0069930069930069,ok,0.205533596837945,0.11113463166807802,0.0091024555461474
SIG254,GSE38832,3,3,0.509737510584251,1,0.327635327635328,0.11956223374484,0.0010584250635055,0.0110896817743491,0.542548687552921,0.883116883116883,ok,0.975070662289935,-0.032811176968669975,0.0010584250635055
SIG255,GSE38832,3,2,0.535986452159187,0,0.393162393162393,0.211479823575086,0.0243437764606267,0.0207328833172613,0.540643522438611,0.558441558441558,ok,0.882540019886601,-0.004657070279423969,0.0243437764606267
SIG256,GSE38832,5,5,0.519051651143099,0,0.55982905982906,0.198975436100102,0.0019051651143099,0.0014464802314368,0.540643522438611,0.764235764235764,ok,0.943056943056943,-0.02159187129551199,0.0019051651143099
SIG257,GSE38832,4,3,0.533446232006774,0,0.656695156695157,0.124898585292794,0.0162997459779848,0.0207328833172613,0.542548687552921,0.602397602397602,ok,0.891561640330113,-0.00910245554614697,0.0162997459779848
SIG258,GSE38832,6,4,0.541490262489416,0,0.504273504273504,0.173122630994166,0.02307366638442,0.0303760848601736,0.543395427603726,0.520479520479521,ok,0.869459778550688,-0.0019051651143099368,0.02307366638442
SIG259,GSE38832,6,5,0.512277730736664,0,0.386039886039886,-0.0186914021692703,0.0179932260795936,0.0110896817743491,0.540643522438611,0.841158841158841,ok,0.9671735299876,-0.028365791701946974,0.0179932260795936
SIG260,GSE38832,5,5,0.582980524978832,0,0.676638176638177,0.649360586857114,-0.0099491955969517,0.0110896817743491,0.540643522438611,0.164835164835165,ok,0.657395701643489,0.04233700254022099,-0.0099491955969517
SIG261,GSE38832,14,14,0.607112616426757,0,0.653846153846154,1.54179863622631,0.025190516511431,0.0400192864030858,0.540643522438611,0.0709290709290709,ok,0.48554989314483,0.06646909398814593,0.025190516511431
SIG262,GSE38832,6,6,0.509737510584251,0,0.5,0.0475660219960798,0.0192633361558001,-0.0081967213114754,0.542760372565622,0.874125874125874,ok,0.972423230725814,-0.033022861981371054,0.0192633361558001
SIG263,GSE38832,4,4,0.524555461473328,1,0.636752136752137,0.280289755257051,0.0057154953429297,0.0110896817743491,0.543395427603726,0.713286713286713,ok,0.928530902606755,-0.018839966130397956,0.0057154953429297
SIG264,GSE38832,6,6,0.685012701100762,0,0.695156695156695,1.15489439410613,0.0171464860287891,0.0593056894889103,0.542760372565622,0.0009990009990009,ok,0.0771799628942486,0.14225232853513992,0.0171464860287891
SIG265,GSE38832,7,7,0.502116850127011,1,0.745014245014245,-0.141679099674205,-0.0040220152413208,-0.0274831243972999,0.539796782387807,0.983016983016983,ok,0.996331023236853,-0.03767993226079602,-0.0040220152413208
SIG266,GSE38832,5,5,0.511430990685859,0,0.498575498575499,0.0293500828082704,0.0086790855207451,0.0110896817743491,0.540643522438611,0.851148851148851,ok,0.9671735299876,-0.02921253175275207,0.0086790855207451
SIG267,GSE38832,11,11,0.574513124470788,0,0.545584045584046,0.653514510119862,-0.0099491955969517,0.0207328833172613,0.539373412362405,0.192807192807193,ok,0.673579650323836,0.03513971210838296,-0.0099491955969517
SIG268,GSE38832,6,6,0.541913632514818,1,0.511396011396012,-0.0083953938840328,-0.0010584250635055,0.0110896817743491,0.542760372565622,0.512487512487513,ok,0.866422741345342,-0.0008467400508040956,-0.0010584250635055
SIG269,GSE38832,3,3,0.509737510584251,0,0.447293447293447,0.213346501859373,-0.0057154953429297,0.0014464802314368,0.542548687552921,0.883116883116883,ok,0.975070662289935,-0.032811176968669975,-0.0057154953429297
SIG270,GSE38832,4,4,0.511854360711262,0,0.300569800569801,-0.0122938305271855,0.0154530059271804,0.0014464802314368,0.543395427603726,0.869130869130869,ok,0.972333417513393,-0.03154106689246394,0.0154530059271804
SIG271,GSE38832,5,5,0.527942421676545,0,0.393162393162393,0.0804355790452459,0.0345046570702794,0.0207328833172613,0.540643522438611,0.656343656343656,ok,0.91369473593953,-0.012701100762065987,0.0345046570702794
SIG272,GSE38832,4,4,0.502116850127011,1,0.41025641025641,-0.0050619672682548,0.0027519051651143,0.0400192864030858,0.543395427603726,0.969030969030969,ok,0.996331023236853,-0.04127857747671493,0.0027519051651143
SIG273,GSE38832,4,4,0.544453852667231,1,0.537037037037037,0.290470863736668,-0.0082557154953428,0.0400192864030858,0.543395427603726,0.486513486513487,ok,0.856082349277424,0.001058425063505064,-0.0082557154953428
SIG274,GSE38832,8,8,0.631244707874683,1,0.602564102564103,0.699411962300664,-0.0014817950889076,0.0303760848601736,0.541490262489416,0.016983016983017,ok,0.3001443001443,0.089754445385267,-0.0014817950889076
SIG275,GSE38832,4,4,0.594834885690093,1,0.67948717948718,0.539425533226167,0.0002116850127011,0.0207328833172613,0.543395427603726,0.126873126873127,ok,0.607086293497443,0.051439458086367074,0.0002116850127011
SIG276,GSE38832,12,12,0.59229466553768,0,0.531339031339031,0.501176612794828,0.0133361558001694,0.0496624879459981,0.539373412362405,0.0999000999000999,ok,0.542429458092109,0.05292125317527496,0.0133361558001694
SIG277,GSE38832,6,6,0.512277730736664,0,0.441595441595442,0.17317550886668,0.0027519051651143,0.0014464802314368,0.542760372565622,0.844155844155844,ok,0.9671735299876,-0.03048264182895799,0.0027519051651143
SIG278,GSE38832,5,5,0.602878916172735,0,0.611111111111111,1.18102467057457,0.0052921253175275,0.0593056894889103,0.540643522438611,0.0839160839160839,ok,0.507626601586333,0.06223539373412401,0.0052921253175275
SIG279,GSE38832,7,7,0.593564775613887,0,0.501424501424502,0.630811450773004,0.0184165961049958,0.0400192864030858,0.539796782387807,0.117882117882118,ok,0.59028379028379,0.053767993226079946,0.0184165961049958
SIG280,GSE38832,4,4,0.538103302286198,0,0.377492877492877,0.0953150000250579,0.0196867061812024,0.0110896817743491,0.543395427603726,0.552447552447552,ok,0.881828914886766,-0.005292125317527985,0.0196867061812024
SIG281,GSE38832,4,4,0.555038103302286,0,0.565527065527066,0.159098559432755,0.0116426756985606,0.0110896817743491,0.543395427603726,0.393606393606394,ok,0.811213177066836,0.011642675698560034,0.0116426756985606
SIG282,GSE38832,16,16,0.534292972057578,0,0.676638176638177,0.704529057647258,0.0103725656223539,0.0110896817743491,0.537468247248095,0.53946053946054,ok,0.876096876096876,-0.0031752751905170795,0.0103725656223539
SIG283,GSE38832,10,10,0.587214225232854,1,0.437321937321937,0.639856968840448,0.0120660457239627,0.0496624879459981,0.541490262489416,0.118881118881119,ok,0.593089567259309,0.04572396274343804,0.0120660457239627
SIG284,GSE38832,3,3,0.648602878916173,0,0.676638176638177,0.764936979792959,0.0116426756985606,0.0593056894889103,0.542548687552921,0.0079920079920079,ok,0.218286763741309,0.106054191363252,0.0116426756985606
SIG285,GSE38832,9,9,0.527942421676545,0,0.56980056980057,0.0501578561349066,0.0150296359017782,0.0207328833172613,0.541913632514818,0.677322677322677,ok,0.913912434870519,-0.013971210838272907,0.0150296359017782
SIG286,GSE38832,5,5,0.5385266723116,1,0.544159544159544,0.618413842373663,0.0044453852667231,0.0400192864030858,0.540643522438611,0.536463536463537,ok,0.87596461509505,-0.0021168501270110163,0.0044453852667231
SIG287,GSE38832,3,3,0.518628281117697,1,0.424501424501425,0.0694963882858227,0.0201100762066047,0.0207328833172613,0.542548687552921,0.77022977022977,ok,0.94496429160676,-0.023920406435223973,0.0201100762066047
SIG288,GSE38832,5,5,0.589754445385267,0,0.433048433048433,0.549849175288518,0.0213801862828111,0.0400192864030858,0.540643522438611,0.136863136863137,ok,0.623376623376623,0.04911092294665598,0.0213801862828111
SIG289,GSE38832,17,16,0.623624047417443,1,0.596866096866097,1.62407589970874,0.0124894157493649,0.0303760848601736,0.537468247248095,0.020979020979021,ok,0.33968426782798,0.08615580016934798,0.0124894157493649
SIG290,GSE38832,3,3,0.644792548687553,0,0.566951566951567,1.09506750874775,0.020956816257409,0.0689488910318226,0.542548687552921,0.012987012987013,ok,0.266036993309721,0.10224386113463202,0.020956816257409
SIG291,GSE38832,3,3,0.618120237087214,0,0.54985754985755,0.760237705105195,0.0264606265876376,0.0400192864030858,0.542548687552921,0.037962037962038,ok,0.402546473134708,0.07557154953429301,0.0264606265876376
SIG292,GSE38832,15,14,0.55969517358171,0,0.445868945868946,0.422143104911333,0.0201100762066047,0.0303760848601736,0.540643522438611,0.31968031968032,ok,0.757594727796305,0.019051651143098924,0.0201100762066047
SIG293,GSE38832,7,6,0.527942421676545,1,0.688034188034188,0.312725996803546,0.0074089754445385,0.0303760848601736,0.542760372565622,0.664335664335664,ok,0.91369473593953,-0.014817950889077003,0.0074089754445385
SIG294,GSE38832,4,4,0.519051651143099,0,0.508547008547009,0.153417004625266,-0.000211685012701,0.0207328833172613,0.543395427603726,0.783216783216783,ok,0.950278293135436,-0.02434377646062691,-0.000211685012701
SIG295,GSE38832,9,7,0.514394580863675,0,0.408831908831909,0.161457403996137,0.0129127857747672,0.0110896817743491,0.539796782387807,0.817182817182817,ok,0.95890256929218,-0.025402201524132084,0.0129127857747672
SIG296,GSE38832,11,11,0.550381033022862,1,0.666666666666667,0.276355892502951,0.0120660457239627,0.0014464802314368,0.539373412362405,0.386613386613387,ok,0.810389610389611,0.011007620660457018,0.0120660457239627
SIG297,GSE38832,11,11,0.520745131244708,0,0.457264957264957,-0.005028908857556,0.0205334462320068,0.0207328833172613,0.539373412362405,0.721278721278721,ok,0.929174684296171,-0.018628281117696988,0.0205334462320068
SIG298,GSE38832,9,9,0.53259949195597,0,0.41025641025641,0.336263440057616,0.0031752751905165,0.0110896817743491,0.541913632514818,0.631368631368631,ok,0.902813738350492,-0.009314140558847939,0.0031752751905165
SIG300,GSE38832,5,5,0.506773920406435,0,0.455840455840456,-0.121019261854849,-0.0019051651143098,0.0207328833172613,0.540643522438611,0.922077922077922,ok,0.983161948461633,-0.03386960203217604,-0.0019051651143098
SIG301,GSE38832,7,7,0.571972904318374,1,0.700854700854701,0.345626504510397,0.0086790855207451,0.0014464802314368,0.539796782387807,0.232767232767233,ok,0.712800223559001,0.03217612193056696,0.0086790855207451
SIG302,GSE38832,6,6,0.523285351397121,1,0.554131054131054,0.262614144135433,0.0120660457239627,-0.0081967213114754,0.542760372565622,0.718281718281718,ok,0.929174684296171,-0.019475021168501083,0.0120660457239627
SIG303,GSE38832,3,3,0.62108382726503,1,0.670940170940171,0.735674659519634,0.0150296359017782,0.0303760848601736,0.542548687552921,0.035964035964036,ok,0.395312005068103,0.07853513971210901,0.0150296359017782
SIG304,GSE38832,4,4,0.581287044877223,1,0.55982905982906,0.465961160491329,0.0124894157493649,0.0014464802314368,0.543395427603726,0.187812187812188,ok,0.67006240512734,0.0378916172734971,0.0124894157493649
SIG305,GSE38832,7,7,0.550804403048264,0,0.464387464387464,0.300700912692541,0.0192633361558001,0.0303760848601736,0.539796782387807,0.387612387612388,ok,0.811213177066836,0.011007620660456907,0.0192633361558001
SIG306,GSE38832,11,11,0.576206604572396,1,0.574074074074074,0.631263789274896,0.0099491955969517,0.0207328833172613,0.539373412362405,0.17982017982018,ok,0.666223264606014,0.03683319220999104,0.0099491955969517
SIG307,GSE38832,13,13,0.536833192209992,1,0.514245014245014,0.132394903221521,0.0010584250635055,0.0207328833172613,0.541066892464014,0.554445554445555,ok,0.881959775277478,-0.0042337002540219215,0.0010584250635055
SIG308,GSE38832,5,5,0.524555461473328,0,0.612535612535613,0.0937482101364085,0.0065622353937341,0.0110896817743491,0.540643522438611,0.701298701298701,ok,0.926385778364283,-0.016088060965283035,0.0065622353937341
SIG309,GSE38832,3,3,0.558001693480102,0,0.67948717948718,0.280589359217048,0.0112193056731584,-0.0081967213114754,0.542548687552921,0.35964035964036,ok,0.785792772899944,0.015453005927181018,0.0112193056731584
SIG310,GSE38832,4,4,0.501270110076207,1,0.43019943019943,0.100147850627331,0.0091024555461474,0.0110896817743491,0.543395427603726,0.982017982017982,ok,0.996331023236853,-0.04212531752751891,0.0091024555461474
SIG311,GSE38832,5,4,0.538103302286198,1,0.4002849002849,0.174617454997759,-0.0048687552921253,0.0400192864030858,0.543395427603726,0.552447552447552,ok,0.881828914886766,-0.005292125317527985,-0.0048687552921253
SIG312,GSE38832,9,9,0.554191363251482,0,0.44017094017094,0.584309215386481,0.0052921253175275,0.0496624879459981,0.541913632514818,0.347652347652348,ok,0.782306802108782,0.01227773073666405,0.0052921253175275
SIG313,GSE38832,3,3,0.569432684165961,1,0.515669515669516,0.25323970325594,0.0065622353937341,-0.0081967213114754,0.542548687552921,0.270729270729271,ok,0.733323931744465,0.026883996613040084,0.0065622353937341
SIG314,GSE38832,8,7,0.535563082133785,0,0.591168091168091,0.269546960246008,0.0065622353937341,0.0110896817743491,0.539796782387807,0.540459540459541,ok,0.876140645924819,-0.0042337002540220325,0.0065622353937341
SIG315,GSE38832,8,8,0.558001693480102,1,0.474358974358974,0.413542743493781,0.0133361558001694,0.0303760848601736,0.541490262489416,0.334665334665335,ok,0.771470643593406,0.01651143099068597,0.0133361558001694
SIG316,GSE38832,10,10,0.612193056731583,0,0.682336182336182,0.757956552766973,0.0175698560541914,0.0207328833172613,0.541490262489416,0.03996003996004,ok,0.410843908942768,0.07070279424216697,0.0175698560541914
SIG317,GSE38832,7,7,0.569856054191363,1,0.431623931623932,0.545723929049675,0.0061388653683318,0.0400192864030858,0.539796782387807,0.241758241758242,ok,0.717394081328508,0.030059271803555943,0.0061388653683318
SIG318,GSE38832,4,4,0.613886536833192,0,0.531339031339031,0.771892877961855,0.0311176968670619,0.0303760848601736,0.543395427603726,0.0629370629370629,ok,0.464977645305514,0.07049110922946611,0.0311176968670619
SIG319,GSE38832,8,8,0.542760372565622,1,0.52991452991453,0.124405231914999,0.0074089754445385,0.0110896817743491,0.541490262489416,0.48951048951049,ok,0.856168411149006,0.0012701100762060324,0.0074089754445385
SIG320,GSE38832,8,8,0.608382726502964,0,0.492877492877493,1.20024549061292,0.0099491955969517,0.0400192864030858,0.541490262489416,0.0619380619380619,ok,0.460111317254174,0.06689246401354798,0.0099491955969517
SIG321,GSE38832,3,3,0.52116850127011,1,0.561253561253561,0.216325354802988,-0.0010584250635055,0.0400192864030858,0.542548687552921,0.744255744255744,ok,0.93646697648559,-0.02138018628281091,-0.0010584250635055
SIG322,GSE38832,7,7,0.546570702794242,1,0.491452991452991,0.383297117045209,-0.0031752751905165,0.0207328833172613,0.539796782387807,0.432567432567433,ok,0.826032724337809,0.006773920406434986,-0.0031752751905165
SIG323,GSE38832,5,5,0.604572396274344,0,0.537037037037037,0.771410202114238,0.0112193056731584,0.0593056894889103,0.540643522438611,0.0779220779220779,ok,0.495767761650115,0.06392887383573298,0.0112193056731584
SIG324,GSE38832,3,3,0.572396274343777,0,0.441595441595442,0.242781027826272,0.0196867061812024,0.0400192864030858,0.542548687552921,0.241758241758242,ok,0.717394081328508,0.029847586790856084,0.0196867061812024
SIG325,GSE38832,3,3,0.687552921253175,0,0.668091168091168,1.075950501521,0.0243437764606267,0.0496624879459981,0.542548687552921,0.0009990009990009,ok,0.0771799628942486,0.14500423370025406,0.0243437764606267
SIG326,GSE38832,9,9,0.53259949195597,1,0.452991452991453,0.107780280355706,0.0158763759525826,0.0207328833172613,0.541913632514818,0.631368631368631,ok,0.902813738350492,-0.009314140558847939,0.0158763759525826
SIG327,GSE38832,3,2,0.552074513124471,0,0.636752136752137,0.231902568178188,0.0146062658763759,0.0014464802314368,0.540643522438611,0.384615384615385,ok,0.808709175738725,0.011430990685859954,0.0146062658763759
SIG328,GSE38832,9,9,0.62701100762066,1,0.723646723646724,0.685582305211734,0.0048687552921253,0.0400192864030858,0.541913632514818,0.025974025974026,ok,0.363905524527286,0.08509737510584203,0.0048687552921253
SIG329,GSE38832,5,4,0.569432684165961,0,0.578347578347578,0.333668737086609,0.0103725656223539,0.0303760848601736,0.543395427603726,0.266733266733267,ok,0.733323931744465,0.0260372565622351,0.0103725656223539
SIG330,GSE38832,16,16,0.549534292972058,0,0.481481481481482,0.552871760324822,0.0095258255715495,0.0496624879459981,0.537468247248095,0.377622377622378,ok,0.798975672215109,0.01206604572396297,0.0095258255715495
SIG331,GSE38832,4,4,0.502116850127011,0,0.57977207977208,0.35228615799755,0.0141828958509738,-0.0081967213114754,0.543395427603726,0.969030969030969,ok,0.996331023236853,-0.04127857747671493,0.0141828958509738
SIG332,GSE38832,3,3,0.580016934801016,0,0.602564102564103,0.428347021687485,0.0061388653683318,0.0400192864030858,0.542548687552921,0.178821178821179,ok,0.666223264606014,0.037468247248095055,0.0061388653683318
SIG334,GSE38832,4,4,0.511430990685859,0,0.507122507122507,0.126315955354813,0.0103725656223539,0.0207328833172613,0.543395427603726,0.877122877122877,ok,0.972423230725814,-0.03196443691786699,0.0103725656223539
SIG335,GSE38832,8,7,0.512701100762066,0,0.405982905982906,0.0552365605306717,0.0074089754445385,0.0110896817743491,0.539796782387807,0.838161838161838,ok,0.965653860413128,-0.027095681625741053,0.0074089754445385
SIG336,GSE38832,3,3,0.628704487722269,0,0.461538461538462,0.712834971948563,0.0234970364098221,0.0400192864030858,0.542548687552921,0.025974025974026,ok,0.363905524527286,0.08615580016934798,0.0234970364098221
SIG337,GSE38832,4,4,0.531752751905165,1,0.716524216524217,0.209521784257543,0.0146062658763759,0.0207328833172613,0.543395427603726,0.632367632367632,ok,0.903764311798138,-0.011642675698560923,0.0146062658763759
SIG338,GSE38832,3,3,0.50762066045724,1,0.646723646723647,0.0736338489929318,-0.0052921253175275,0.0110896817743491,0.542548687552921,0.913086913086913,ok,0.981704577728435,-0.03492802709568099,-0.0052921253175275
SIG001,GSE39582,4,4,0.512844365888341,1,0.509798453542908,0.0253026217819166,0.0002596641676764,0.028345016763182,0.521263306178319,0.688311688311688,ok,0.919562650787947,-0.008418940289977916,0.0002596641676764
SIG002,GSE39582,4,4,0.533536220713118,1,0.540144505006972,0.140125893496012,0.0024035580649026,0.0242812150767043,0.521263306178319,0.274725274725275,ok,0.733323931744465,0.012272914534799062,0.0024035580649026
SIG003,GSE39582,13,11,0.534360173827528,1,0.540144505006972,0.420740725983397,0.0026965125104864,0.0181855125469877,0.519535662551331,0.24975024975025,ok,0.720346320346321,0.014824511276196994,0.0026965125104864
SIG004,GSE39582,9,8,0.54189535795447,1,0.541158575231335,0.383878287940795,0.0016445397286175,0.0324088184496597,0.521276595744681,0.163836163836164,ok,0.656315536315536,0.020618762209788977,0.0016445397286175
SIG005,GSE39582,6,6,0.529283559477454,0,0.548409177335531,0.269561019887291,0.0044276069616628,0.0303769176064208,0.520798171355669,0.336663336663337,ok,0.774755457308649,0.008485388121785009,0.0044276069616628
SIG006,GSE39582,8,8,0.570467925631587,1,0.577918620864495,0.783642090303325,0.0050800964086448,0.0425683226658539,0.521276595744681,0.017982017982018,ok,0.311688311688312,0.049191329886906,0.0050800964086448
SIG007,GSE39582,15,15,0.540553111751964,1,0.553885156547091,0.30416234380872,0.0039215947374728,0.0486640251955705,0.521608834903717,0.204795204795205,ok,0.685354249710685,0.018944276848246955,0.0039215947374728
SIG009,GSE39582,6,6,0.503608117267134,0,0.513778679173533,0.112788925088421,-0.0003395608346539,0.0263131159199431,0.520798171355669,0.891108891108891,ok,0.979097294416271,-0.017190054088535023,-0.0003395608346539
SIG010,GSE39582,6,6,0.503076534612676,1,0.529420712384333,0.0883741755773203,0.0001930836118619,0.028345016763182,0.520798171355669,0.909090909090909,ok,0.981507735292596,-0.017721636742992986,0.0001930836118619
SIG011,GSE39582,3,3,0.522027456244103,1,0.533578400304221,0.141251921633211,6.65805558142107e-06,0.0263131159199431,0.519867901710367,0.455544455544456,ok,0.837384233713262,0.0021595545337359523,6.65805558142107e-06
SIG012,GSE39582,3,3,0.546320783552833,1,0.55720623653188,0.195071059540524,0.0009787341704727,0.0344407192928985,0.519867901710367,0.0979020979020979,ok,0.541353383458647,0.02645288184246597,0.0009787341704727
SIG013,GSE39582,9,9,0.573232155434768,0,0.589326910888579,0.517393059025569,0.01567972089431,0.054759727725287,0.521309819660585,0.012987012987013,ok,0.266036993309721,0.05192233577418304,0.01567972089431
SIG014,GSE39582,15,15,0.50017940914588,0,0.498390163518824,-0.0166334163836905,0.0006458313914003,0.0324088184496597,0.521608834903717,0.994005994005994,ok,0.999811782420478,-0.021429425757837017,0.0006458313914003
SIG015,GSE39582,3,3,0.516299653142318,0,0.508125237672709,0.0676625540642063,0.0006058830579117,0.0263131159199431,0.519867901710367,0.571428571428571,ok,0.88400539027677,-0.0035682485680490483,0.0006058830579117
SIG016,GSE39582,57,50,0.515143460868872,1,0.499505640765623,0.0986986397010657,-0.0001265030560475,0.0324088184496597,0.526592422289261,0.703296703296703,ok,0.927625710869744,-0.011448961420388981,-0.0001265030560475
SIG018,GSE39582,9,9,0.536034659189071,0,0.549347192293066,0.29114518349515,0.0022703969532736,0.0425683226658539,0.521309819660585,0.242757242757243,ok,0.717394081328508,0.014724839528486022,0.0022703969532736
SIG019,GSE39582,12,12,0.509588422129786,1,0.517834960070985,0.0458684549349136,0.000312928612328,0.0466321243523316,0.521462649673741,0.756243756243756,ok,0.939312410143829,-0.011874227543955063,0.000312928612328
SIG020,GSE39582,5,3,0.550440549124882,1,0.542679680567879,0.18394487385484,0.0009654180593099,0.0303769176064208,0.519867901710367,0.0729270729270729,ok,0.494222569410539,0.030572647414515042,0.0009654180593099
SIG021,GSE39582,10,8,0.522120483208633,0,0.540423374318672,0.269763922723225,0.0003528769458167,0.0425683226658539,0.521276595744681,0.482517482517483,ok,0.853879105188006,0.0008438874639520311,0.0003528769458167
SIG022,GSE39582,4,4,0.520685210041596,1,0.522144758524528,-0.0389861030250654,-0.0002596641676765,0.0222493142334654,0.521263306178319,0.514485514485515,ok,0.866422741345342,-0.0005780961367229942,-0.0002596641676765
SIG023,GSE39582,9,9,0.510718035270509,0,0.534769932817848,0.160509353135892,0.0004993541686085,0.0324088184496597,0.521309819660585,0.733266733266733,ok,0.933499645364052,-0.01059178439007602,0.0004993541686085
SIG024,GSE39582,7,6,0.537137693197071,0,0.558879452402079,0.171297011462373,0.0001398191672103,0.0364726201361374,0.520798171355669,0.230769230769231,ok,0.712800223559001,0.016339521841402083,0.0001398191672103
SIG025,GSE39582,13,11,0.508259465493641,1,0.495956394980352,0.255279807440589,-0.0005792508355859,0.0263131159199431,0.519535662551331,0.772227772227772,ok,0.94655661654755,-0.011276197057690007,-0.0005792508355859
SIG026,GSE39582,31,29,0.560195090834186,1,0.566028647483838,1.23583533434649,0.0046406647402692,0.0608554302550036,0.523569045942031,0.043956043956044,ok,0.427478245660064,0.03662604489215493,0.0046406647402692
SIG027,GSE39582,4,4,0.523861416401983,0,0.526454556978071,0.0396656733877445,0.0037351691811923,0.0324088184496597,0.521263306178319,0.437562437562438,ok,0.827390791027155,0.002598110223664074,0.0037351691811923
SIG028,GSE39582,4,4,0.544898799952158,0,0.55527950310559,0.261720609369066,0.004800458074224,0.0405364218226151,0.521263306178319,0.120879120879121,ok,0.594285714285714,0.023635493773839,0.004800458074224
SIG029,GSE39582,5,4,0.505455366991375,1,0.488655089364939,0.0541185248370983,0.0005393025020972,0.0303769176064208,0.521263306178319,0.857142857142857,ok,0.968049889201328,-0.015807939186943898,0.0005393025020972
SIG030,GSE39582,7,7,0.533669116376733,0,0.558499176067943,0.29407477387328,0.0036153241807261,0.0466321243523316,0.520711789174319,0.27972027972028,ok,0.737672434465437,0.012957327202413937,0.0036153241807261
SIG031,GSE39582,4,4,0.550121599532207,1,0.553961211813918,0.11844961201134,0.0012317402825678,0.0425683226658539,0.521263306178319,0.0839160839160839,ok,0.507626601586333,0.02885829335388801,0.0012317402825678
SIG032,GSE39582,10,10,0.516817946230415,1,0.509367473697554,0.137825235363874,0.0005925669467488,0.0324088184496597,0.519974218241259,0.574425574425574,ok,0.884033439525756,-0.003156272010844008,0.0005925669467488
SIG033,GSE39582,10,9,0.512645022392919,0,0.53307136519204,0.300033526687572,0.0037884336258439,0.0222493142334654,0.521309819660585,0.683316683316683,ok,0.917422200441068,-0.008664797267666002,0.0037884336258439
SIG034,GSE39582,14,14,0.552925698034473,1,0.554113322347573,0.120358464709688,0.0001930836118619,0.0324088184496597,0.521901205363669,0.0769230769230769,ok,0.495767761650115,0.031024492670803983,0.0001930836118619
SIG035,GSE39582,3,2,0.502717716320916,1,0.497908480162251,-0.0796819084339518,-0.0003661930569797,0.0202174133902266,0.520505800895717,0.932067932067932,ok,0.985551948051948,-0.017788084574800966,-0.0003661930569797
SIG036,GSE39582,13,12,0.529482902972876,0,0.512435036126252,0.372438800684565,0.0059855919677217,0.0242812150767043,0.521462649673741,0.348651348651349,ok,0.782306802108782,0.008020253299135027,0.0059855919677217
SIG037,GSE39582,14,13,0.54391537204141,0,0.559994929648878,0.322144309621123,0.0035221114025859,0.0446002235090928,0.521980942761838,0.13986013986014,ok,0.624398552267405,0.02193442927957201,0.0035221114025859
SIG038,GSE39582,3,3,0.541855489255386,0,0.556572442641653,0.184203173878495,0.0013649013941967,0.0466321243523316,0.519867901710367,0.136863136863137,ok,0.623376623376623,0.02198758754501895,0.0013649013941967
SIG039,GSE39582,14,14,0.526545908806996,1,0.513449106350615,0.459860206714201,5.99225002330117e-05,0.0303769176064208,0.521901205363669,0.407592407592408,ok,0.817603761223939,0.004644703443327014,5.99225002330117e-05
SIG040,GSE39582,15,13,0.602841309288078,1,0.619064520218025,1.32198708975377,0.0177969825692105,0.0527278268820482,0.521980942761838,0.0009990009990009,ok,0.0771799628942486,0.08086036652623996,0.0177969825692105
SIG041,GSE39582,10,10,0.566201974829561,0,0.580935479781975,0.465316025416358,0.0117781003235815,0.0486640251955705,0.519974218241259,0.025974025974026,ok,0.363905524527286,0.04622775658830203,0.0117781003235815
SIG042,GSE39582,8,7,0.565138809520645,1,0.572949676765116,0.30295682542349,0.0100203736500792,0.0446002235090928,0.520711789174319,0.014985014985015,ok,0.285348454362539,0.04442702034632595,0.0100203736500792
SIG043,GSE39582,14,14,0.558002312384547,1,0.552440106477374,0.285404057358299,0.0031492602900248,0.0364726201361374,0.521901205363669,0.048951048951049,ok,0.432560903149138,0.03610110702087799,0.0031492602900248
SIG044,GSE39582,3,3,0.531197257033503,0,0.520116618075802,0.168707586119153,0.0041746008495678,0.0161536117037489,0.519867901710367,0.270729270729271,ok,0.733323931744465,0.011329355323135948,0.0041746008495678
SIG045,GSE39582,6,6,0.542652863237073,0,0.551147166941311,0.474563304039726,0.0012051080602419,0.0446002235090928,0.520798171355669,0.163836163836164,ok,0.656315536315536,0.021854691881403987,0.0012051080602419
SIG046,GSE39582,5,4,0.574189004212793,1,0.572341234630498,0.416068159225607,0.0123773253259118,0.0446002235090928,0.521263306178319,0.0089910089910089,ok,0.231539888682746,0.052925698034474,0.0123773253259118
SIG047,GSE39582,4,4,0.527728680213165,1,0.529040436050197,0.170861134402615,0.0003262447234908,0.0222493142334654,0.521263306178319,0.363636363636364,ok,0.789143440828834,0.006465374034846039,0.0003262447234908
SIG048,GSE39582,11,11,0.510199742182413,0,0.515908226644695,-0.0573676492333851,-0.000446089723957,0.01412171086051,0.519535662551331,0.734265734265734,ok,0.933892072179937,-0.00933592036891795,-0.000446089723957
SIG049,GSE39582,14,14,0.526386434010658,0,0.548865508936494,0.347612588883487,0.0045740841844547,0.0242812150767043,0.521901205363669,0.411588411588412,ok,0.819472924736083,0.00448522864698897,0.0045740841844547
SIG050,GSE39582,6,5,0.517070447991282,1,0.514235010774496,0.102914491956366,0.0014314819500113,0.028345016763182,0.520891198320199,0.598401598401599,ok,0.89003186032889,-0.003820750328917044,0.0014314819500113
SIG051,GSE39582,7,7,0.514359376453546,1,0.525770059576626,0.197750609233657,0.0009121536146583,0.0263131159199431,0.520711789174319,0.656343656343656,ok,0.91369473593953,-0.006352412720773026,0.0009121536146583
SIG052,GSE39582,20,19,0.529815142131912,1,0.52675877804538,0.240597389463622,0.0006058830579117,0.0263131159199431,0.523183648517549,0.350649350649351,ok,0.782306802108782,0.006631493614363104,0.0006058830579117
SIG053,GSE39582,11,9,0.528924741185695,1,0.54075294714159,0.160749723602336,0.0002063997230248,0.0263131159199431,0.521309819660585,0.358641358641359,ok,0.785235816814764,0.007614921525110008,0.0002063997230248
SIG054,GSE39582,46,45,0.508671442050846,1,0.506046393712765,-0.130622437413103,8.6554722558807e-05,0.0222493142334654,0.524253458609646,0.808191808191808,ok,0.956170246492827,-0.015582016558799983,8.6554722558807e-05
SIG055,GSE39582,21,20,0.550746209151195,1,0.564152617568767,0.815319056093196,0.0027897252886266,0.0405364218226151,0.520585538293886,0.100899100899101,ok,0.545608846598946,0.030160670857309002,0.0027897252886266
SIG056,GSE39582,7,6,0.522811540659428,1,0.513119533527697,0.146712547436275,0.0010852630597759,0.0364726201361374,0.520798171355669,0.457542457542458,ok,0.837894404988134,0.0020133693037590605,0.0010852630597759
SIG057,GSE39582,8,8,0.53107765093625,1,0.531981239700849,-0.0124596039584658,-0.0001664513895363,0.0202174133902266,0.521276595744681,0.293706293706294,ok,0.748521977551195,0.009801055191569041,-0.0001664513895363
SIG058,GSE39582,24,22,0.561856286629367,1,0.554417543414882,0.171033381650131,0.0028163575109524,0.0405364218226151,0.524133852512393,0.045954045954046,ok,0.427478245660064,0.03772243411697407,0.0028163575109524
SIG059,GSE39582,14,13,0.51475806344439,0,0.506071745468374,0.0817925046753032,0.0016844880621063,0.0344407192928985,0.521980942761838,0.65034965034965,ok,0.91369473593953,-0.007222879317448028,0.0016844880621063
SIG060,GSE39582,7,6,0.537616117586083,1,0.528431993915579,0.0725365483908904,0.0009121536146583,0.0263131159199431,0.520798171355669,0.228771228771229,ok,0.712800223559001,0.016817946230413994,0.0009121536146583
SIG062,GSE39582,43,42,0.515302935665209,0,0.530003802763341,0.346764275619887,0.0033223697351425,0.0364726201361374,0.523110555902561,0.673326673326673,ok,0.913912434870519,-0.007807620237351931,0.0033223697351425
SIG063,GSE39582,19,19,0.503010086780868,0,0.524198250728863,0.275087195047691,0.0001531352783732,0.01412171086051,0.523183648517549,0.924075924075924,ok,0.983446526012238,-0.020173561736680945,0.0001531352783732
SIG064,GSE39582,3,3,0.566760136616742,0,0.573431360121688,0.209728052882788,0.0067179780816809,0.0446002235090928,0.519867901710367,0.01998001998002,ok,0.333493666827,0.04689223490637495,0.0067179780816809
SIG065,GSE39582,5,5,0.592541895357955,1,0.605678793256433,0.688539490992484,0.0226573631436675,0.0425683226658539,0.520891198320199,0.001998001998002,ok,0.108051948051948,0.07165069703775595,0.0226573631436675
SIG066,GSE39582,11,11,0.511329355323136,0,0.505691469134238,0.0695197921510583,-0.0015513269504774,0.0364726201361374,0.519535662551331,0.699300699300699,ok,0.926385778364283,-0.008206307228195042,-0.0015513269504774
SIG067,GSE39582,5,5,0.504312464284291,1,0.470756749904931,-0.0729198663349595,0.0002729802788393,0.0364726201361374,0.520891198320199,0.907092907092907,ok,0.981507735292596,-0.016578734035908038,0.0002729802788393
SIG068,GSE39582,5,5,0.507156431485641,0,0.514919508175941,0.0574771712052415,0.0001531352783732,0.0324088184496597,0.520891198320199,0.836163836163836,ok,0.965653860413128,-0.013734766834557988,0.0001531352783732
SIG069,GSE39582,7,7,0.502571531090941,0,0.51111674483458,0.0031880077988331,0.0001930836118619,0.0202174133902266,0.520711789174319,0.933066933066933,ok,0.985551948051948,-0.018140258083378047,0.0001930836118619
SIG070,GSE39582,3,3,0.51421319122357,1,0.514235010774496,0.124518837251074,0.0014181658388483,0.0242812150767043,0.519867901710367,0.626373626373626,ok,0.90235177715199,-0.005654710486796999,0.0014181658388483
SIG071,GSE39582,13,13,0.539303892513987,1,0.547369755355558,0.340773427168785,0.0002063997230248,0.0263131159199431,0.521980942761838,0.197802197802198,ok,0.680453723491698,0.017322949752148986,0.0002063997230248
SIG072,GSE39582,15,14,0.524924581710899,0,0.544961338572696,0.27832122235742,0.0038150658481697,0.0446002235090928,0.521901205363669,0.430569430569431,ok,0.826032724337809,0.0030233763472299335,0.0038150658481697
SIG073,GSE39582,16,16,0.518837960317355,0,0.521181391811383,0.269023567678971,0.0005925669467488,0.0344407192928985,0.520153627387138,0.521478521478522,ok,0.869459778550688,-0.001315667069783033,0.0005925669467488
SIG074,GSE39582,11,11,0.521110476165163,1,0.522220813791355,0.132909054297453,0.0005792508355859,0.0324088184496597,0.519535662551331,0.471528471528472,ok,0.846060376252812,0.001574813613832049,0.0005792508355859
SIG075,GSE39582,14,13,0.535635972198227,0,0.542806439345925,0.241364460316412,0.0024435063983914,0.0385045209793762,0.521980942761838,0.242757242757243,ok,0.717394081328508,0.013655029436388966,0.0024435063983914
SIG076,GSE39582,9,8,0.524047470331043,1,0.508023830650273,0.179612484955842,0.0043610264058484,0.0405364218226151,0.521276595744681,0.445554445554446,ok,0.831740081224617,0.0027708745863620488,0.0043610264058484
SIG077,GSE39582,7,7,0.562906162371922,1,0.572949676765116,0.527679949899889,0.0125371186598665,0.0506959260388093,0.520711789174319,0.016983016983017,ok,0.3001443001443,0.042194373197603,0.0125371186598665
SIG078,GSE39582,6,5,0.586986856618869,1,0.606921029281278,0.577111296776026,0.0159726753398937,0.0527278268820482,0.520891198320199,0.001998001998002,ok,0.108051948051948,0.06609565829866992,0.0159726753398937
SIG079,GSE39582,5,5,0.506305899238508,0,0.515730764355432,0.120987938330128,0.0013249530607081,0.0303769176064208,0.520891198320199,0.856143856143856,ok,0.96781479390175,-0.014585299081691039,0.0013249530607081
SIG080,GSE39582,8,8,0.516193336611426,1,0.518443402205603,0.137419018767118,0.0016844880621063,0.0303769176064208,0.521276595744681,0.61038961038961,ok,0.895061554497563,-0.005083259133255025,0.0016844880621063
SIG081,GSE39582,5,5,0.541629566627241,0,0.55885410064647,0.21796028980302,0.0064383397472601,0.0364726201361374,0.520891198320199,0.170829170829171,ok,0.666223264606014,0.02073836830704201,0.0064383397472601
SIG082,GSE39582,6,6,0.531316863130756,0,0.521992647990873,0.170116042360037,0.0060521725235361,0.0446002235090928,0.520798171355669,0.296703296703297,ok,0.749099639855942,0.010518691775087019,0.0060521725235361
SIG083,GSE39582,17,16,0.507156431485641,0,0.505792876156674,0.0132395156216362,0.000432773612794,0.028345016763182,0.520153627387138,0.819180819180819,ok,0.95890256929218,-0.01299719590149695,0.000432773612794
SIG084,GSE39582,15,15,0.540181003893843,0,0.54843452909114,0.284334312433711,0.0016844880621063,0.0385045209793762,0.521608834903717,0.207792207792208,ok,0.686882799352237,0.018572168990126037,0.0016844880621063
SIG085,GSE39582,7,7,0.520379550015283,0,0.526860185067816,0.167617788291914,0.0042944458500339,0.0405364218226151,0.520711789174319,0.511488511488512,ok,0.866039408306158,-0.00033223915903601853,0.0042944458500339
SIG086,GSE39582,5,5,0.535822026127288,1,0.52399543668399,0.16264448448642,-0.0004993541686086,0.0263131159199431,0.520891198320199,0.23976023976024,ok,0.717158947247443,0.014930827807088987,-0.0004993541686086
SIG087,GSE39582,5,5,0.517841242840246,0,0.542628977056661,0.103790582696847,0.0021372358416447,0.0303769176064208,0.520891198320199,0.572427572427572,ok,0.88400539027677,-0.003049955479953015,0.0021372358416447
SIG088,GSE39582,6,6,0.535782157428203,0,0.563594878945367,0.18757464904993,0.0006458313914003,0.0202174133902266,0.520798171355669,0.244755244755245,ok,0.720346320346321,0.014983986072534039,0.0006458313914003
SIG089,GSE39582,5,5,0.567052507076694,0,0.574698947902142,0.618262482057651,0.0108992369868304,0.0425683226658539,0.520891198320199,0.012987012987013,ok,0.266036993309721,0.046161308756494934,0.0108992369868304
SIG090,GSE39582,4,4,0.547104867968158,0,0.557992140955761,0.369271361912524,0.0083292275323914,0.0405364218226151,0.521263306178319,0.101898101898102,ok,0.545608846598946,0.025841561789839096,0.0083292275323914
SIG091,GSE39582,7,7,0.501867184073784,0,0.50645202180251,0.0056991872646759,0.0007390441695407,0.028345016763182,0.520711789174319,0.946053946053946,ok,0.99267748161811,-0.018844605100535095,0.0007390441695407
SIG093,GSE39582,9,9,0.528286842000346,0,0.544657117505387,0.189816545517019,0.002749776955138,0.0364726201361374,0.521309819660585,0.373626373626374,ok,0.796755295178008,0.006977022339761052,0.002749776955138
SIG094,GSE39582,3,3,0.508299334192725,0,0.494587400177462,0.0479575336128369,0.0006591475025633,0.0364726201361374,0.519867901710367,0.766233766233766,ok,0.943056943056943,-0.011568567517642014,0.0006591475025633
SIG095,GSE39582,18,16,0.544287479899531,0,0.556420332107999,0.4090039125055,0.0038949625151469,0.0425683226658539,0.520153627387138,0.136863136863137,ok,0.623376623376623,0.024133852512392973,0.0038949625151469
SIG096,GSE39582,11,11,0.507528539343761,0,0.479579160856889,-0.0444531687140867,-0.0004594058351199,0.0242812150767043,0.519535662551331,0.787212787212787,ok,0.950278293135436,-0.012007123207570025,-0.0004594058351199
SIG097,GSE39582,14,14,0.504099831222507,1,0.492736722018,-0.0247890876269054,0.0006990958360519,0.028345016763182,0.521901205363669,0.913086913086913,ok,0.981704577728435,-0.017801374141162007,0.0006990958360519
SIG098,GSE39582,5,5,0.518293088096535,1,0.525034858663963,0.105119919376573,0.000432773612794,0.0344407192928985,0.520891198320199,0.564435564435564,ok,0.88400539027677,-0.002598110223664074,0.000432773612794
SIG099,GSE39582,11,11,0.531622523157069,0,0.534136138927621,0.169763586876817,0.004147968627242,0.0385045209793762,0.519535662551331,0.282717282717283,ok,0.739796365640146,0.012086860605738048,0.004147968627242
SIG101,GSE39582,10,8,0.526957885364201,0,0.537583977690455,0.169331221559593,0.0047205614072465,0.0385045209793762,0.521276595744681,0.375624375624376,ok,0.798497100383893,0.005681289619519969,0.0047205614072465
SIG102,GSE39582,4,4,0.535489786968251,0,0.534567118772975,0.207479489079776,0.0005259863909343,0.0385045209793762,0.521263306178319,0.237762237762238,ok,0.716548712109201,0.01422648078993205,0.0005259863909343
SIG107,GSE39582,15,13,0.572713862346672,1,0.578527062999113,0.690963976414612,0.0114718297668348,0.0446002235090928,0.521980942761838,0.016983016983017,ok,0.3001443001443,0.050732919584833946,0.0114718297668348
SIG108,GSE39582,15,13,0.517881111539331,1,0.499733806566105,0.145084928902045,0.0001265030560474,0.0364726201361374,0.521980942761838,0.585414585414585,ok,0.88631637119879,-0.004099831222507011,0.0001265030560474
SIG109,GSE39582,7,7,0.588807527210387,1,0.625022182786158,0.692328015756399,0.0083691758658801,0.0446002235090928,0.520711789174319,0.001998001998002,ok,0.108051948051948,0.06809573803606794,0.0083691758658801
SIG110,GSE39582,9,9,0.532353449306949,1,0.527722144758525,0.445516270642592,-0.0004327736127941,0.0364726201361374,0.521309819660585,0.308691308691309,ok,0.753407228252771,0.011043629646363962,-0.0004327736127941
SIG111,GSE39582,13,12,0.55656703921751,0,0.578628470021549,0.526915205694999,0.0075169447514547,0.0466321243523316,0.521462649673741,0.0529470529470529,ok,0.441879108545775,0.03510438954376904,0.0075169447514547
SIG112,GSE39582,4,4,0.53180857708613,0,0.541259982253771,0.166163006435421,0.0011784758379163,0.0385045209793762,0.521263306178319,0.2997002997003,ok,0.749666614606485,0.0105452709078111,0.0011784758379163
SIG113,GSE39582,10,10,0.52007388998897,0,0.542197997211307,0.280279118998879,-0.0004993541686086,0.0303769176064208,0.519974218241259,0.494505494505495,ok,0.858243168897855,9.967174771097209e-05,-0.0004993541686086
SIG114,GSE39582,20,18,0.514292928621739,1,0.491114209659019,-0.0742308411209428,-0.0004727219462827,0.0344407192928985,0.522672000212633,0.674325674325674,ok,0.913912434870519,-0.008379071590894016,-0.0004727219462827
SIG115,GSE39582,4,4,0.514399245152631,1,0.526251742933198,0.0782807932079223,-9.98708337217602e-05,0.0303769176064208,0.521263306178319,0.652347652347652,ok,0.91369473593953,-0.006864061025687929,-9.98708337217602e-05
SIG116,GSE39582,5,5,0.530134091724587,0,0.528279883381924,0.242675700707791,0.0023902419537398,0.0385045209793762,0.520891198320199,0.324675324675325,ok,0.762747244067835,0.009242893404387997,0.0023902419537398
SIG117,GSE39582,4,4,0.510864220500485,0,0.497376093294461,0.0655295498503734,-0.0002596641676765,0.0446002235090928,0.521263306178319,0.734265734265734,ok,0.933892072179937,-0.010399085677833986,-0.0002596641676765
SIG118,GSE39582,15,14,0.543689449413266,1,0.555533020661681,0.450100183795361,0.0002996125011651,0.0303769176064208,0.521901205363669,0.143856143856144,ok,0.628411975746386,0.021788244049597005,0.0002996125011651
SIG119,GSE39582,10,10,0.528924741185695,0,0.545189504373178,0.43605998248702,0.007476996417966,0.0385045209793762,0.519974218241259,0.326673326673327,ok,0.764121691457332,0.00895052294443599,0.007476996417966
SIG120,GSE39582,4,3,0.54977607080681,1,0.543009253390797,0.210588605216663,0.0098738964272873,0.0385045209793762,0.519867901710367,0.0749250749250749,ok,0.495767761650115,0.029908169096443005,0.0098738964272873
SIG121,GSE39582,6,6,0.564248408574428,1,0.55773862339967,0.359673103597092,0.0067845586374955,0.0466321243523316,0.520798171355669,0.037962037962038,ok,0.402546473134708,0.04345023721875907,0.0067845586374955
SIG122,GSE39582,8,8,0.501495076215663,1,0.501052097857777,0.169297027257606,-0.0003661930569797,0.0181855125469877,0.521276595744681,0.952047952047952,ok,0.99269605587017,-0.019781519529017966,-0.0003661930569797
SIG124,GSE39582,4,4,0.54262628410435,0,0.578628470021549,0.270035406303715,0.0034555308467714,0.0324088184496597,0.521263306178319,0.151848151848152,ok,0.640557570354762,0.021362977926031035,0.0034555308467714
SIG125,GSE39582,4,4,0.543317341555145,1,0.561845607808341,0.257739573480099,0.0037085369588665,0.0405364218226151,0.521263306178319,0.143856143856144,ok,0.628411975746386,0.022054035376826042,0.0037085369588665
SIG126,GSE39582,4,4,0.507674724573737,1,0.475015844847256,-0.0855984817745505,0.0014980625058257,0.028345016763182,0.521263306178319,0.81018981018981,ok,0.956170246492827,-0.013588581604581984,0.0014980625058257
SIG127,GSE39582,6,6,0.526559198373357,0,0.532615033591076,0.111733343122834,-0.0003928252793055,0.0364726201361374,0.520798171355669,0.376623376623377,ok,0.798736949325185,0.005761027017687992,-0.0003928252793055
SIG128,GSE39582,11,11,0.517482424548487,1,0.522879959437191,0.343113537608822,0.0022703969532736,0.0344407192928985,0.519535662551331,0.558441558441558,ok,0.882540019886601,-0.00205323800284396,0.0022703969532736
SIG129,GSE39582,9,9,0.509096708174412,0,0.516465965268095,0.0491818887836831,0.0024435063983914,0.0303769176064208,0.521309819660585,0.763236763236763,ok,0.943056943056943,-0.01221311148617299,0.0024435063983914
SIG130,GSE39582,9,9,0.528127367204008,0,0.545924705285841,0.239074750500567,0.0012716886160565,0.0364726201361374,0.521309819660585,0.376623376623377,ok,0.798736949325185,0.006817547543423008,0.0012716886160565
SIG132,GSE39582,5,5,0.516153467912342,1,0.513525161617442,0.204283054886647,0.0001531352783732,0.0181855125469877,0.520891198320199,0.613386613386613,ok,0.896054782602595,-0.004737730407857077,0.0001531352783732
SIG133,GSE39582,5,5,0.529137374247478,0,0.543440233236152,0.185055953306636,0.0030959958453733,0.0364726201361374,0.520891198320199,0.341658341658342,ok,0.779264469760685,0.008246175927278943,0.0030959958453733
SIG134,GSE39582,8,8,0.560633646524114,1,0.529446064139942,0.417871745853295,0.0037618014035181,0.0405364218226151,0.521276595744681,0.038961038961039,ok,0.406759263902121,0.03935705077943297,0.0037618014035181
SIG135,GSE39582,3,3,0.526971174930562,1,0.52097857776651,0.121372915642739,-4.66063890701696e-05,0.0344407192928985,0.519867901710367,0.346653346653347,ok,0.782306802108782,0.007103273220194994,-4.66063890701696e-05
SIG136,GSE39582,9,9,0.535596103499143,0,0.552795031055901,0.3214815620148,0.0023769258425768,0.0385045209793762,0.521309819660585,0.247752247752248,ok,0.720346320346321,0.014286283838558012,0.0023769258425768
SIG138,GSE39582,5,5,0.515621885257884,0,0.532361516034985,0.17303233772275,-3.32902779072164e-05,0.0242812150767043,0.520891198320199,0.623376623376623,ok,0.898992207792208,-0.00526931306231504,-3.32902779072164e-05
SIG139,GSE39582,4,4,0.50706340452111,1,0.507973127139054,0.0396228805627807,-0.0004594058351199,0.0324088184496597,0.521263306178319,0.82017982017982,ok,0.9595797460966,-0.014199901657208969,-0.0004594058351199
SIG140,GSE39582,6,6,0.526253538347044,0,0.54349093674737,0.164590422236171,0.0010586308374501,0.0303769176064208,0.520798171355669,0.386613386613387,ok,0.810389610389611,0.005455366991375055,0.0010586308374501
SIG141,GSE39582,7,7,0.514106874692679,1,0.508125237672709,0.17474307221465,1.99741667443742e-05,0.0242812150767043,0.520711789174319,0.663336663336663,ok,0.91369473593953,-0.006604914481640023,1.99741667443742e-05
SIG142,GSE39582,12,12,0.526439592276104,1,0.520015211053365,0.288073054174647,0.0007789925030293,0.0303769176064208,0.521462649673741,0.404595404595405,ok,0.817047030639264,0.0049769426023630325,0.0007789925030293
SIG143,GSE39582,6,6,0.659441572421492,1,0.686398783115731,1.39461111636156,0.0443626243391879,0.068983033627959,0.520798171355669,0.0009990009990009,ok,0.0771799628942486,0.13864340106582307,0.0443626243391879
SIG144,GSE39582,3,3,0.519515728201789,0,0.518037774115858,0.153332783183603,0.0014314819500113,0.0344407192928985,0.519867901710367,0.507492507492508,ok,0.86258534439212,-0.0003521735085779687,0.0014314819500113
SIG145,GSE39582,12,12,0.543875503342326,1,0.54622892635315,0.131640684940362,0.0013116369495451,0.0344407192928985,0.521462649673741,0.151848151848152,ok,0.640557570354762,0.02241285366858503,0.0013116369495451
SIG146,GSE39582,3,3,0.547158026233604,0,0.560020281404487,0.136459385958326,0.002097287508156,0.0405364218226151,0.519867901710367,0.0909090909090909,ok,0.527506827936012,0.02729012452323698,0.002097287508156
SIG147,GSE39582,3,3,0.544579850359483,1,0.545595132462923,0.194816454850031,0.0009654180593099,0.0425683226658539,0.519867901710367,0.114885114885115,ok,0.580652991867945,0.024711948649115967,0.0009654180593099
SIG148,GSE39582,8,6,0.559304689887969,0,0.571225757383699,0.416499354408321,0.0086354980891379,0.0405364218226151,0.520798171355669,0.0559440559440559,ok,0.447552447552448,0.03850651853230003,0.0086354980891379
SIG149,GSE39582,8,8,0.537044666232541,0,0.534998098618329,0.357140970813066,0.0057325858556267,0.0425683226658539,0.521276595744681,0.220779220779221,ok,0.706493506493507,0.015768070487859998,0.0057325858556267
SIG150,GSE39582,10,10,0.555038739085944,1,0.548738750158448,0.138616044971395,0.0010719469486131,0.0425683226658539,0.519974218241259,0.058941058941059,ok,0.454064454064454,0.03506452084468503,0.0010719469486131
SIG151,GSE39582,8,8,0.533243850253166,1,0.510913930789707,0.169710823155568,0.0008056247253551,0.028345016763182,0.521276595744681,0.263736263736264,ok,0.733323931744465,0.011967254508485015,0.0008056247253551
SIG152,GSE39582,8,8,0.504432070381544,1,0.502319685638231,-0.015408074029853,-0.0004194575016311,0.0222493142334654,0.521276595744681,0.876123876123876,ok,0.972423230725814,-0.016844525363136964,-0.0004194575016311
SIG153,GSE39582,8,8,0.515993993116005,1,0.512232222081379,0.0968715308571173,7.32386113958539e-05,0.0181855125469877,0.521276595744681,0.616383616383616,ok,0.897523585730371,-0.00528260262867597,7.32386113958539e-05
SIG154,GSE39582,3,3,0.54015442476112,0,0.557840030422107,0.213090699035005,0.0029495186225814,0.0385045209793762,0.519867901710367,0.157842157842158,ok,0.648801349707694,0.020286523050752958,0.0029495186225814
SIG155,GSE39582,9,9,0.51595412441692,1,0.512536443148688,0.1092904905099,0.000432773612794,0.0303769176064208,0.521309819660585,0.622377622377622,ok,0.898989898989899,-0.005355695243664971,0.000432773612794
SIG156,GSE39582,5,5,0.629965314231797,1,0.648041576879199,0.847787930760391,0.0294752120590702,0.0750787361576755,0.520891198320199,0.0009990009990009,ok,0.0771799628942486,0.10907411591159799,0.0294752120590702
SIG157,GSE39582,5,5,0.553988863343389,0,0.57147927493979,0.534220773970159,0.0020706552858302,0.0344407192928985,0.520891198320199,0.0679320679320679,ok,0.475876455151067,0.033097665023190004,0.0020706552858302
SIG159,GSE39582,6,6,0.501003362260289,1,0.484117125110914,0.0904339789728498,-0.0003795091681425,0.0161536117037489,0.520798171355669,0.962037962037962,ok,0.993640431379163,-0.019794809095380006,-0.0003795091681425
SIG161,GSE39582,4,4,0.537735723683336,0,0.564634300925339,0.15033079181438,-0.0008722052811697,0.0161536117037489,0.521263306178319,0.206793206793207,ok,0.686882799352237,0.016472417505017045,-0.0008722052811697
SIG163,GSE39582,4,4,0.530811859609021,0,0.538674103181645,0.225549770546628,0.0021372358416447,0.0344407192928985,0.521263306178319,0.311688311688312,ok,0.753407228252771,0.009548553430702045,0.0021372358416447
SIG164,GSE39582,4,4,0.515103592169788,0,0.51139561414628,0.108906228271045,0.0012450563937307,0.0405364218226151,0.521263306178319,0.628371628371628,ok,0.902813738350492,-0.006159714008530992,0.0012450563937307
SIG165,GSE39582,5,5,0.547702898454423,0,0.559082266446952,0.311921957701363,0.0019907586188528,0.0344407192928985,0.520891198320199,0.110889110889111,ok,0.57113172541744,0.02681170013422396,0.0019907586188528
SIG166,GSE39582,3,3,0.508870785546268,1,0.485638230447458,0.0332926683364259,0.0002063997230248,0.0222493142334654,0.519867901710367,0.752247752247752,ok,0.939312410143829,-0.010997116164099041,0.0002063997230248
SIG167,GSE39582,3,3,0.505189575664146,1,0.518671568006084,0.0733222903264335,-0.0002729802788393,0.0364726201361374,0.519867901710367,0.84015984015984,ok,0.966720088422216,-0.01467832604622099,-0.0002729802788393
SIG168,GSE39582,9,9,0.538174279373264,0,0.555380910128026,0.23139893482776,0.0025766675100202,0.0405364218226151,0.521309819660585,0.207792207792208,ok,0.686882799352237,0.016864459712679025,0.0025766675100202
SIG169,GSE39582,8,8,0.556699934881125,1,0.553530231968564,0.642438954887433,0.004400974739337,0.0486640251955705,0.521276595744681,0.0599400599400599,ok,0.457847237508254,0.03542333913644402,0.004400974739337
SIG170,GSE39582,6,6,0.552766223238136,1,0.547242996577513,0.330368735010549,0.0050934125198076,0.0364726201361374,0.520798171355669,0.0799200799200799,ok,0.499555239281267,0.031968051882466986,0.0050934125198076
SIG171,GSE39582,4,4,0.556274668757558,1,0.574597540879706,0.35908442331253,0.0023769258425768,0.0385045209793762,0.521263306178319,0.056943056943057,ok,0.45021645021645,0.03501136257923909,0.0023769258425768
SIG172,GSE39582,6,6,0.50742222281287,1,0.498187349473951,0.0423661091549726,-0.0002330319453507,0.0263131159199431,0.520798171355669,0.796203796203796,ok,0.953892363728429,-0.013375948542798999,-0.0002330319453507
SIG173,GSE39582,5,5,0.521628769253259,0,0.524223602484472,0.162617261633675,0.0043743425170113,0.0344407192928985,0.520891198320199,0.48951048951049,ok,0.856168411149006,0.0007375709330599278,0.0043743425170113
SIG175,GSE39582,6,5,0.502119685834651,0,0.509595639498035,-0.0314299453359291,-0.0008855213923326,0.0263131159199431,0.520891198320199,0.959040959040959,ok,0.992820349635051,-0.01877151248554798,-0.0008855213923326
SIG176,GSE39582,8,8,0.545988544393796,1,0.557180884776271,0.354016172208,0.0079297441975045,0.0466321243523316,0.521276595744681,0.123876123876124,ok,0.6002886002886,0.024711948649114968,0.0079297441975045
SIG177,GSE39582,14,14,0.54043350565471,1,0.525034858663963,0.183407721431355,-0.0002063997230249,0.0303769176064208,0.521901205363669,0.181818181818182,ok,0.666223264606014,0.018532300291041026,-0.0002063997230249
SIG178,GSE39582,3,3,0.554055311175196,1,0.574775003168969,0.233334708035097,0.0062252819686539,0.0344407192928985,0.519867901710367,0.054945054945055,ok,0.444824636441403,0.03418740946482901,0.0062252819686539
SIG179,GSE39582,12,12,0.500883756163036,0,0.510051971098999,-0.201053222366835,-0.0004993541686086,0.0222493142334654,0.521462649673741,0.978021978021978,ok,0.996331023236853,-0.020578893510704965,-0.0004993541686086
SIG180,GSE39582,5,5,0.569245285526333,1,0.575763721637723,0.296095430944126,0.0048803547412013,0.028345016763182,0.520891198320199,0.0099900099900099,ok,0.239052982415814,0.04835408720613399,0.0048803547412013
SIG181,GSE39582,5,5,0.520127048254416,1,0.528685511471669,0.132050784314063,-0.0005925669467489,0.0303769176064208,0.520891198320199,0.521478521478522,ok,0.869459778550688,-0.0007641500657830091,-0.0005925669467489
SIG182,GSE39582,3,3,0.530147381290949,0,0.533147420458867,0.194608378948967,0.0027764091774638,0.0303769176064208,0.519867901710367,0.28971028971029,ok,0.743241578156189,0.010279479580581952,0.0027764091774638
SIG183,GSE39582,4,4,0.528260262867623,0,0.526099632399544,0.24220001344121,0.0018842297295497,0.0446002235090928,0.521263306178319,0.348651348651349,ok,0.782306802108782,0.006996956689304001,0.0018842297295497
SIG184,GSE39582,3,3,0.523276675482079,1,0.529040436050197,0.14716663955878,0.0016844880621063,0.0324088184496597,0.519867901710367,0.417582417582418,ok,0.820351015578781,0.0034087737717120037,0.0016844880621063
SIG185,GSE39582,22,22,0.5616037848685,1,0.56460894916973,0.618804199939622,0.0039881752932873,0.0446002235090928,0.524133852512393,0.046953046953047,ok,0.427478245660064,0.03746993235610707,0.0039881752932873
SIG186,GSE39582,19,18,0.568075803686526,0,0.583648117632146,0.62460878379052,0.0136689881087126,0.0425683226658539,0.522672000212633,0.013986013986014,ok,0.276045122760451,0.045403803473892945,0.0136689881087126
SIG187,GSE39582,4,4,0.500724281366699,0,0.488832551654202,0.0079104995959644,0.0017910169514094,0.0344407192928985,0.521263306178319,0.981018981018981,ok,0.996331023236853,-0.020539024811619955,0.0017910169514094
SIG188,GSE39582,6,6,0.511688173614895,0,0.521485612878692,0.136041020666786,0.0001131869448846,0.0344407192928985,0.520798171355669,0.693306693306693,ok,0.92258922180182,-0.009109997740773923,0.0001131869448846
SIG189,GSE39582,6,6,0.541470091830904,0,0.540626188363544,0.414947249741603,0.004028123626776,0.0303769176064208,0.520798171355669,0.172827172827173,ok,0.666223264606014,0.02067192047523503,0.004028123626776
SIG190,GSE39582,7,7,0.521123765731524,1,0.499987324122196,0.0119167818178253,-0.0009121536146583,0.0425683226658539,0.520711789174319,0.491508491508492,ok,0.857059446654822,0.00041197655720492943,-0.0009121536146583
SIG191,GSE39582,3,3,0.517854532406608,0,0.521079984788947,0.09886388284874,0.0005925669467488,0.0263131159199431,0.519867901710367,0.534465534465535,ok,0.874815257381843,-0.0020133693037590605,0.0005925669467488
SIG192,GSE39582,3,3,0.519409411670897,1,0.525060210419572,0.0801909143184532,-0.0002197158341877,0.0181855125469877,0.519867901710367,0.508491508491509,ok,0.86258534439212,-0.0004584900394699609,-0.0002197158341877
SIG193,GSE39582,7,7,0.532287001475142,0,0.535758651286602,0.152388288701498,-0.0004727219462827,0.0364726201361374,0.520711789174319,0.301698301698302,ok,0.751601016063826,0.011575212300822924,-0.0004727219462827
SIG194,GSE39582,6,6,0.552380825813654,1,0.548409177335531,0.176084525898746,0.0042678136277081,0.0405364218226151,0.520798171355669,0.0839160839160839,ok,0.507626601586333,0.03158265445798503,0.0042678136277081
SIG195,GSE39582,12,12,0.506996956689303,1,0.503130941817721,0.0238558079580323,6.65805558142107e-06,0.0202174133902266,0.521462649673741,0.821178821178821,ok,0.9595797460966,-0.014465692984438006,6.65805558142107e-06
SIG196,GSE39582,4,4,0.534453200792058,0,0.538699454937254,0.161074635108364,0.0034155825132827,0.0242812150767043,0.521263306178319,0.256743256743257,ok,0.72618594794327,0.013189894613739095,0.0034155825132827
SIG197,GSE39582,4,4,0.511316065756774,1,0.507846368361009,0.0558120527351004,-0.0008455730588439,0.0405364218226151,0.521263306178319,0.725274725274725,ok,0.931614874688879,-0.009947240421544934,-0.0008455730588439
SIG198,GSE39582,3,3,0.562627081478331,1,0.552414754721765,0.160491861034811,0.0040014914044501,0.0364726201361374,0.519867901710367,0.024975024975025,ok,0.363077782432621,0.04275917976796395,0.0040014914044501
SIG199,GSE39582,5,5,0.517203343654897,0,0.537685384712891,0.0452166045614271,0.0001265030560474,0.0344407192928985,0.520891198320199,0.592407592407592,ok,0.88795461744464,-0.0036878546653020816,0.0001265030560474
SIG200,GSE39582,3,3,0.545403803473893,0,0.543085308657625,0.255377743958802,0.0031359441788619,0.0466321243523316,0.519867901710367,0.105894105894106,ok,0.55599546084983,0.025535901763525937,0.0031359441788619
SIG201,GSE39582,4,3,0.527768548912249,1,0.519178603118266,0.0020041299337383,-0.0002463480565135,0.0263131159199431,0.519867901710367,0.32967032967033,ok,0.765174739423666,0.007900647201881994,-0.0002463480565135
SIG202,GSE39582,29,29,0.501043230959374,1,0.483660793509951,-0.0410455794249876,6.65805558142107e-06,0.0242812150767043,0.523569045942031,0.983016983016983,ok,0.996331023236853,-0.022525814982657044,6.65805558142107e-06
SIG203,GSE39582,5,5,0.507648145441014,0,0.510685764989225,0.201971469884585,0.0051333608532964,0.0303769176064208,0.520891198320199,0.819180819180819,ok,0.95890256929218,-0.013243052879185035,0.0051333608532964
SIG204,GSE39582,3,3,0.513150025914654,0,0.538927620737736,0.0977958456027907,0.0020706552858302,0.0425683226658539,0.519867901710367,0.646353646353646,ok,0.911705925790433,-0.006717875795713035,0.0020706552858302
SIG205,GSE39582,7,7,0.534187409464829,0,0.547217644821904,0.189702689442105,0.0004594058351199,0.0303769176064208,0.520711789174319,0.272727272727273,ok,0.733323931744465,0.013475620290509971,0.0004594058351199
SIG206,GSE39582,11,11,0.526824989700586,0,0.512232222081379,0.145579706595073,0.0013915336165225,0.0385045209793762,0.519535662551331,0.347652347652348,ok,0.782306802108782,0.007289327149255009,0.0013915336165225
SIG207,GSE39582,13,13,0.532353449306949,0,0.566104702750666,0.358053915043023,0.0016312236174547,0.0425683226658539,0.521980942761838,0.288711288711289,ok,0.743241578156189,0.010372506545110904,0.0016312236174547
SIG208,GSE39582,7,6,0.575717304344359,0,0.587197363417417,0.494280483378511,0.0114052492110204,0.0486640251955705,0.520798171355669,0.011988011988012,ok,0.261416003351487,0.05491913298869,0.0114052492110204
SIG209,GSE39582,5,5,0.505442077425014,1,0.506071745468374,0.0748223990921292,0.0001131869448846,0.0364726201361374,0.520891198320199,0.876123876123876,ok,0.972423230725814,-0.01544912089518502,0.0001131869448846
SIG210,GSE39582,13,13,0.542679442369796,0,0.545899353530232,0.26841510952585,0.0021505519528076,0.0405364218226151,0.521980942761838,0.148851148851149,ok,0.636856814072004,0.020698499607958,0.0021505519528076
SIG211,GSE39582,4,4,0.563411165893657,0,0.559031562935733,0.530997032254024,0.0074237319733144,0.0446002235090928,0.521263306178319,0.031968031968032,ok,0.37772397094431,0.042147859715338076,0.0074237319733144
SIG212,GSE39582,3,3,0.528246973301261,1,0.535353023196856,0.0949425818042845,-0.0007390441695407,0.0324088184496597,0.519867901710367,0.323676323676324,ok,0.762387438345627,0.008379071590894016,-0.0007390441695407
SIG213,GSE39582,5,5,0.532353449306949,0,0.524730637596654,0.162254571666421,0.0039215947374728,0.0364726201361374,0.520891198320199,0.285714285714286,ok,0.742143543296281,0.011462250986749911,0.0039215947374728
SIG214,GSE39582,5,5,0.569936342977129,1,0.601825326403854,0.404901621067901,0.0079563764198302,0.0466321243523316,0.520891198320199,0.0099900099900099,ok,0.239052982415814,0.049045144656929995,0.0079563764198302
SIG215,GSE39582,4,4,0.565577365210573,1,0.566383572062365,0.14047716828154,0.0019907586188528,0.0425683226658539,0.521263306178319,0.025974025974026,ok,0.363905524527286,0.04431405903225405,0.0019907586188528
SIG216,GSE39582,4,4,0.534400042526612,0,0.546888071998986,0.227145688765975,0.0043343941835225,0.0466321243523316,0.521263306178319,0.256743256743257,ok,0.72618594794327,0.013136736348293043,0.0043343941835225
SIG217,GSE39582,8,8,0.524127207729212,0,0.518595512739257,0.184199691201048,0.0027630930663008,0.0324088184496597,0.521276595744681,0.444555444555445,ok,0.831740081224617,0.0028506119845309597,0.0027630930663008
SIG218,GSE39582,4,4,0.525615639161694,0,0.533198123970085,0.364344220887834,0.0011252113932647,0.0181855125469877,0.521263306178319,0.403596403596404,ok,0.817047030639264,0.004352332983375007,0.0011252113932647
SIG219,GSE39582,8,7,0.506173003574893,1,0.489238179743947,0.0946837914431824,0.0001398191672103,0.0364726201361374,0.520711789174319,0.85014985014985,ok,0.9671735299876,-0.014538785599426007,0.0001398191672103
SIG220,GSE39582,7,7,0.507913936768243,1,0.497984535429078,-0.0148018786108799,8.6554722558807e-05,0.0161536117037489,0.520711789174319,0.805194805194805,ok,0.955625810266791,-0.012797852406076005,8.6554722558807e-05
SIG221,GSE39582,4,4,0.552593458875437,1,0.562251235898086,0.281711334898927,0.0013249530607081,0.0324088184496597,0.521263306178319,0.0749250749250749,ok,0.495767761650115,0.03133015269711803,0.0013249530607081
SIG222,GSE39582,3,3,0.530652384812684,1,0.556775256686526,0.239842911112423,0.0003395608346538,0.0242812150767043,0.519867901710367,0.280719280719281,ok,0.737672434465437,0.010784483102316944,0.0003395608346538
SIG223,GSE39582,4,4,0.502053238002844,1,0.508302699961972,0.0454872086153254,0.0002330319453506,0.0263131159199431,0.521263306178319,0.952047952047952,ok,0.99269605587017,-0.019210068175474992,0.0002330319453506
SIG224,GSE39582,3,3,0.55931797945433,0,0.555913296995817,0.227089637970078,0.0033756341797941,0.0405364218226151,0.519867901710367,0.032967032967033,ok,0.37772397094431,0.03945007774396303,0.0033756341797941
SIG225,GSE39582,5,5,0.528898162052972,0,0.556547090886044,0.341971489152909,0.0030959958453733,0.028345016763182,0.520891198320199,0.34965034965035,ok,0.782306802108782,0.008006963732772987,0.0030959958453733
SIG226,GSE39582,5,5,0.58773107233511,0,0.614070224363037,0.566209609450046,0.0178502470138621,0.0446002235090928,0.520891198320199,0.001998001998002,ok,0.108051948051948,0.06683987401491098,0.0178502470138621
SIG227,GSE39582,8,8,0.509096708174412,1,0.506147800735201,0.0791760246047055,-0.0006591475025633,0.0303769176064208,0.521276595744681,0.781218781218781,ok,0.950278293135436,-0.012179887570268999,-0.0006591475025633
SIG228,GSE39582,6,6,0.504777599106941,0,0.501635188236786,0.0295380627881915,0.0019508102853642,0.0364726201361374,0.520798171355669,0.854145854145854,ok,0.9671735299876,-0.016020572248727993,0.0019508102853642
SIG229,GSE39582,4,4,0.530931465706274,0,0.542831791101534,0.194087785255029,0.0058524308560927,0.0446002235090928,0.521263306178319,0.30969030969031,ok,0.753407228252771,0.009668159527955078,0.0058524308560927
SIG230,GSE39582,16,16,0.557058753172884,1,0.545975408797059,0.299232776897045,0.0038150658481697,0.0263131159199431,0.520153627387138,0.051948051948052,ok,0.441879108545775,0.03690512578574601,0.0038150658481697
SIG231,GSE39582,3,3,0.515023854771619,1,0.504753454176702,0.200969409555236,0.0010053663927985,0.0344407192928985,0.519867901710367,0.604395604395604,ok,0.892077354959451,-0.004844046938747959,0.0010053663927985
SIG232,GSE39582,7,7,0.553683203317076,0,0.567727215109646,0.353984193870372,0.0079031119751786,0.028345016763182,0.520711789174319,0.054945054945055,ok,0.444824636441403,0.03297141414275695,0.0079031119751786
SIG233,GSE39582,10,10,0.576102701768841,1,0.579870706046394,0.403269234078674,0.0086088658668122,0.0405364218226151,0.519974218241259,0.004995004995005,ok,0.182520182520183,0.05612848352758204,0.0086088658668122
SIG234,GSE39582,13,12,0.50824617592728,0,0.527367220179998,0.0633184944624656,-0.0002197158341877,0.0202174133902266,0.521462649673741,0.79020979020979,ok,0.95134785072452,-0.013216473746460955,-0.0002197158341877
SIG235,GSE39582,6,6,0.520220075218946,1,0.522068703257701,0.152264540328812,-0.0002330319453507,0.0202174133902266,0.520798171355669,0.515484515484515,ok,0.866422741345342,-0.0005780961367229942,-0.0002330319453507
SIG236,GSE39582,5,5,0.570281871702527,0,0.586969197616935,0.230704551569162,0.0075835253072692,0.0446002235090928,0.520891198320199,0.0099900099900099,ok,0.239052982415814,0.04939067338232794,0.0075835253072692
SIG237,GSE39582,6,6,0.520299812617114,0,0.531600963366713,0.056056409861574,0.0011784758379163,0.0263131159199431,0.520798171355669,0.514485514485515,ok,0.866422741345342,-0.0004983587385549715,0.0011784758379163
SIG238,GSE39582,6,6,0.530147381290949,1,0.521663075167955,0.28013888756549,-0.0002996125011651,0.0181855125469877,0.520798171355669,0.318681318681319,ok,0.757218177253327,0.00934920993527999,-0.0002996125011651
SIG239,GSE39582,7,7,0.508020253299135,1,0.503612625174293,0.0035427448106533,-0.0002197158341877,0.0263131159199431,0.520711789174319,0.804195804195804,ok,0.955625810266791,-0.012691535875184012,-0.0002197158341877
SIG240,GSE39582,6,6,0.539410209044879,1,0.532285460768158,0.151571825150199,0.0024168741760656,0.0324088184496597,0.520798171355669,0.201798201798202,ok,0.684552714366379,0.018612037689210048,0.0024168741760656
SIG241,GSE39582,4,4,0.507541828910123,1,0.499505640765623,0.0967109523483295,8.6554722558807e-05,0.0263131159199431,0.521263306178319,0.811188811188811,ok,0.956170246492827,-0.013721477268195947,8.6554722558807e-05
SIG242,GSE39582,6,6,0.506345767937592,1,0.496209912536443,0.0030180756909497,-0.0004993541686086,0.0263131159199431,0.520798171355669,0.819180819180819,ok,0.95890256929218,-0.014452403418076964,-0.0004993541686086
SIG243,GSE39582,8,8,0.579531409890095,1,0.595436683990366,0.4904380450034,0.0060788047458619,0.054759727725287,0.521276595744681,0.0059940059940059,ok,0.2000962000962,0.058254814145414,0.0060788047458619
SIG244,GSE39582,13,13,0.564474331202573,0,0.587222715173026,0.50982276149734,0.0072905708616855,0.0385045209793762,0.521980942761838,0.02997002997003,ok,0.373451433359267,0.042493388440734914,0.0072905708616855
SIG245,GSE39582,3,3,0.513482265073691,1,0.492052224616555,0.0806513885059875,0.0018709136183868,0.028345016763182,0.519867901710367,0.641358641358641,ok,0.909881304424851,-0.0063856366366760176,0.0018709136183868
SIG246,GSE39582,5,5,0.550759498717557,1,0.549042971225757,0.399575418944565,0.0014048497276855,0.0364726201361374,0.520891198320199,0.0859140859140859,ok,0.510575139146568,0.029868300397357994,0.0014048497276855
SIG247,GSE39582,3,3,0.585963560009037,0,0.600050703511218,0.506991893432884,0.0130031825505679,0.0446002235090928,0.519867901710367,0.003996003996004,ok,0.163715072805982,0.06609565829867003,0.0130031825505679
SIG248,GSE39582,5,5,0.588701210679496,1,0.598402839396628,0.641156509987363,0.0068111908598212,0.0466321243523316,0.520891198320199,0.001998001998002,ok,0.108051948051948,0.06781001235929696,0.0068111908598212
SIG249,GSE39582,4,4,0.52035297088256,0,0.532564330079858,0.138300070248403,0.0010053663927985,0.0425683226658539,0.521263306178319,0.526473526473527,ok,0.871226692524122,-0.0009103352957589017,0.0010053663927985
SIG250,GSE39582,4,4,0.504020093824338,0,0.516998352135885,0.0518389085840405,9.98708337216492e-05,0.028345016763182,0.521263306178319,0.9000999000999,ok,0.981507735292596,-0.017243212353980963,9.98708337216492e-05
SIG251,GSE39582,14,13,0.521376267492392,0,0.523437698060591,0.177640417278724,0.0020440230635044,0.0242812150767043,0.521980942761838,0.513486513486514,ok,0.866422741345342,-0.0006046752694460755,0.0020440230635044
SIG252,GSE39582,3,3,0.532313580607865,1,0.550310559006211,0.153108234134794,-0.0010053663927986,0.0344407192928985,0.519867901710367,0.251748251748252,ok,0.720346320346321,0.012445678897498036,-0.0010053663927986
SIG253,GSE39582,3,3,0.520233364785307,0,0.544378248193687,0.225590088021037,0.0002862963900022,0.0303769176064208,0.519867901710367,0.491508491508492,ok,0.857059446654822,0.00036546307494000896,0.0002862963900022
SIG254,GSE39582,3,3,0.516366100974125,1,0.536798073266574,0.0861589610421352,0.0011118952821017,0.028345016763182,0.519867901710367,0.56943056943057,ok,0.88400539027677,-0.0035018007362419556,0.0011118952821017
SIG255,GSE39582,3,2,0.546148019190134,0,0.541944479655216,0.1618801509013,0.0073038869728484,0.0344407192928985,0.520505800895717,0.136863136863137,ok,0.623376623376623,0.02564221829441704,0.0073038869728484
SIG256,GSE39582,5,5,0.517562161946656,0,0.53360375205983,0.215983802869759,0.0012317402825678,0.0242812150767043,0.520891198320199,0.579420579420579,ok,0.884172261147431,-0.0033290363735429818,0.0012317402825678
SIG257,GSE39582,4,3,0.5155820165588,0,0.515325136265687,0.0992219166819916,-3.32902779072164e-05,0.028345016763182,0.519867901710367,0.585414585414585,ok,0.88631637119879,-0.004285885151567026,-3.32902779072164e-05
SIG258,GSE39582,6,4,0.510385796111473,1,0.507592850804918,0.156729846838199,-5.99225002331227e-05,0.0181855125469877,0.521263306178319,0.741258741258741,ok,0.936131033145958,-0.010877510066846008,-5.99225002331227e-05
SIG259,GSE39582,6,5,0.543583132882374,1,0.546634554442895,0.202149660431567,0.0019108619518755,0.028345016763182,0.520891198320199,0.151848151848152,ok,0.640557570354762,0.022691934562174998,0.0019108619518755
SIG260,GSE39582,5,5,0.523914574667429,1,0.519457472429966,-0.0126515497270768,-0.0004061413904683,0.0303769176064208,0.520891198320199,0.445554445554446,ok,0.831740081224617,0.0030233763472299335,-0.0004061413904683
SIG261,GSE39582,14,14,0.521748375350512,0,0.538344530358727,0.258659580618311,9.98708337216492e-05,0.0303769176064208,0.521901205363669,0.503496503496504,ok,0.86258534439212,-0.00015283001315702371,9.98708337216492e-05
SIG262,GSE39582,6,6,0.559078767259824,1,0.572239827608062,0.434121218914495,0.0029228864002556,0.0344407192928985,0.520798171355669,0.0579420579420579,ok,0.45021645021645,0.038280595904155,0.0029228864002556
SIG263,GSE39582,4,4,0.523675362472923,1,0.535302319685638,0.202785206853088,0.0026299319546718,0.028345016763182,0.521263306178319,0.441558441558442,ok,0.829724826945119,0.002412056294604059,0.0026299319546718
SIG264,GSE39582,6,6,0.559650218613367,0,0.543288122702497,0.350872376371196,0.0116848875454412,0.0385045209793762,0.520798171355669,0.054945054945055,ok,0.444824636441403,0.038852047257697975,0.0116848875454412
SIG265,GSE39582,7,7,0.54271931106888,1,0.549347192293066,0.419167013461751,0.0032291569570022,0.0263131159199431,0.520711789174319,0.155844155844156,ok,0.648801349707694,0.02200752189456101,0.0032291569570022
SIG266,GSE39582,5,5,0.521057317899717,1,0.495601470401825,0.0248803801616743,0.0012317402825678,0.0303769176064208,0.520891198320199,0.498501498501499,ok,0.861308659391727,0.00016611957951795375,0.0012317402825678
SIG267,GSE39582,11,11,0.524299972091911,0,0.540169856762581,0.29528826989799,0.002230448619785,0.0405364218226151,0.519535662551331,0.400599400599401,ok,0.815678297606008,0.004764309540580047,0.002230448619785
SIG268,GSE39582,6,6,0.524871423445453,0,0.5229053111928,0.183879633331779,0.0046806130737578,0.0385045209793762,0.520798171355669,0.412587412587413,ok,0.819472924736083,0.004073252089784041,0.0046806130737578
SIG269,GSE39582,3,3,0.509322630802557,0,0.511497021168716,0.0152619419521499,0.0003395608346538,0.0202174133902266,0.519867901710367,0.742257742257742,ok,0.936131033145958,-0.01054527090780999,0.0003395608346538
SIG270,GSE39582,4,4,0.506744454928436,0,0.514742045886678,0.0277001820228713,-0.0003661930569797,0.0303769176064208,0.521263306178319,0.829170829170829,ok,0.962930813830557,-0.014518851249882947,-0.0003661930569797
SIG271,GSE39582,5,5,0.506305899238508,0,0.513271644061351,-0.0170273794676487,-0.0009654180593099,0.0202174133902266,0.520891198320199,0.856143856143856,ok,0.96781479390175,-0.014585299081691039,-0.0009654180593099
SIG272,GSE39582,4,4,0.532605951067817,0,0.550665483584738,0.12195339522789,0.0002729802788393,0.0385045209793762,0.521263306178319,0.290709290709291,ok,0.745097556471964,0.011342644889498099,0.0002729802788393
SIG273,GSE39582,4,4,0.512724759791088,1,0.541488148054253,0.107603941414548,0.000179767500699,0.0263131159199431,0.521263306178319,0.692307692307692,ok,0.92258922180182,-0.00853854638723095,0.000179767500699
SIG274,GSE39582,8,8,0.531781997953407,1,0.536240334643174,0.171881250430201,-3.32902779072164e-05,0.0303769176064208,0.521276595744681,0.283716283716284,ok,0.739796365640146,0.010505402208725978,-3.32902779072164e-05
SIG275,GSE39582,4,4,0.502943638949061,1,0.491773355304855,0.0141164680070795,-0.0004727219462827,0.0263131159199431,0.521263306178319,0.933066933066933,ok,0.985551948051948,-0.01831966722925793,-0.0004727219462827
SIG276,GSE39582,12,12,0.530266987388202,0,0.541259982253771,0.235680749700314,0.0020706552858302,0.0405364218226151,0.521462649673741,0.334665334665335,ok,0.771470643593406,0.008804337714460986,0.0020706552858302
SIG277,GSE39582,6,6,0.516033861815089,0,0.527747496514134,0.132963692175421,0.0011784758379163,0.0202174133902266,0.520798171355669,0.601398601398601,ok,0.891547049441786,-0.004764309540579936,0.0011784758379163
SIG278,GSE39582,5,5,0.536539662710806,1,0.538496640892382,0.301788236390238,0.0012850047272194,0.0425683226658539,0.520891198320199,0.233766233766234,ok,0.713435548649996,0.015648464390606964,0.0012850047272194
SIG279,GSE39582,7,7,0.552460563211823,0,0.556547090886044,0.381507533967226,0.0092214069803053,0.0466321243523316,0.520711789174319,0.0649350649350649,ok,0.47041085563513,0.03174877403750398,0.0092214069803053
SIG280,GSE39582,4,4,0.507435512379231,0,0.524984155152744,-0.0207034945967262,-0.0001398191672103,0.0161536117037489,0.521263306178319,0.812187812187812,ok,0.956930651048298,-0.01382779379908794,-0.0001398191672103
SIG281,GSE39582,4,4,0.537802171515144,0,0.541513499809862,0.22386272275937,0.0076767380854094,0.0385045209793762,0.521263306178319,0.206793206793207,ok,0.686882799352237,0.016538865336825026,0.0076767380854094
SIG282,GSE39582,16,16,0.518200061132005,1,0.526632019267334,0.0428583985763254,-0.0001930836118619,0.0222493142334654,0.520153627387138,0.537462537462537,ok,0.876096876096876,-0.001953566255132988,-0.0001930836118619
SIG283,GSE39582,10,10,0.532885031961407,1,0.545595132462923,0.281265786169452,0.0004727219462827,0.0303769176064208,0.519974218241259,0.274725274725275,ok,0.733323931744465,0.012910813720148018,0.0004727219462827
SIG284,GSE39582,3,3,0.561178518744933,0,0.56268221574344,0.314451099397254,0.011072346431948,0.0506959260388093,0.519867901710367,0.028971028971029,ok,0.369517275177653,0.041310617034565955,0.011072346431948
SIG285,GSE39582,9,9,0.528991189017502,0,0.534364304728102,0.195032371256364,0.003508795291423,0.028345016763182,0.521309819660585,0.358641358641359,ok,0.785235816814764,0.007681369356916989,0.003508795291423
SIG286,GSE39582,5,5,0.504830757372387,0,0.510178729877044,0.130175308003094,-0.0008189408365181,0.0303769176064208,0.520891198320199,0.894105894105894,ok,0.980398352661127,-0.016060440947812005,-0.0008189408365181
SIG287,GSE39582,3,3,0.544101425970471,0,0.537938902268982,0.314637268088075,0.0014847463946628,0.0344407192928985,0.519867901710367,0.117882117882118,ok,0.59028379028379,0.024233524260103945,0.0014847463946628
SIG288,GSE39582,5,5,0.524060759897405,0,0.534820636329066,0.171506612344532,0.0009654180593099,0.0263131159199431,0.520891198320199,0.443556443556444,ok,0.831168831168831,0.003169561577205937,0.0009654180593099
SIG289,GSE39582,17,16,0.564593937299826,1,0.562783622765877,0.895268249648589,0.0050001997416674,0.0425683226658539,0.520153627387138,0.022977022977023,ok,0.353010625737898,0.04444030991268799,0.0050001997416674
SIG290,GSE39582,3,3,0.552274509282762,0,0.54019520851819,0.21507267926611,0.0065315525254003,0.0486640251955705,0.519867901710367,0.0619380619380619,ok,0.460111317254174,0.032406607572394996,0.0065315525254003
SIG291,GSE39582,3,3,0.559703376878812,0,0.567524401064774,0.374394125421507,0.0056660052998122,0.0486640251955705,0.519867901710367,0.032967032967033,ok,0.37772397094431,0.03983547516844499,0.0056660052998122
SIG292,GSE39582,15,14,0.534532938190227,0,0.545823298263405,0.279978112222596,0.0038683302928213,0.0385045209793762,0.521901205363669,0.262737262737263,ok,0.733323931744465,0.01263173282655794,0.0038683302928213
SIG293,GSE39582,7,6,0.509043549908967,0,0.515984281911522,-0.0143533161615914,0.0004860380574456,0.0303769176064208,0.520798171355669,0.753246753246753,ok,0.939312410143829,-0.011754621446701918,0.0004860380574456
SIG294,GSE39582,4,4,0.541908647520832,0,0.580098871846875,0.319962301998394,0.0014048497276855,0.0405364218226151,0.521263306178319,0.157842157842158,ok,0.648801349707694,0.020645341342513057,0.0014048497276855
SIG295,GSE39582,9,7,0.521788244049597,0,0.535733299530993,0.19765527663696,0.0021505519528076,0.0425683226658539,0.520711789174319,0.478521478521479,ok,0.851920746795911,0.0010764548752779657,0.0021505519528076
SIG296,GSE39582,11,11,0.5086182837854,0,0.491443782481937,-0.0556096528782112,0.0005526186132601,0.0202174133902266,0.519535662551331,0.759240759240759,ok,0.941737161920648,-0.010917378765931018,0.0005526186132601
SIG297,GSE39582,11,11,0.531436469228009,0,0.55664849790848,0.186173853689449,0.002363609731414,0.0344407192928985,0.519535662551331,0.283716283716284,ok,0.739796365640146,0.011900806676678033,0.002363609731414
SIG298,GSE39582,9,9,0.505920501814026,0,0.519508175941184,0.0247514605468421,0.0018842297295497,0.0303769176064208,0.521309819660585,0.857142857142857,ok,0.968049889201328,-0.015389317846558948,0.0018842297295497
SIG300,GSE39582,5,5,0.563158664132789,1,0.5530739003676,0.217504712216394,0.0033490019574683,0.0405364218226151,0.520891198320199,0.020979020979021,ok,0.33968426782798,0.04226746581259,0.0033490019574683
SIG301,GSE39582,7,7,0.545576567836592,1,0.562479401698568,0.237978712958329,0.0022837130644366,0.0303769176064208,0.520711789174319,0.123876123876124,ok,0.6002886002886,0.02486477866227299,0.0022837130644366
SIG302,GSE39582,6,6,0.54345023721876,1,0.557865382177716,0.356882556207563,0.0029495186225814,0.0303769176064208,0.520798171355669,0.155844155844156,ok,0.648801349707694,0.022652065863090987,0.0029495186225814
SIG303,GSE39582,3,3,0.500710991800338,0,0.508480162251236,0.0187457922184981,-0.0003395608346539,0.0120898100172712,0.519867901710367,0.984015984015984,ok,0.996331023236853,-0.019156909910029052,-0.0003395608346539
SIG304,GSE39582,4,4,0.551570162265605,1,0.543364177969324,0.343724579339342,0.004800458074224,0.0405364218226151,0.521263306178319,0.0779220779220779,ok,0.495767761650115,0.030306856087286005,0.004800458074224
SIG305,GSE39582,7,7,0.531728839687961,0,0.540727595385981,0.21933514559444,0.002110603619319,0.0364726201361374,0.520711789174319,0.30969030969031,ok,0.753407228252771,0.01101705051364199,0.002110603619319
SIG306,GSE39582,11,11,0.534320305128444,1,0.536291038154392,0.335377974183583,0.0006325152802375,0.028345016763182,0.519535662551331,0.24975024975025,ok,0.720346320346321,0.014784642577112983,0.0006325152802375
SIG307,GSE39582,13,13,0.511754621446702,0,0.51659272404614,0.103200053825997,0.001338269171871,0.0405364218226151,0.521980942761838,0.709290709290709,ok,0.928530902606755,-0.010226321315136011,0.001338269171871
SIG308,GSE39582,5,5,0.535888473959095,0,0.55555837241729,0.197970271844475,0.0015113786169886,0.0425683226658539,0.520891198320199,0.238761238761239,ok,0.716548712109201,0.014997275638895968,0.0015113786169886
SIG309,GSE39582,3,3,0.536566241843529,0,0.545189504373178,0.215340269968377,0.002110603619319,0.0385045209793762,0.519867901710367,0.193806193806194,ok,0.674455531598389,0.01669834013316196,0.002110603619319
SIG310,GSE39582,4,4,0.508671442050846,0,0.506908353403473,0.0209902886470034,0.0021905002862963,0.0263131159199431,0.521263306178319,0.787212787212787,ok,0.950278293135436,-0.01259186412747293,0.0021905002862963
SIG311,GSE39582,5,4,0.508857495979906,1,0.485283305868931,0.0053985747886399,4.66063890700585e-05,0.028345016763182,0.521263306178319,0.784215784215784,ok,0.950278293135436,-0.012405810198412914,4.66063890700585e-05
SIG312,GSE39582,9,9,0.523090621553019,0,0.537381163645582,0.282384080829077,0.0004194575016311,0.0385045209793762,0.521309819660585,0.462537462537463,ok,0.840525066331518,0.001780801892434014,0.0004194575016311
SIG313,GSE39582,3,3,0.504259306018845,0,0.510128026365826,-0.0218331953837759,0.0003262447234908,0.0263131159199431,0.519867901710367,0.873126873126873,ok,0.972423230725814,-0.015608595691521954,0.0003262447234908
SIG314,GSE39582,8,7,0.516751498398607,1,0.529471415895551,0.164691019775735,0.0010453147262873,0.0324088184496597,0.520711789174319,0.602397602397602,ok,0.891561640330113,-0.003960290775712028,0.0010453147262873
SIG315,GSE39582,8,8,0.500126250880434,0,0.479731271390544,-0.0433475919958838,-6.6580555815321e-06,0.0222493142334654,0.521276595744681,0.997002997002997,ok,1.0,-0.02115034486424694,-6.6580555815321e-06
SIG316,GSE39582,10,10,0.552500431910907,0,0.56405121054633,0.508039149818241,0.0100869542058937,0.0466321243523316,0.519974218241259,0.0799200799200799,ok,0.499555239281267,0.03252621366964803,0.0100869542058937
SIG317,GSE39582,7,7,0.533084375456829,1,0.53058689314235,0.217162669854471,0.0021638680639706,0.0344407192928985,0.520711789174319,0.287712287712288,ok,0.743241578156189,0.012372586282509923,0.0021638680639706
SIG318,GSE39582,4,4,0.538918495089505,0,0.567777918620864,0.185695256143842,0.0033889502909569,0.0303769176064208,0.521263306178319,0.191808191808192,ok,0.670956469145344,0.017655188911186004,0.0033889502909569
SIG319,GSE39582,8,8,0.513123446781932,0,0.516364558245659,0.0708097047819914,0.0002596641676764,0.028345016763182,0.521276595744681,0.684315684315684,ok,0.917851989280561,-0.00815314896274899,0.0002596641676764
SIG320,GSE39582,8,8,0.538347043735963,1,0.542603625301052,0.39831726902681,8.6554722558807e-05,0.0364726201361374,0.521276595744681,0.203796203796204,ok,0.684552714366379,0.01707044799128199,8.6554722558807e-05
SIG321,GSE39582,3,3,0.505455366991375,1,0.518367346938776,0.0564914535789777,-0.0004061413904683,0.0344407192928985,0.519867901710367,0.832167832167832,ok,0.963262764632628,-0.014412534718991954,-0.0004061413904683
SIG322,GSE39582,7,7,0.521735085784151,1,0.542983901635188,0.166879558344366,0.0001664513895361,0.0202174133902266,0.520711789174319,0.47952047952048,ok,0.851920746795911,0.001023296609831914,0.0001664513895361
SIG323,GSE39582,5,5,0.514704905178944,0,0.522119406768919,0.175673820075273,0.0008722052811696,0.0303769176064208,0.520891198320199,0.647352647352647,ok,0.912619915222726,-0.006186293141255073,0.0008722052811696
SIG324,GSE39582,3,3,0.504897205204194,0,0.504728102421093,-0.0292461872434283,7.32386113958539e-05,0.0202174133902266,0.519867901710367,0.852147852147852,ok,0.9671735299876,-0.014970696506172998,7.32386113958539e-05
SIG325,GSE39582,3,3,0.605632118223982,0,0.616833565724426,0.653825764476779,0.0235095942580928,0.0588235294117647,0.519867901710367,0.0009990009990009,ok,0.0771799628942486,0.08576421651361499,0.0235095942580928
SIG326,GSE39582,9,9,0.511262907491329,1,0.493877551020408,0.0079954787605887,-0.0003262447234909,0.0303769176064208,0.521309819660585,0.718281718281718,ok,0.929174684296171,-0.010046912169256017,-0.0003262447234909
SIG327,GSE39582,3,2,0.550001993434954,0,0.560907592850805,0.202845391392969,0.0009654180593099,0.0303769176064208,0.520505800895717,0.0989010989010989,ok,0.541353383458647,0.029496192539237076,0.0009654180593099
SIG328,GSE39582,9,9,0.517734926309355,1,0.545037393839523,0.192485217192814,-0.0006458313914005,0.0222493142334654,0.521309819660585,0.583416583416583,ok,0.884777589208324,-0.0035748933512299574,-0.0006458313914005
SIG329,GSE39582,5,4,0.50073757093306,0,0.50891114209659,-0.071217014890498,-0.0012317402825678,0.0202174133902266,0.521263306178319,0.981018981018981,ok,0.996331023236853,-0.020525735245258914,-0.0012317402825678
SIG330,GSE39582,16,16,0.552952277167196,0,0.561059703384459,0.319800266218175,0.0076367897519208,0.0405364218226151,0.520153627387138,0.0699300699300699,ok,0.481147351376359,0.032798649780057976,0.0076367897519208
SIG331,GSE39582,4,4,0.530997913538081,1,0.51606033717835,0.130373898402112,0.0026965125104864,0.0324088184496597,0.521263306178319,0.30969030969031,ok,0.753407228252771,0.00973460735976206,0.0026965125104864
SIG332,GSE39582,3,3,0.564248408574428,0,0.572391938141716,0.246077331295079,0.0100869542058937,0.0486640251955705,0.519867901710367,0.022977022977023,ok,0.353010625737898,0.04438050686406103,0.0100869542058937
SIG334,GSE39582,4,4,0.508724600316292,0,0.527088350868298,0.0545092471808385,-0.0002596641676765,0.0202174133902266,0.521263306178319,0.786213786213786,ok,0.950278293135436,-0.012538705862026989,-0.0002596641676765
SIG335,GSE39582,8,7,0.515794649620583,0,0.546761313220941,0.0844582048338897,0.000312928612328,0.0303769176064208,0.520711789174319,0.622377622377622,ok,0.898989898989899,-0.004917139553736072,0.000312928612328
SIG336,GSE39582,3,3,0.577883503661276,0,0.612092787425529,0.498228744733584,0.0091814586468167,0.0405364218226151,0.519867901710367,0.0069930069930069,ok,0.205533596837945,0.058015601950909046,0.0091814586468167
SIG337,GSE39582,4,4,0.525708666126224,1,0.516820889846622,0.121656385662183,0.0004460897239569,0.028345016763182,0.521263306178319,0.402597402597403,ok,0.817047030639264,0.00444535994790507,0.0004460897239569
SIG338,GSE39582,3,3,0.502425345860965,1,0.500190138167068,-0.0767181215126904,0.0002463480565135,0.0222493142334654,0.519867901710367,0.931068931068931,ok,0.985551948051948,-0.01744255584940202,0.0002463480565135
SIG001,GSE72970,4,4,0.58560794044665,1,0.619791666666667,0.177945269210083,0.0490074441687345,0.0298861480075901,0.555831265508685,0.320679320679321,ok,0.757969303423849,0.029776674937964986,0.0490074441687345
SIG002,GSE72970,4,4,0.544665012406948,1,0.609375,0.285110684091032,0.0415632754342432,0.0109108159392789,0.555831265508685,0.604395604395604,ok,0.892077354959451,-0.011166253101737023,0.0415632754342432
SIG003,GSE72970,13,11,0.56575682382134,1,0.71875,0.921631988436114,0.0452853598014888,0.0203984819734345,0.558312655086849,0.442557442557443,ok,0.831024531024531,0.007444168734490941,0.0452853598014888
SIG004,GSE72970,9,8,0.584367245657568,0,0.411458333333333,0.192413904033939,0.0068238213399503,-0.0175521821631879,0.557071960297767,0.31968031968032,ok,0.757594727796305,0.02729528535980108,0.0068238213399503
SIG005,GSE72970,6,6,0.529776674937965,0,0.458333333333333,0.080299867829259,0.0031017369727046,0.0014231499051233,0.557071960297767,0.742257742257742,ok,0.936131033145958,-0.02729528535980197,0.0031017369727046
SIG006,GSE72970,8,8,0.637717121588089,0,0.541666666666667,0.334996767637639,0.0055831265508684,0.0014231499051233,0.557071960297767,0.0879120879120879,ok,0.520162550797124,0.08064516129032206,0.0055831265508684
SIG007,GSE72970,15,15,0.6712158808933,0,0.677083333333333,0.87296423399372,0.0812655086848635,0.0014231499051233,0.560794044665012,0.031968031968032,ok,0.37772397094431,0.11042183622828794,0.0812655086848635
SIG009,GSE72970,6,6,0.600496277915633,1,0.75,0.789128766170318,0.0415632754342432,0.0109108159392789,0.557071960297767,0.233766233766234,ok,0.713435548649996,0.043424317617866026,0.0415632754342432
SIG010,GSE72970,6,6,0.516129032258065,1,0.614583333333333,0.221918151325136,0.0192307692307692,0.0203984819734345,0.557071960297767,0.862137862137862,ok,0.969639417499825,-0.04094292803970201,0.0192307692307692
SIG011,GSE72970,3,3,0.60545905707196,1,0.640625,0.444278228231112,0.0477667493796526,0.0203984819734345,0.555831265508685,0.187812187812188,ok,0.67006240512734,0.049627791563275014,0.0477667493796526
SIG012,GSE72970,3,3,0.54590570719603,0,0.630208333333333,0.175848820268004,0.0390818858560794,0.0014231499051233,0.555831265508685,0.603396603396603,ok,0.891576183379462,-0.009925558312654958,0.0390818858560794
SIG013,GSE72970,9,9,0.506203473945409,0,0.645833333333333,0.220044820161804,0.0353598014888338,0.0109108159392789,0.560173697270471,0.95004995004995,ok,0.99269605587017,-0.05397022332506196,0.0353598014888338
SIG014,GSE72970,15,15,0.534739454094293,1,0.635416666666667,0.299570531412657,0.0229528535980149,0.0203984819734345,0.560794044665012,0.721278721278721,ok,0.929174684296171,-0.026054590570719016,0.0229528535980149
SIG015,GSE72970,3,3,0.540942928039702,1,0.604166666666667,0.407795576839187,0.0514888337468983,0.0298861480075901,0.555831265508685,0.642357642357642,ok,0.910343325437665,-0.014888337468982993,0.0514888337468983
SIG016,GSE72970,57,50,0.563275434243176,1,0.59375,1.17784806320065,0.0403225806451613,0.0203984819734345,0.563275434243176,0.503496503496504,ok,0.86258534439212,0.0,0.0403225806451613
SIG018,GSE72970,9,9,0.563275434243176,1,0.588541666666667,0.350963555407201,0.0142679900744417,0.0298861480075901,0.560173697270471,0.486513486513487,ok,0.856082349277424,0.0031017369727051047,0.0142679900744417
SIG019,GSE72970,12,12,0.559553349875931,1,0.619791666666667,0.850717120978633,0.0440446650124069,0.0203984819734345,0.556451612903226,0.481518481518482,ok,0.853787523951458,0.0031017369727049937,0.0440446650124069
SIG020,GSE72970,5,3,0.560794044665012,1,0.760416666666667,0.277579040555506,0.0266749379652606,0.0203984819734345,0.555831265508685,0.46953046953047,ok,0.843594943262717,0.004962779156327035,0.0266749379652606
SIG021,GSE72970,10,8,0.562034739454094,1,0.71875,0.775235876079285,0.0676178660049628,0.0014231499051233,0.557071960297767,0.460539460539461,ok,0.83858498403953,0.004962779156327035,0.0676178660049628
SIG022,GSE72970,4,4,0.646401985111663,1,0.734375,0.705060734644053,0.0738213399503722,0.0298861480075901,0.555831265508685,0.0739260739260739,ok,0.494792336376495,0.09057071960297802,0.0738213399503722
SIG023,GSE72970,9,9,0.534739454094293,1,0.442708333333333,-0.194666258876113,0.0006203473945409,0.0203984819734345,0.560173697270471,0.712287712287712,ok,0.928530902606755,-0.02543424317617793,0.0006203473945409
SIG024,GSE72970,7,6,0.619106699751861,1,0.671875,0.456880915616119,0.0911910669975187,0.0203984819734345,0.557071960297767,0.146853146853147,ok,0.633318834275772,0.06203473945409399,0.0911910669975187
SIG025,GSE72970,13,11,0.622828784119107,0,0.5,0.438775541036451,0.0279156327543424,-0.0175521821631879,0.558312655086849,0.138861138861139,ok,0.624398552267405,0.06451612903225801,0.0279156327543424
SIG026,GSE72970,31,29,0.581885856079405,0,0.5,1.13263833879358,0.0353598014888338,-0.0080645161290322,0.555210918114144,0.337662337662338,ok,0.775075518708795,0.026674937965260992,0.0353598014888338
SIG027,GSE72970,4,4,0.54590570719603,0,0.359375,0.0435645954310893,0.0055831265508684,0.0109108159392789,0.555831265508685,0.58941058941059,ok,0.886903858523224,-0.009925558312654958,0.0055831265508684
SIG028,GSE72970,4,4,0.666253101736973,1,0.802083333333333,0.598978477126866,0.13833746898263,0.0203984819734345,0.555831265508685,0.041958041958042,ok,0.418651459241865,0.11042183622828805,0.13833746898263
SIG029,GSE72970,5,4,0.578163771712159,0,0.567708333333333,0.48149791295819,0.0279156327543424,-0.0175521821631879,0.555831265508685,0.360639360639361,ok,0.785792772899944,0.022332506203474045,0.0279156327543424
SIG030,GSE72970,7,7,0.553349875930521,1,0.661458333333333,0.251528091181132,-0.0068238213399503,0.0109108159392789,0.559553349875931,0.55944055944056,ok,0.883116883116883,-0.006203473945409987,-0.0068238213399503
SIG031,GSE72970,4,4,0.615384615384615,1,0.619791666666667,0.427125803979375,0.0676178660049628,0.0109108159392789,0.555831265508685,0.181818181818182,ok,0.666223264606014,0.05955334987592997,0.0676178660049628
SIG032,GSE72970,10,10,0.533498759305211,1,0.651041666666667,0.441830345081095,0.0502481389578164,0.0109108159392789,0.558312655086849,0.718281718281718,ok,0.929174684296171,-0.024813895781638062,0.0502481389578164
SIG033,GSE72970,10,9,0.506203473945409,0,0.364583333333333,-0.474858640403252,0.0142679900744417,-0.0080645161290322,0.560173697270471,0.95004995004995,ok,0.99269605587017,-0.05397022332506196,0.0142679900744417
SIG034,GSE72970,14,14,0.599255583126551,1,0.640625,0.483692161631388,0.0353598014888338,0.0203984819734345,0.555831265508685,0.235764235764236,ok,0.715495503374291,0.043424317617866026,0.0353598014888338
SIG035,GSE72970,3,2,0.621588089330025,1,0.682291666666667,0.683237033621917,0.0676178660049628,0.0203984819734345,0.558312655086849,0.143856143856144,ok,0.628411975746386,0.06327543424317594,0.0676178660049628
SIG036,GSE72970,13,12,0.615384615384615,1,0.666666666666667,0.547324816056019,0.0341191066997518,0.0393738140417457,0.556451612903226,0.156843156843157,ok,0.648801349707694,0.058933002481388996,0.0341191066997518
SIG037,GSE72970,14,13,0.61166253101737,1,0.666666666666667,0.639788677155156,0.0949131513647643,0.0203984819734345,0.558312655086849,0.191808191808192,ok,0.670956469145344,0.053349875930520985,0.0949131513647643
SIG038,GSE72970,3,3,0.67741935483871,1,0.614583333333333,0.732116543515214,0.101116625310174,0.0109108159392789,0.555831265508685,0.024975024975025,ok,0.363077782432621,0.12158808933002496,0.101116625310174
SIG039,GSE72970,14,14,0.599255583126551,0,0.46875,0.579560183968943,0.0291563275434243,0.0203984819734345,0.555831265508685,0.235764235764236,ok,0.715495503374291,0.043424317617866026,0.0291563275434243
SIG040,GSE72970,15,13,0.509925558312655,0,0.328125,-0.511643359083028,0.0179900744416873,-0.0080645161290322,0.558312655086849,0.92007992007992,ok,0.982969618291625,-0.04838709677419406,0.0179900744416873
SIG041,GSE72970,10,10,0.502481389578164,0,0.494791666666667,0.0083267246016933,0.0068238213399503,0.0203984819734345,0.558312655086849,0.982017982017982,ok,0.996331023236853,-0.055831265508685,0.0068238213399503
SIG042,GSE72970,8,7,0.522332506203474,1,0.572916666666667,0.0836944334101479,0.0167493796526055,0.0109108159392789,0.559553349875931,0.809190809190809,ok,0.956170246492827,-0.03722084367245693,0.0167493796526055
SIG043,GSE72970,14,14,0.534739454094293,1,0.588541666666667,0.314170557681002,-0.0018610421836228,0.0014231499051233,0.555831265508685,0.677322677322677,ok,0.913912434870519,-0.02109181141439198,-0.0018610421836228
SIG044,GSE72970,3,3,0.564516129032258,0,0.494791666666667,0.226637789629536,0.0291563275434243,0.0203984819734345,0.555831265508685,0.427572427572428,ok,0.82582560296846,0.008684863523573005,0.0291563275434243
SIG045,GSE72970,6,6,0.580645161290323,1,0.723958333333333,0.365309898749016,0.0527295285359801,0.0109108159392789,0.557071960297767,0.364635364635365,ok,0.79004329004329,0.023573200992555998,0.0527295285359801
SIG046,GSE72970,5,4,0.558312655086849,0,0.442708333333333,-0.126437615021512,0.0055831265508684,0.0109108159392789,0.555831265508685,0.487512487512488,ok,0.856082349277424,0.002481389578164017,0.0055831265508684
SIG047,GSE72970,4,4,0.635235732009926,0,0.677083333333333,1.04676442438952,0.0998759305210918,0.0203984819734345,0.555831265508685,0.103896103896104,ok,0.550853068500127,0.079404466501241,0.0998759305210918
SIG048,GSE72970,11,11,0.521091811414392,1,0.619791666666667,0.393989324807251,0.0179900744416873,0.0393738140417457,0.558312655086849,0.806193806193806,ok,0.955625810266791,-0.03722084367245704,0.0179900744416873
SIG049,GSE72970,14,14,0.586848635235732,1,0.78125,0.920094321076428,0.0452853598014888,0.0109108159392789,0.555831265508685,0.307692307692308,ok,0.753407228252771,0.03101736972704705,0.0452853598014888
SIG050,GSE72970,6,5,0.580645161290323,1,0.739583333333333,0.732197317793921,0.0366004962779156,-0.0080645161290322,0.557071960297767,0.356643356643357,ok,0.785235816814764,0.023573200992555998,0.0366004962779156
SIG051,GSE72970,7,7,0.59181141439206,0,0.557291666666667,0.639428320332128,0.0688585607940446,0.0109108159392789,0.559553349875931,0.267732267732268,ok,0.733323931744465,0.032258064516129004,0.0688585607940446
SIG052,GSE72970,20,19,0.646401985111663,1,0.828125,1.00530344258553,0.0911910669975187,0.0298861480075901,0.558312655086849,0.0779220779220779,ok,0.495767761650115,0.088089330024814,0.0911910669975187
SIG053,GSE72970,11,9,0.553349875930521,1,0.666666666666667,0.343117630979666,0.0353598014888338,0.0203984819734345,0.560173697270471,0.56043956043956,ok,0.883116883116883,-0.006823821339949965,0.0353598014888338
SIG054,GSE72970,46,45,0.642679900744417,1,0.869791666666667,2.74498028546828,0.106079404466501,0.0014231499051233,0.560794044665012,0.0809190809190809,ok,0.499555239281267,0.08188585607940502,0.106079404466501
SIG055,GSE72970,21,20,0.524813895781638,0,0.40625,0.173585550498272,0.0006203473945409,0.0203984819734345,0.555831265508685,0.778221778221778,ok,0.950027850253584,-0.03101736972704705,0.0006203473945409
SIG056,GSE72970,7,6,0.508684863523573,1,0.505208333333333,-0.0551752905670881,-0.0031017369727046,0.0014231499051233,0.557071960297767,0.927072927072927,ok,0.983446526012238,-0.04838709677419395,-0.0031017369727046
SIG057,GSE72970,8,8,0.549627791563276,1,0.697916666666667,0.255504916714958,0.0527295285359801,0.0014231499051233,0.557071960297767,0.556443556443557,ok,0.881959775277478,-0.007444168734490941,0.0527295285359801
SIG058,GSE72970,24,22,0.547146401985112,1,0.651041666666667,0.298844857571567,0.0552109181141439,0.0014231499051233,0.557071960297767,0.579420579420579,ok,0.884172261147431,-0.009925558312654958,0.0552109181141439
SIG059,GSE72970,14,13,0.590570719602978,1,0.786458333333333,0.75154035403229,0.0812655086848635,0.0109108159392789,0.558312655086849,0.270729270729271,ok,0.733323931744465,0.032258064516129004,0.0812655086848635
SIG060,GSE72970,7,6,0.635235732009926,1,0.864583333333333,1.12684257993308,0.0552109181141439,0.0203984819734345,0.557071960297767,0.0929070929070929,ok,0.533377450574903,0.07816377171215905,0.0552109181141439
SIG062,GSE72970,43,42,0.617866004962779,1,0.796875,2.02546549509981,0.0924317617866005,0.0393738140417457,0.558312655086849,0.160839160839161,ok,0.654126142915381,0.05955334987592997,0.0924317617866005
SIG063,GSE72970,19,19,0.52605459057072,1,0.567708333333333,0.171023440073951,0.0006203473945409,0.0109108159392789,0.558312655086849,0.76023976023976,ok,0.942111966859905,-0.032258064516129004,0.0006203473945409
SIG064,GSE72970,3,3,0.665012406947891,1,0.682291666666667,0.505249222293247,0.0949131513647643,0.0014231499051233,0.555831265508685,0.033966033966034,ok,0.381096082340896,0.10918114143920599,0.0949131513647643
SIG065,GSE72970,5,5,0.509925558312655,0,0.510416666666667,0.283280116841313,-0.0080645161290322,0.0203984819734345,0.557071960297767,0.915084915084915,ok,0.981900639043496,-0.047146401985111996,-0.0080645161290322
SIG066,GSE72970,11,11,0.558312655086849,1,0.796875,0.679731918962403,0.0713399503722084,-0.0080645161290322,0.558312655086849,0.512487512487513,ok,0.866422741345342,0.0,0.0713399503722084
SIG067,GSE72970,5,5,0.504962779156328,1,0.583333333333333,0.0918164960171475,0.0117866004962779,-0.0080645161290322,0.557071960297767,0.957042957042957,ok,0.992820349635051,-0.05210918114143892,0.0117866004962779
SIG068,GSE72970,5,5,0.614143920595534,1,0.817708333333333,0.538362487452088,0.0862282878411911,0.0014231499051233,0.557071960297767,0.173826173826174,ok,0.666223264606014,0.057071960297767066,0.0862282878411911
SIG069,GSE72970,7,7,0.542183622828784,0,0.557291666666667,0.0460495685291019,0.0241935483870968,0.0203984819734345,0.559553349875931,0.652347652347652,ok,0.91369473593953,-0.01736972704714701,0.0241935483870968
SIG070,GSE72970,3,3,0.6575682382134,0,0.609375,0.583998486433161,0.108560794044665,0.0488614800759013,0.555831265508685,0.0529470529470529,ok,0.441879108545775,0.10173697270471505,0.108560794044665
SIG071,GSE72970,13,13,0.502481389578164,1,0.661458333333333,0.507681397056587,0.0279156327543424,0.0109108159392789,0.558312655086849,0.983016983016983,ok,0.996331023236853,-0.055831265508685,0.0279156327543424
SIG072,GSE72970,15,14,0.521091811414392,0,0.609375,0.0815113836612291,0.0080645161290322,0.0014231499051233,0.555831265508685,0.795204795204795,ok,0.953540472830939,-0.03473945409429302,0.0080645161290322
SIG073,GSE72970,16,16,0.513647642679901,1,0.635416666666667,0.638336374132982,0.0217121588089331,0.0203984819734345,0.558312655086849,0.881118881118881,ok,0.974057830967071,-0.04466501240694798,0.0217121588089331
SIG074,GSE72970,11,11,0.607940446650124,0,0.322916666666667,0.186547995385971,-0.0217121588089331,-0.0080645161290322,0.558312655086849,0.193806193806194,ok,0.674455531598389,0.049627791563275014,-0.0217121588089331
SIG075,GSE72970,14,13,0.615384615384615,1,0.645833333333333,0.465620515100128,0.042803970223325,0.0109108159392789,0.558312655086849,0.178821178821179,ok,0.666223264606014,0.057071960297765956,0.042803970223325
SIG076,GSE72970,9,8,0.533498759305211,1,0.515625,0.316641101626667,0.0117866004962779,-0.0175521821631879,0.557071960297767,0.702297702297702,ok,0.92679989605319,-0.023573200992555998,0.0117866004962779
SIG077,GSE72970,7,7,0.5,0,0.520833333333333,-0.134068942468441,-0.0018610421836228,0.0014231499051233,0.559553349875931,1.0,ok,1.0,-0.05955334987593097,-0.0018610421836228
SIG078,GSE72970,6,5,0.667493796526055,0,0.671875,0.694415334627973,0.0725806451612903,0.0203984819734345,0.557071960297767,0.027972027972028,ok,0.369517275177653,0.11042183622828805,0.0725806451612903
SIG079,GSE72970,5,5,0.682382133995037,1,0.84375,1.07236292999472,0.127171215880893,0.0298861480075901,0.557071960297767,0.015984015984016,ok,0.296032734388899,0.12531017369727004,0.127171215880893
SIG080,GSE72970,8,8,0.529776674937965,1,0.8125,0.889268380893338,0.0192307692307692,0.0109108159392789,0.557071960297767,0.743256743256743,ok,0.93646697648559,-0.02729528535980197,0.0192307692307692
SIG081,GSE72970,5,5,0.544665012406948,0,0.723958333333333,0.453442461814867,0.0378411910669976,0.0109108159392789,0.557071960297767,0.609390609390609,ok,0.895061554497563,-0.012406947890818976,0.0378411910669976
SIG082,GSE72970,6,6,0.645161290322581,1,0.796875,0.681042432399762,0.0899503722084367,0.0298861480075901,0.557071960297767,0.0689310689310689,ok,0.481147351376359,0.088089330024814,0.0899503722084367
SIG083,GSE72970,17,16,0.573200992555831,1,0.619791666666667,0.490718405678045,0.0539702233250621,0.0298861480075901,0.558312655086849,0.400599400599401,ok,0.815678297606008,0.014888337468981994,0.0539702233250621
SIG084,GSE72970,15,15,0.693548387096774,1,0.859375,0.888916037676219,0.132133995037221,0.0014231499051233,0.560794044665012,0.011988011988012,ok,0.261416003351487,0.13275434243176198,0.132133995037221
SIG085,GSE72970,7,7,0.574441687344913,0,0.520833333333333,0.219635778319908,0.0452853598014888,0.0203984819734345,0.559553349875931,0.391608391608392,ok,0.811213177066836,0.014888337468981994,0.0452853598014888
SIG086,GSE72970,5,5,0.601736972704715,1,0.744791666666667,0.764286607955659,0.0490074441687345,0.0298861480075901,0.557071960297767,0.220779220779221,ok,0.706493506493507,0.04466501240694809,0.0490074441687345
SIG087,GSE72970,5,5,0.573200992555831,1,0.677083333333333,0.755751633235756,0.0415632754342432,0.0109108159392789,0.557071960297767,0.404595404595405,ok,0.817047030639264,0.016129032258064058,0.0415632754342432
SIG088,GSE72970,6,6,0.595533498759305,0,0.625,0.700997442901946,0.0825062034739455,0.0014231499051233,0.557071960297767,0.265734265734266,ok,0.733323931744465,0.03846153846153799,0.0825062034739455
SIG089,GSE72970,5,5,0.615384615384615,1,0.75,0.840144462984944,0.0862282878411911,0.0203984819734345,0.557071960297767,0.168831168831169,ok,0.66548029230245,0.05831265508684802,0.0862282878411911
SIG090,GSE72970,4,4,0.679900744416873,1,0.822916666666667,0.846698519661441,0.106079404466501,0.0203984819734345,0.555831265508685,0.026973026973027,ok,0.366507863995301,0.12406947890818798,0.106079404466501
SIG091,GSE72970,7,7,0.544665012406948,0,0.411458333333333,0.0613405968282295,0.0006203473945409,0.0203984819734345,0.559553349875931,0.63036963036963,ok,0.902813738350492,-0.014888337468982993,0.0006203473945409
SIG093,GSE72970,9,9,0.564516129032258,1,0.635416666666667,0.355017917745934,0.0502481389578164,0.0393738140417457,0.560173697270471,0.47952047952048,ok,0.851920746795911,0.004342431761787058,0.0502481389578164
SIG094,GSE72970,3,3,0.570719602977668,1,0.71875,0.392914281559398,0.0738213399503722,0.0109108159392789,0.555831265508685,0.373626373626374,ok,0.796755295178008,0.014888337468982993,0.0738213399503722
SIG095,GSE72970,18,16,0.601736972704715,1,0.760416666666667,0.985265205854945,0.0415632754342432,0.0203984819734345,0.558312655086849,0.203796203796204,ok,0.684552714366379,0.043424317617866026,0.0415632754342432
SIG096,GSE72970,11,11,0.627791563275434,0,0.46875,0.735040881737344,0.0527295285359801,0.0014231499051233,0.558312655086849,0.120879120879121,ok,0.594285714285714,0.06947890818858493,0.0527295285359801
SIG097,GSE72970,14,14,0.502481389578164,1,0.661458333333333,0.133246849194231,0.0303970223325062,0.0109108159392789,0.555831265508685,0.986013986013986,ok,0.996331023236853,-0.053349875930520985,0.0303970223325062
SIG098,GSE72970,5,5,0.522332506203474,0,0.4375,-0.200587166552299,0.0142679900744417,0.0203984819734345,0.557071960297767,0.811188811188811,ok,0.956170246492827,-0.03473945409429291,0.0142679900744417
SIG099,GSE72970,11,11,0.557071960297767,1,0.6875,0.44257642021774,0.0502481389578164,0.0393738140417457,0.558312655086849,0.521478521478522,ok,0.869459778550688,-0.001240694789082064,0.0502481389578164
SIG101,GSE72970,10,8,0.56575682382134,1,0.692708333333333,0.358993479355209,0.0564516129032258,0.0298861480075901,0.557071960297767,0.436563436563437,ok,0.827390791027155,0.008684863523573005,0.0564516129032258
SIG102,GSE72970,4,4,0.612903225806452,1,0.651041666666667,0.946037721455524,0.0514888337468983,0.0298861480075901,0.555831265508685,0.188811188811189,ok,0.67006240512734,0.057071960297766955,0.0514888337468983
SIG107,GSE72970,15,13,0.593052109181141,0,0.395833333333333,0.204205287020821,0.0080645161290322,0.0203984819734345,0.558312655086849,0.265734265734266,ok,0.733323931744465,0.03473945409429202,0.0080645161290322
SIG108,GSE72970,15,13,0.593052109181141,1,0.651041666666667,0.701402103505136,0.0229528535980149,0.0298861480075901,0.558312655086849,0.265734265734266,ok,0.733323931744465,0.03473945409429202,0.0229528535980149
SIG109,GSE72970,7,7,0.538461538461538,0,0.401041666666667,-0.189019788768926,0.0241935483870968,0.0298861480075901,0.559553349875931,0.676323676323676,ok,0.913912434870519,-0.02109181141439298,0.0241935483870968
SIG110,GSE72970,9,9,0.569478908188586,1,0.703125,0.369563757257744,0.0217121588089331,-0.0175521821631879,0.560173697270471,0.440559440559441,ok,0.828999810210666,0.009305210918115092,0.0217121588089331
SIG111,GSE72970,13,12,0.527295285359801,1,0.625,0.0703276550310815,-0.0093052109181142,0.0298861480075901,0.556451612903226,0.755244755244755,ok,0.939312410143829,-0.02915632754342501,-0.0093052109181142
SIG112,GSE72970,4,4,0.638957816377171,1,0.6875,0.538261741333521,0.0899503722084367,0.0298861480075901,0.555831265508685,0.0939060939060939,ok,0.534572795625427,0.08312655086848597,0.0899503722084367
SIG113,GSE72970,10,10,0.708436724565757,1,0.838541666666667,1.4638112718764,0.139578163771712,0.0203984819734345,0.558312655086849,0.003996003996004,ok,0.163715072805982,0.150124069478908,0.139578163771712
SIG114,GSE72970,20,18,0.656327543424318,1,0.828125,1.64962007260106,0.0738213399503722,0.0203984819734345,0.562034739454094,0.046953046953047,ok,0.427478245660064,0.09429280397022399,0.0738213399503722
SIG115,GSE72970,4,4,0.588089330024814,0,0.510416666666667,0.0891154659720949,-0.0080645161290322,0.0298861480075901,0.555831265508685,0.305694305694306,ok,0.753407228252771,0.032258064516129004,-0.0080645161290322
SIG116,GSE72970,5,5,0.589330024813896,1,0.619791666666667,0.5175813615294,0.0552109181141439,0.0203984819734345,0.557071960297767,0.296703296703297,ok,0.749099639855942,0.032258064516129004,0.0552109181141439
SIG117,GSE72970,4,4,0.584367245657568,0,0.541666666666667,0.451030016700029,0.0241935483870968,0.0298861480075901,0.555831265508685,0.321678321678322,ok,0.759666534339023,0.028535980148883033,0.0241935483870968
SIG118,GSE72970,15,14,0.564516129032258,0,0.458333333333333,0.111635456164043,-0.0043424317617866,0.0109108159392789,0.555831265508685,0.437562437562438,ok,0.827390791027155,0.008684863523573005,-0.0043424317617866
SIG119,GSE72970,10,10,0.569478908188586,1,0.666666666666667,0.90357341443694,0.0341191066997518,0.0109108159392789,0.558312655086849,0.418581418581419,ok,0.820351015578781,0.011166253101737023,0.0341191066997518
SIG120,GSE72970,4,3,0.56575682382134,0,0.703125,0.459575564196775,0.0465260545905707,0.0203984819734345,0.555831265508685,0.413586413586414,ok,0.819472924736083,0.009925558312654958,0.0465260545905707
SIG121,GSE72970,6,6,0.543424317617866,1,0.651041666666667,0.443107590696077,0.0539702233250621,0.0014231499051233,0.557071960297767,0.616383616383616,ok,0.897523585730371,-0.013647642679900929,0.0539702233250621
SIG122,GSE72970,8,8,0.562034739454094,0,0.447916666666667,0.0311361721254782,-0.0142679900744417,0.0109108159392789,0.557071960297767,0.460539460539461,ok,0.83858498403953,0.004962779156327035,-0.0142679900744417
SIG124,GSE72970,4,4,0.579404466501241,1,0.703125,0.691757819814583,0.0353598014888338,0.0109108159392789,0.555831265508685,0.353646353646354,ok,0.785235816814764,0.023573200992555998,0.0353598014888338
SIG125,GSE72970,4,4,0.562034739454094,0,0.5625,0.269159913090742,0.0080645161290322,0.0109108159392789,0.555831265508685,0.465534465534466,ok,0.840885233670805,0.006203473945408988,0.0080645161290322
SIG126,GSE72970,4,4,0.548387096774194,1,0.442708333333333,0.126688040048614,0.0254342431761787,0.0014231499051233,0.555831265508685,0.573426573426573,ok,0.88400539027677,-0.007444168734491052,0.0254342431761787
SIG127,GSE72970,6,6,0.662531017369727,1,0.765625,0.400144826793506,0.103598014888338,0.0298861480075901,0.557071960297767,0.037962037962038,ok,0.402546473134708,0.10545905707196002,0.103598014888338
SIG128,GSE72970,11,11,0.552109181141439,1,0.697916666666667,1.72460070418268,-0.0068238213399503,0.0109108159392789,0.558312655086849,0.571428571428571,ok,0.88400539027677,-0.006203473945409987,-0.0068238213399503
SIG129,GSE72970,9,9,0.548387096774194,1,0.734375,0.468174291551633,0.0676178660049628,0.0109108159392789,0.560173697270471,0.59040959040959,ok,0.886926406926407,-0.011786600496277,0.0676178660049628
SIG130,GSE72970,9,9,0.673697270471464,1,0.822916666666667,0.956755561236497,0.112282878411911,0.0203984819734345,0.560173697270471,0.023976023976024,ok,0.358183253210878,0.11352357320099304,0.112282878411911
SIG132,GSE72970,5,5,0.524813895781638,0,0.421875,0.155313021600265,0.0142679900744417,0.0014231499051233,0.557071960297767,0.792207792207792,ok,0.952481044966594,-0.032258064516129004,0.0142679900744417
SIG133,GSE72970,5,5,0.635235732009926,1,0.869791666666667,1.13968655954082,0.0700992555831266,0.0298861480075901,0.557071960297767,0.0999000999000999,ok,0.542429458092109,0.07816377171215905,0.0700992555831266
SIG134,GSE72970,8,8,0.552109181141439,0,0.661458333333333,0.30220838811392,-0.0031017369727046,0.0014231499051233,0.557071960297767,0.535464535464536,ok,0.874861694197042,-0.004962779156327923,-0.0031017369727046
SIG135,GSE72970,3,3,0.616625310173697,0,0.59375,0.587415839497752,0.0378411910669976,0.0109108159392789,0.555831265508685,0.134865134865135,ok,0.620196130400212,0.06079404466501204,0.0378411910669976
SIG136,GSE72970,9,9,0.698511166253102,1,0.739583333333333,0.909359346701817,0.109801488833747,0.0298861480075901,0.560173697270471,0.0099900099900099,ok,0.239052982415814,0.138337468982631,0.109801488833747
SIG138,GSE72970,5,5,0.674937965260546,1,0.84375,1.20439985612538,0.11848635235732,0.0109108159392789,0.557071960297767,0.020979020979021,ok,0.33968426782798,0.11786600496277899,0.11848635235732
SIG139,GSE72970,4,4,0.521091811414392,1,0.682291666666667,0.446355288879115,0.0241935483870968,0.0203984819734345,0.555831265508685,0.803196803196803,ok,0.955496768959154,-0.03473945409429302,0.0241935483870968
SIG140,GSE72970,6,6,0.564516129032258,1,0.578125,0.381839409259416,0.0303970223325062,0.0298861480075901,0.557071960297767,0.452547452547453,ok,0.835415265932977,0.007444168734491052,0.0303970223325062
SIG141,GSE72970,7,7,0.5,0,0.432291666666667,-0.132785659693062,-0.0006203473945409,0.0203984819734345,0.559553349875931,1.0,ok,1.0,-0.05955334987593097,-0.0006203473945409
SIG142,GSE72970,12,12,0.514888337468983,1,0.583333333333333,0.455641459417959,0.0217121588089331,0.0109108159392789,0.556451612903226,0.875124875124875,ok,0.972423230725814,-0.041563275434242986,0.0217121588089331
SIG143,GSE72970,6,6,0.559553349875931,0,0.557291666666667,0.193982614280557,-0.0080645161290322,0.0393738140417457,0.557071960297767,0.488511488511489,ok,0.856082349277424,0.002481389578164017,-0.0080645161290322
SIG144,GSE72970,3,3,0.538461538461538,0,0.494791666666667,-0.488704843161789,-0.0192307692307692,-0.0080645161290322,0.555831265508685,0.656343656343656,ok,0.91369473593953,-0.01736972704714701,-0.0192307692307692
SIG145,GSE72970,12,12,0.579404466501241,1,0.713541666666667,0.736750538955102,0.031637717121588,0.0109108159392789,0.556451612903226,0.361638361638362,ok,0.787335048204613,0.02295285359801502,0.031637717121588
SIG146,GSE72970,3,3,0.56575682382134,0,0.645833333333333,0.251181947288775,0.0117866004962779,0.0203984819734345,0.555831265508685,0.413586413586414,ok,0.819472924736083,0.009925558312654958,0.0117866004962779
SIG147,GSE72970,3,3,0.576923076923077,0,0.421875,-0.0909335683697795,-0.010545905707196,0.0109108159392789,0.555831265508685,0.333666333666334,ok,0.771470643593406,0.02109181141439198,-0.010545905707196
SIG148,GSE72970,8,6,0.642679900744417,0,0.583333333333333,0.907185861837091,0.0899503722084367,0.0203984819734345,0.557071960297767,0.0769230769230769,ok,0.495767761650115,0.0856079404466501,0.0899503722084367
SIG149,GSE72970,8,8,0.508684863523573,1,0.546875,0.242107079616027,-0.0117866004962779,0.0298861480075901,0.557071960297767,0.926073926073926,ok,0.983446526012238,-0.04838709677419395,-0.0117866004962779
SIG150,GSE72970,10,10,0.518610421836228,1,0.651041666666667,0.17524934698731,0.0204714640198511,0.0109108159392789,0.558312655086849,0.843156843156843,ok,0.9671735299876,-0.039702233250621055,0.0204714640198511
SIG151,GSE72970,8,8,0.614143920595534,1,0.822916666666667,1.69504942895293,0.0725806451612903,0.0203984819734345,0.557071960297767,0.174825174825175,ok,0.666223264606014,0.057071960297767066,0.0725806451612903
SIG152,GSE72970,8,8,0.529776674937965,1,0.541666666666667,0.270795797183984,-0.0006203473945409,0.0109108159392789,0.557071960297767,0.743256743256743,ok,0.93646697648559,-0.02729528535980197,-0.0006203473945409
SIG153,GSE72970,8,8,0.527295285359801,1,0.635416666666667,0.404172044323895,-0.010545905707196,0.0109108159392789,0.557071960297767,0.764235764235764,ok,0.943056943056943,-0.029776674937965986,-0.010545905707196
SIG154,GSE72970,3,3,0.640198511166253,1,0.692708333333333,0.778681843429072,0.0663771712158809,0.0014231499051233,0.555831265508685,0.0789210789210789,ok,0.499555239281267,0.08436724565756804,0.0663771712158809
SIG155,GSE72970,9,9,0.54590570719603,1,0.53125,0.310197328616127,0.0452853598014888,0.0203984819734345,0.560173697270471,0.613386613386613,ok,0.896054782602595,-0.014267990074440906,0.0452853598014888
SIG156,GSE72970,5,5,0.531017369727047,0,0.494791666666667,0.0798199098614413,-0.0055831265508684,0.0203984819734345,0.557071960297767,0.73026973026973,ok,0.932758313958125,-0.026054590570719904,-0.0055831265508684
SIG157,GSE72970,5,5,0.558312655086849,1,0.572916666666667,0.106927142149981,-0.0018610421836228,0.0109108159392789,0.557071960297767,0.498501498501499,ok,0.861308659391727,0.001240694789082064,-0.0018610421836228
SIG159,GSE72970,6,6,0.544665012406948,1,0.588541666666667,-0.0712620141305948,-0.0043424317617866,0.0014231499051233,0.557071960297767,0.608391608391608,ok,0.895044020180038,-0.012406947890818976,-0.0043424317617866
SIG161,GSE72970,4,4,0.532258064516129,0,0.708333333333333,-0.13715737047776,0.0142679900744417,0.0298861480075901,0.555831265508685,0.711288711288711,ok,0.928530902606755,-0.023573200992555998,0.0142679900744417
SIG163,GSE72970,4,4,0.589330024813896,1,0.666666666666667,0.477121391139671,0.0638957816377172,0.0109108159392789,0.555831265508685,0.2997002997003,ok,0.749666614606485,0.03349875930521096,0.0638957816377172
SIG164,GSE72970,4,4,0.707196029776675,1,0.895833333333333,0.676833370554933,0.154466501240695,0.0109108159392789,0.555831265508685,0.010989010989011,ok,0.249699879951981,0.15136476426798995,0.154466501240695
SIG165,GSE72970,5,5,0.616625310173697,1,0.661458333333333,0.750594714516413,0.0490074441687345,0.0393738140417457,0.557071960297767,0.160839160839161,ok,0.654126142915381,0.059553349875930084,0.0490074441687345
SIG166,GSE72970,3,3,0.596774193548387,0,0.833333333333333,0.576088935093518,0.0725806451612903,0.0393738140417457,0.555831265508685,0.230769230769231,ok,0.712800223559001,0.04094292803970201,0.0725806451612903
SIG167,GSE72970,3,3,0.615384615384615,1,0.75,0.583947020804651,0.042803970223325,0.0203984819734345,0.555831265508685,0.140859140859141,ok,0.624398552267405,0.05955334987592997,0.042803970223325
SIG168,GSE72970,9,9,0.693548387096774,1,0.817708333333333,0.655003232094115,0.14454094292804,0.0203984819734345,0.560173697270471,0.011988011988012,ok,0.261416003351487,0.13337468982630307,0.14454094292804
SIG169,GSE72970,8,8,0.537220843672457,1,0.536458333333333,0.403982330101658,0.0279156327543424,0.0203984819734345,0.557071960297767,0.671328671328671,ok,0.913912434870519,-0.019851116625309917,0.0279156327543424
SIG170,GSE72970,6,6,0.615384615384615,0,0.583333333333333,0.301955315476345,0.0490074441687345,0.0109108159392789,0.557071960297767,0.157842157842158,ok,0.648801349707694,0.05831265508684802,0.0490074441687345
SIG171,GSE72970,4,4,0.529776674937965,1,0.6875,0.446757400310215,0.0229528535980149,-0.0080645161290322,0.555831265508685,0.733266733266733,ok,0.933499645364052,-0.026054590570720015,0.0229528535980149
SIG172,GSE72970,6,6,0.601736972704715,0,0.541666666666667,0.568822818094085,0.0552109181141439,0.0109108159392789,0.557071960297767,0.228771228771229,ok,0.712800223559001,0.04466501240694809,0.0552109181141439
SIG173,GSE72970,5,5,0.566997518610422,1,0.708333333333333,0.515301193870286,0.0465260545905707,0.0109108159392789,0.557071960297767,0.436563436563437,ok,0.827390791027155,0.00992555831265507,0.0465260545905707
SIG175,GSE72970,6,5,0.529776674937965,0,0.666666666666667,0.552491178802714,0.03287841191067,0.0109108159392789,0.557071960297767,0.74025974025974,ok,0.936131033145958,-0.02729528535980197,0.03287841191067
SIG176,GSE72970,8,8,0.619106699751861,0,0.609375,0.796927653416198,0.0465260545905707,0.0109108159392789,0.557071960297767,0.154845154845155,ok,0.648801349707694,0.06203473945409399,0.0465260545905707
SIG177,GSE72970,14,14,0.593052109181141,0,0.614583333333333,0.451821674813866,0.0539702233250621,0.0203984819734345,0.555831265508685,0.266733266733267,ok,0.733323931744465,0.03722084367245604,0.0539702233250621
SIG178,GSE72970,3,3,0.508684863523573,0,0.4375,-0.209182571359223,0.0179900744416873,0.0109108159392789,0.555831265508685,0.911088911088911,ok,0.981507735292596,-0.047146401985111996,0.0179900744416873
SIG179,GSE72970,12,12,0.501240694789082,0,0.4375,-0.150979897621088,-0.0018610421836228,0.0014231499051233,0.556451612903226,0.995004995004995,ok,0.999811782420478,-0.055210918114144025,-0.0018610421836228
SIG180,GSE72970,5,5,0.614143920595534,0,0.713541666666667,0.524527336967606,0.0552109181141439,0.0014231499051233,0.557071960297767,0.173826173826174,ok,0.666223264606014,0.057071960297767066,0.0552109181141439
SIG181,GSE72970,5,5,0.534739454094293,0,0.479166666666667,-0.212217915595931,-0.03287841191067,0.0109108159392789,0.557071960297767,0.701298701298701,ok,0.926385778364283,-0.022332506203473934,-0.03287841191067
SIG182,GSE72970,3,3,0.669975186104218,0,0.614583333333333,1.12690365710819,0.076302729528536,0.0109108159392789,0.555831265508685,0.02997002997003,ok,0.373451433359267,0.11414392059553302,0.076302729528536
SIG183,GSE72970,4,4,0.504962779156328,1,0.661458333333333,-0.0076843635897367,-0.0031017369727046,0.0298861480075901,0.555831265508685,0.963036963036963,ok,0.994292458209984,-0.05086848635235697,-0.0031017369727046
SIG184,GSE72970,3,3,0.666253101736973,0,0.651041666666667,0.7271939268009,0.0837468982630273,0.0203984819734345,0.555831265508685,0.033966033966034,ok,0.381096082340896,0.11042183622828805,0.0837468982630273
SIG185,GSE72970,22,22,0.54590570719603,0,0.385416666666667,-0.245377128146619,0.0167493796526055,0.0203984819734345,0.557071960297767,0.592407592407592,ok,0.88795461744464,-0.011166253101736912,0.0167493796526055
SIG186,GSE72970,19,18,0.648883374689826,1,0.734375,0.88490845628213,0.0899503722084367,0.0393738140417457,0.562034739454094,0.0659340659340659,ok,0.47041085563513,0.08684863523573205,0.0899503722084367
SIG187,GSE72970,4,4,0.527295285359801,0,0.46875,-0.0112939847415648,-0.0068238213399503,0.0203984819734345,0.555831265508685,0.746253746253746,ok,0.937185263715876,-0.028535980148884033,-0.0068238213399503
SIG188,GSE72970,6,6,0.555831265508685,1,0.5625,0.401923703729104,0.0341191066997518,0.0109108159392789,0.557071960297767,0.517482517482518,ok,0.866422741345342,-0.001240694789081953,0.0341191066997518
SIG189,GSE72970,6,6,0.518610421836228,1,0.5625,0.196752599088699,0.031637717121588,-0.0080645161290322,0.557071960297767,0.837162837162837,ok,0.965653860413128,-0.03846153846153899,0.031637717121588
SIG190,GSE72970,7,7,0.569478908188586,1,0.630208333333333,-0.0793599730411111,-0.0303970223325062,0.0109108159392789,0.559553349875931,0.433566433566434,ok,0.826772663161944,0.00992555831265507,-0.0303970223325062
SIG191,GSE72970,3,3,0.509925558312655,1,0.536458333333333,-0.0181851019221679,0.0031017369727046,0.0109108159392789,0.555831265508685,0.902097902097902,ok,0.981507735292596,-0.04590570719603004,0.0031017369727046
SIG192,GSE72970,3,3,0.508684863523573,1,0.635416666666667,-0.1021258497033,-0.0031017369727046,0.0203984819734345,0.555831265508685,0.911088911088911,ok,0.981507735292596,-0.047146401985111996,-0.0031017369727046
SIG193,GSE72970,7,7,0.535980148883375,0,0.546875,0.650366857845189,0.0192307692307692,0.0488614800759013,0.559553349875931,0.7002997002997,ok,0.926385778364283,-0.023573200992555998,0.0192307692307692
SIG194,GSE72970,6,6,0.534739454094293,0,0.588541666666667,0.14531936965084,-0.0241935483870968,0.0298861480075901,0.557071960297767,0.7002997002997,ok,0.926385778364283,-0.022332506203473934,-0.0241935483870968
SIG195,GSE72970,12,12,0.506203473945409,0,0.348958333333333,-0.257293345538879,0.0031017369727046,0.0014231499051233,0.556451612903226,0.959040959040959,ok,0.992820349635051,-0.05024813895781699,0.0031017369727046
SIG196,GSE72970,4,4,0.555831265508685,1,0.546875,0.129179197412313,0.0117866004962779,0.0109108159392789,0.555831265508685,0.502497502497502,ok,0.86258534439212,0.0,0.0117866004962779
SIG197,GSE72970,4,4,0.524813895781638,1,0.625,0.399506636837533,0.0254342431761787,0.0014231499051233,0.555831265508685,0.766233766233766,ok,0.943056943056943,-0.03101736972704705,0.0254342431761787
SIG198,GSE72970,3,3,0.508684863523573,0,0.447916666666667,-0.349776519063586,-0.0018610421836228,-0.0080645161290322,0.555831265508685,0.911088911088911,ok,0.981507735292596,-0.047146401985111996,-0.0018610421836228
SIG199,GSE72970,5,5,0.511166253101737,1,0.427083333333333,-0.096599134312708,0.0006203473945409,0.0014231499051233,0.557071960297767,0.909090909090909,ok,0.981507735292596,-0.04590570719602993,0.0006203473945409
SIG200,GSE72970,3,3,0.626550868486352,1,0.708333333333333,0.39999922416748,0.0800248138957817,0.0109108159392789,0.555831265508685,0.110889110889111,ok,0.57113172541744,0.070719602977667,0.0800248138957817
SIG201,GSE72970,4,3,0.668734491315137,1,0.765625,0.910232949383851,0.102357320099256,0.0298861480075901,0.555831265508685,0.030969030969031,ok,0.37772397094431,0.11290322580645196,0.102357320099256
SIG202,GSE72970,29,29,0.51985111662531,1,0.760416666666667,0.824754310492302,0.0279156327543424,0.0014231499051233,0.555210918114144,0.816183816183816,ok,0.95890256929218,-0.035359801488834,0.0279156327543424
SIG203,GSE72970,5,5,0.570719602977668,0,0.296875,0.159042241705341,0.0031017369727046,-0.0080645161290322,0.557071960297767,0.418581418581419,ok,0.820351015578781,0.01364764267990104,0.0031017369727046
SIG204,GSE72970,3,3,0.574441687344913,1,0.53125,0.240442809308673,-0.0055831265508684,0.0109108159392789,0.555831265508685,0.344655344655345,ok,0.78052600665666,0.018610421836227964,-0.0055831265508684
SIG205,GSE72970,7,7,0.633995037220844,1,0.640625,0.383476919345975,0.0911910669975187,0.0203984819734345,0.559553349875931,0.0889110889110889,ok,0.523781229663583,0.07444168734491308,0.0911910669975187
SIG206,GSE72970,11,11,0.583126550868486,1,0.729166666666667,0.616762904433459,0.031637717121588,0.0109108159392789,0.558312655086849,0.32967032967033,ok,0.765174739423666,0.024813895781636952,0.031637717121588
SIG207,GSE72970,13,13,0.571960297766749,0,0.713541666666667,0.751741427198751,0.0440446650124069,-0.0080645161290322,0.558312655086849,0.415584415584416,ok,0.820248364773912,0.01364764267989993,0.0440446650124069
SIG208,GSE72970,7,6,0.516129032258065,1,0.572916666666667,0.188841384688861,-0.0055831265508684,0.0109108159392789,0.557071960297767,0.862137862137862,ok,0.969639417499825,-0.04094292803970201,-0.0055831265508684
SIG209,GSE72970,5,5,0.588089330024814,0,0.572916666666667,0.161347280971217,0.0130272952853598,0.0393738140417457,0.557071960297767,0.297702297702298,ok,0.749666614606485,0.03101736972704705,0.0130272952853598
SIG210,GSE72970,13,13,0.635235732009926,1,0.713541666666667,0.700180876810626,0.0837468982630273,0.0393738140417457,0.558312655086849,0.101898101898102,ok,0.545608846598946,0.07692307692307698,0.0837468982630273
SIG211,GSE72970,4,4,0.702233250620347,1,0.734375,0.734143480710855,0.116004962779156,0.0298861480075901,0.555831265508685,0.016983016983017,ok,0.3001443001443,0.14640198511166203,0.116004962779156
SIG212,GSE72970,3,3,0.542183622828784,1,0.59375,0.414043931405649,0.0514888337468983,0.0203984819734345,0.555831265508685,0.633366633366633,ok,0.904236207298509,-0.01364764267990104,0.0514888337468983
SIG213,GSE72970,5,5,0.60545905707196,1,0.708333333333333,0.572101385284121,0.0713399503722084,0.0298861480075901,0.557071960297767,0.212787212787213,ok,0.693971094931479,0.04838709677419306,0.0713399503722084
SIG214,GSE72970,5,5,0.553349875930521,0,0.40625,0.153621172528595,0.0018610421836228,0.0203984819734345,0.557071960297767,0.547452547452548,ok,0.878042029018939,-0.0037220843672459702,0.0018610421836228
SIG215,GSE72970,4,4,0.641439205955335,1,0.807291666666667,0.631614779870945,0.0936724565756824,0.0203984819734345,0.555831265508685,0.0909090909090909,ok,0.527506827936012,0.08560794044664999,0.0936724565756824
SIG216,GSE72970,4,4,0.674937965260546,0,0.71875,1.61243172489112,0.0998759305210918,0.0109108159392789,0.555831265508685,0.032967032967033,ok,0.37772397094431,0.11910669975186094,0.0998759305210918
SIG217,GSE72970,8,8,0.598014888337469,1,0.677083333333333,0.72017654558704,0.0626550868486353,0.0393738140417457,0.557071960297767,0.248751248751249,ok,0.720346320346321,0.04094292803970201,0.0626550868486353
SIG218,GSE72970,4,4,0.558312655086849,1,0.6875,0.34556547018339,0.0192307692307692,0.0298861480075901,0.555831265508685,0.487512487512488,ok,0.856082349277424,0.002481389578164017,0.0192307692307692
SIG219,GSE72970,8,7,0.555831265508685,0,0.442708333333333,0.0158098530928663,0.0006203473945409,0.0014231499051233,0.559553349875931,0.545454545454545,ok,0.877399816126764,-0.0037220843672459702,0.0006203473945409
SIG220,GSE72970,7,7,0.584367245657568,1,0.651041666666667,0.932513303258024,0.065136476426799,0.0298861480075901,0.559553349875931,0.315684315684316,ok,0.753407228252771,0.024813895781637063,0.065136476426799
SIG221,GSE72970,4,4,0.606699751861042,0,0.614583333333333,0.162356204269413,0.0254342431761787,0.0014231499051233,0.555831265508685,0.213786213786214,ok,0.693971094931479,0.05086848635235697,0.0254342431761787
SIG222,GSE72970,3,3,0.620347394540943,0,0.604166666666667,0.505019787592927,0.0626550868486353,0.0014231499051233,0.555831265508685,0.123876123876124,ok,0.6002886002886,0.06451612903225801,0.0626550868486353
SIG223,GSE72970,4,4,0.580645161290323,0,0.536458333333333,1.0126480492099,0.0341191066997518,0.0393738140417457,0.555831265508685,0.350649350649351,ok,0.782306802108782,0.02481389578163795,0.0341191066997518
SIG224,GSE72970,3,3,0.710918114143921,1,0.885416666666667,0.866980608508516,0.117245657568238,0.0298861480075901,0.555831265508685,0.0059940059940059,ok,0.2000962000962,0.15508684863523603,0.117245657568238
SIG225,GSE72970,5,5,0.614143920595534,1,0.78125,1.45043082725141,0.076302729528536,0.0203984819734345,0.557071960297767,0.173826173826174,ok,0.666223264606014,0.057071960297767066,0.076302729528536
SIG226,GSE72970,5,5,0.575682382133995,1,0.609375,0.234655899727745,-0.0018610421836228,0.0298861480075901,0.557071960297767,0.390609390609391,ok,0.811213177066836,0.018610421836228075,-0.0018610421836228
SIG227,GSE72970,8,8,0.52605459057072,1,0.744791666666667,0.79890405483044,0.0204714640198511,-0.0080645161290322,0.557071960297767,0.775224775224775,ok,0.94893969769479,-0.03101736972704694,0.0204714640198511
SIG228,GSE72970,6,6,0.502481389578164,0,0.453125,-0.193929016377847,0.0204714640198511,0.0014231499051233,0.557071960297767,0.986013986013986,ok,0.996331023236853,-0.05459057071960294,0.0204714640198511
SIG229,GSE72970,4,4,0.606699751861042,0,0.53125,0.288133196666333,0.0527295285359801,0.0109108159392789,0.555831265508685,0.213786213786214,ok,0.693971094931479,0.05086848635235697,0.0527295285359801
SIG230,GSE72970,16,16,0.533498759305211,1,0.484375,0.762812968345571,0.0440446650124069,0.0109108159392789,0.558312655086849,0.707292707292707,ok,0.928530902606755,-0.024813895781638062,0.0440446650124069
SIG231,GSE72970,3,3,0.615384615384615,0,0.526041666666667,0.736783933724312,0.0949131513647643,0.0109108159392789,0.555831265508685,0.140859140859141,ok,0.624398552267405,0.05955334987592997,0.0949131513647643
SIG232,GSE72970,7,7,0.509925558312655,1,0.619791666666667,0.282344469496887,-0.0130272952853598,0.0109108159392789,0.559553349875931,0.912087912087912,ok,0.981704577728435,-0.049627791563276014,-0.0130272952853598
SIG233,GSE72970,10,10,0.53970223325062,1,0.46875,0.281709359180566,0.0254342431761787,0.0109108159392789,0.558312655086849,0.66033966033966,ok,0.91369473593953,-0.018610421836229074,0.0254342431761787
SIG234,GSE72970,13,12,0.504962779156328,1,0.479166666666667,-0.541738458004046,0.0043424317617866,0.0393738140417457,0.556451612903226,0.969030969030969,ok,0.996331023236853,-0.051488833746897944,0.0043424317617866
SIG235,GSE72970,6,6,0.51985111662531,1,0.588541666666667,0.293614026072305,0.0179900744416873,-0.0175521821631879,0.557071960297767,0.83016983016983,ok,0.962930813830557,-0.03722084367245693,0.0179900744416873
SIG236,GSE72970,5,5,0.571960297766749,0,0.682291666666667,0.206302576961882,0.0167493796526055,-0.0080645161290322,0.557071960297767,0.412587412587413,ok,0.819472924736083,0.014888337468981994,0.0167493796526055
SIG237,GSE72970,6,6,0.566997518610422,0,0.59375,0.0974346810584041,0.0241935483870968,-0.0080645161290322,0.557071960297767,0.438561438561439,ok,0.827543705422282,0.00992555831265507,0.0241935483870968
SIG238,GSE72970,6,6,0.555831265508685,1,0.697916666666667,0.349351398676685,0.0576923076923077,0.0109108159392789,0.557071960297767,0.517482517482518,ok,0.866422741345342,-0.001240694789081953,0.0576923076923077
SIG239,GSE72970,7,7,0.516129032258065,1,0.588541666666667,0.380930119505653,0.0055831265508684,0.0109108159392789,0.559553349875931,0.866133866133866,ok,0.971795009969284,-0.043424317617866026,0.0055831265508684
SIG240,GSE72970,6,6,0.54590570719603,1,0.661458333333333,0.568066168996302,0.042803970223325,0.0014231499051233,0.557071960297767,0.601398601398601,ok,0.891547049441786,-0.011166253101736912,0.042803970223325
SIG241,GSE72970,4,4,0.501240694789082,1,0.302083333333333,-0.362820968635177,0.0279156327543424,0.0109108159392789,0.555831265508685,0.991008991008991,ok,0.999138072963576,-0.05459057071960305,0.0279156327543424
SIG242,GSE72970,6,6,0.566997518610422,1,0.583333333333333,0.440457150580691,0.0415632754342432,0.0298861480075901,0.557071960297767,0.438561438561439,ok,0.827543705422282,0.00992555831265507,0.0415632754342432
SIG243,GSE72970,8,8,0.538461538461538,1,0.75,0.753354482380439,0.0241935483870968,-0.0080645161290322,0.557071960297767,0.662337662337662,ok,0.91369473593953,-0.018610421836228963,0.0241935483870968
SIG244,GSE72970,13,13,0.578163771712159,1,0.635416666666667,0.773812491772852,0.0254342431761787,0.0298861480075901,0.558312655086849,0.364635364635365,ok,0.79004329004329,0.019851116625310028,0.0254342431761787
SIG245,GSE72970,3,3,0.531017369727047,0,0.40625,0.506600643075139,0.0055831265508684,0.0109108159392789,0.555831265508685,0.716283716283716,ok,0.92893581238905,-0.02481389578163795,0.0055831265508684
SIG246,GSE72970,5,5,0.542183622828784,1,0.53125,-0.134387458479971,-0.0055831265508684,-0.0080645161290322,0.557071960297767,0.637362637362637,ok,0.907545324606936,-0.014888337468982993,-0.0055831265508684
SIG247,GSE72970,3,3,0.601736972704715,1,0.46875,0.173584845015982,0.0204714640198511,0.0203984819734345,0.555831265508685,0.207792207792208,ok,0.686882799352237,0.04590570719603004,0.0204714640198511
SIG248,GSE72970,5,5,0.528535980148883,0,0.453125,-0.215396413627761,0.0155086848635235,-0.0080645161290322,0.557071960297767,0.753246753246753,ok,0.939312410143829,-0.02853598014888392,0.0155086848635235
SIG249,GSE72970,4,4,0.638957816377171,1,0.822916666666667,1.50832564385506,0.0490074441687345,0.0014231499051233,0.555831265508685,0.0939060939060939,ok,0.534572795625427,0.08312655086848597,0.0490074441687345
SIG250,GSE72970,4,4,0.571960297766749,1,0.796875,0.327917044896753,0.0514888337468983,0.0109108159392789,0.555831265508685,0.391608391608392,ok,0.811213177066836,0.016129032258063947,0.0514888337468983
SIG251,GSE72970,14,13,0.559553349875931,1,0.697916666666667,0.975674298805092,-0.0130272952853598,0.0393738140417457,0.558312655086849,0.4995004995005,ok,0.862483621104311,0.001240694789081953,-0.0130272952853598
SIG252,GSE72970,3,3,0.617866004962779,0,0.53125,0.0792530672483659,0.0055831265508684,0.0014231499051233,0.555831265508685,0.131868131868132,ok,0.615840118430792,0.06203473945409399,0.0055831265508684
SIG253,GSE72970,3,3,0.63151364764268,1,0.463541666666667,0.576889061574393,0.0837468982630273,0.0203984819734345,0.555831265508685,0.0989010989010989,ok,0.541353383458647,0.07568238213399503,0.0837468982630273
SIG254,GSE72970,3,3,0.601736972704715,1,0.713541666666667,0.60399230264763,0.0452853598014888,0.0109108159392789,0.555831265508685,0.207792207792208,ok,0.686882799352237,0.04590570719603004,0.0452853598014888
SIG255,GSE72970,3,2,0.508684863523573,0,0.510416666666667,-0.0392005630779035,0.0006203473945409,-0.0175521821631879,0.558312655086849,0.924075924075924,ok,0.983446526012238,-0.049627791563276014,0.0006203473945409
SIG256,GSE72970,5,5,0.569478908188586,1,0.739583333333333,0.470288451223242,0.0303970223325062,0.0203984819734345,0.557071960297767,0.422577422577423,ok,0.820868786386028,0.012406947890819087,0.0303970223325062
SIG257,GSE72970,4,3,0.578163771712159,1,0.567708333333333,0.428583745662847,0.0241935483870968,0.0203984819734345,0.555831265508685,0.324675324675325,ok,0.762747244067835,0.022332506203474045,0.0241935483870968
SIG258,GSE72970,6,4,0.527295285359801,0,0.421875,-0.600040038853052,0.0353598014888338,0.0014231499051233,0.555831265508685,0.746253746253746,ok,0.937185263715876,-0.028535980148884033,0.0353598014888338
SIG259,GSE72970,6,5,0.538461538461538,1,0.744791666666667,0.485769595492345,0.0564516129032258,0.0203984819734345,0.557071960297767,0.674325674325674,ok,0.913912434870519,-0.018610421836228963,0.0564516129032258
SIG260,GSE72970,5,5,0.523573200992556,1,0.609375,0.330877467284292,0.0378411910669976,-0.0080645161290322,0.557071960297767,0.805194805194805,ok,0.955625810266791,-0.03349875930521096,0.0378411910669976
SIG261,GSE72970,14,14,0.549627791563276,0,0.520833333333333,0.32694853177998,-0.0043424317617866,0.0014231499051233,0.555831265508685,0.548451548451548,ok,0.878042029018939,-0.006203473945408988,-0.0043424317617866
SIG262,GSE72970,6,6,0.553349875930521,0,0.463541666666667,-0.0157154571000567,0.0043424317617866,0.0203984819734345,0.557071960297767,0.534465534465535,ok,0.874815257381843,-0.0037220843672459702,0.0043424317617866
SIG263,GSE72970,4,4,0.638957816377171,0,0.546875,0.391831225056482,0.0502481389578164,0.0014231499051233,0.555831265508685,0.0939060939060939,ok,0.534572795625427,0.08312655086848597,0.0502481389578164
SIG264,GSE72970,6,6,0.531017369727047,1,0.552083333333333,0.0794839764535678,-0.0031017369727046,0.0203984819734345,0.557071960297767,0.736263736263736,ok,0.935016271784422,-0.026054590570719904,-0.0031017369727046
SIG265,GSE72970,7,7,0.662531017369727,0,0.625,1.30346904836842,0.114764267990074,0.0488614800759013,0.559553349875931,0.028971028971029,ok,0.369517275177653,0.102977667493796,0.114764267990074
SIG266,GSE72970,5,5,0.584367245657568,1,0.645833333333333,0.713036349689086,0.0390818858560794,0.0109108159392789,0.557071960297767,0.327672327672328,ok,0.765134692595833,0.02729528535980108,0.0390818858560794
SIG267,GSE72970,11,11,0.584367245657568,1,0.791666666666667,1.04020642845893,0.0564516129032258,0.0488614800759013,0.558312655086849,0.316683316683317,ok,0.755124945601136,0.026054590570719016,0.0564516129032258
SIG268,GSE72970,6,6,0.60545905707196,1,0.661458333333333,0.51337751538993,0.0800248138957817,0.0203984819734345,0.557071960297767,0.201798201798202,ok,0.684552714366379,0.04838709677419306,0.0800248138957817
SIG269,GSE72970,3,3,0.568238213399504,0,0.635416666666667,0.653727358767736,0.031637717121588,0.0014231499051233,0.555831265508685,0.392607392607393,ok,0.811213177066836,0.012406947890818976,0.031637717121588
SIG270,GSE72970,4,4,0.602977667493797,1,0.645833333333333,0.516552184759325,0.0130272952853598,0.0203984819734345,0.555831265508685,0.227772227772228,ok,0.712800223559001,0.047146401985111996,0.0130272952853598
SIG271,GSE72970,5,5,0.555831265508685,1,0.510416666666667,0.245682007092191,0.0080645161290322,0.0203984819734345,0.557071960297767,0.531468531468532,ok,0.874142888741429,-0.001240694789081953,0.0080645161290322
SIG272,GSE72970,4,4,0.621588089330025,1,0.65625,0.382104461560297,0.0825062034739455,0.0203984819734345,0.555831265508685,0.158841158841159,ok,0.648801349707694,0.06575682382133996,0.0825062034739455
SIG273,GSE72970,4,4,0.548387096774194,1,0.734375,0.697266294009664,0.03287841191067,0.0014231499051233,0.555831265508685,0.573426573426573,ok,0.88400539027677,-0.007444168734491052,0.03287841191067
SIG274,GSE72970,8,8,0.503722084367246,1,0.640625,0.262929504491868,0.0179900744416873,0.0014231499051233,0.557071960297767,0.974025974025974,ok,0.996331023236853,-0.053349875930520985,0.0179900744416873
SIG275,GSE72970,4,4,0.51985111662531,1,0.645833333333333,0.403126710849244,-0.0031017369727046,0.0203984819734345,0.555831265508685,0.816183816183816,ok,0.95890256929218,-0.035980148883374974,-0.0031017369727046
SIG276,GSE72970,12,12,0.570719602977668,1,0.692708333333333,0.573090380827397,0.0303970223325062,0.0203984819734345,0.556451612903226,0.414585414585415,ok,0.819472924736083,0.014267990074442016,0.0303970223325062
SIG277,GSE72970,6,6,0.579404466501241,1,0.796875,0.829752447947125,0.065136476426799,0.0014231499051233,0.557071960297767,0.373626373626374,ok,0.796755295178008,0.022332506203474045,0.065136476426799
SIG278,GSE72970,5,5,0.51985111662531,0,0.421875,0.237644704124817,-0.0130272952853598,-0.0080645161290322,0.557071960297767,0.828171828171828,ok,0.962930813830557,-0.03722084367245693,-0.0130272952853598
SIG279,GSE72970,7,7,0.610421836228288,1,0.713541666666667,0.527799912024448,0.0266749379652606,-0.0080645161290322,0.559553349875931,0.173826173826174,ok,0.666223264606014,0.05086848635235708,0.0266749379652606
SIG280,GSE72970,4,4,0.625310173697271,0,0.604166666666667,0.514071868107038,0.0353598014888338,0.0109108159392789,0.555831265508685,0.13986013986014,ok,0.624398552267405,0.06947890818858604,0.0353598014888338
SIG281,GSE72970,4,4,0.616625310173697,1,0.6875,0.471230036071167,0.0936724565756824,0.0393738140417457,0.555831265508685,0.177822177822178,ok,0.666223264606014,0.06079404466501204,0.0936724565756824
SIG282,GSE72970,16,16,0.652605459057072,1,0.770833333333333,1.26580954818778,0.0887096774193549,0.0203984819734345,0.558312655086849,0.058941058941059,ok,0.454064454064454,0.094292803970223,0.0887096774193549
SIG283,GSE72970,10,10,0.518610421836228,1,0.520833333333333,0.255319997064226,0.0291563275434243,0.0203984819734345,0.558312655086849,0.843156843156843,ok,0.9671735299876,-0.039702233250621055,0.0291563275434243
SIG284,GSE72970,3,3,0.643920595533499,1,0.661458333333333,0.422566145716471,0.0837468982630273,0.0203984819734345,0.555831265508685,0.0739260739260739,ok,0.494792336376495,0.088089330024814,0.0837468982630273
SIG285,GSE72970,9,9,0.596774193548387,1,0.755208333333333,0.896489100115968,0.0229528535980149,0.0109108159392789,0.560173697270471,0.246753246753247,ok,0.720346320346321,0.03660049627791606,0.0229528535980149
SIG286,GSE72970,5,5,0.532258064516129,1,0.666666666666667,0.604114214219114,0.0266749379652606,0.0014231499051233,0.557071960297767,0.721278721278721,ok,0.929174684296171,-0.02481389578163795,0.0266749379652606
SIG287,GSE72970,3,3,0.727047146401985,1,0.90625,1.08582325055224,0.142059553349876,0.0203984819734345,0.555831265508685,0.003996003996004,ok,0.163715072805982,0.17121588089329998,0.142059553349876
SIG288,GSE72970,5,5,0.602977667493797,0,0.625,0.437233054965143,0.0787841191066998,0.0298861480075901,0.557071960297767,0.21978021978022,ok,0.705802511028164,0.04590570719603004,0.0787841191066998
SIG289,GSE72970,17,16,0.524813895781638,0,0.28125,-0.473715039645466,0.0055831265508684,0.0109108159392789,0.558312655086849,0.782217782217782,ok,0.950278293135436,-0.03349875930521107,0.0055831265508684
SIG290,GSE72970,3,3,0.544665012406948,0,0.432291666666667,0.0784155477682389,0.0440446650124069,0.0014231499051233,0.555831265508685,0.612387612387613,ok,0.895563063221257,-0.011166253101737023,0.0440446650124069
SIG291,GSE72970,3,3,0.555831265508685,0,0.453125,0.220751625211499,0.0353598014888338,-0.0080645161290322,0.555831265508685,0.502497502497502,ok,0.86258534439212,0.0,0.0353598014888338
SIG292,GSE72970,15,14,0.564516129032258,1,0.734375,1.04561183189362,0.0155086848635235,0.0109108159392789,0.555831265508685,0.437562437562438,ok,0.827390791027155,0.008684863523573005,0.0155086848635235
SIG293,GSE72970,7,6,0.563275434243176,0,0.572916666666667,0.527093596872862,0.0403225806451613,0.0109108159392789,0.557071960297767,0.462537462537463,ok,0.840525066331518,0.006203473945409099,0.0403225806451613
SIG294,GSE72970,4,4,0.59181141439206,1,0.479166666666667,0.605937837227732,0.031637717121588,0.0488614800759013,0.555831265508685,0.280719280719281,ok,0.737672434465437,0.035980148883374974,0.031637717121588
SIG295,GSE72970,9,7,0.586848635235732,0,0.546875,0.17247102833267,0.0291563275434243,0.0298861480075901,0.559553349875931,0.296703296703297,ok,0.749099639855942,0.02729528535980108,0.0291563275434243
SIG296,GSE72970,11,11,0.544665012406948,0,0.453125,-0.094059758919464,-0.0080645161290322,0.0014231499051233,0.558312655086849,0.627372627372627,ok,0.902813738350492,-0.01364764267990104,-0.0080645161290322
SIG297,GSE72970,11,11,0.599255583126551,1,0.822916666666667,1.40884210815181,0.0862282878411911,0.0583491461100569,0.558312655086849,0.235764235764236,ok,0.715495503374291,0.04094292803970201,0.0862282878411911
SIG298,GSE72970,9,9,0.527295285359801,0,0.546875,0.597725582059393,0.0204714640198511,0.0109108159392789,0.560173697270471,0.761238761238761,ok,0.942859519254761,-0.03287841191066998,0.0204714640198511
SIG300,GSE72970,5,5,0.517369727047147,1,0.619791666666667,0.126022540442069,0.0167493796526055,0.0014231499051233,0.557071960297767,0.847152847152847,ok,0.9671735299876,-0.039702233250619945,0.0167493796526055
SIG301,GSE72970,7,7,0.65136476426799,0,0.614583333333333,0.519971399353917,0.0800248138957817,0.0014231499051233,0.559553349875931,0.044955044955045,ok,0.427478245660064,0.09181141439205898,0.0800248138957817
SIG302,GSE72970,6,6,0.642679900744417,0,0.567708333333333,0.601438936327591,0.0812655086848635,0.0014231499051233,0.557071960297767,0.0769230769230769,ok,0.495767761650115,0.0856079404466501,0.0812655086848635
SIG303,GSE72970,3,3,0.616625310173697,1,0.630208333333333,0.678930661773143,0.0576923076923077,0.0298861480075901,0.555831265508685,0.134865134865135,ok,0.620196130400212,0.06079404466501204,0.0576923076923077
SIG304,GSE72970,4,4,0.609181141439206,0,0.567708333333333,0.568615603232786,0.0353598014888338,0.0203984819734345,0.555831265508685,0.203796203796204,ok,0.684552714366379,0.053349875930520985,0.0353598014888338
SIG305,GSE72970,7,7,0.53970223325062,1,0.666666666666667,0.531346217269863,0.0254342431761787,0.0203984819734345,0.559553349875931,0.665334665334665,ok,0.91369473593953,-0.019851116625311027,0.0254342431761787
SIG306,GSE72970,11,11,0.529776674937965,1,0.765625,0.486545134593507,0.0279156327543424,0.0014231499051233,0.558312655086849,0.747252747252747,ok,0.937185263715876,-0.028535980148884033,0.0279156327543424
SIG307,GSE72970,13,13,0.547146401985112,1,0.651041666666667,0.358298584291727,0.0403225806451613,0.0109108159392789,0.558312655086849,0.597402597402597,ok,0.89003186032889,-0.011166253101737023,0.0403225806451613
SIG308,GSE72970,5,5,0.658808933002481,1,0.75,0.628264740846371,0.106079404466501,0.0298861480075901,0.557071960297767,0.040959040959041,ok,0.418651459241865,0.10173697270471405,0.106079404466501
SIG309,GSE72970,3,3,0.656327543424318,1,0.703125,0.462170419651028,0.106079404466501,0.0298861480075901,0.555831265508685,0.054945054945055,ok,0.444824636441403,0.10049627791563298,0.106079404466501
SIG310,GSE72970,4,4,0.517369727047147,1,0.552083333333333,0.224684734800353,0.0192307692307692,0.0393738140417457,0.555831265508685,0.838161838161838,ok,0.965653860413128,-0.03846153846153799,0.0192307692307692
SIG311,GSE72970,5,4,0.508684863523573,1,0.473958333333333,0.679634784136803,0.0303970223325062,0.0109108159392789,0.555831265508685,0.925074925074925,ok,0.983446526012238,-0.047146401985111996,0.0303970223325062
SIG312,GSE72970,9,9,0.560794044665012,1,0.713541666666667,0.711331974132084,0.031637717121588,0.0014231499051233,0.560173697270471,0.500499500499501,ok,0.86258534439212,0.0006203473945410876,0.031637717121588
SIG313,GSE72970,3,3,0.508684863523573,0,0.354166666666667,-0.222325353328155,-0.0167493796526055,0.0203984819734345,0.555831265508685,0.911088911088911,ok,0.981507735292596,-0.047146401985111996,-0.0167493796526055
SIG314,GSE72970,8,7,0.606699751861042,1,0.59375,1.01131214914868,0.0465260545905707,0.0393738140417457,0.559553349875931,0.198801198801199,ok,0.680453723491698,0.047146401985111,0.0465260545905707
SIG315,GSE72970,8,8,0.531017369727047,0,0.5,-0.0582581845749892,-0.0031017369727046,0.0109108159392789,0.557071960297767,0.728271728271728,ok,0.932758313958125,-0.026054590570719904,-0.0031017369727046
SIG316,GSE72970,10,10,0.601736972704715,1,0.760416666666667,0.861571389005263,0.0676178660049628,0.0203984819734345,0.558312655086849,0.21978021978022,ok,0.705802511028164,0.043424317617866026,0.0676178660049628
SIG317,GSE72970,7,7,0.514888337468983,0,0.473958333333333,-0.135803536001852,0.0117866004962779,-0.0080645161290322,0.559553349875931,0.876123876123876,ok,0.972423230725814,-0.04466501240694798,0.0117866004962779
SIG318,GSE72970,4,4,0.569478908188586,0,0.6875,0.584360378047939,0.0266749379652606,0.0298861480075901,0.555831265508685,0.408591408591409,ok,0.817787689734396,0.01364764267990104,0.0266749379652606
SIG319,GSE72970,8,8,0.511166253101737,0,0.447916666666667,-0.120165501349028,0.0142679900744417,0.0109108159392789,0.557071960297767,0.906093906093906,ok,0.981507735292596,-0.04590570719602993,0.0142679900744417
SIG320,GSE72970,8,8,0.621588089330025,1,0.71875,1.13523677058335,0.0502481389578164,0.0298861480075901,0.557071960297767,0.146853146853147,ok,0.633318834275772,0.06451612903225801,0.0502481389578164
SIG321,GSE72970,3,3,0.553349875930521,0,0.515625,0.22215840985645,0.0080645161290322,0.0109108159392789,0.555831265508685,0.524475524475525,ok,0.870050195203569,-0.002481389578164017,0.0080645161290322
SIG322,GSE72970,7,7,0.501240694789082,1,0.697916666666667,-0.235461202945012,-0.0055831265508684,0.0014231499051233,0.559553349875931,0.996003996003996,ok,1.0,-0.05831265508684902,-0.0055831265508684
SIG323,GSE72970,5,5,0.523573200992556,1,0.479166666666667,-0.143693071051022,-0.0043424317617866,-0.0080645161290322,0.557071960297767,0.805194805194805,ok,0.955625810266791,-0.03349875930521096,-0.0043424317617866
SIG324,GSE72970,3,3,0.617866004962779,0,0.604166666666667,0.407598564303691,0.0576923076923077,0.0298861480075901,0.555831265508685,0.131868131868132,ok,0.615840118430792,0.06203473945409399,0.0576923076923077
SIG325,GSE72970,3,3,0.588089330024814,1,0.661458333333333,0.366859574667573,0.0303970223325062,0.0298861480075901,0.555831265508685,0.270729270729271,ok,0.733323931744465,0.032258064516129004,0.0303970223325062
SIG326,GSE72970,9,9,0.508684863523573,1,0.651041666666667,0.41554327979646,0.0093052109181142,0.0203984819734345,0.560173697270471,0.933066933066933,ok,0.985551948051948,-0.051488833746897944,0.0093052109181142
SIG327,GSE72970,3,2,0.51985111662531,1,0.484375,-0.0220565198590054,0.0093052109181142,0.0298861480075901,0.558312655086849,0.831168831168831,ok,0.962930813830557,-0.03846153846153899,0.0093052109181142
SIG328,GSE72970,9,9,0.581885856079405,0,0.447916666666667,-0.0594490185553736,-0.0229528535980149,0.0014231499051233,0.560173697270471,0.358641358641359,ok,0.785235816814764,0.021712158808934068,-0.0229528535980149
SIG329,GSE72970,5,4,0.719602977667494,0,0.807291666666667,1.24209115370772,0.125930521091811,0.0109108159392789,0.555831265508685,0.004995004995005,ok,0.182520182520183,0.16377171215880904,0.125930521091811
SIG330,GSE72970,16,16,0.560794044665012,1,0.666666666666667,0.50617249822404,0.0353598014888338,0.0298861480075901,0.558312655086849,0.488511488511489,ok,0.856082349277424,0.002481389578163018,0.0353598014888338
SIG331,GSE72970,4,4,0.562034739454094,1,0.723958333333333,0.666404978296973,0.0353598014888338,0.0109108159392789,0.555831265508685,0.465534465534466,ok,0.840885233670805,0.006203473945408988,0.0353598014888338
SIG332,GSE72970,3,3,0.715880893300248,1,0.838541666666667,0.727077989583042,0.154466501240695,0.0298861480075901,0.555831265508685,0.004995004995005,ok,0.182520182520183,0.16004962779156295,0.154466501240695
SIG334,GSE72970,4,4,0.550868486352357,0,0.520833333333333,0.163156338555836,0.0155086848635235,0.0109108159392789,0.555831265508685,0.548451548451548,ok,0.878042029018939,-0.004962779156328034,0.0155086848635235
SIG335,GSE72970,8,7,0.544665012406948,1,0.484375,0.469881919464458,0.0204714640198511,0.0298861480075901,0.559553349875931,0.63036963036963,ok,0.902813738350492,-0.014888337468982993,0.0204714640198511
SIG336,GSE72970,3,3,0.578163771712159,0,0.619791666666667,0.163901171273483,0.0378411910669976,0.0109108159392789,0.555831265508685,0.324675324675325,ok,0.762747244067835,0.022332506203474045,0.0378411910669976
SIG337,GSE72970,4,4,0.615384615384615,0,0.614583333333333,0.109611666063771,0.0031017369727046,0.0014231499051233,0.555831265508685,0.181818181818182,ok,0.666223264606014,0.05955334987592997,0.0031017369727046
SIG338,GSE72970,3,3,0.535980148883375,1,0.697916666666667,0.202903365366094,0.0068238213399503,0.0298861480075901,0.555831265508685,0.667332667332667,ok,0.913912434870519,-0.019851116625310028,0.0068238213399503
SIG001,GSE87211,4,4,0.542521389547469,1,0.554187979539642,0.165129353488649,0.01041129780435,-0.0096319229446164,0.540408205339656,0.481518481518482,ok,0.853787523951458,0.0021131842078130347,0.01041129780435
SIG002,GSE87211,4,4,0.609834037728069,1,0.614609974424552,0.600659706520426,-0.0062880115452015,0.0110079119367045,0.540408205339656,0.046953046953047,ok,0.427478245660064,0.06942583238841304,-0.0062880115452015
SIG003,GSE87211,13,12,0.525409751572003,0,0.532448849104859,0.515346469684745,0.0044325327285846,-0.0096319229446164,0.547984743840841,0.749250749250749,ok,0.938385375624838,-0.022574992268837968,0.0044325327285846
SIG004,GSE87211,9,9,0.51602927533244,0,0.510549872122762,0.239227874844026,0.0084527368312544,-0.0130718954248366,0.546129265024224,0.818181818181818,ok,0.95890256929218,-0.030099989691783957,0.0084527368312544
SIG005,GSE87211,6,6,0.520152561591589,0,0.501918158567775,0.217572567261914,-0.0045356148850633,0.0041279669762641,0.543603752190496,0.767232767232767,ok,0.943856871063423,-0.02345119059890699,-0.0045356148850633
SIG006,GSE87211,8,8,0.577053911967838,0,0.5701726342711,0.468881835097519,0.0090712297701267,0.0075679394564843,0.544686114833522,0.205794205794206,ok,0.686149855077106,0.03236779713431592,0.0090712297701267
SIG007,GSE87211,15,15,0.516338521801876,1,0.511988491048593,0.0276167044390851,-0.0001030821564786,-0.0027519779841761,0.552262653334708,0.874125874125874,ok,0.972423230725814,-0.03592413153283203,-0.0001030821564786
SIG009,GSE87211,6,6,0.566333367694052,0,0.575607416879795,0.899162176721258,0.023399649520668,0.0075679394564843,0.543603752190496,0.274725274725275,ok,0.733323931744465,0.02272961550355601,0.023399649520668
SIG010,GSE87211,6,6,0.532522420369034,0,0.525095907928389,0.044619094456513,-0.0010308215647871,-0.0061919504643962,0.543603752190496,0.62037962037962,ok,0.898985259113877,-0.011081331821461982,-0.0010308215647871
SIG011,GSE87211,3,3,0.505102566745696,1,0.517583120204604,-0.142225851271895,0.0005154107823934,-0.0130718954248366,0.537882692505927,0.934065934065934,ok,0.986221899927484,-0.03278012576023104,0.0005154107823934
SIG012,GSE87211,3,3,0.571075146892073,1,0.561381074168798,0.442497363324587,0.0263890320585507,-0.0027519779841761,0.537882692505927,0.190809190809191,ok,0.67006240512734,0.03319245438614593,0.0263890320585507
SIG013,GSE87211,9,9,0.524894340789609,1,0.53420716112532,-0.0107954676230318,-0.0017523966601381,-0.0061919504643962,0.546129265024224,0.741258741258741,ok,0.936131033145958,-0.021234924234615038,-0.0017523966601381
SIG014,GSE87211,15,15,0.587671374085146,0,0.579283887468031,0.376866351389616,-0.0064941758581589,0.0041279669762641,0.552262653334708,0.186813186813187,ok,0.67006240512734,0.035408720750437994,-0.0064941758581589
SIG015,GSE87211,3,3,0.520152561591589,0,0.507832480818414,-0.257597541560009,0.0048448613544995,0.000687994496044,0.537882692505927,0.72027972027972,ok,0.929174684296171,-0.01773013091433806,0.0048448613544995
SIG016,GSE87211,57,56,0.50561797752809,0,0.510390025575448,-0.416483195934018,0.001752396660138,-0.0096319229446164,0.568549634058345,0.98001998001998,ok,0.996331023236853,-0.06293165653025501,0.001752396660138
SIG018,GSE87211,9,9,0.503659416554994,0,0.494085677749361,0.142830940741403,-0.0023708895990104,-0.0096319229446164,0.546129265024224,0.957042957042957,ok,0.992820349635051,-0.042469848469229965,-0.0023708895990104
SIG019,GSE87211,12,12,0.620863828471292,0,0.632512787723785,0.710527995189737,0.0347386867333265,0.0041279669762641,0.547984743840841,0.02997002997003,ok,0.373451433359267,0.07287908463045101,0.0347386867333265
SIG020,GSE87211,5,4,0.511802906916813,1,0.520780051150895,0.15807156165602,0.0098958870219565,0.000687994496044,0.540408205339656,0.845154845154845,ok,0.9671735299876,-0.028605298422842984,0.0098958870219565
SIG021,GSE87211,10,7,0.523038861972992,0,0.509910485933504,0.173668211665429,-0.0018554788166168,-0.0027519779841761,0.543912998659932,0.72027972027972,ok,0.929174684296171,-0.020874136686940048,-0.0018554788166168
SIG022,GSE87211,4,4,0.534377899185651,0,0.519341432225064,0.280097700939936,0.0018554788166168,-0.0096319229446164,0.540408205339656,0.561438561438561,ok,0.88400539027677,-0.006030306154004905,0.0018554788166168
SIG023,GSE87211,9,9,0.502731677146686,0,0.489609974424552,0.0438393105632072,-0.0011339037212658,-0.0027519779841761,0.546129265024224,0.973026973026973,ok,0.996331023236853,-0.043397587877538,-0.0011339037212658
SIG024,GSE87211,7,7,0.518606329244408,0,0.522858056265985,0.172898705866068,0.0023708895990104,0.000687994496044,0.543912998659932,0.77022977022977,ok,0.94496429160676,-0.025306669415524063,0.0023708895990104
SIG025,GSE87211,13,11,0.548293990310277,1,0.555147058823529,0.382894138077706,0.0002061643129573,0.000687994496044,0.549118647562107,0.505494505494506,ok,0.86258534439212,-0.0008246572518300077,0.0002061643129573
SIG026,GSE87211,31,30,0.554994330481394,1,0.566815856777494,0.358738122650434,0.0006184929388722,-0.0027519779841761,0.56009689722709,0.56043956043956,ok,0.883116883116883,-0.00510256674569598,0.0006184929388722
SIG027,GSE87211,4,4,0.505824141841047,0,0.490409207161125,0.0284214656021255,-0.0111328728997011,-0.0027519779841761,0.540408205339656,0.92007992007992,ok,0.982969618291625,-0.034584063498608986,-0.0111328728997011
SIG028,GSE87211,4,4,0.599216575610762,0,0.608375959079284,0.337534967234841,0.0022678074425317,0.0041279669762641,0.540408205339656,0.0799200799200799,ok,0.499555239281267,0.05880837027110608,0.0022678074425317
SIG029,GSE87211,5,3,0.599525822080198,0,0.619884910485934,0.346571323921955,0.0116482836820946,0.000687994496044,0.537882692505927,0.0649350649350649,ok,0.47041085563513,0.06164312957427098,0.0116482836820946
SIG030,GSE87211,7,7,0.539428924853108,1,0.535006393861893,0.125901019372751,-0.0013400680342232,-0.0130718954248366,0.543912998659932,0.544455544455544,ok,0.877358636595824,-0.004484073806824029,-0.0013400680342232
SIG031,GSE87211,4,4,0.501494691268941,1,0.529411764705882,0.0853901643736818,0.0058756829192866,-0.0130718954248366,0.540408205339656,0.983016983016983,ok,0.996331023236853,-0.03891351407071497,0.0058756829192866
SIG032,GSE87211,10,10,0.543139882486342,0,0.529411764705882,0.369939849975258,0.0051541078239356,0.000687994496044,0.547572415214926,0.538461538461538,ok,0.876096876096876,-0.0044325327285839045,0.0051541078239356
SIG033,GSE87211,10,10,0.59694876816823,0,0.597346547314578,0.813193344463586,0.0120606123080095,0.0041279669762641,0.547572415214926,0.0979020979020979,ok,0.541353383458647,0.049376352953304004,0.0120606123080095
SIG034,GSE87211,14,13,0.549015565405628,1,0.556265984654731,0.284988617189424,0.0080404082053395,-0.0130718954248366,0.549840222657458,0.510489510489511,ok,0.865431746936449,-0.0008246572518300077,0.0080404082053395
SIG035,GSE87211,3,2,0.512524482012164,0,0.510709718670077,-0.0125520318626324,0.0022678074425317,-0.0027519779841761,0.539841253479023,0.83016983016983,ok,0.962930813830557,-0.027316771466858958,0.0022678074425317
SIG036,GSE87211,13,11,0.50963818163076,0,0.512947570332481,0.175142422850516,0.0060818472322441,-0.0199518403852769,0.549118647562107,0.903096903096903,ok,0.981507735292596,-0.03948046593134702,0.0060818472322441
SIG037,GSE87211,14,14,0.538295021131842,0,0.540760869565217,0.278349348022892,0.0024739717554891,0.0075679394564843,0.551231831769921,0.618381618381618,ok,0.898014981795863,-0.012936810638078944,0.0024739717554891
SIG038,GSE87211,3,3,0.616018967116792,0,0.584878516624041,0.547481659412544,0.0205133491392639,-0.0061919504643962,0.537882692505927,0.033966033966034,ok,0.381096082340896,0.07813627461086503,0.0205133491392639
SIG039,GSE87211,14,14,0.508195031440058,1,0.546675191815857,0.196340261498113,0.0045356148850633,0.000687994496044,0.551231831769921,0.922077922077922,ok,0.983161948461633,-0.04303680032986301,0.0045356148850633
SIG040,GSE87211,15,13,0.584269662921348,1,0.592551150895141,1.09821945997901,0.0219564993299659,0.0041279669762641,0.549840222657458,0.211788211788212,ok,0.692473185822642,0.03442944026388994,0.0219564993299659
SIG041,GSE87211,10,10,0.505308731058654,0,0.490249360613811,0.210039724919903,-0.0038140397897124,-0.0061919504643962,0.547572415214926,0.94005994005994,ok,0.989845045919812,-0.04226368415627191,-0.0038140397897124
SIG042,GSE87211,8,6,0.607256983816102,1,0.623401534526854,0.514505029878483,0.0153592413153283,0.000687994496044,0.543603752190496,0.045954045954046,ok,0.427478245660064,0.0636532316256061,0.0153592413153283
SIG043,GSE87211,14,14,0.537882692505927,1,0.54539641943734,0.381885183303146,0.0108236264302649,-0.0130718954248366,0.551231831769921,0.623376623376623,ok,0.898992207792208,-0.013349139263993948,0.0108236264302649
SIG044,GSE87211,3,3,0.520255643748067,1,0.529251918158568,0.165103672407319,0.0080404082053395,-0.0096319229446164,0.537882692505927,0.719280719280719,ok,0.929174684296171,-0.01762704875786003,0.0080404082053395
SIG045,GSE87211,6,6,0.507679620657664,0,0.513906649616368,0.16944719930348,0.0010308215647871,-0.0061919504643962,0.543603752190496,0.909090909090909,ok,0.981507735292596,-0.035924131532831916,0.0010308215647871
SIG046,GSE87211,5,5,0.557468302236883,1,0.562020460358056,0.174309368046254,-0.0041232862591486,-0.0027519779841761,0.544995361302958,0.390609390609391,ok,0.811213177066836,0.012472940933925036,-0.0041232862591486
SIG047,GSE87211,4,4,0.571590557674467,1,0.590632992327366,0.248310048156434,0.011854447995052,-0.0027519779841761,0.540408205339656,0.223776223776224,ok,0.709368005968241,0.031182352334811037,0.011854447995052
SIG048,GSE87211,11,11,0.573342954334605,0,0.560581841432225,0.189652344944513,-0.0044325327285846,0.000687994496044,0.549118647562107,0.265734265734266,ok,0.733323931744465,0.024224306772497983,-0.0044325327285846
SIG049,GSE87211,14,14,0.595711782290486,0,0.595108695652174,1.05147547266797,0.013297598185754,0.0041279669762641,0.551231831769921,0.103896103896104,ok,0.550853068500127,0.04447995052056508,0.013297598185754
SIG050,GSE87211,6,5,0.516750850427791,0,0.52093989769821,0.0161650566560169,0.0020616431295742,-0.0096319229446164,0.544995361302958,0.822177822177822,ok,0.960332108496255,-0.028244510875166995,0.0020616431295742
SIG051,GSE87211,7,7,0.551489537161118,0,0.567774936061381,0.324423320909983,0.01762704875786,0.0041279669762641,0.543912998659932,0.422577422577423,ok,0.820868786386028,0.007576538501186003,0.01762704875786
SIG052,GSE87211,20,19,0.566024121224616,0,0.578964194373402,0.192483430272552,-0.0052571899804143,0.0075679394564843,0.555355118029069,0.393606393606394,ok,0.811213177066836,0.010669003195546978,-0.0052571899804143
SIG053,GSE87211,11,10,0.54169673229564,0,0.526694373401535,0.808060781306384,0.0149469126894135,0.000687994496044,0.547572415214926,0.56043956043956,ok,0.883116883116883,-0.005875682919285974,0.0149469126894135
SIG054,GSE87211,46,44,0.51602927533244,0,0.503037084398977,0.0756499826547757,-0.0006184929388722,-0.0027519779841761,0.564065560251521,0.923076923076923,ok,0.983446526012238,-0.04803628491908096,-0.0006184929388722
SIG055,GSE87211,21,20,0.587465209772188,1,0.577685421994885,1.10822922218237,0.0232965673641892,-0.0096319229446164,0.554118132151325,0.178821178821179,ok,0.666223264606014,0.033347077620862975,0.0232965673641892
SIG056,GSE87211,7,6,0.538604267601278,0,0.53420716112532,0.0685345416433693,-0.0012369858777445,-0.0096319229446164,0.543603752190496,0.548451548451548,ok,0.878042029018939,-0.004999484589217951,-0.0012369858777445
SIG057,GSE87211,8,8,0.601278218740336,0,0.608695652173913,0.476920044263279,0.0135037624987114,0.0041279669762641,0.544686114833522,0.0679320679320679,ok,0.475876455151067,0.05659210390681402,0.0135037624987114
SIG058,GSE87211,24,22,0.546953922276054,1,0.561061381074169,0.277759167178655,0.0150499948458922,-0.0061919504643962,0.556746727141532,0.612387612387613,ok,0.895563063221257,-0.009792804865477955,0.0150499948458922
SIG059,GSE87211,14,12,0.519430986496237,0,0.512148337595908,0.380175579763963,-0.0027832182249252,0.000687994496044,0.547984743840841,0.81018981018981,ok,0.956170246492827,-0.02855375734460397,-0.0027832182249252
SIG060,GSE87211,7,5,0.538604267601278,1,0.560262148337596,0.218717462763977,0.0163900628801155,-0.0096319229446164,0.544995361302958,0.576423576423577,ok,0.884172261147431,-0.006391093701680006,0.0163900628801155
SIG062,GSE87211,43,41,0.552004947943511,0,0.550831202046036,0.65079955047637,0.0,0.0110079119367045,0.563240902999691,0.624375624375624,ok,0.899952925539279,-0.011235955056180025,0.0
SIG063,GSE87211,19,18,0.524172765694258,0,0.527333759590793,0.305903405429885,0.003917121946191,-0.0027519779841761,0.553499639212452,0.766233766233766,ok,0.943056943056943,-0.029326873518194074,0.003917121946191
SIG064,GSE87211,3,3,0.606844655190187,0,0.624040920716113,0.609885440867817,0.0211318420781362,0.0075679394564843,0.537882692505927,0.048951048951049,ok,0.432560903149138,0.06896196268426003,0.0211318420781362
SIG065,GSE87211,5,5,0.557365220080404,1,0.559143222506394,0.0867358046234555,0.0020616431295742,-0.0061919504643962,0.544995361302958,0.390609390609391,ok,0.811213177066836,0.012369858777446008,0.0020616431295742
SIG066,GSE87211,11,11,0.535614885063396,0,0.551950127877238,0.48135107785247,0.0087619833006906,-0.0096319229446164,0.549118647562107,0.629370629370629,ok,0.902813738350492,-0.013503762498710992,0.0087619833006906
SIG067,GSE87211,5,5,0.522935779816514,0,0.510709718670077,0.0342867540708631,-0.0002061643129573,0.000687994496044,0.544995361302958,0.744255744255744,ok,0.93646697648559,-0.022059581486444046,-0.0002061643129573
SIG068,GSE87211,5,4,0.570250489640243,0,0.574488491048593,0.573082182010022,0.0249458818678486,-0.0165118679050568,0.540408205339656,0.237762237762238,ok,0.716548712109201,0.029842284300587107,0.0249458818678486
SIG069,GSE87211,7,7,0.524585094320173,1,0.519661125319693,0.050526960429151,0.0007215750953509,0.0041279669762641,0.543912998659932,0.71028971028971,ok,0.928530902606755,-0.01932790433975906,0.0007215750953509
SIG070,GSE87211,3,3,0.502113184207814,0,0.504315856777494,0.105817742971784,0.0,-0.0096319229446164,0.537882692505927,0.975024975024975,ok,0.996331023236853,-0.035769508298112984,0.0
SIG071,GSE87211,13,13,0.511184413977941,0,0.475383631713555,0.0072691422091591,0.0051541078239356,-0.0096319229446164,0.549840222657458,0.899100899100899,ok,0.981507735292596,-0.03865580867951701,0.0051541078239356
SIG072,GSE87211,15,15,0.512730646325121,1,0.534526854219949,-0.0700897933186254,-0.0037109576332337,-0.0096319229446164,0.552262653334708,0.909090909090909,ok,0.981507735292596,-0.039532007009587034,-0.0037109576332337
SIG073,GSE87211,16,16,0.530254612926503,0,0.510549872122762,0.325825437888606,0.003607875476755,0.0075679394564843,0.55288114627358,0.744255744255744,ok,0.93646697648559,-0.022626533347076982,0.003607875476755
SIG074,GSE87211,11,11,0.556746727141532,0,0.557065217391304,0.554203748390166,0.0025770539119678,0.000687994496044,0.549118647562107,0.432567432567433,ok,0.826032724337809,0.007628079579424907,0.0025770539119678
SIG075,GSE87211,14,13,0.578703226471498,0,0.601023017902813,0.443993576955343,0.0171116379754664,0.0041279669762641,0.549840222657458,0.250749250749251,ok,0.720346320346321,0.028863003814039945,0.0171116379754664
SIG076,GSE87211,9,8,0.518503247087929,1,0.523177749360614,0.144434614031889,0.013297598185754,-0.0061919504643962,0.544686114833522,0.788211788211788,ok,0.950635448405297,-0.026182867745592975,0.013297598185754
SIG077,GSE87211,7,7,0.548603236779714,1,0.546355498721228,0.363441562773091,0.0038140397897124,-0.0027519779841761,0.543912998659932,0.453546453546454,ok,0.835415265932977,0.004690238119781975,0.0038140397897124
SIG078,GSE87211,6,6,0.509432017317802,1,0.510070332480819,0.0385328601310268,0.000309246469436,0.000687994496044,0.543603752190496,0.879120879120879,ok,0.973440973440973,-0.03417173487269398,0.000309246469436
SIG079,GSE87211,5,5,0.503865580867952,1,0.503516624040921,-0.127058453223879,-0.0003092464694361,0.000687994496044,0.544995361302958,0.962037962037962,ok,0.993640431379163,-0.041129780435006036,-0.0003092464694361
SIG080,GSE87211,8,8,0.503865580867952,0,0.477461636828645,0.275694827347912,-0.0005154107823935,-0.0096319229446164,0.544686114833522,0.961038961038961,ok,0.993367488780333,-0.04082053396557006,-0.0005154107823935
SIG081,GSE87211,5,5,0.503144005772601,0,0.485613810741688,-0.118811630622621,0.0125760230904031,-0.0096319229446164,0.544995361302958,0.966033966033966,ok,0.995865743101733,-0.041851355530357015,0.0125760230904031
SIG082,GSE87211,6,6,0.537161117410576,0,0.553868286445013,0.299072127695587,0.0123698587774456,-0.0096319229446164,0.543603752190496,0.563436563436564,ok,0.88400539027677,-0.006442634779919909,0.0123698587774456
SIG083,GSE87211,17,16,0.535821049376353,0,0.533248081841432,0.206392349691525,-0.0058756829192867,-0.0027519779841761,0.55288114627358,0.689310689310689,ok,0.92044252044252,-0.017060096897226984,-0.0058756829192867
SIG084,GSE87211,15,15,0.580867951757551,0,0.590473145780051,0.814958040171821,0.0150499948458922,0.0041279669762641,0.552262653334708,0.240759240759241,ok,0.717394081328508,0.028605298422842984,0.0150499948458922
SIG085,GSE87211,7,7,0.570765900422637,0,0.571291560102302,0.642444766551629,-0.002164725286053,0.0041279669762641,0.543912998659932,0.257742257742258,ok,0.727489629368544,0.02685290176270494,-0.002164725286053
SIG086,GSE87211,5,5,0.59694876816823,1,0.612372122762148,0.545996552867471,0.0235027316771467,-0.0096319229446164,0.544995361302958,0.102897102897103,ok,0.548784548784549,0.051953406865271945,0.0235027316771467
SIG087,GSE87211,5,5,0.540253582104938,0,0.541080562659847,0.181657785855764,-0.0045356148850633,-0.0027519779841761,0.544995361302958,0.553446553446554,ok,0.881959775277478,-0.004741779198019991,-0.0045356148850633
SIG088,GSE87211,6,6,0.51520461808061,0,0.499520460358056,0.0877146054871488,-0.0040202041026697,-0.0061919504643962,0.543603752190496,0.814185814185814,ok,0.958449473904415,-0.028399134109885926,-0.0040202041026697
SIG089,GSE87211,5,5,0.51365838573343,0,0.506234015345269,0.301297094900861,-0.0014431501907019,-0.0130718954248366,0.544995361302958,0.853146853146853,ok,0.9671735299876,-0.03133697556952797,-0.0014431501907019
SIG090,GSE87211,4,4,0.544583032677044,0,0.519820971867008,0.360649278157231,-0.0054633542933718,-0.0027519779841761,0.540408205339656,0.457542457542458,ok,0.837894404988134,0.004174827337388054,-0.0054633542933718
SIG091,GSE87211,7,7,0.619729924750026,0,0.620044757033248,0.67462191988381,0.0193794454179981,0.000687994496044,0.543912998659932,0.032967032967033,ok,0.37772397094431,0.07581692609009394,0.0193794454179981
SIG093,GSE87211,9,9,0.555406659107309,0,0.534047314578005,0.421533776508612,-0.0060818472322441,0.000687994496044,0.546129265024224,0.412587412587413,ok,0.819472924736083,0.009277394083085033,-0.0060818472322441
SIG094,GSE87211,3,3,0.527162148232141,1,0.521579283887468,0.050824332612918,0.0019585609730955,0.0041279669762641,0.537882692505927,0.629370629370629,ok,0.902813738350492,-0.010720544273785992,0.0019585609730955
SIG095,GSE87211,18,18,0.627358004329451,0,0.630914322250639,1.13083832896856,0.0191732811050407,0.0110079119367045,0.553499639212452,0.024975024975025,ok,0.363077782432621,0.07385836511699895,0.0191732811050407
SIG096,GSE87211,11,11,0.525409751572003,0,0.542039641943734,0.122964226565815,0.003607875476755,-0.0096319229446164,0.549118647562107,0.732267732267732,ok,0.933499645364052,-0.023708895990104062,0.003607875476755
SIG097,GSE87211,14,14,0.528605298422843,0,0.524456521739131,0.438785401453622,0.0004123286259147,-0.0061919504643962,0.551231831769921,0.715284715284715,ok,0.928530902606755,-0.02262653334707798,0.0004123286259147
SIG098,GSE87211,5,5,0.524378930007216,0,0.520780051150895,0.124449559804197,-0.0038140397897124,-0.0096319229446164,0.544995361302958,0.732267732267732,ok,0.933499645364052,-0.020616431295741977,-0.0038140397897124
SIG099,GSE87211,11,11,0.583032677043604,0,0.579124040920716,0.539909479492462,-0.0003092464694361,0.0075679394564843,0.549118647562107,0.191808191808192,ok,0.670956469145344,0.03391402948149691,-0.0003092464694361
SIG101,GSE87211,10,8,0.572518297082775,0,0.576886189258312,0.477905724671988,0.0010308215647871,0.000687994496044,0.544686114833522,0.244755244755245,ok,0.720346320346321,0.02783218224925299,0.0010308215647871
SIG102,GSE87211,4,4,0.523966601381301,0,0.518542199488491,0.319250044313238,0.0148438305329347,-0.0096319229446164,0.540408205339656,0.687312687312687,ok,0.919136254447827,-0.016441603958354922,0.0148438305329347
SIG107,GSE87211,15,15,0.5385011854448,1,0.552909207161125,0.108203817700063,-0.003917121946191,0.000687994496044,0.552262653334708,0.652347652347652,ok,0.91369473593953,-0.013761467889908063,-0.003917121946191
SIG108,GSE87211,15,13,0.532419338212555,1,0.51150895140665,0.254543158237342,-0.0005154107823935,-0.0061919504643962,0.549840222657458,0.671328671328671,ok,0.913912434870519,-0.017420884444902973,-0.0005154107823935
SIG109,GSE87211,7,7,0.539841253479023,1,0.554667519181586,0.352665308028165,0.0252551283372848,-0.0096319229446164,0.543912998659932,0.540459540459541,ok,0.876140645924819,-0.0040717451809090255,0.0252551283372848
SIG110,GSE87211,9,9,0.530357695082981,0,0.530690537084399,0.533937715505916,-0.0091743119266055,-0.0027519779841761,0.546129265024224,0.664335664335664,ok,0.91369473593953,-0.015771569941242958,-0.0091743119266055
SIG111,GSE87211,13,12,0.537985774662406,0,0.545716112531969,0.289245139986315,-0.0053602721368931,-0.0027519779841761,0.547984743840841,0.612387612387613,ok,0.895563063221257,-0.009998969178434902,-0.0053602721368931
SIG112,GSE87211,4,4,0.54087207504381,0,0.532448849104859,0.334060979082061,-0.003917121946191,0.000687994496044,0.540408205339656,0.495504495504496,ok,0.858874458874459,0.0004638697041540185,-0.003917121946191
SIG113,GSE87211,10,10,0.534068652716215,0,0.538682864450128,0.33019212336841,-0.0005154107823935,0.000687994496044,0.547572415214926,0.645354645354645,ok,0.911705925790433,-0.013503762498710992,-0.0005154107823935
SIG114,GSE87211,20,14,0.61859602102876,0,0.646099744245524,1.37725720150883,0.033089372229667,0.021327829377365,0.551231831769921,0.033966033966034,ok,0.381096082340896,0.06736418925883902,0.033089372229667
SIG115,GSE87211,4,4,0.502834759303165,1,0.52269820971867,0.29750880496444,0.0205133491392639,-0.0027519779841761,0.540408205339656,0.959040959040959,ok,0.992820349635051,-0.03757344603649093,0.0205133491392639
SIG116,GSE87211,5,5,0.571487475517988,0,0.561221227621483,0.711040600819952,0.0055664364498504,0.000687994496044,0.544995361302958,0.261738261738262,ok,0.733323931744465,0.02649211421502995,0.0055664364498504
SIG117,GSE87211,4,4,0.556025152046181,1,0.555466751918159,0.155257418885246,0.0002061643129573,0.000687994496044,0.540408205339656,0.351648351648352,ok,0.783888823460134,0.015616946706525026,0.0002061643129573
SIG118,GSE87211,15,14,0.503144005772601,1,0.508471867007673,0.131426789821048,0.0043294505721059,-0.0165118679050568,0.551231831769921,0.97002997002997,ok,0.996331023236853,-0.04808782599731998,0.0043294505721059
SIG119,GSE87211,10,10,0.528502216266364,0,0.514546035805627,0.354911837839615,-0.0037109576332337,-0.0096319229446164,0.547572415214926,0.707292707292707,ok,0.928530902606755,-0.01907019894856199,-0.0037109576332337
SIG120,GSE87211,4,3,0.547675497371405,1,0.559303069053708,0.189807676533644,0.0069065044840738,-0.0061919504643962,0.537882692505927,0.376623376623377,ok,0.798736949325185,0.009792804865477955,0.0069065044840738
SIG121,GSE87211,6,6,0.525100505102567,0,0.53596547314578,0.0340339883918931,0.001752396660138,-0.0027519779841761,0.543603752190496,0.706293706293706,ok,0.928530902606755,-0.018503247087928942,0.001752396660138
SIG122,GSE87211,8,8,0.558602205958149,1,0.536764705882353,0.185638158899932,-0.0014431501907019,-0.0061919504643962,0.544686114833522,0.354645354645355,ok,0.785235816814764,0.013916091124626995,-0.0014431501907019
SIG124,GSE87211,4,4,0.589836099371199,0,0.604539641943734,0.390512783665304,0.0142253375940624,0.0110079119367045,0.540408205339656,0.127872127872128,ok,0.607086293497443,0.04942789403154302,0.0142253375940624
SIG125,GSE87211,4,3,0.508710442222451,0,0.485453964194374,0.256074651218072,-0.0004123286259148,-0.0130718954248366,0.537882692505927,0.878121878121878,ok,0.97313178624654,-0.02917225028347603,-0.0004123286259148
SIG126,GSE87211,4,4,0.577672404906711,1,0.576566496163683,0.66810486361302,0.0202041026698279,-0.0027519779841761,0.540408205339656,0.186813186813187,ok,0.67006240512734,0.03726419956705507,0.0202041026698279
SIG127,GSE87211,6,6,0.512627564168643,0,0.511029411764706,0.145094578038179,-0.0007215750953509,-0.0027519779841761,0.543603752190496,0.844155844155844,ok,0.9671735299876,-0.03097618802185298,-0.0007215750953509
SIG128,GSE87211,11,11,0.526955983919184,1,0.53212915601023,0.0798964129365137,-0.0012369858777445,-0.0130718954248366,0.549118647562107,0.714285714285714,ok,0.928530902606755,-0.022162663642923075,-0.0012369858777445
SIG129,GSE87211,9,9,0.567364189258839,0,0.556425831202046,0.293069151001069,0.0027832182249252,0.000687994496044,0.546129265024224,0.303696303696304,ok,0.752699179830252,0.021234924234615038,0.0027832182249252
SIG130,GSE87211,9,9,0.586640552520359,0,0.608056265984655,0.642851193985326,0.0067003401711163,-0.0027519779841761,0.546129265024224,0.151848151848152,ok,0.640557570354762,0.04051128749613497,0.0067003401711163
SIG132,GSE87211,5,4,0.530770023708896,1,0.530530690537084,0.126960169173141,0.0010308215647871,0.000687994496044,0.540408205339656,0.61038961038961,ok,0.895061554497563,-0.009638181630759912,0.0010308215647871
SIG133,GSE87211,5,5,0.56169467065251,0,0.593510230179028,0.549003421679692,0.0299969075353056,0.0110079119367045,0.544995361302958,0.342657342657343,ok,0.779264469760685,0.016699309349551994,0.0299969075353056
SIG134,GSE87211,8,8,0.544273786207608,0,0.557384910485934,-0.0091168649209113,-0.0031955468508401,0.000687994496044,0.544686114833522,0.507492507492508,ok,0.86258534439212,-0.00041232862591400465,-0.0031955468508401
SIG135,GSE87211,3,2,0.509019688691887,1,0.504635549872123,0.145208722213417,0.0030924646943614,-0.0165118679050568,0.539841253479023,0.87012987012987,ok,0.972423230725814,-0.030821564787136047,0.0030924646943614
SIG136,GSE87211,9,9,0.508401195753015,1,0.514066496163683,0.143759277496076,0.0059787650757653,0.0041279669762641,0.546129265024224,0.906093906093906,ok,0.981507735292596,-0.037728069271208975,0.0059787650757653
SIG138,GSE87211,5,5,0.500463869704154,0,0.510230179028133,-0.0682872350815061,-0.0049479435109782,-0.0061919504643962,0.544995361302958,0.996003996003996,ok,1.0,-0.044531491598803985,-0.0049479435109782
SIG139,GSE87211,4,4,0.532110091743119,1,0.55099104859335,-0.0209589102819168,0.0005154107823934,-0.0061919504643962,0.540408205339656,0.597402597402597,ok,0.89003186032889,-0.008298113596536982,0.0005154107823934
SIG140,GSE87211,6,6,0.511802906916813,1,0.533567774936061,0.0271127274464418,0.0011339037212658,-0.0165118679050568,0.543603752190496,0.858141858141858,ok,0.968049889201328,-0.03180084527368299,0.0011339037212658
SIG141,GSE87211,7,7,0.519740232965674,0,0.543957800511509,0.201752628605225,-0.002164725286053,-0.0096319229446164,0.543912998659932,0.756243756243756,ok,0.939312410143829,-0.02417276569425808,-0.002164725286053
SIG142,GSE87211,12,12,0.53283166683847,1,0.54747442455243,0.411805080933033,0.0071126687970312,-0.0027519779841761,0.547984743840841,0.671328671328671,ok,0.913912434870519,-0.015153077002370896,0.0071126687970312
SIG143,GSE87211,6,6,0.627873415111844,1,0.656649616368286,1.4196177625159,0.0418513555303577,0.0110079119367045,0.543603752190496,0.013986013986014,ok,0.276045122760451,0.08426966292134808,0.0418513555303577
SIG144,GSE87211,3,3,0.579012472940934,0,0.611093350383632,0.321974348026721,0.0324708792907947,0.0041279669762641,0.537882692505927,0.146853146853147,ok,0.633318834275772,0.041129780435007035,0.0324708792907947
SIG145,GSE87211,12,12,0.526852901762705,0,0.509590792838875,-0.0804567297540726,0.0032986290073188,0.000687994496044,0.547984743840841,0.738261738261738,ok,0.935016271784422,-0.0211318420781359,0.0032986290073188
SIG146,GSE87211,3,3,0.509019688691887,1,0.501118925831202,-0.0279544057069591,-0.0002061643129573,-0.0027519779841761,0.537882692505927,0.876123876123876,ok,0.972423230725814,-0.028863003814040056,-0.0002061643129573
SIG147,GSE87211,3,3,0.589836099371199,1,0.619565217391304,0.335980158242223,0.0219564993299659,0.000687994496044,0.537882692505927,0.0989010989010989,ok,0.541353383458647,0.051953406865271945,0.0219564993299659
SIG148,GSE87211,8,7,0.530357695082981,1,0.552429667519182,0.0852487442179667,0.0006184929388722,0.0041279669762641,0.543912998659932,0.639360639360639,ok,0.909432492809663,-0.013555303576951006,0.0006184929388722
SIG149,GSE87211,8,8,0.506339552623441,1,0.521898976982097,-0.10462399923216,-0.0067003401711164,-0.0027519779841761,0.544686114833522,0.929070929070929,ok,0.984793332892118,-0.03834656221008104,-0.0067003401711164
SIG150,GSE87211,10,10,0.566333367694052,1,0.578484654731458,0.243571102704147,0.0177301309143387,-0.0027519779841761,0.547572415214926,0.315684315684316,ok,0.753407228252771,0.018760952479126014,0.0177301309143387
SIG151,GSE87211,8,8,0.518606329244408,0,0.513107416879795,0.316521106885133,0.0010308215647871,-0.0061919504643962,0.544686114833522,0.786213786213786,ok,0.950278293135436,-0.026079785589114057,0.0010308215647871
SIG152,GSE87211,8,8,0.532007009586641,1,0.535805626598465,0.266961295296555,0.0086589011442119,0.000687994496044,0.544686114833522,0.648351648351648,ok,0.912619915222726,-0.012679105246880984,0.0086589011442119
SIG153,GSE87211,8,8,0.535821049376353,1,0.542039641943734,0.360831001521923,0.0099989691784352,-0.0199518403852769,0.544686114833522,0.598401598401599,ok,0.89003186032889,-0.00886506545716903,0.0099989691784352
SIG154,GSE87211,3,3,0.543552211112257,0,0.559462915601023,0.048103912605806,0.0012369858777445,-0.0061919504643962,0.537882692505927,0.422577422577423,ok,0.820868786386028,0.005669518606330026,0.0012369858777445
SIG155,GSE87211,9,9,0.543655293268735,0,0.540121483375959,0.294742718218786,-0.0002061643129573,-0.0061919504643962,0.546129265024224,0.522477522477522,ok,0.869459778550688,-0.002473971755489024,-0.0002061643129573
SIG156,GSE87211,5,5,0.588083702711061,1,0.56633631713555,0.470398000680541,0.0112359550561798,-0.0061919504643962,0.544995361302958,0.161838161838162,ok,0.654126142915381,0.043088341408103026,0.0112359550561798
SIG157,GSE87211,5,5,0.552417276569426,0,0.531170076726343,0.330322182613062,-0.0011339037212658,-0.0061919504643962,0.544995361302958,0.437562437562438,ok,0.827390791027155,0.00742191526646796,-0.0011339037212658
SIG159,GSE87211,6,6,0.565096381816308,1,0.560102301790281,0.179674953769131,0.0014431501907019,-0.0027519779841761,0.543603752190496,0.28971028971029,ok,0.743241578156189,0.021492629625812,0.0014431501907019
SIG161,GSE87211,4,4,0.524172765694258,0,0.527813299232737,0.0839353484325968,-0.0008246572518297,-0.0027519779841761,0.540408205339656,0.683316683316683,ok,0.917422200441068,-0.016235439645397975,-0.0008246572518297
SIG163,GSE87211,4,4,0.567054942789403,0,0.574488491048593,0.439377624038564,-0.0007215750953509,0.000687994496044,0.540408205339656,0.256743256743257,ok,0.72618594794327,0.026646737449747104,-0.0007215750953509
SIG164,GSE87211,4,4,0.525409751572003,0,0.53980179028133,0.258462280299251,0.0123698587774456,-0.0096319229446164,0.540408205339656,0.672327672327672,ok,0.913912434870519,-0.014998453767652964,0.0123698587774456
SIG165,GSE87211,5,5,0.539119678383672,0,0.523817135549872,0.195506236673169,0.0020616431295742,0.0075679394564843,0.544995361302958,0.568431568431568,ok,0.88400539027677,-0.005875682919285974,0.0020616431295742
SIG166,GSE87211,3,3,0.510875167508504,0,0.485933503836317,0.19946792855605,-0.0016493145036594,-0.0061919504643962,0.537882692505927,0.856143856143856,ok,0.96781479390175,-0.027007524997422983,-0.0016493145036594
SIG167,GSE87211,3,3,0.546438511493661,1,0.53212915601023,0.237849873397573,-0.0114421193691372,-0.0027519779841761,0.537882692505927,0.394605394605395,ok,0.812034236691771,0.008555818987733943,-0.0114421193691372
SIG168,GSE87211,9,9,0.580249458818679,0,0.594149616368286,0.373964562409203,0.0086589011442119,0.000687994496044,0.546129265024224,0.196803196803197,ok,0.677905533956489,0.03412019379445497,0.0086589011442119
SIG169,GSE87211,8,8,0.50159777342542,1,0.507832480818414,0.0474038221587758,0.0054633542933717,-0.0096319229446164,0.544686114833522,0.984015984015984,ok,0.996331023236853,-0.04308834140810203,0.0054633542933717
SIG170,GSE87211,6,6,0.515513864550046,0,0.509590792838875,0.584597512223606,0.0142253375940624,-0.0027519779841761,0.543603752190496,0.807192807192807,ok,0.955625810266791,-0.02808988764044995,0.0142253375940624
SIG171,GSE87211,4,4,0.505102566745696,1,0.498561381074169,-0.234280833212098,0.005360272136893,-0.0096319229446164,0.540408205339656,0.931068931068931,ok,0.985551948051948,-0.035305638593959965,0.005360272136893
SIG172,GSE87211,6,6,0.50963818163076,0,0.491687979539642,0.0539144560064785,-0.0013400680342232,-0.0027519779841761,0.543603752190496,0.877122877122877,ok,0.972423230725814,-0.033965570559735925,-0.0013400680342232
SIG173,GSE87211,5,5,0.539325842696629,0,0.531969309462916,0.267881785766186,-0.0085558189877332,-0.0061919504643962,0.544995361302958,0.567432567432567,ok,0.88400539027677,-0.005669518606329027,-0.0085558189877332
SIG175,GSE87211,6,5,0.570250489640243,1,0.544597186700767,0.396975038207163,0.0020616431295742,-0.0061919504643962,0.544995361302958,0.268731268731269,ok,0.733323931744465,0.02525512833728505,0.0020616431295742
SIG176,GSE87211,8,8,0.500979280486548,0,0.509271099744246,-0.0794646433185629,-0.0045356148850633,0.000687994496044,0.544686114833522,0.995004995004995,ok,0.999811782420478,-0.04370683434697398,-0.0045356148850633
SIG177,GSE87211,14,14,0.536645706628183,0,0.532768542199488,0.272938842880285,0.0018554788166168,0.000687994496044,0.551231831769921,0.641358641358641,ok,0.909881304424851,-0.01458612514173796,0.0018554788166168
SIG178,GSE87211,3,3,0.559426863209978,1,0.579923273657289,0.0881375144064093,-0.0002061643129573,-0.0061919504643962,0.537882692505927,0.288711288711289,ok,0.743241578156189,0.021544170704051013,-0.0002061643129573
SIG179,GSE87211,12,12,0.527986805483971,1,0.544916879795396,0.0325424558591108,0.0035047933202762,0.000687994496044,0.547984743840841,0.73026973026973,ok,0.932758313958125,-0.019997938356869915,0.0035047933202762
SIG180,GSE87211,5,5,0.542418307390991,1,0.55131074168798,0.103834762998072,0.0011339037212658,0.000687994496044,0.544995361302958,0.530469530469531,ok,0.874094826562834,-0.0025770539119670532,0.0011339037212658
SIG181,GSE87211,5,5,0.559736109679415,0,0.554507672634271,0.191873306808634,0.008246572518297,-0.0061919504643962,0.544995361302958,0.36963036963037,ok,0.79449961802903,0.014740748376457002,0.008246572518297
SIG182,GSE87211,3,3,0.500257705391197,1,0.47346547314578,-0.0378401083824748,-0.0018554788166168,0.000687994496044,0.537882692505927,0.995004995004995,ok,0.999811782420478,-0.03762498711473006,-0.0018554788166168
SIG183,GSE87211,4,4,0.508401195753015,1,0.516464194373402,0.101595122526338,0.0009277394083083,-0.0061919504643962,0.540408205339656,0.876123876123876,ok,0.972423230725814,-0.03200700958664093,0.0009277394083083
SIG184,GSE87211,3,3,0.540768992887331,1,0.536604859335038,0.101234195668845,-0.0042263684156272,-0.0096319229446164,0.537882692505927,0.453546453546454,ok,0.835415265932977,0.0028863003814040278,-0.0042263684156272
SIG185,GSE87211,22,21,0.535614885063396,0,0.533248081841432,0.113363871375173,0.0008246572518296,-0.0027519779841761,0.554221214307803,0.694305694305694,ok,0.923464140384947,-0.01860632924440697,0.0008246572518296
SIG186,GSE87211,19,19,0.507576538501185,0,0.504955242966752,0.211062058620247,0.0006184929388722,-0.0130718954248366,0.555355118029069,0.952047952047952,ok,0.99269605587017,-0.047778579527884,0.0006184929388722
SIG187,GSE87211,4,4,0.582208019791774,0,0.574488491048593,0.182019323083769,-0.0034017111637976,0.0075679394564843,0.540408205339656,0.158841158841159,ok,0.648801349707694,0.041799814452118,-0.0034017111637976
SIG188,GSE87211,6,6,0.533862488403258,1,0.558343989769821,0.32242053753805,0.0122667766209669,-0.0061919504643962,0.543603752190496,0.609390609390609,ok,0.895061554497563,-0.009741263787237942,0.0122667766209669
SIG189,GSE87211,6,5,0.600247397175549,0,0.586157289002558,0.939788914050129,0.0175239666013813,0.0041279669762641,0.544995361302958,0.0849150849150849,ok,0.509113945921041,0.05525203587259098,0.0175239666013813
SIG190,GSE87211,7,7,0.532316256056077,0,0.536445012787724,0.213900471517158,0.0122667766209669,-0.0096319229446164,0.543912998659932,0.618381618381618,ok,0.898014981795863,-0.011596742603855015,0.0122667766209669
SIG191,GSE87211,3,2,0.554582001855479,0,0.550191815856778,0.286220077979132,0.0006184929388722,-0.0061919504643962,0.539841253479023,0.353646353646354,ok,0.785235816814764,0.014740748376456003,0.0006184929388722
SIG192,GSE87211,3,3,0.52087413668694,0,0.507512787723785,-0.0465102642445303,-0.0046386970415421,-0.0061919504643962,0.537882692505927,0.712287712287712,ok,0.928530902606755,-0.01700855581898697,-0.0046386970415421
SIG193,GSE87211,7,6,0.552520358725905,1,0.547953964194373,0.265909259345194,0.0227811565817957,0.0041279669762641,0.543603752190496,0.415584415584416,ok,0.820248364773912,0.008916606535409044,0.0227811565817957
SIG194,GSE87211,6,6,0.55045871559633,1,0.555786445012788,0.244842311460471,0.0130914338727965,0.000687994496044,0.543603752190496,0.436563436563437,ok,0.827390791027155,0.006854963405834025,0.0130914338727965
SIG195,GSE87211,12,12,0.599010411297804,0,0.592710997442455,0.830306390490588,0.0099989691784352,-0.0027519779841761,0.547984743840841,0.0959040959040959,ok,0.538017998598911,0.05102566745696302,0.0099989691784352
SIG196,GSE87211,4,4,0.517060096897227,0,0.51502557544757,0.0074350220047168,0.0007215750953509,-0.0096319229446164,0.540408205339656,0.785214785214785,ok,0.950278293135436,-0.02334810844242896,0.0007215750953509
SIG197,GSE87211,4,3,0.55767446654984,0,0.542679028132992,0.172003483746084,-0.0073188331099887,-0.0061919504643962,0.537882692505927,0.302697302697303,ok,0.751601016063826,0.01979177404391297,-0.0073188331099887
SIG198,GSE87211,3,3,0.525718998041439,1,0.561061381074169,0.0832494943116493,0.0081434903618183,-0.0096319229446164,0.537882692505927,0.654345654345654,ok,0.91369473593953,-0.012163694464488062,0.0081434903618183
SIG199,GSE87211,5,5,0.59859808267189,1,0.589993606138107,0.380532915701278,0.0037109576332337,0.0041279669762641,0.544995361302958,0.0959040959040959,ok,0.538017998598911,0.05360272136893196,0.0037109576332337
SIG200,GSE87211,3,3,0.599731986393155,0,0.581042199488491,0.370312171089055,0.0027832182249252,-0.0061919504643962,0.537882692505927,0.0649350649350649,ok,0.47041085563513,0.06184929388722793,0.0027832182249252
SIG201,GSE87211,4,4,0.536233378002268,1,0.543478260869565,0.182432620474613,0.0078342438923821,-0.0096319229446164,0.540408205339656,0.541458541458542,ok,0.876184258590004,-0.004174827337387943,0.0078342438923821
SIG202,GSE87211,29,29,0.569322750231935,0,0.558343989769821,0.865238164362497,0.0040202041026697,0.000687994496044,0.562570868982579,0.422577422577423,ok,0.820868786386028,0.006751881249355995,0.0040202041026697
SIG203,GSE87211,5,5,0.575610761777137,0,0.551470588235294,0.596570219689362,0.0146376662199773,0.000687994496044,0.544995361302958,0.231768231768232,ok,0.712800223559001,0.03061540047417899,0.0146376662199773
SIG204,GSE87211,3,3,0.501391609112463,0,0.484814578005115,-0.103439697489255,0.0072157509535099,-0.0027519779841761,0.537882692505927,0.984015984015984,ok,0.996331023236853,-0.03649108339346396,0.0072157509535099
SIG205,GSE87211,7,7,0.534687145655087,0,0.524456521739131,0.118570302021548,-0.0032986290073189,0.0075679394564843,0.543912998659932,0.6003996003996,ok,0.891547049441786,-0.00922585300484502,-0.0032986290073189
SIG206,GSE87211,11,11,0.544170704051129,1,0.535326086956522,0.0957386111909711,-0.0037109576332337,-0.0096319229446164,0.549118647562107,0.535464535464536,ok,0.874861694197042,-0.004947943510978048,-0.0037109576332337
SIG207,GSE87211,13,13,0.541799814452118,1,0.542838874680307,0.308744235493279,0.0058756829192866,0.000687994496044,0.549840222657458,0.582417582417583,ok,0.884751203852328,-0.008040408205340022,0.0058756829192866
SIG208,GSE87211,7,7,0.608803216163282,0,0.601822250639386,0.582303716152161,0.0078342438923821,0.0041279669762641,0.543912998659932,0.0529470529470529,ok,0.441879108545775,0.06489021750335,0.0078342438923821
SIG209,GSE87211,5,5,0.514276878672302,1,0.515984654731458,0.0889614514035802,-0.0009277394083084,-0.0027519779841761,0.544995361302958,0.85014985014985,ok,0.9671735299876,-0.03071848263065602,-0.0009277394083084
SIG210,GSE87211,13,13,0.582929594887125,0,0.590313299232737,0.550658464411326,0.0069065044840738,0.0041279669762641,0.549840222657458,0.225774225774226,ok,0.712361151100941,0.03308937222966701,0.0069065044840738
SIG211,GSE87211,4,4,0.502834759303165,1,0.487052429667519,-0.411096547641785,0.0020616431295742,-0.0165118679050568,0.540408205339656,0.959040959040959,ok,0.992820349635051,-0.03757344603649093,0.0020616431295742
SIG212,GSE87211,3,3,0.511596742603855,1,0.501118925831202,0.168443174032677,0.014740748376456,-0.0027519779841761,0.537882692505927,0.838161838161838,ok,0.965653860413128,-0.026285949902072003,0.014740748376456
SIG213,GSE87211,5,5,0.533553241933821,0,0.535326086956522,0.229419250658065,0.0040202041026697,0.000687994496044,0.544995361302958,0.628371628371628,ok,0.902813738350492,-0.011442119369136972,0.0040202041026697
SIG214,GSE87211,5,5,0.522523451190599,1,0.514705882352941,0.051177613324775,0.0012369858777445,0.000687994496044,0.544995361302958,0.75024975024975,ok,0.939201539201539,-0.02247191011235905,0.0012369858777445
SIG215,GSE87211,4,4,0.517060096897227,0,0.502237851662404,-0.0030384674477109,0.0013400680342232,-0.0061919504643962,0.540408205339656,0.785214785214785,ok,0.950278293135436,-0.02334810844242896,0.0013400680342232
SIG216,GSE87211,4,4,0.577053911967838,0,0.576246803069054,0.611509221308602,0.0279352644057314,0.000687994496044,0.540408205339656,0.190809190809191,ok,0.67006240512734,0.036645706628182007,0.0279352644057314
SIG217,GSE87211,8,8,0.528502216266364,0,0.555466751918159,0.280704799920039,-0.0030924646943614,0.000687994496044,0.544686114833522,0.673326673326673,ok,0.913912434870519,-0.016183898567158073,-0.0030924646943614
SIG218,GSE87211,4,4,0.522317286877641,0,0.496643222506394,0.0901241116985259,-0.0006184929388722,-0.0061919504643962,0.540408205339656,0.707292707292707,ok,0.928530902606755,-0.018090918462014938,-0.0006184929388722
SIG219,GSE87211,8,7,0.511081331821462,0,0.483855498721228,0.227799227156932,-0.0079373260488609,-0.0165118679050568,0.543912998659932,0.858141858141858,ok,0.968049889201328,-0.03283166683847005,-0.0079373260488609
SIG220,GSE87211,7,7,0.574889186681785,0,0.581521739130435,0.548217758507154,0.0110297907432223,0.0075679394564843,0.543912998659932,0.230769230769231,ok,0.712800223559001,0.03097618802185298,0.0110297907432223
SIG221,GSE87211,4,4,0.542418307390991,0,0.543478260869565,0.206509820565793,0.0070095866405525,-0.0096319229446164,0.540408205339656,0.482517482517483,ok,0.853879105188006,0.0020101020513350054,0.0070095866405525
SIG222,GSE87211,3,3,0.518194000618493,1,0.523657289002558,-0.0654537754283716,0.0014431501907019,-0.0130718954248366,0.537882692505927,0.738261738261738,ok,0.935016271784422,-0.01968869188743405,0.0014431501907019
SIG223,GSE87211,4,4,0.504587155963303,0,0.533248081841432,0.11725488802345,0.0056695186063292,-0.0061919504643962,0.540408205339656,0.942057942057942,ok,0.991176916468745,-0.035821049376353,0.0056695186063292
SIG224,GSE87211,3,3,0.614163488300175,0,0.621483375959079,0.692923955169241,0.018348623853211,0.0110079119367045,0.537882692505927,0.036963036963037,ok,0.399792207792208,0.07628079579424796,0.018348623853211
SIG225,GSE87211,5,5,0.536645706628183,0,0.552749360613811,0.115278824492064,0.0045356148850633,-0.0061919504643962,0.544995361302958,0.603396603396603,ok,0.891576183379462,-0.008349654674774998,0.0045356148850633
SIG226,GSE87211,5,5,0.566848778476446,1,0.567295396419437,0.449402387483625,0.0173178022884238,-0.0027519779841761,0.544995361302958,0.305694305694306,ok,0.753407228252771,0.021853417173487988,0.0173178022884238
SIG227,GSE87211,8,8,0.519843315122152,0,0.54539641943734,0.434306644615893,0.0111328728997011,-0.0096319229446164,0.544686114833522,0.772227772227772,ok,0.94655661654755,-0.024842799711370045,0.0111328728997011
SIG228,GSE87211,6,6,0.606844655190187,0,0.599104859335038,0.526089448085488,0.0178332130708174,0.0110079119367045,0.543603752190496,0.045954045954046,ok,0.427478245660064,0.0632409029996911,0.0178332130708174
SIG229,GSE87211,4,4,0.552932687351819,1,0.550831202046036,0.105092688093218,0.0027832182249252,-0.0027519779841761,0.540408205339656,0.381618381618382,ok,0.804283791033596,0.012524482012163052,0.0027832182249252
SIG230,GSE87211,16,15,0.504690238119782,1,0.508631713554987,0.263932297021742,0.0037109576332337,-0.0199518403852769,0.552262653334708,0.956043956043956,ok,0.992820349635051,-0.047572415214926056,0.0037109576332337
SIG231,GSE87211,3,3,0.541181321513246,1,0.544277493606138,0.231488596753617,-0.0045356148850633,0.0075679394564843,0.537882692505927,0.447552447552448,ok,0.831740081224617,0.0032986290073190316,-0.0045356148850633
SIG232,GSE87211,7,7,0.508091949283579,0,0.490249360613811,0.139125353673953,-0.003917121946191,-0.0027519779841761,0.543912998659932,0.898101898101898,ok,0.981507735292596,-0.035821049376353,-0.003917121946191
SIG233,GSE87211,10,10,0.503762498711473,1,0.489609974424552,0.287382832920603,0.0020616431295742,-0.0165118679050568,0.547572415214926,0.961038961038961,ok,0.993367488780333,-0.043809916503452895,0.0020616431295742
SIG234,GSE87211,13,12,0.52644057313679,1,0.533088235294118,0.0689449448242176,0.000309246469436,-0.0096319229446164,0.547984743840841,0.742257742257742,ok,0.936131033145958,-0.021544170704050902,0.000309246469436
SIG235,GSE87211,6,6,0.577156994124317,0,0.588874680306905,0.416084189989472,0.015462323471807,-0.0061919504643962,0.543603752190496,0.1998001998002,ok,0.681285927187567,0.03355324193382103,0.015462323471807
SIG236,GSE87211,5,5,0.513452221420472,1,0.547154731457801,-0.234271341696786,-0.0094835583960416,-0.0096319229446164,0.544995361302958,0.855144855144855,ok,0.96781479390175,-0.031543139882486027,-0.0094835583960416
SIG237,GSE87211,6,5,0.555612823420266,1,0.537404092071611,0.286671915370965,-0.0023708895990104,-0.0130718954248366,0.544995361302958,0.411588411588412,ok,0.819472924736083,0.010617462117307963,-0.0023708895990104
SIG238,GSE87211,6,6,0.543861457581693,0,0.554347826086957,0.191411533760165,-0.0006184929388722,-0.0096319229446164,0.543603752190496,0.497502497502498,ok,0.860682503676746,0.0002577053911970717,-0.0006184929388722
SIG239,GSE87211,7,7,0.565405628285744,0,0.558343989769821,0.328188023913748,-0.0016493145036594,0.0041279669762641,0.543912998659932,0.308691308691309,ok,0.753407228252771,0.021492629625812,-0.0016493145036594
SIG240,GSE87211,6,6,0.540459746417895,0,0.523817135549872,0.0461072340402759,-0.0013400680342232,0.0041279669762641,0.543603752190496,0.528471528471529,ok,0.872397443826015,-0.0031440057726009885,-0.0013400680342232
SIG241,GSE87211,4,4,0.516441603958355,1,0.559303069053708,-0.0194501867322828,-0.0007215750953509,-0.0061919504643962,0.540408205339656,0.797202797202797,ok,0.954243631534468,-0.02396660138130091,-0.0007215750953509
SIG242,GSE87211,6,6,0.544170704051129,0,0.529891304347826,0.33437864386924,0.0027832182249252,-0.0061919504643962,0.543603752190496,0.493506493506494,ok,0.857059446654822,0.000566951860633047,0.0027832182249252
SIG243,GSE87211,8,8,0.60416451912174,1,0.609654731457801,0.718698250431574,0.0141222554375837,-0.0096319229446164,0.544686114833522,0.0559440559440559,ok,0.447552447552448,0.059478404288217934,0.0141222554375837
SIG244,GSE87211,13,11,0.545510772085352,0,0.529891304347826,0.223093546198542,-0.0020616431295743,-0.0061919504643962,0.549118647562107,0.521478521478522,ok,0.869459778550688,-0.003607875476755007,-0.0020616431295743
SIG245,GSE87211,3,3,0.541387485826204,0,0.533088235294118,0.314303100965157,-0.0134006803422327,-0.0061919504643962,0.537882692505927,0.444555444555445,ok,0.831740081224617,0.0035047933202769777,-0.0134006803422327
SIG246,GSE87211,5,5,0.54571693639831,1,0.543797953964194,-0.189595763180291,0.0026801360684465,0.0075679394564843,0.544995361302958,0.496503496503497,ok,0.859504132231405,0.0007215750953519784,0.0026801360684465
SIG247,GSE87211,3,3,0.556025152046181,0,0.556425831202046,0.20557526997282,0.0067003401711163,0.0075679394564843,0.537882692505927,0.320679320679321,ok,0.757969303423849,0.018142459540253952,0.0067003401711163
SIG248,GSE87211,5,5,0.575404597464179,1,0.57400895140665,0.337399862985035,0.0142253375940624,-0.0027519779841761,0.544995361302958,0.231768231768232,ok,0.712800223559001,0.030409236161221043,0.0142253375940624
SIG249,GSE87211,4,4,0.534584063498608,0,0.542359335038363,-0.0502496509869379,0.0018554788166168,-0.0027519779841761,0.540408205339656,0.558441558441558,ok,0.882540019886601,-0.005824141841047958,0.0018554788166168
SIG250,GSE87211,4,4,0.541799814452118,0,0.529411764705882,0.273817367167452,-0.003917121946191,0.0041279669762641,0.540408205339656,0.487512487512488,ok,0.856082349277424,0.0013916091124620555,-0.003917121946191
SIG251,GSE87211,14,14,0.528502216266364,0,0.537244245524297,0.209338277907171,0.0023708895990104,-0.0130718954248366,0.551231831769921,0.715284715284715,ok,0.928530902606755,-0.02272961550355701,0.0023708895990104
SIG252,GSE87211,3,3,0.529017627048758,1,0.537404092071611,0.209602210164539,0.0215441707040511,-0.0027519779841761,0.537882692505927,0.598401598401599,ok,0.89003186032889,-0.00886506545716903,0.0215441707040511
SIG253,GSE87211,3,2,0.525100505102567,0,0.498881074168798,0.0296380472102754,-0.0016493145036594,-0.0165118679050568,0.539841253479023,0.67032967032967,ok,0.913912434870519,-0.014740748376456003,-0.0016493145036594
SIG254,GSE87211,3,3,0.529429955674673,0,0.54539641943734,-0.0537502185965116,-0.0020616431295743,0.0041279669762641,0.537882692505927,0.594405594405594,ok,0.888486858636112,-0.008452736831254026,-0.0020616431295743
SIG255,GSE87211,3,3,0.584888155860221,0,0.57960358056266,0.596383188837786,0.0246366353984125,-0.0061919504643962,0.537882692505927,0.11988011988012,ok,0.594285714285714,0.04700546335429401,0.0246366353984125
SIG256,GSE87211,5,5,0.543449128955778,0,0.542679028132992,0.0989071249313677,-0.0011339037212658,-0.0096319229446164,0.544995361302958,0.523476523476524,ok,0.869459778550688,-0.0015462323471799877,-0.0011339037212658
SIG257,GSE87211,4,4,0.555200494794351,1,0.542359335038363,0.361902302874212,-0.0002061643129573,-0.0027519779841761,0.540408205339656,0.358641358641359,ok,0.785235816814764,0.014792289454695018,-0.0002061643129573
SIG258,GSE87211,6,5,0.519430986496237,0,0.546195652173913,0.176453649381485,0.001752396660138,0.000687994496044,0.544995361302958,0.782217782217782,ok,0.950278293135436,-0.025564374806721024,0.001752396660138
SIG259,GSE87211,6,6,0.546747757963097,1,0.513586956521739,0.474731979691534,0.009689722708999,-0.0096319229446164,0.543603752190496,0.473526473526474,ok,0.847957340672572,0.0031440057726010995,0.009689722708999
SIG260,GSE87211,5,5,0.541078239356767,0,0.529571611253197,0.254903724620329,-0.0018554788166168,0.0075679394564843,0.544995361302958,0.543456543456544,ok,0.877358636595824,-0.003917121946190982,-0.0018554788166168
SIG261,GSE87211,14,14,0.538398103288321,0,0.526694373401535,0.392729127610529,0.0015462323471806,-0.0027519779841761,0.551231831769921,0.617382617382617,ok,0.898014981795863,-0.012833728481599915,0.0015462323471806
SIG262,GSE87211,6,6,0.521080300999897,1,0.523017902813299,-0.0247591893984497,0.003607875476755,-0.0130718954248366,0.543603752190496,0.756243756243756,ok,0.939312410143829,-0.022523451190598953,0.003607875476755
SIG263,GSE87211,4,3,0.511184413977941,1,0.503996163682865,0.0645080483408239,-0.0007215750953509,0.000687994496044,0.537882692505927,0.846153846153846,ok,0.9671735299876,-0.026698278527986008,-0.0007215750953509
SIG264,GSE87211,6,6,0.524378930007216,0,0.549552429667519,0.244300322167535,0.0067003401711163,-0.0199518403852769,0.543603752190496,0.713286713286713,ok,0.928530902606755,-0.01922482218327992,0.0067003401711163
SIG265,GSE87211,7,7,0.608700134006804,1,0.654891304347826,0.590240467503309,0.0230904030512318,0.0041279669762641,0.543912998659932,0.0529470529470529,ok,0.441879108545775,0.06478713534687197,0.0230904030512318
SIG266,GSE87211,5,5,0.526543655293269,0,0.523497442455243,0.171542421180701,0.0030924646943614,-0.0027519779841761,0.544995361302958,0.706293706293706,ok,0.928530902606755,-0.01845170600968904,0.0030924646943614
SIG267,GSE87211,11,11,0.543964539738171,0,0.541879795396419,0.672330952603147,-0.0047417791980208,-0.0165118679050568,0.549118647562107,0.538461538461538,ok,0.876096876096876,-0.005154107823935994,-0.0047417791980208
SIG268,GSE87211,6,6,0.566642614163488,0,0.570652173913044,0.431448385371811,0.0028863003814039,0.000687994496044,0.543603752190496,0.272727272727273,ok,0.733323931744465,0.023038861972992097,0.0028863003814039
SIG269,GSE87211,3,2,0.530770023708896,0,0.540441176470588,0.0887101682603286,0.0,-0.0061919504643962,0.539841253479023,0.605394605394606,ok,0.892091015251778,-0.009071229770126976,0.0
SIG270,GSE87211,4,4,0.535511802906917,1,0.533248081841432,0.0135778761589754,-0.0013400680342232,-0.0096319229446164,0.540408205339656,0.544455544455544,ok,0.877358636595824,-0.004896402432738922,-0.0013400680342232
SIG271,GSE87211,5,5,0.547469333058448,1,0.542359335038363,0.0561753220474322,0.0012369858777445,-0.0027519779841761,0.544995361302958,0.475524475524476,ok,0.84928545694728,0.002473971755490023,0.0012369858777445
SIG272,GSE87211,4,4,0.542830636016906,0,0.539641943734015,0.172615255052443,0.0047417791980207,0.0075679394564843,0.540408205339656,0.474525474525475,ok,0.848622277193706,0.0024224306772500093,0.0047417791980207
SIG273,GSE87211,4,4,0.508504277909494,1,0.496323529411765,-0.227741098634508,0.0045356148850633,-0.0130718954248366,0.540408205339656,0.875124875124875,ok,0.972423230725814,-0.031903927430161905,0.0045356148850633
SIG274,GSE87211,8,8,0.538810431914236,0,0.526214833759591,0.0518320032831684,-0.0030924646943614,-0.0061919504643962,0.544686114833522,0.564435564435564,ok,0.88400539027677,-0.005875682919285974,-0.0030924646943614
SIG275,GSE87211,4,4,0.532728584681992,0,0.523657289002558,0.0203615309246982,0.0002061643129573,0.0041279669762641,0.540408205339656,0.587412587412587,ok,0.886903858523224,-0.0076796206576639214,0.0002061643129573
SIG276,GSE87211,12,12,0.579218637253891,0,0.586796675191816,0.682753124281303,0.0077311617359034,0.000687994496044,0.547984743840841,0.203796203796204,ok,0.684552714366379,0.03123389341305005,0.0077311617359034
SIG277,GSE87211,6,6,0.521801876095248,1,0.531170076726343,0.0896379376213027,0.0012369858777445,-0.0061919504643962,0.543603752190496,0.749250749250749,ok,0.938385375624838,-0.021801876095247974,0.0012369858777445
SIG278,GSE87211,5,5,0.601896711679208,0,0.605818414322251,1.61606892966005,0.0351510153592413,-0.0027519779841761,0.544995361302958,0.0809190809190809,ok,0.499555239281267,0.05690135037624999,0.0351510153592413
SIG279,GSE87211,7,7,0.535408720750438,1,0.538363171355499,-0.133349552929231,-0.0018554788166168,-0.0061919504643962,0.543912998659932,0.592407592407592,ok,0.88795461744464,-0.00850427790949404,-0.0018554788166168
SIG280,GSE87211,4,4,0.52087413668694,0,0.536445012787724,0.0537145245392591,0.003917121946191,-0.0061919504643962,0.540408205339656,0.736263736263736,ok,0.935016271784422,-0.019534068652715897,0.003917121946191
SIG281,GSE87211,4,4,0.570662818266158,0,0.585517902813299,0.426099184908692,-0.0086589011442119,0.0041279669762641,0.540408205339656,0.232767232767233,ok,0.712800223559001,0.030254612926502,-0.0086589011442119
SIG282,GSE87211,16,16,0.500154623234718,1,0.513746803069054,-0.29362580824158,0.0006184929388722,0.000687994496044,0.55288114627358,0.999000999000999,ok,1.0,-0.05272652303886194,0.0006184929388722
SIG283,GSE87211,10,10,0.54726316874549,1,0.553868286445013,0.297097245151481,-0.0010308215647871,-0.0027519779841761,0.547572415214926,0.503496503496504,ok,0.86258534439212,-0.00030924646943597534,-0.0010308215647871
SIG284,GSE87211,3,3,0.518090918462014,0,0.52653452685422,0.256045772459971,0.0030924646943614,-0.0096319229446164,0.537882692505927,0.742257742257742,ok,0.936131033145958,-0.01979177404391297,0.0030924646943614
SIG285,GSE87211,9,9,0.556437480672096,0,0.572890025575448,0.425105594514461,0.0038140397897124,0.0041279669762641,0.546129265024224,0.397602397602398,ok,0.813865922117247,0.010308215647871988,0.0038140397897124
SIG286,GSE87211,5,5,0.603649108339346,0,0.634111253196931,0.824484646393417,0.0335017008555819,0.0041279669762641,0.544995361302958,0.0749250749250749,ok,0.495767761650115,0.05865374703638804,0.0335017008555819
SIG287,GSE87211,3,3,0.571384393361509,0,0.569053708439898,0.401093196035385,-0.0064941758581589,-0.0027519779841761,0.537882692505927,0.188811188811189,ok,0.67006240512734,0.03350170085558202,-0.0064941758581589
SIG288,GSE87211,5,5,0.518812493557365,1,0.507992327365729,0.177497309167535,0.0004123286259147,-0.0061919504643962,0.544995361302958,0.797202797202797,ok,0.954243631534468,-0.026182867745592975,0.0004123286259147
SIG289,GSE87211,17,17,0.579734048036285,1,0.572250639386189,0.695890831697484,0.0106174621173074,0.0075679394564843,0.552314194412947,0.233766233766234,ok,0.713435548649996,0.027419853623337986,0.0106174621173074
SIG290,GSE87211,3,3,0.53448098134213,1,0.519341432225064,0.488815899209535,0.0063910937016802,-0.0027519779841761,0.537882692505927,0.533466533466534,ok,0.874815257381843,-0.003401711163797061,0.0063910937016802
SIG291,GSE87211,3,3,0.600041232862592,0,0.620364450127877,0.338496362551653,0.0085558189877331,0.0075679394564843,0.537882692505927,0.0639360639360639,ok,0.468517931932566,0.062158540356665015,0.0085558189877331
SIG292,GSE87211,15,13,0.535099474281002,0,0.523177749360614,0.98637329910716,0.005360272136893,-0.0061919504643962,0.549840222657458,0.64035964035964,ok,0.909881304424851,-0.014740748376456003,0.005360272136893
SIG293,GSE87211,7,7,0.517678589836099,0,0.538363171355499,-0.327969957920858,0.003917121946191,-0.0165118679050568,0.543912998659932,0.778221778221778,ok,0.950027850253584,-0.02623440882383299,0.003917121946191
SIG294,GSE87211,4,4,0.543346046799299,1,0.523337595907928,0.277169119555002,-0.0056695186063292,-0.0061919504643962,0.540408205339656,0.472527472527473,ok,0.847290640394089,0.0029378414596430424,-0.0056695186063292
SIG295,GSE87211,9,8,0.530770023708896,0,0.506713554987212,0.140006402986876,-0.0014431501907019,-0.0061919504643962,0.544686114833522,0.656343656343656,ok,0.91369473593953,-0.013916091124625996,-0.0014431501907019
SIG296,GSE87211,11,10,0.520255643748067,1,0.514865728900256,0.006969100599191,-0.0005154107823935,-0.0061919504643962,0.547572415214926,0.799200799200799,ok,0.954450930630904,-0.027316771466858958,-0.0005154107823935
SIG297,GSE87211,11,11,0.58973301721472,0,0.611572890025576,1.01525143458848,0.0293784145964333,0.000687994496044,0.549118647562107,0.150849150849151,ok,0.640339252584151,0.040614369652613,0.0293784145964333
SIG298,GSE87211,9,9,0.510772085352026,1,0.516304347826087,0.290156817090309,-0.0001030821564786,-0.0027519779841761,0.546129265024224,0.881118881118881,ok,0.974057830967071,-0.03535717967219798,-0.0001030821564786
SIG300,GSE87211,5,5,0.569322750231935,1,0.577365728900256,0.325562246374134,0.0216472528605298,-0.0027519779841761,0.544995361302958,0.275724275724276,ok,0.733817363738624,0.024327388928977012,0.0216472528605298
SIG301,GSE87211,7,7,0.522729615503556,1,0.516624040920716,0.0320764377697151,-0.0002061643129573,0.000687994496044,0.543912998659932,0.726273726273726,ok,0.931614874688879,-0.021183383156376023,-0.0002061643129573
SIG302,GSE87211,6,4,0.522008040408205,0,0.521099744245524,0.177869374721629,0.0114421193691372,-0.0061919504643962,0.540408205339656,0.713286713286713,ok,0.928530902606755,-0.018400164931450913,0.0114421193691372
SIG303,GSE87211,3,3,0.528605298422843,1,0.514386189258312,-0.01865599825713,0.0044325327285846,-0.0096319229446164,0.537882692505927,0.601398601398601,ok,0.891547049441786,-0.009277394083084034,0.0044325327285846
SIG304,GSE87211,4,4,0.542624471703948,1,0.550031969309463,0.0717361248047414,0.0022678074425317,-0.0027519779841761,0.540408205339656,0.47952047952048,ok,0.851920746795911,0.0022162663642920633,0.0022678074425317
SIG305,GSE87211,7,7,0.597051850324709,0,0.592551150895141,0.843307604852342,0.0136068446551901,0.000687994496044,0.543912998659932,0.0969030969030969,ok,0.54025974025974,0.05313885166477694,0.0136068446551901
SIG306,GSE87211,11,11,0.615709720647356,0,0.613011508951407,0.837303829959774,0.004638697041542,0.0144478844169247,0.549118647562107,0.046953046953047,ok,0.427478245660064,0.06659107308524892,0.004638697041542
SIG307,GSE87211,13,12,0.551386455004639,0,0.536285166240409,0.302878873832904,-0.0051541078239356,-0.0027519779841761,0.547984743840841,0.46953046953047,ok,0.843594943262717,0.00340171116379806,-0.0051541078239356
SIG308,GSE87211,5,5,0.552726523038862,0,0.559942455242967,0.266039044864482,0.0042263684156271,-0.0027519779841761,0.544995361302958,0.435564435564436,ok,0.827390791027155,0.007731161735904046,0.0042263684156271
SIG309,GSE87211,3,2,0.532522420369034,0,0.530210997442455,0.202036221058117,-0.0080404082053396,0.000687994496044,0.539841253479023,0.577422577422578,ok,0.884172261147431,-0.0073188331099890425,-0.0080404082053396
SIG310,GSE87211,4,4,0.517060096897227,0,0.526374680306905,0.0918113437985404,-0.0043294505721059,-0.0027519779841761,0.540408205339656,0.785214785214785,ok,0.950278293135436,-0.02334810844242896,-0.0043294505721059
SIG311,GSE87211,5,5,0.579734048036285,0,0.566016624040921,0.219481748886159,-0.002164725286053,0.000687994496044,0.544995361302958,0.208791208791209,ok,0.688501742160279,0.03473868673332703,-0.002164725286053
SIG312,GSE87211,9,9,0.536954953097619,0,0.533088235294118,0.305198014308263,0.0001030821564786,-0.0096319229446164,0.546129265024224,0.598401598401599,ok,0.89003186032889,-0.009174311926605005,0.0001030821564786
SIG313,GSE87211,3,3,0.549118647562107,0,0.535326086956522,0.110007474945772,-0.0074219152664674,-0.0096319229446164,0.537882692505927,0.368631368631369,ok,0.792982673650931,0.011235955056180025,-0.0074219152664674
SIG314,GSE87211,8,8,0.509741263787239,0,0.493446291560102,0.0451021869280729,0.0002061643129573,0.000687994496044,0.544686114833522,0.896103896103896,ok,0.981507735292596,-0.034944851046282976,0.0002061643129573
SIG315,GSE87211,8,8,0.505411813215132,1,0.514226342710997,0.170330645625952,0.0093804762395628,-0.0130718954248366,0.544686114833522,0.945054945054945,ok,0.99267748161811,-0.03927430161839007,0.0093804762395628
SIG316,GSE87211,10,10,0.583032677043604,0,0.589514066496164,0.760448002426207,-0.0011339037212658,0.0075679394564843,0.547572415214926,0.18981018981019,ok,0.67006240512734,0.03546026182867801,-0.0011339037212658
SIG317,GSE87211,7,7,0.504380991650345,1,0.500479539641944,0.4194550760292,-0.0027832182249252,-0.0096319229446164,0.543912998659932,0.942057942057942,ok,0.991176916468745,-0.039532007009587034,-0.0027832182249252
SIG318,GSE87211,4,4,0.585197402329657,0,0.585038363171356,0.498501820728708,0.0192763632615194,0.0110079119367045,0.540408205339656,0.146853146853147,ok,0.633318834275772,0.04478919699000106,0.0192763632615194
SIG319,GSE87211,8,8,0.573446036491083,0,0.580882352941177,0.52759075206143,0.0018554788166168,0.000687994496044,0.544686114833522,0.238761238761239,ok,0.716548712109201,0.028759921657561027,0.0018554788166168
SIG320,GSE87211,8,8,0.517678589836099,1,0.527653452685422,-0.221059216684357,0.0005154107823934,-0.0027519779841761,0.544686114833522,0.8001998001998,ok,0.954450930630904,-0.027007524997422983,0.0005154107823934
SIG321,GSE87211,3,3,0.520255643748067,1,0.517263427109974,0.071200688357359,-0.0011339037212658,-0.0096319229446164,0.537882692505927,0.719280719280719,ok,0.929174684296171,-0.01762704875786003,-0.0011339037212658
SIG322,GSE87211,7,7,0.571899804143903,0,0.571611253196931,0.514804681573498,0.0038140397897124,-0.0061919504643962,0.543912998659932,0.253746253746254,ok,0.723765685791002,0.027986805483970922,0.0038140397897124
SIG323,GSE87211,5,5,0.557262137923925,0,0.531489769820972,0.267551775624217,-0.002164725286053,-0.0061919504643962,0.544995361302958,0.393606393606394,ok,0.811213177066836,0.01226677662096698,-0.002164725286053
SIG324,GSE87211,3,3,0.51602927533244,0,0.502557544757033,0.12564449125403,0.0009277394083083,-0.0199518403852769,0.537882692505927,0.77022977022977,ok,0.94496429160676,-0.02185341717348699,0.0009277394083083
SIG325,GSE87211,3,3,0.591794660344294,0,0.581681585677749,0.484137110877933,0.0103082156478713,0.0110079119367045,0.537882692505927,0.0949050949050949,ok,0.538017998598911,0.053911967838366937,0.0103082156478713
SIG326,GSE87211,9,8,0.554891248324915,0,0.545556265984655,0.46133864277521,-0.0015462323471807,-0.0027519779841761,0.544686114833522,0.398601398601399,ok,0.814677386105958,0.01020513349139296,-0.0015462323471807
SIG327,GSE87211,3,3,0.554478919699,0,0.551630434782609,0.0799849070919779,0.0,-0.0061919504643962,0.537882692505927,0.327672327672328,ok,0.765134692595833,0.016596227193072965,0.0
SIG328,GSE87211,9,6,0.508195031440058,0,0.497442455242967,0.0409104001039248,-0.0032986290073189,-0.0096319229446164,0.543603752190496,0.899100899100899,ok,0.981507735292596,-0.035408720750437994,-0.0032986290073189
SIG329,GSE87211,5,5,0.539016596227193,1,0.529571611253197,0.168378834103309,0.0018554788166168,-0.0027519779841761,0.544995361302958,0.572427572427572,ok,0.88400539027677,-0.005978765075765002,0.0018554788166168
SIG330,GSE87211,16,16,0.518297082774972,0,0.533088235294118,0.324578915534432,0.0025770539119678,-0.0130718954248366,0.55288114627358,0.86013986013986,ok,0.969090909090909,-0.034584063498607986,0.0025770539119678
SIG331,GSE87211,4,4,0.561385424183074,0,0.570971867007673,0.287513765719056,0.0015462323471806,-0.0027519779841761,0.540408205339656,0.295704295704296,ok,0.749099639855942,0.020977218843418077,0.0015462323471806
SIG332,GSE87211,3,3,0.553963508916607,0,0.556106138107417,0.369716201065225,0.0102051334913926,-0.0130718954248366,0.537882692505927,0.32967032967033,ok,0.765174739423666,0.016080816410679932,0.0102051334913926
SIG334,GSE87211,4,4,0.502834759303165,0,0.496803069053708,0.110085635841186,-0.0010308215647871,-0.0096319229446164,0.540408205339656,0.959040959040959,ok,0.992820349635051,-0.03757344603649093,-0.0010308215647871
SIG335,GSE87211,8,8,0.536542624471704,0,0.539002557544757,0.456184374051346,0.0115452015256159,-0.0061919504643962,0.544686114833522,0.58941058941059,ok,0.886903858523224,-0.008143490361818051,0.0115452015256159
SIG336,GSE87211,3,3,0.524894340789609,1,0.529092071611253,0.157761426999457,0.0023708895990104,-0.0027519779841761,0.537882692505927,0.663336663336663,ok,0.91369473593953,-0.01298835171631807,0.0023708895990104
SIG337,GSE87211,4,4,0.510772085352026,0,0.499040920716113,0.186531742672655,0.0064941758581589,-0.0027519779841761,0.540408205339656,0.853146853146853,ok,0.9671735299876,-0.02963611998762994,0.0064941758581589
SIG338,GSE87211,3,3,0.578600144315019,1,0.59287084398977,0.535617514853831,0.0064941758581589,0.000687994496044,0.537882692505927,0.153846153846154,ok,0.64696734059098,0.04071745180909203,0.0064941758581589
SIG001,TCGA_COADREAD,4,4,0.543561779650514,1,0.569416498993964,0.233305288382298,-0.0006203473945409,0.0056873578160546,0.536156896765399,0.406593406593407,ok,0.817419012214551,0.007404882885114983,-0.0006203473945409
SIG002,TCGA_COADREAD,4,4,0.533709257652745,1,0.493628437290409,-0.044697163231551,0.0008960573476702,0.0251868703282418,0.536156896765399,0.531468531468532,ok,0.874142888741429,-0.0024476391126539987,0.0008960573476702
SIG003,TCGA_COADREAD,13,12,0.521873838145991,0,0.464788732394366,-0.17277318997787,0.0007582023711056,0.0219369515762106,0.540029743462635,0.718281718281718,ok,0.929174684296171,-0.018155905316644017,0.0007582023711056
SIG004,TCGA_COADREAD,9,9,0.593010286280828,1,0.673373574782026,0.731087653692424,0.0013096222773643,0.0186870328241794,0.541207088858595,0.0809190809190809,ok,0.499555239281267,0.05180319742223294,0.0013096222773643
SIG005,TCGA_COADREAD,6,6,0.516854628826373,0,0.547619047619048,0.0840405177525994,-0.0010339123242348,0.012187195320117,0.537427190482092,0.758241758241758,ok,0.94092965318298,-0.02057256165571897,-0.0010339123242348
SIG006,TCGA_COADREAD,8,8,0.584830834056265,1,0.580482897384306,0.58234061282586,0.003377446925834,0.0251868703282418,0.54024662287768,0.114885114885115,ok,0.580652991867945,0.04458421117858502,0.003377446925834
SIG007,TCGA_COADREAD,15,15,0.614078572313794,1,0.650234741784038,0.659655609845773,0.0060656189688448,0.0349366265843354,0.542477382575288,0.026973026973027,ok,0.366507863995301,0.07160118973850604,0.0060656189688448
SIG009,TCGA_COADREAD,6,6,0.579377865906556,0,0.524144869215292,0.194987285163161,0.0053763440860215,0.012187195320117,0.537427190482092,0.138861138861139,ok,0.624398552267405,0.04195067542446407,0.0053763440860215
SIG010,TCGA_COADREAD,6,6,0.513446523732805,0,0.561703554661301,0.0716832011532832,-0.0011717673007996,0.012187195320117,0.537427190482092,0.806193806193806,ok,0.955625810266791,-0.023980666749287005,-0.0011717673007996
SIG011,TCGA_COADREAD,3,3,0.510534143016483,0,0.563715627095909,-0.0483759424258252,-0.0001378549765646,0.012187195320117,0.538263725368695,0.845154845154845,ok,0.9671735299876,-0.027729582352212012,-0.0001378549765646
SIG012,TCGA_COADREAD,3,3,0.551989094063701,0,0.586183769282361,0.391026892600329,0.0021367521367521,0.0089372765680857,0.538263725368695,0.357642357642358,ok,0.785235816814764,0.013725368695005957,0.0021367521367521
SIG013,TCGA_COADREAD,9,9,0.70182178708638,0,0.712944332662643,0.984210299088944,0.0224703611800386,0.0414364640883978,0.541207088858595,0.0009990009990009,ok,0.0771799628942486,0.16061469822778496,0.0224703611800386
SIG014,TCGA_COADREAD,15,15,0.567728343041269,0,0.585848423876593,0.265436864674786,0.0026192445547284,0.0316867078323042,0.542477382575288,0.246753246753247,ok,0.720346320346321,0.025250960465980965,0.0026192445547284
SIG015,TCGA_COADREAD,3,3,0.55552113025158,1,0.558014755197854,0.233353510624052,0.0024813895781638,0.0316867078323042,0.538263725368695,0.332667332667333,ok,0.770807598571095,0.017257404882884964,0.0024813895781638
SIG016,TCGA_COADREAD,57,55,0.513136695997026,1,0.515090543259557,0.272835340417741,-0.0006203473945409,0.0089372765680857,0.555118354195068,0.926073926073926,ok,0.983446526012238,-0.041981658198042004,-0.0006203473945409
SIG018,TCGA_COADREAD,9,9,0.699529061841616,0,0.697518443997317,1.10171558755267,0.0164047422111939,0.0544361390965226,0.541207088858595,0.0009990009990009,ok,0.0771799628942486,0.15832197298302098,0.0164047422111939
SIG019,TCGA_COADREAD,12,12,0.553166439459661,1,0.549966465459423,0.657033739795148,0.0007582023711056,0.0251868703282418,0.540029743462635,0.363636363636364,ok,0.789143440828834,0.013136695997026049,0.0007582023711056
SIG020,TCGA_COADREAD,5,4,0.543561779650514,1,0.56841046277666,0.238534467012045,0.0011028398125172,0.0056873578160546,0.536156896765399,0.406593406593407,ok,0.817419012214551,0.007404882885114983,0.0011028398125172
SIG021,TCGA_COADREAD,10,7,0.577952658321973,0,0.584171696847753,0.312233946509979,0.0047559966914805,0.0219369515762106,0.538604535878052,0.152847152847153,ok,0.643767447505765,0.03934812244392094,0.0047559966914805
SIG022,TCGA_COADREAD,4,4,0.563204858098897,0,0.574111334674715,0.336620564941563,0.0077198786876207,0.0219369515762106,0.536156896765399,0.22977022977023,ok,0.712800223559001,0.02704796133349796,0.0077198786876207
SIG023,TCGA_COADREAD,9,9,0.595674804808527,0,0.587189805499665,1.03397874011974,0.0188172043010753,0.0186870328241794,0.541207088858595,0.0739260739260739,ok,0.494792336376495,0.05446771594993194,0.0188172043010753
SIG024,TCGA_COADREAD,7,7,0.59121328541331,0,0.605298457411133,0.253296409373751,0.0010339123242348,0.012187195320117,0.538604535878052,0.0859140859140859,ok,0.510575139146568,0.05260874953525796,0.0010339123242348
SIG025,TCGA_COADREAD,13,11,0.544181435122072,1,0.513413816230718,0.453588471121495,-0.0020678246484697,0.0154371140721482,0.538852398066675,0.446553446553447,ok,0.831740081224617,0.005329037055397001,-0.0020678246484697
SIG026,TCGA_COADREAD,31,28,0.518961457429669,1,0.631120053655265,0.690528358166639,0.0033085194375517,0.0056873578160546,0.549541454951047,0.828171828171828,ok,0.962930813830557,-0.030579997521377966,0.0033085194375517
SIG027,TCGA_COADREAD,4,4,0.509356797620523,1,0.474178403755869,0.0921772921431328,-0.0013096222773642,0.0349366265843354,0.536156896765399,0.845154845154845,ok,0.9671735299876,-0.026800099144876022,-0.0013096222773642
SIG028,TCGA_COADREAD,4,4,0.596480356921552,0,0.626425217974514,0.262125147296398,0.0061345464571271,0.0186870328241794,0.536156896765399,0.0579420579420579,ok,0.45021645021645,0.060323460156152975,0.0061345464571271
SIG029,TCGA_COADREAD,5,3,0.55905316643946,0,0.44131455399061,-0.0433440917196643,-0.0019988971601874,0.012187195320117,0.538263725368695,0.296703296703297,ok,0.749099639855942,0.02078944107076497,-0.0019988971601874
SIG030,TCGA_COADREAD,7,7,0.576775312926013,0,0.601609657947686,0.448450535396267,0.000206782464847,0.0219369515762106,0.538604535878052,0.157842157842158,ok,0.648801349707694,0.03817077704796101,0.000206782464847
SIG031,TCGA_COADREAD,4,4,0.505019209319618,1,0.48054996646546,0.0149527112050604,-0.0004824924179762,0.012187195320117,0.536156896765399,0.914085914085914,ok,0.981900639043496,-0.031137687445781048,-0.0004824924179762
SIG032,TCGA_COADREAD,10,10,0.505452968149709,0,0.488262910798122,-0.0510521482240928,0.0022746071133168,0.012187195320117,0.541300037179328,0.939060939060939,ok,0.989563826664372,-0.03584706902961898,0.0022746071133168
SIG033,TCGA_COADREAD,10,10,0.624178956500186,0,0.585177733065057,0.697332668146999,0.0038599393438103,0.0349366265843354,0.541300037179328,0.010989010989011,ok,0.249699879951981,0.082878919320858,0.0038599393438103
SIG034,TCGA_COADREAD,14,14,0.50117734539596,1,0.490610328638498,-0.0663742810256883,0.0002757099531293,0.0024374390640233,0.54201264097162,0.987012987012987,ok,0.996595637372336,-0.04083529557566001,0.0002757099531293
SIG035,TCGA_COADREAD,3,2,0.538914363613831,0,0.533869885982562,0.117195698515171,0.003377446925834,0.0219369515762106,0.536807535010534,0.470529470529471,ok,0.844828478294614,0.0021068286032970285,0.003377446925834
SIG036,TCGA_COADREAD,13,11,0.579191969265089,0,0.610999329309188,0.808346624837863,0.0034463744141164,0.0056873578160546,0.538852398066675,0.163836163836164,ok,0.656315536315536,0.040339571198414026,0.0034463744141164
SIG037,TCGA_COADREAD,14,14,0.592638492997893,0,0.603286384976526,0.281461411155,0.0022746071133168,0.0186870328241794,0.54201264097162,0.0909090909090909,ok,0.527506827936012,0.0506258520262729,0.0022746071133168
SIG038,TCGA_COADREAD,3,3,0.579439831453712,0,0.613346747149564,0.436294024275504,-0.0004135649296939,0.0186870328241794,0.538263725368695,0.141858141858142,ok,0.625749454460711,0.041176106085016984,-0.0004135649296939
SIG039,TCGA_COADREAD,14,14,0.528566117238815,0,0.597250167672703,0.356187881250334,0.006341328921974,0.0056873578160546,0.54201264097162,0.661338661338661,ok,0.91369473593953,-0.013446523732805082,0.006341328921974
SIG040,TCGA_COADREAD,15,12,0.641715206345272,1,0.633802816901409,1.80478404858739,0.0121312379376896,0.044686382840429,0.540029743462635,0.002997002997003,ok,0.15007215007215,0.10168546288263702,0.0121312379376896
SIG041,TCGA_COADREAD,10,9,0.662287768000991,0,0.646210596914822,0.737881945560554,0.0093052109181142,0.028436789080273,0.541207088858595,0.002997002997003,ok,0.15007215007215,0.12108067914239595,0.0093052109181142
SIG042,TCGA_COADREAD,8,7,0.631862684347503,1,0.65962441314554,0.546912291898951,0.0042735042735042,0.0251868703282418,0.538604535878052,0.003996003996004,ok,0.163715072805982,0.09325814846945102,0.0042735042735042
SIG043,TCGA_COADREAD,14,13,0.535816086256042,1,0.537894030851777,0.285316006553328,0.0006203473945409,0.0089372765680857,0.542694261990333,0.571428571428571,ok,0.88400539027677,-0.006878175734290948,0.0006203473945409
SIG044,TCGA_COADREAD,3,3,0.604721774693271,0,0.64654594232059,0.484792865716204,0.0059966914805624,0.0251868703282418,0.538263725368695,0.042957042957043,ok,0.423926438524979,0.066458049324576,0.0059966914805624
SIG045,TCGA_COADREAD,6,6,0.504709381583839,0,0.536552649228706,0.0185371446474844,0.0004135649296939,0.012187195320117,0.537427190482092,0.932067932067932,ok,0.985551948051948,-0.03271780889825293,0.0004135649296939
SIG046,TCGA_COADREAD,5,5,0.561036063948445,1,0.508718980549967,0.390291533307523,6.89274882823554e-05,0.0251868703282418,0.538139794274383,0.270729270729271,ok,0.733323931744465,0.022896269674061998,6.89274882823554e-05
SIG047,TCGA_COADREAD,4,4,0.536559672821911,1,0.581824279007378,0.183361371521197,-0.0010339123242348,0.0349366265843354,0.536156896765399,0.496503496503497,ok,0.859504132231405,0.00040277605651195536,-0.0010339123242348
SIG048,TCGA_COADREAD,11,11,0.57256165571942,0,0.559356136820926,0.163155373130129,0.0007582023711056,0.0186870328241794,0.538852398066675,0.215784215784216,ok,0.698779065246131,0.03370925765274502,0.0007582023711056
SIG049,TCGA_COADREAD,14,14,0.605713223447763,0,0.570757880617036,0.659729667183527,0.0014474772539289,0.0186870328241794,0.54201264097162,0.046953046953047,ok,0.427478245660064,0.06370058247614296,0.0014474772539289
SIG050,TCGA_COADREAD,6,5,0.544986987235097,0,0.612005365526492,0.356101338271052,-0.0015164047422111,0.0056873578160546,0.538139794274383,0.424575424575425,ok,0.822976306847275,0.00684719296071401,-0.0015164047422111
SIG051,TCGA_COADREAD,7,7,0.521130251580122,1,0.596579476861167,0.314785645371873,0.0007582023711056,0.0251868703282418,0.538604535878052,0.719280719280719,ok,0.929174684296171,-0.017474284297929965,0.0007582023711056
SIG052,TCGA_COADREAD,20,19,0.515305490147478,1,0.525486250838364,0.220359080396254,-0.0008271298593878,-0.004062398440039,0.544925021687942,0.83016983016983,ok,0.962930813830557,-0.02961953154046404,-0.0008271298593878
SIG053,TCGA_COADREAD,11,10,0.510038418639237,1,0.527162977867203,0.0908401499061382,-0.0030328094844223,0.0186870328241794,0.541300037179328,0.885114885114885,ok,0.976386286899734,-0.03126161854009091,-0.0030328094844223
SIG054,TCGA_COADREAD,46,43,0.567108687569711,0,0.574782025486251,0.322113979123344,0.0049627791563275,0.0186870328241794,0.553724129384063,0.341658341658342,ok,0.779264469760685,0.013384558185647988,0.0049627791563275
SIG055,TCGA_COADREAD,21,20,0.519705043995538,1,0.520120724346077,0.166559141364345,-0.0009649848359525,0.0251868703282418,0.54523484942372,0.799200799200799,ok,0.954450930630904,-0.025529805428182062,-0.0009649848359525
SIG056,TCGA_COADREAD,7,6,0.595550873714215,1,0.576123407109323,0.418493289986546,0.0006203473945409,0.028436789080273,0.537427190482092,0.0699300699300699,ok,0.481147351376359,0.058123683232123025,0.0006203473945409
SIG057,TCGA_COADREAD,8,8,0.50117734539596,0,0.455063715627096,-0.310900515288794,-0.0007582023711055,0.0089372765680857,0.54024662287768,0.987012987012987,ok,0.996595637372336,-0.039069277481719955,-0.0007582023711055
SIG058,TCGA_COADREAD,24,22,0.533523361011278,1,0.569081153588196,0.260943627541421,-0.0006203473945409,-0.0008124796880078,0.544832073367208,0.628371628371628,ok,0.902813738350492,-0.011308712355930006,-0.0006203473945409
SIG059,TCGA_COADREAD,14,12,0.550997645309208,0,0.587860496311201,0.15705208964694,0.003170664460987,0.0219369515762106,0.540029743462635,0.388611388611389,ok,0.811213177066836,0.010967901846573036,0.003170664460987
SIG060,TCGA_COADREAD,7,5,0.529557565993308,0,0.599262240107311,0.272235154111385,-0.0016542597187758,0.0219369515762106,0.538139794274383,0.618381618381618,ok,0.898014981795863,-0.00858222828107491,-0.0016542597187758
SIG062,TCGA_COADREAD,43,41,0.582476143264345,0,0.60261569416499,0.568629879368795,0.0010339123242348,0.0219369515762106,0.552825628950304,0.182817182817183,ok,0.666223264606014,0.029650514314041088,0.0010339123242348
SIG063,TCGA_COADREAD,19,18,0.658507869624489,0,0.703219315895372,1.82225950012965,0.0081334436173146,0.0381865453363666,0.543654727971248,0.001998001998002,ok,0.108051948051948,0.11485314165324101,0.0081334436173146
SIG064,TCGA_COADREAD,3,3,0.6189738505391,0,0.647216633132126,0.415656921818926,0.0056520540391509,0.0316867078323042,0.538263725368695,0.018981018981019,ok,0.322796700155191,0.08071012517040499,0.0056520540391509
SIG065,TCGA_COADREAD,5,5,0.515553352336101,1,0.573105298457411,0.411261362615728,-0.0011028398125172,0.0154371140721482,0.538139794274383,0.787212787212787,ok,0.950278293135436,-0.022586441938281965,-0.0011028398125172
SIG066,TCGA_COADREAD,11,11,0.593815838393853,0,0.596914822266935,0.308124198551473,0.0044113592500689,0.0219369515762106,0.538852398066675,0.0859140859140859,ok,0.510575139146568,0.05496344032717804,0.0044113592500689
SIG067,TCGA_COADREAD,5,5,0.544429297310695,1,0.548960429242119,0.22463463810627,-0.0006892748828232,0.028436789080273,0.538139794274383,0.430569430569431,ok,0.826032724337809,0.0062895030363120386,-0.0006892748828232
SIG068,TCGA_COADREAD,5,4,0.563142892551741,0,0.566398390342052,0.41957021155399,-0.0010339123242348,0.012187195320117,0.536156896765399,0.22977022977023,ok,0.712800223559001,0.026985995786341976,-0.0010339123242348
SIG069,TCGA_COADREAD,7,7,0.688932953277977,0,0.743460764587525,1.1850853172913,0.0155776123518059,0.0544361390965226,0.538604535878052,0.0009990009990009,ok,0.0771799628942486,0.15032841739992497,0.0155776123518059
SIG070,TCGA_COADREAD,3,3,0.558247614326435,0,0.523809523809524,0.230098689532235,0.0068238213399504,0.0186870328241794,0.538263725368695,0.302697302697303,ok,0.751601016063826,0.019983888957739948,0.0068238213399504
SIG071,TCGA_COADREAD,13,13,0.520448630561408,0,0.557344064386318,0.0278608872050729,-0.0003446374414115,0.0089372765680857,0.542694261990333,0.731268731268731,ok,0.933499645364052,-0.022245631428924995,-0.0003446374414115
SIG072,TCGA_COADREAD,15,15,0.566179204362375,0,0.542253521126761,0.791114241921313,6.89274882823554e-05,0.0154371140721482,0.542477382575288,0.25974025974026,ok,0.731601731601732,0.02370182178708702,6.89274882823554e-05
SIG073,TCGA_COADREAD,16,16,0.595860701449994,0,0.655264922870557,1.31916231134324,0.0034463744141164,0.0316867078323042,0.542973106952534,0.0659340659340659,ok,0.47041085563513,0.052887594497460055,0.0034463744141164
SIG074,TCGA_COADREAD,11,11,0.547961333498575,1,0.544936284372904,0.361605347240421,0.0024124620898815,0.0251868703282418,0.538852398066675,0.40959040959041,ok,0.81857536402991,0.009108935431900056,0.0024124620898815
SIG075,TCGA_COADREAD,14,13,0.51982897508985,1,0.545942320590208,0.122219791658069,0.0005514199062586,0.0219369515762106,0.542694261990333,0.737262737262737,ok,0.935016271784422,-0.02286528690048295,0.0005514199062586
SIG076,TCGA_COADREAD,9,8,0.553476267195439,1,0.620389000670691,0.250154342686022,0.0009649848359525,0.0219369515762106,0.54024662287768,0.356643356643357,ok,0.785235816814764,0.01322964431775897,0.0009649848359525
SIG077,TCGA_COADREAD,7,7,0.535568224067418,1,0.529510395707579,0.315392409710763,0.0016542597187758,0.0316867078323042,0.538604535878052,0.533466533466534,ok,0.874815257381843,-0.003036311810634018,0.0016542597187758
SIG078,TCGA_COADREAD,6,6,0.56977320609741,1,0.573775989268947,0.555552980671465,0.0100634132892198,0.028436789080273,0.537427190482092,0.196803196803197,ok,0.677905533956489,0.032346015615318024,0.0100634132892198
SIG079,TCGA_COADREAD,5,5,0.580617176849672,0,0.650234741784038,0.543634214824945,0.0028949545078578,0.0154371140721482,0.538139794274383,0.128871128871129,ok,0.607086293497443,0.04247738257528899,0.0028949545078578
SIG080,TCGA_COADREAD,8,8,0.608129879786839,0,0.607310529845741,0.811795093631298,0.0092362834298318,0.0251868703282418,0.54024662287768,0.02997002997003,ok,0.373451433359267,0.06788325690915897,0.0092362834298318
SIG081,TCGA_COADREAD,5,5,0.685710744825877,0,0.697853789403085,1.19588388857765,0.0263992280121312,0.0576860578485538,0.538139794274383,0.0009990009990009,ok,0.0771799628942486,0.14757095055149405,0.0263992280121312
SIG082,TCGA_COADREAD,6,6,0.605279464617673,0,0.635814889336016,0.46862668768011,0.0073063137579266,0.0186870328241794,0.537427190482092,0.045954045954046,ok,0.427478245660064,0.06785227413558104,0.0073063137579266
SIG083,TCGA_COADREAD,17,16,0.550749783120585,0,0.588866532528504,0.172246959942178,-0.0011028398125172,0.028436789080273,0.542973106952534,0.41958041958042,ok,0.820351015578781,0.007776676168051,-0.0011028398125172
SIG084,TCGA_COADREAD,15,15,0.621948196802578,0,0.675385647216633,0.690637028719218,0.011373035566584,0.028436789080273,0.542477382575288,0.016983016983017,ok,0.3001443001443,0.07947081422728997,0.011373035566584
SIG085,TCGA_COADREAD,7,7,0.582600074358657,0,0.616029510395708,0.393321560444996,0.0084091535704439,0.028436789080273,0.538604535878052,0.116883116883117,ok,0.589649156813336,0.043995538480605,0.0084091535704439
SIG086,TCGA_COADREAD,5,5,0.5273268062957,0,0.532863849765258,0.444778234702527,0.003997794320375,0.0219369515762106,0.538139794274383,0.646353646353646,ok,0.911705925790433,-0.01081298797868302,0.003997794320375
SIG087,TCGA_COADREAD,5,5,0.567294584211179,0,0.552984574111335,0.348978769299286,0.0021367521367521,0.0154371140721482,0.538139794274383,0.206793206793207,ok,0.686882799352237,0.02915478993679599,0.0021367521367521
SIG088,TCGA_COADREAD,6,6,0.592142768620647,0,0.505365526492287,0.202320951373074,0.0034463744141164,0.028436789080273,0.537427190482092,0.0769230769230769,ok,0.495767761650115,0.05471557813855499,0.0034463744141164
SIG089,TCGA_COADREAD,5,5,0.6066427066551,0,0.600603621730382,0.593632566953327,0.0004135649296939,0.028436789080273,0.538139794274383,0.034965034965035,ok,0.385899814471243,0.06850291238071704,0.0004135649296939
SIG090,TCGA_COADREAD,4,4,0.521625975957368,0,0.537894030851777,0.0296357850641163,-0.0007582023711055,0.012187195320117,0.536156896765399,0.68031968031968,ok,0.915671685208768,-0.014530920808030978,-0.0007582023711055
SIG091,TCGA_COADREAD,7,7,0.509852521997769,1,0.465124077800134,0.114999038577211,-0.0002067824648469,0.0186870328241794,0.538604535878052,0.859140859140859,ok,0.96836885498828,-0.028752013880283034,-0.0002067824648469
SIG093,TCGA_COADREAD,9,9,0.563886479117611,0,0.557679409792086,0.168775635346737,0.0026881720430107,0.0186870328241794,0.541207088858595,0.272727272727273,ok,0.733323931744465,0.022679390259015997,0.0026881720430107
SIG094,TCGA_COADREAD,3,3,0.541888709877308,0,0.587860496311201,0.102573052041779,0.003377446925834,0.0186870328241794,0.538263725368695,0.466533466533467,ok,0.841004329004329,0.0036249845086129273,0.003377446925834
SIG095,TCGA_COADREAD,18,18,0.619221712727723,0,0.610663983903421,0.672457460001947,0.0052384891094569,0.0349366265843354,0.543654727971248,0.015984015984016,ok,0.296032734388899,0.07556698475647494,0.0052384891094569
SIG096,TCGA_COADREAD,11,11,0.519333250712604,1,0.522132796780684,0.267576709074989,-0.0004135649296939,0.0349366265843354,0.538852398066675,0.768231768231768,ok,0.944656071531924,-0.019519147354070898,-0.0004135649296939
SIG097,TCGA_COADREAD,14,14,0.523856735654976,0,0.527498323272971,0.0316097599434494,-0.0001378549765646,0.0089372765680857,0.54201264097162,0.713286713286713,ok,0.928530902606755,-0.018155905316644017,-0.0001378549765646
SIG098,TCGA_COADREAD,5,5,0.549014747800223,0,0.578806170355466,0.122256195674371,-0.0004135649296939,0.0251868703282418,0.538139794274383,0.393606393606394,ok,0.811213177066836,0.010874953525840003,-0.0004135649296939
SIG099,TCGA_COADREAD,11,11,0.620337092576528,0,0.623407109322602,0.440354205494941,0.0089605734767025,0.0349366265843354,0.538852398066675,0.020979020979021,ok,0.33968426782798,0.08148469450985307,0.0089605734767025
SIG101,TCGA_COADREAD,10,8,0.524786218862313,0,0.530516431924883,0.0565231357099697,0.0,0.0251868703282418,0.54024662287768,0.673326673326673,ok,0.913912434870519,-0.015460404015366969,0.0
SIG102,TCGA_COADREAD,4,4,0.546226298178213,0,0.546277665995976,0.206793331841971,0.0008271298593879,0.0219369515762106,0.536156896765399,0.37962037962038,ok,0.801322019120614,0.010069401412813983,0.0008271298593879
SIG107,TCGA_COADREAD,15,15,0.507249969017226,1,0.536217303822938,0.445315461785587,0.0004824924179762,0.0154371140721482,0.542477382575288,0.919080919080919,ok,0.982678847447531,-0.035227413558062026,0.0004824924179762
SIG108,TCGA_COADREAD,15,14,0.534762671954393,0,0.573440643863179,0.262626886927864,0.0005514199062586,0.0024374390640233,0.54201264097162,0.572427572427572,ok,0.88400539027677,-0.007249969017227076,0.0005514199062586
SIG109,TCGA_COADREAD,7,7,0.532222084521006,1,0.503688799463447,0.334647138677242,-6.89274882823554e-05,0.0511862203444914,0.538604535878052,0.572427572427572,ok,0.88400539027677,-0.006382451357046071,-6.89274882823554e-05
SIG110,TCGA_COADREAD,9,9,0.50954269426199,1,0.513413816230718,0.253874724503956,0.0005514199062586,0.0219369515762106,0.541207088858595,0.873126873126873,ok,0.972423230725814,-0.03166439459660508,0.0005514199062586
SIG111,TCGA_COADREAD,13,12,0.649460899739745,0,0.645875251509054,0.731890598363228,0.0226771436448856,0.0316867078323042,0.540029743462635,0.001998001998002,ok,0.108051948051948,0.10943115627710998,0.0226771436448856
SIG112,TCGA_COADREAD,4,4,0.586999628206717,0,0.598256203890007,0.334079937327143,0.0073063137579266,0.0219369515762106,0.536156896765399,0.0769230769230769,ok,0.495767761650115,0.05084273144131801,0.0073063137579266
SIG113,TCGA_COADREAD,10,10,0.586379972735159,0,0.580818242790074,0.675061040599926,0.0,0.0251868703282418,0.541300037179328,0.124875124875125,ok,0.602968460111317,0.04507993555583101,0.0
SIG114,TCGA_COADREAD,20,14,0.547651505762796,0,0.496981891348089,0.237974313848954,0.0017231872070582,0.012187195320117,0.54201264097162,0.448551448551449,ok,0.833024118738405,0.005638864791175924,0.0017231872070582
SIG115,TCGA_COADREAD,4,4,0.502912380716322,0,0.541582830315225,-0.0624532860726283,6.89274882823554e-05,0.0089372765680857,0.536156896765399,0.954045954045954,ok,0.992820349635051,-0.033244516049076966,6.89274882823554e-05
SIG116,TCGA_COADREAD,5,5,0.561221960589912,0,0.5700871898055,0.357905240030303,0.0053763440860215,0.0219369515762106,0.538139794274383,0.268731268731269,ok,0.733323931744465,0.023082166315529062,0.0053763440860215
SIG117,TCGA_COADREAD,4,3,0.575412070888586,0,0.599597585513079,0.425787361524995,0.0046181417149159,0.0251868703282418,0.538263725368695,0.161838161838162,ok,0.654126142915381,0.03714834551989099,0.0046181417149159
SIG118,TCGA_COADREAD,15,14,0.513570454827116,1,0.449698189134809,0.256028095201318,0.0022056796250344,0.0219369515762106,0.54201264097162,0.85014985014985,ok,0.9671735299876,-0.028442186144504,0.0022056796250344
SIG119,TCGA_COADREAD,10,10,0.593691907299542,0,0.581824279007378,0.412219318558269,0.0036531568789632,0.0251868703282418,0.541300037179328,0.0859140859140859,ok,0.510575139146568,0.05239187012021407,0.0036531568789632
SIG120,TCGA_COADREAD,4,3,0.516296938901971,1,0.489268947015426,0.0889663822372787,-0.0033085194375517,0.0024374390640233,0.538263725368695,0.765234765234765,ok,0.943056943056943,-0.02196678646672401,-0.0033085194375517
SIG121,TCGA_COADREAD,6,6,0.55552113025158,1,0.581824279007378,0.331852924896011,-0.0002757099531292,0.0186870328241794,0.537427190482092,0.311688311688312,ok,0.753407228252771,0.018093939769488032,-0.0002757099531292
SIG122,TCGA_COADREAD,8,8,0.531974222332383,1,0.526492287055667,0.327180812963861,-0.0002067824648469,0.028436789080273,0.54024662287768,0.592407592407592,ok,0.88795461744464,-0.008272400545296987,-0.0002067824648469
SIG124,TCGA_COADREAD,4,4,0.652497211550378,0,0.610999329309188,0.705023199632727,0.0075130962227736,0.0316867078323042,0.536156896765399,0.0009990009990009,ok,0.0771799628942486,0.11634031478497897,0.0075130962227736
SIG125,TCGA_COADREAD,4,4,0.583343660924526,1,0.585848423876593,0.523563197796301,0.0044802867383513,0.0251868703282418,0.536156896765399,0.0969030969030969,ok,0.54025974025974,0.04718676415912704,0.0044802867383513
SIG126,TCGA_COADREAD,4,3,0.554591647044243,1,0.529510395707579,0.203893185822533,0.0051006341328923,0.028436789080273,0.538263725368695,0.342657342657343,ok,0.779264469760685,0.016327921675547974,0.0051006341328923
SIG127,TCGA_COADREAD,6,6,0.587619283678275,0,0.609322602280349,0.253350297733853,0.0051695616211745,0.0056873578160546,0.537427190482092,0.0959040959040959,ok,0.538017998598911,0.05019209319618301,0.0051695616211745
SIG128,TCGA_COADREAD,11,11,0.514933696864543,0,0.545271629778672,0.32910870013994,0.0027570995312931,0.0186870328241794,0.538852398066675,0.819180819180819,ok,0.95890256929218,-0.02391870120213191,0.0027570995312931
SIG129,TCGA_COADREAD,9,9,0.559548890816706,0,0.587525150905433,0.200810686594797,0.0010339123242348,0.0316867078323042,0.541207088858595,0.307692307692308,ok,0.753407228252771,0.01834180195811097,0.0010339123242348
SIG130,TCGA_COADREAD,9,9,0.596790184657331,0,0.6140174379611,0.336249175859739,0.0048249241797628,0.0186870328241794,0.541207088858595,0.0719280719280719,ok,0.48990807680984,0.05558309579873599,0.0048249241797628
SIG132,TCGA_COADREAD,5,4,0.573800966662536,1,0.673708920187793,0.75956622403822,0.0064102564102563,0.0479363015924602,0.536156896765399,0.141858141858142,ok,0.625749454460711,0.03764406989713698,0.0064102564102563
SIG133,TCGA_COADREAD,5,5,0.600384186392366,0,0.560697518443997,0.620126196653433,0.0073063137579266,0.028436789080273,0.538139794274383,0.0529470529470529,ok,0.441879108545775,0.06224439211798305,0.0073063137579266
SIG134,TCGA_COADREAD,8,7,0.500247862188623,1,0.518779342723005,-0.0813776190679819,-0.0005514199062586,-0.0008124796880078,0.538604535878052,0.998001998001998,ok,1.0,-0.038356673689428966,-0.0005514199062586
SIG135,TCGA_COADREAD,3,2,0.546102367083901,0,0.581824279007378,0.141069640458918,-0.0003446374414115,0.0154371140721482,0.536807535010534,0.38961038961039,ok,0.811213177066836,0.00929483207336701,-0.0003446374414115
SIG136,TCGA_COADREAD,9,9,0.654604040153675,0,0.690476190476191,0.926705994766211,0.0184725668596637,0.0316867078323042,0.541207088858595,0.003996003996004,ok,0.163715072805982,0.11339695129507998,0.0184725668596637
SIG138,TCGA_COADREAD,5,5,0.558247614326435,0,0.572769953051643,0.292298949159011,0.0014474772539289,0.0056873578160546,0.538139794274383,0.306693306693307,ok,0.753407228252771,0.020107820052052028,0.0014474772539289
SIG139,TCGA_COADREAD,4,4,0.501673069773206,1,0.471160295103957,-0.0983437202307394,-0.0012406947890818,0.0056873578160546,0.536156896765399,0.97002997002997,ok,0.996331023236853,-0.03448382699219299,-0.0012406947890818
SIG140,TCGA_COADREAD,6,6,0.554839509232867,0,0.502347417840376,-0.194549382082043,-0.0012406947890818,0.0251868703282418,0.537427190482092,0.315684315684316,ok,0.753407228252771,0.01741231875077498,-0.0012406947890818
SIG141,TCGA_COADREAD,7,7,0.531912256785228,0,0.546948356807512,0.244271272304714,0.0051695616211745,0.0154371140721482,0.538604535878052,0.579420579420579,ok,0.884172261147431,-0.006692279092823994,0.0051695616211745
SIG142,TCGA_COADREAD,12,12,0.512207212789689,0,0.528504359490275,-0.0203535777978816,0.0002757099531293,0.012187195320117,0.540029743462635,0.847152847152847,ok,0.9671735299876,-0.027822530672946044,0.0002757099531293
SIG143,TCGA_COADREAD,6,6,0.620832816953774,1,0.555667337357478,0.54524251254492,0.0022056796250344,0.028436789080273,0.537427190482092,0.014985014985015,ok,0.285348454362539,0.08340562647168204,0.0022056796250344
SIG144,TCGA_COADREAD,3,3,0.584706902961953,0,0.595238095238095,0.457078069597889,0.0012406947890819,0.0186870328241794,0.538263725368695,0.107892107892108,ok,0.563205134633706,0.046443177593258,0.0012406947890819
SIG145,TCGA_COADREAD,12,12,0.531912256785228,1,0.538229376257545,0.610932457487161,-6.89274882823554e-05,0.0154371140721482,0.540029743462635,0.602397602397602,ok,0.891561640330113,-0.008117486677406971,-6.89274882823554e-05
SIG146,TCGA_COADREAD,3,3,0.660738629322097,0,0.705902079141516,0.468740959012363,0.0161290322580645,0.0251868703282418,0.538263725368695,0.0009990009990009,ok,0.0771799628942486,0.12247490395340199,0.0161290322580645
SIG147,TCGA_COADREAD,3,3,0.551741231875077,1,0.535546613011402,0.292586040983991,0.0007582023711056,0.012187195320117,0.538263725368695,0.357642357642358,ok,0.785235816814764,0.013477506506381909,0.0007582023711056
SIG148,TCGA_COADREAD,8,7,0.66334118230264,0,0.606639839034205,0.730642444999098,0.0047559966914805,0.0316867078323042,0.538604535878052,0.0009990009990009,ok,0.0771799628942486,0.12473664642458804,0.0047559966914805
SIG149,TCGA_COADREAD,8,7,0.638492997893171,0,0.616700201207244,0.795589688268159,0.0074441687344912,0.0381865453363666,0.538604535878052,0.001998001998002,ok,0.108051948051948,0.09988846201511903,0.0074441687344912
SIG150,TCGA_COADREAD,10,10,0.528256289503036,1,0.567404426559356,0.187898555593213,-0.0001378549765646,0.0024374390640233,0.541300037179328,0.662337662337662,ok,0.91369473593953,-0.013043747676291906,-0.0001378549765646
SIG151,TCGA_COADREAD,8,8,0.516358904449126,0,0.537558685446009,0.174288724427153,-0.0012406947890818,-0.0008124796880078,0.54024662287768,0.79020979020979,ok,0.95134785072452,-0.023887718428553972,-0.0012406947890818
SIG152,TCGA_COADREAD,8,7,0.67523856735655,0,0.643527833668679,1.37107710125918,0.0238489109456852,0.0349366265843354,0.538604535878052,0.0009990009990009,ok,0.0771799628942486,0.13663403147849795,0.0238489109456852
SIG153,TCGA_COADREAD,8,8,0.514623869128764,0,0.519114688128773,0.159147522151806,-0.0011717673007996,0.0154371140721482,0.54024662287768,0.818181818181818,ok,0.95890256929218,-0.025622753748915983,-0.0011717673007996
SIG154,TCGA_COADREAD,3,3,0.561036063948445,0,0.562374245472837,0.419522893915956,6.89274882823554e-05,0.0251868703282418,0.538263725368695,0.280719280719281,ok,0.737672434465437,0.022772338579749918,6.89274882823554e-05
SIG155,TCGA_COADREAD,9,8,0.536311810633288,0,0.517437961099933,0.191760380498397,0.003584229390681,0.0154371140721482,0.54024662287768,0.544455544455544,ok,0.877358636595824,-0.003934812244391961,0.003584229390681
SIG156,TCGA_COADREAD,5,5,0.586875697112406,1,0.629778672032193,0.409802590151591,0.0030328094844224,0.0186870328241794,0.538139794274383,0.101898101898102,ok,0.545608846598946,0.04873590283802298,0.0030328094844224
SIG157,TCGA_COADREAD,5,5,0.629446028008427,0,0.594567404426559,0.805463059304606,0.0087537910118555,0.0414364640883978,0.538139794274383,0.011988011988012,ok,0.261416003351487,0.091306233734044,0.0087537910118555
SIG159,TCGA_COADREAD,6,6,0.554901474780022,1,0.603286384976526,0.121659248314057,-0.0013785497656464,0.0219369515762106,0.537427190482092,0.315684315684316,ok,0.753407228252771,0.017474284297930076,-0.0013785497656464
SIG161,TCGA_COADREAD,4,4,0.602367083901351,0,0.518108651911469,0.408502591446663,0.0096498483595257,0.0251868703282418,0.536156896765399,0.041958041958042,ok,0.418651459241865,0.06621018713595195,0.0096498483595257
SIG163,TCGA_COADREAD,4,4,0.68552484818441,0,0.687458081824279,0.803481118623226,0.0190239867659223,0.0414364640883978,0.536156896765399,0.0009990009990009,ok,0.0771799628942486,0.14936795141901094,0.0190239867659223
SIG164,TCGA_COADREAD,4,4,0.575721898624365,0,0.62709590878605,0.247702833838909,0.0060656189688448,0.0154371140721482,0.536156896765399,0.132867132867133,ok,0.617307091533896,0.03956500185896594,0.0060656189688448
SIG165,TCGA_COADREAD,5,5,0.610422605031602,0,0.622401073105299,0.585118440235693,0.0060656189688448,0.028436789080273,0.538139794274383,0.02997002997003,ok,0.373451433359267,0.07228281075721898,0.0060656189688448
SIG166,TCGA_COADREAD,3,3,0.605341430164828,0,0.667002012072435,0.775037307224055,0.0137165701681832,0.0381865453363666,0.538263725368695,0.042957042957043,ok,0.423926438524979,0.06707770479613295,0.0137165701681832
SIG167,TCGA_COADREAD,3,3,0.51146362622382,1,0.505700871898055,0.223035094304325,-0.0002757099531292,0.0089372765680857,0.538263725368695,0.829170829170829,ok,0.962930813830557,-0.026800099144875023,-0.0002757099531292
SIG168,TCGA_COADREAD,9,9,0.636757962572809,0,0.649228705566734,0.386697786750379,0.011373035566584,0.0251868703282418,0.541207088858595,0.0069930069930069,ok,0.205533596837945,0.095550873714214,0.011373035566584
SIG169,TCGA_COADREAD,8,8,0.522431528070393,0,0.567069081153588,0.284763585258917,0.0004135649296939,0.0186870328241794,0.54024662287768,0.714285714285714,ok,0.928530902606755,-0.017815094807287046,0.0004135649296939
SIG170,TCGA_COADREAD,6,6,0.528008427314413,0,0.498993963782696,0.0223054763574746,-6.89274882823554e-05,0.0089372765680857,0.537427190482092,0.616383616383616,ok,0.897523585730371,-0.009418763167678978,-6.89274882823554e-05
SIG171,TCGA_COADREAD,4,4,0.599454703185029,1,0.594902749832327,0.71188193030632,0.0043424317617866,0.0576860578485538,0.536156896765399,0.0529470529470529,ok,0.441879108545775,0.06329780641963001,0.0043424317617866
SIG172,TCGA_COADREAD,6,6,0.548085264592887,1,0.572434607645875,0.547319761527537,0.0002757099531293,0.0154371140721482,0.537427190482092,0.387612387612388,ok,0.811213177066836,0.010658074110795002,0.0002757099531293
SIG173,TCGA_COADREAD,5,5,0.541888709877308,0,0.574782025486251,0.0938494933216571,-0.0003446374414115,0.0251868703282418,0.538139794274383,0.457542457542458,ok,0.837894404988134,0.003748915602925007,-0.0003446374414115
SIG175,TCGA_COADREAD,6,5,0.512579006072624,1,0.471160295103957,0.0037236798949066,0.0004824924179762,0.028436789080273,0.538139794274383,0.827172827172827,ok,0.962930813830557,-0.025560788201759,0.0004824924179762
SIG176,TCGA_COADREAD,8,8,0.625418267443302,1,0.618376928236083,0.581678148822521,0.0077198786876207,0.0414364640883978,0.54024662287768,0.010989010989011,ok,0.249699879951981,0.08517164456562198,0.0077198786876207
SIG177,TCGA_COADREAD,14,14,0.557565993307721,0,0.542588866532529,0.528260333979728,0.0028949545078578,0.0349366265843354,0.54201264097162,0.345654345654346,ok,0.782133347823724,0.015553352336101,0.0028949545078578
SIG178,TCGA_COADREAD,3,3,0.618664022803321,1,0.647887323943662,0.577629523705432,0.0077198786876207,0.0381865453363666,0.538263725368695,0.01998001998002,ok,0.333493666827,0.08040029743462596,0.0077198786876207
SIG179,TCGA_COADREAD,12,12,0.540091709009791,0,0.535546613011402,-0.185388762329224,-0.0011028398125172,0.0056873578160546,0.540029743462635,0.500499500499501,ok,0.86258534439212,6.196554715598435e-05,-0.0011028398125172
SIG180,TCGA_COADREAD,5,5,0.508489279960342,0,0.467136150234742,0.0358717377705669,6.89274882823554e-05,0.0089372765680857,0.538139794274383,0.893106893106893,ok,0.980097824253668,-0.029650514314040977,6.89274882823554e-05
SIG181,TCGA_COADREAD,5,5,0.522307596976081,1,0.476861167002012,0.09190524125408,-6.89274882823554e-05,0.0381865453363666,0.538139794274383,0.697302697302697,ok,0.925629108250611,-0.015832197298301987,-6.89274882823554e-05
SIG182,TCGA_COADREAD,3,3,0.558495476515058,0,0.523474178403756,0.173335905768367,0.0015164047422111,0.0154371140721482,0.538263725368695,0.2997002997003,ok,0.749666614606485,0.020231751146362997,0.0015164047422111
SIG183,TCGA_COADREAD,4,4,0.628640475895402,0,0.653923541247485,0.586202543556417,0.0059966914805624,0.0186870328241794,0.536156896765399,0.004995004995005,ok,0.182520182520183,0.09248357913000294,0.0059966914805624
SIG184,TCGA_COADREAD,3,3,0.545606642706655,1,0.534540576794098,0.155799050504406,-0.0005514199062586,0.0186870328241794,0.538263725368695,0.421578421578422,ok,0.820868786386028,0.007342917337959998,-0.0005514199062586
SIG185,TCGA_COADREAD,22,21,0.614016606766638,1,0.589872568745808,1.05297589199861,0.0033085194375517,0.0316867078323042,0.546722022555459,0.021978021978022,ok,0.349579831932773,0.06729458421117906,0.0033085194375517
SIG186,TCGA_COADREAD,19,19,0.650328417399926,0,0.648893360160966,0.748989004276284,0.011993382961125,0.0316867078323042,0.544925021687942,0.003996003996004,ok,0.163715072805982,0.10540339571198398,0.011993382961125
SIG187,TCGA_COADREAD,4,4,0.517288387656463,0,0.552313883299799,0.0236354554687895,-0.0002757099531292,0.028436789080273,0.536156896765399,0.738261738261738,ok,0.935016271784422,-0.018868509108936005,-0.0002757099531292
SIG188,TCGA_COADREAD,6,6,0.521687941504523,1,0.46747149564051,-0.0135694119068448,-0.0003446374414115,0.0056873578160546,0.537427190482092,0.683316683316683,ok,0.917422200441068,-0.015739248977568954,-0.0003446374414115
SIG189,TCGA_COADREAD,6,5,0.551989094063701,0,0.571428571428571,0.237107422803733,0.0013785497656465,0.0251868703282418,0.538139794274383,0.360639360639361,ok,0.785792772899944,0.013849299789318037,0.0013785497656465
SIG190,TCGA_COADREAD,7,7,0.557504027760565,0,0.540241448692153,0.349950259250978,-0.002550317066446,0.028436789080273,0.538604535878052,0.310689310689311,ok,0.753407228252771,0.018899491882512942,-0.002550317066446
SIG191,TCGA_COADREAD,3,2,0.521440079315901,0,0.517102615694165,0.0751791775857486,0.0011717673007996,0.012187195320117,0.536807535010534,0.688311688311688,ok,0.919562650787947,-0.015367455694633048,0.0011717673007996
SIG192,TCGA_COADREAD,3,3,0.626037922914859,1,0.620724346076459,0.578103351044569,0.0091673559415494,0.044686382840429,0.538263725368695,0.010989010989011,ok,0.249699879951981,0.087774197546164,0.0091673559415494
SIG193,TCGA_COADREAD,7,6,0.531540463502293,0,0.568745808182428,0.114463476503857,0.0043424317617866,0.0186870328241794,0.537427190482092,0.566433566433567,ok,0.88400539027677,-0.005886726979798973,0.0043424317617866
SIG194,TCGA_COADREAD,6,6,0.644007931590036,1,0.66934942991281,0.644584860626138,0.0073063137579266,0.0251868703282418,0.537427190482092,0.002997002997003,ok,0.15007215007215,0.10658074110794402,0.0073063137579266
SIG195,TCGA_COADREAD,12,12,0.606456810013632,0,0.626425217974514,0.689203137908845,0.011166253101737,0.0349366265843354,0.540029743462635,0.045954045954046,ok,0.427478245660064,0.06642706655099706,0.011166253101737
SIG196,TCGA_COADREAD,4,4,0.569835171644566,0,0.577129443326626,0.365235420555524,-0.0013096222773642,0.0089372765680857,0.536156896765399,0.168831168831169,ok,0.66548029230245,0.03367827487916697,-0.0013096222773642
SIG197,TCGA_COADREAD,4,4,0.534700706407238,0,0.606304493628437,0.113622464385093,-0.0003446374414115,0.0251868703282418,0.536156896765399,0.522477522477522,ok,0.869459778550688,-0.0014561903581610247,-0.0003446374414115
SIG198,TCGA_COADREAD,3,3,0.505081174866774,1,0.477531857813548,0.0949845002292354,-0.0003446374414115,-0.0008124796880078,0.538263725368695,0.921078921078921,ok,0.983161948461633,-0.03318255050192109,-0.0003446374414115
SIG199,TCGA_COADREAD,5,5,0.60193332507126,0,0.641851106639839,0.546239370404921,0.0032395919492693,0.0186870328241794,0.538139794274383,0.044955044955045,ok,0.427478245660064,0.063793530796877,0.0032395919492693
SIG200,TCGA_COADREAD,3,3,0.627834923782377,0,0.588195841716969,0.384681724184202,0.011373035566584,0.0251868703282418,0.538263725368695,0.0089910089910089,ok,0.231539888682746,0.089571198413682,0.011373035566584
SIG201,TCGA_COADREAD,4,4,0.508551245507498,1,0.449362843729041,-0.0361006502410158,0.000206782464847,-0.0073123171920702,0.536156896765399,0.863136863136863,ok,0.969639417499825,-0.027605651257901043,0.000206782464847
SIG202,TCGA_COADREAD,29,29,0.531974222332383,0,0.530181086519115,0.0603656740863725,6.89274882823554e-05,0.012187195320117,0.546876936423349,0.678321678321678,ok,0.914347865494426,-0.014902714090965996,6.89274882823554e-05
SIG203,TCGA_COADREAD,5,5,0.572499690172264,1,0.640845070422535,0.842684980857271,0.0023435346015992,0.0414364640883978,0.538139794274383,0.173826173826174,ok,0.666223264606014,0.03435989589788102,0.0023435346015992
SIG204,TCGA_COADREAD,3,3,0.645371173627463,0,0.657276995305164,0.64202787566645,0.0153019023986767,0.0186870328241794,0.538263725368695,0.003996003996004,ok,0.163715072805982,0.10710744825876795,0.0153019023986767
SIG205,TCGA_COADREAD,7,7,0.599516668732185,0,0.622736418511066,0.306530298897464,0.0070995312930797,0.0219369515762106,0.538604535878052,0.058941058941059,ok,0.454064454064454,0.060912132854132994,0.0070995312930797
SIG206,TCGA_COADREAD,11,11,0.531912256785228,0,0.566063044936284,0.330207463454552,0.0007582023711056,0.028436789080273,0.538852398066675,0.585414585414585,ok,0.88631637119879,-0.006940141281446932,0.0007582023711056
SIG207,TCGA_COADREAD,13,13,0.653426694757715,0,0.603957075788062,1.14078058554867,0.0127515853322305,0.044686382840429,0.542694261990333,0.0009990009990009,ok,0.0771799628942486,0.11073243276738198,0.0127515853322305
SIG208,TCGA_COADREAD,7,7,0.651072003965795,0,0.624077800134138,0.741014432485037,0.0093052109181142,0.0414364640883978,0.538604535878052,0.0009990009990009,ok,0.0771799628942486,0.112467468087743,0.0093052109181142
SIG209,TCGA_COADREAD,5,5,0.592204734167803,1,0.539570757880617,0.364706126388175,-0.0006892748828232,0.028436789080273,0.538139794274383,0.0819180819180819,ok,0.503423848878394,0.05406493989341998,-0.0006892748828232
SIG210,TCGA_COADREAD,13,13,0.597285909034577,0,0.617706237424547,0.371501063741087,0.0053763440860215,0.0251868703282418,0.542694261990333,0.0659340659340659,ok,0.47041085563513,0.05459164704424402,0.0053763440860215
SIG211,TCGA_COADREAD,4,4,0.535134465237328,0,0.514084507042254,0.10704863657601,-0.0003446374414115,0.0219369515762106,0.536156896765399,0.516483516483517,ok,0.866422741345342,-0.0010224315280710217,-0.0003446374414115
SIG212,TCGA_COADREAD,3,3,0.52261742471186,0,0.591549295774648,0.0523108959049145,-0.0006892748828232,0.0186870328241794,0.538263725368695,0.676323676323676,ok,0.913912434870519,-0.015646300656835033,-0.0006892748828232
SIG213,TCGA_COADREAD,5,5,0.596790184657331,0,0.628101945003354,0.41312713607201,0.0082712985938793,0.0316867078323042,0.538139794274383,0.0669330669330669,ok,0.47503153014964,0.05865039038294806,0.0082712985938793
SIG214,TCGA_COADREAD,5,5,0.603048704920064,1,0.59121395036888,0.59895321067585,0.0041356492969396,0.028436789080273,0.538139794274383,0.041958041958042,ok,0.418651459241865,0.06490891064568105,0.0041356492969396
SIG215,TCGA_COADREAD,4,4,0.555892923534515,1,0.528169014084507,0.405387855472309,-0.0013096222773642,0.0154371140721482,0.536156896765399,0.293706293706294,ok,0.748521977551195,0.01973602676911601,-0.0013096222773642
SIG216,TCGA_COADREAD,4,4,0.613706779030859,0,0.563715627095909,0.655902279179304,0.0075130962227736,0.0349366265843354,0.536156896765399,0.018981018981019,ok,0.322796700155191,0.07754988226546,0.0075130962227736
SIG217,TCGA_COADREAD,8,8,0.590221836658818,0,0.601609657947686,0.316893665709141,0.0013785497656465,0.0251868703282418,0.54024662287768,0.0929070929070929,ok,0.533377450574903,0.049975213781138006,0.0013785497656465
SIG218,TCGA_COADREAD,4,4,0.576589416284546,0,0.569751844399732,0.329623848821363,-0.0002757099531292,0.0154371140721482,0.536156896765399,0.12987012987013,ok,0.60966810966811,0.04043251951914695,-0.0002757099531292
SIG219,TCGA_COADREAD,8,7,0.592638492997893,0,0.469818913480885,0.238438479567412,-0.0005514199062586,0.0316867078323042,0.538604535878052,0.0829170829170829,ok,0.504972504972505,0.054033957119840936,-0.0005514199062586
SIG220,TCGA_COADREAD,7,7,0.585326558433511,0,0.573775989268947,0.386123327339195,0.0006892748828233,0.0251868703282418,0.538604535878052,0.10989010989011,ok,0.569239189928845,0.046722022555458986,0.0006892748828233
SIG221,TCGA_COADREAD,4,4,0.536001982897509,0,0.530516431924883,0.169449286746251,0.0022746071133168,0.0219369515762106,0.536156896765399,0.504495504495505,ok,0.86258534439212,-0.00015491386789001638,0.0022746071133168
SIG222,TCGA_COADREAD,3,3,0.556574544553229,1,0.521462105969148,0.364498741717486,0.0055831265508685,0.0414364640883978,0.538263725368695,0.322677322677323,ok,0.76136080324562,0.018310819184533922,0.0055831265508685
SIG223,TCGA_COADREAD,4,4,0.511339695129508,1,0.504024144869215,0.173431404757684,6.89274882823554e-05,0.0349366265843354,0.536156896765399,0.817182817182817,ok,0.95890256929218,-0.024817201635890962,6.89274882823554e-05
SIG224,TCGA_COADREAD,3,3,0.631924649894659,0,0.613346747149564,0.392004748734478,0.0108216156603254,0.0186870328241794,0.538263725368695,0.0069930069930069,ok,0.205533596837945,0.09366092452596397,0.0108216156603254
SIG225,TCGA_COADREAD,5,5,0.567604411946958,0,0.557344064386318,0.519194622623292,0.0006203473945409,0.0219369515762106,0.538139794274383,0.202797202797203,ok,0.684552714366379,0.029464617672575022,0.0006203473945409
SIG226,TCGA_COADREAD,5,4,0.665138183170157,0,0.680415828303152,0.689247591075252,0.01392335263303,0.0381865453363666,0.536156896765399,0.0009990009990009,ok,0.0771799628942486,0.12898128640475803,0.01392335263303
SIG227,TCGA_COADREAD,8,8,0.522803321353328,0,0.507712944332663,-0.0402090621266946,0.0010339123242348,0.0089372765680857,0.54024662287768,0.71028971028971,ok,0.928530902606755,-0.01744330152435203,0.0010339123242348
SIG228,TCGA_COADREAD,6,6,0.529991324823398,0,0.538229376257545,0.0792375654633351,0.000206782464847,0.0251868703282418,0.537427190482092,0.588411588411588,ok,0.886903858523224,-0.00743586565869403,0.000206782464847
SIG229,TCGA_COADREAD,4,4,0.624798611971744,0,0.639503688799463,0.409916468971768,0.0153019023986767,0.0349366265843354,0.536156896765399,0.0059940059940059,ok,0.2000962000962,0.088641715206345,0.0153019023986767
SIG230,TCGA_COADREAD,16,15,0.549634403271781,1,0.552313883299799,0.394358400748212,-0.0004824924179762,0.0219369515762106,0.542477382575288,0.412587412587413,ok,0.819472924736083,0.007157020696493044,-0.0004824924179762
SIG231,TCGA_COADREAD,3,3,0.504399553848061,0,0.517437961099933,0.0135256784019176,-0.0010339123242348,-0.0073123171920702,0.538263725368695,0.936063936063936,ok,0.987945699889494,-0.033864171520634034,-0.0010339123242348
SIG232,TCGA_COADREAD,7,7,0.618416160614698,0,0.605969148222669,0.596407470893309,0.0112351805900193,0.0316867078323042,0.538604535878052,0.013986013986014,ok,0.276045122760451,0.07981162473664594,0.0112351805900193
SIG233,TCGA_COADREAD,10,10,0.570392861568968,1,0.575452716297787,0.440353892343715,0.0015164047422111,0.012187195320117,0.541300037179328,0.22977022977023,ok,0.712800223559001,0.029092824389640004,0.0015164047422111
SIG234,TCGA_COADREAD,13,12,0.62015119593506,0,0.574782025486251,0.736952660163357,0.0093741384063965,0.028436789080273,0.540029743462635,0.015984015984016,ok,0.296032734388899,0.08012145247242497,0.0093741384063965
SIG235,TCGA_COADREAD,6,6,0.538542570330896,1,0.470824949698189,0.257787234564135,0.0013096222773643,0.0349366265843354,0.537427190482092,0.493506493506494,ok,0.857059446654822,0.0011153798488040545,0.0013096222773643
SIG236,TCGA_COADREAD,5,5,0.67846077580865,0,0.714285714285714,1.15181608065863,0.0128894403087951,0.0414364640883978,0.538139794274383,0.0009990009990009,ok,0.0771799628942486,0.1403209815342671,0.0128894403087951
SIG237,TCGA_COADREAD,6,5,0.590407733300285,0,0.574446680080483,0.506740839241776,0.010545905707196,0.028436789080273,0.538139794274383,0.0929070929070929,ok,0.533377450574903,0.05226793902590199,0.010545905707196
SIG238,TCGA_COADREAD,6,6,0.517102491014996,1,0.550301810865191,0.233522110298198,0.0018610421836229,0.0219369515762106,0.537427190482092,0.756243756243756,ok,0.939312410143829,-0.02032469946709603,0.0018610421836229
SIG239,TCGA_COADREAD,7,7,0.581546660057008,0,0.622065727699531,0.297478178746264,0.0017231872070582,0.0349366265843354,0.538604535878052,0.127872127872128,ok,0.607086293497443,0.04294212417895593,0.0017231872070582
SIG240,TCGA_COADREAD,6,6,0.522431528070393,0,0.544600938967136,0.0669908004630238,0.0049627791563275,0.0219369515762106,0.537427190482092,0.677322677322677,ok,0.913912434870519,-0.014995662411699029,0.0049627791563275
SIG241,TCGA_COADREAD,4,3,0.575907795265832,0,0.546948356807512,0.253253722747004,0.0019988971601875,0.0219369515762106,0.538263725368695,0.157842157842158,ok,0.648801349707694,0.03764406989713698,0.0019988971601875
SIG242,TCGA_COADREAD,6,6,0.543313917461891,0,0.553655264922871,0.422147474507086,0.0024124620898815,0.012187195320117,0.537427190482092,0.443556443556444,ok,0.831168831168831,0.005886726979798973,0.0024124620898815
SIG243,TCGA_COADREAD,8,7,0.500495724377246,0,0.519785378940309,-0.0180030280473153,0.0037220843672456,0.012187195320117,0.538604535878052,0.995004995004995,ok,0.999811782420478,-0.03810881150080603,0.0037220843672456
SIG244,TCGA_COADREAD,13,11,0.728095179080431,0,0.698859825620389,1.50468113495388,0.0303970223325063,0.0414364640883978,0.538852398066675,0.0009990009990009,ok,0.0771799628942486,0.18924278101375602,0.0303970223325063
SIG245,TCGA_COADREAD,3,2,0.535320361878795,0,0.579476861167002,0.29600148699645,-0.0004824924179762,0.012187195320117,0.536807535010534,0.517482517482518,ok,0.866422741345342,-0.0014871731317390724,-0.0004824924179762
SIG246,TCGA_COADREAD,5,5,0.516049076713347,1,0.532193158953722,0.246493447476249,-0.0003446374414115,0.0024374390640233,0.538139794274383,0.779220779220779,ok,0.950278293135436,-0.022090717561035977,-0.0003446374414115
SIG247,TCGA_COADREAD,3,3,0.631181063328789,0,0.585513078470825,0.566075712193545,0.0042735042735042,0.012187195320117,0.538263725368695,0.0069930069930069,ok,0.205533596837945,0.09291733796009394,0.0042735042735042
SIG248,TCGA_COADREAD,5,5,0.531354566860825,1,0.502347417840376,0.314351463821066,0.0003446374414116,0.0154371140721482,0.538139794274383,0.59040959040959,ok,0.886926406926407,-0.006785227413557915,0.0003446374414116
SIG249,TCGA_COADREAD,4,4,0.609059362994175,0,0.632796780684105,0.484198875537023,-0.0006203473945409,0.028436789080273,0.536156896765399,0.028971028971029,ok,0.369517275177653,0.07290246622877594,-0.0006203473945409
SIG250,TCGA_COADREAD,4,4,0.517660180939398,1,0.531187122736419,0.0924579952846866,-0.0004135649296939,0.0154371140721482,0.536156896765399,0.732267732267732,ok,0.933499645364052,-0.018496715826000987,-0.0004135649296939
SIG251,TCGA_COADREAD,14,14,0.707832445160491,0,0.724010731052985,1.49864810566687,0.0217121588089331,0.044686382840429,0.54201264097162,0.0009990009990009,ok,0.0771799628942486,0.165819804188871,0.0217121588089331
SIG252,TCGA_COADREAD,3,3,0.532841739992564,1,0.508718980549967,0.18177752457536,0.0012406947890819,0.0349366265843354,0.538263725368695,0.555444555444555,ok,0.881959775277478,-0.005421985376131033,0.0012406947890819
SIG253,TCGA_COADREAD,3,2,0.511339695129508,0,0.569416498993964,0.213470643957906,0.0004824924179762,0.0251868703282418,0.536807535010534,0.829170829170829,ok,0.962930813830557,-0.025467839881025967,0.0004824924179762
SIG254,TCGA_COADREAD,3,3,0.539038294708142,1,0.531522468142186,0.312067774325104,-0.0011028398125172,0.0414364640883978,0.538263725368695,0.493506493506494,ok,0.857059446654822,0.0007745693394469733,-0.0011028398125172
SIG255,TCGA_COADREAD,3,2,0.621576403519643,0,0.615358819584172,0.3165782461835,0.007788806175903,0.0316867078323042,0.536807535010534,0.013986013986014,ok,0.276045122760451,0.08476886850910903,0.007788806175903
SIG256,TCGA_COADREAD,5,5,0.585016730697732,0,0.577464788732394,0.278662666604411,0.0064791838985387,0.0251868703282418,0.538139794274383,0.110889110889111,ok,0.57113172541744,0.046876936423349,0.0064791838985387
SIG257,TCGA_COADREAD,4,4,0.548828851158756,0,0.577129443326626,0.294615863459405,0.0095119933829611,0.0251868703282418,0.536156896765399,0.357642357642358,ok,0.785235816814764,0.012671954393356999,0.0095119933829611
SIG258,TCGA_COADREAD,6,4,0.600817945222456,0,0.621730382293763,0.520010927955518,0.0001378549765647,0.028436789080273,0.536156896765399,0.048951048951049,ok,0.432560903149138,0.064661048457057,0.0001378549765647
SIG259,TCGA_COADREAD,6,6,0.500557689924402,0,0.5,0.118005440721469,0.0006203473945409,0.0316867078323042,0.537427190482092,0.989010989010989,ok,0.998240281554951,-0.036869500557690005,0.0006203473945409
SIG260,TCGA_COADREAD,5,5,0.503408105093568,0,0.501341381623072,-0.0827995070311907,-0.0002757099531292,0.012187195320117,0.538139794274383,0.953046953046953,ok,0.99269605587017,-0.03473168918081493,-0.0002757099531292
SIG261,TCGA_COADREAD,14,14,0.577085140661792,0,0.591884641180416,1.08387318580387,0.0022746071133168,0.0349366265843354,0.54201264097162,0.175824175824176,ok,0.666223264606014,0.0350724996901719,0.0022746071133168
SIG262,TCGA_COADREAD,6,5,0.511959350601066,1,0.499664654594232,0.265334787397113,0.0002757099531293,0.0349366265843354,0.538139794274383,0.84015984015984,ok,0.966720088422216,-0.026180443673316955,0.0002757099531293
SIG263,TCGA_COADREAD,4,4,0.584582971867642,1,0.657612340710932,0.599744776541412,0.0068238213399504,0.0381865453363666,0.536156896765399,0.0879120879120879,ok,0.520162550797124,0.04842607510224295,0.0068238213399504
SIG264,TCGA_COADREAD,6,6,0.621266575783864,0,0.655600268276325,0.59156214812992,0.0051695616211745,0.0219369515762106,0.537427190482092,0.012987012987013,ok,0.266036993309721,0.08383938530177204,0.0051695616211745
SIG265,TCGA_COADREAD,7,7,0.541331019952906,0,0.516431924882629,0.108434297633697,0.000206782464847,0.0251868703282418,0.538604535878052,0.473526473526474,ok,0.847957340672572,0.0027264840748539854,0.000206782464847
SIG266,TCGA_COADREAD,5,5,0.534948568595861,1,0.506706908115359,0.146994811398492,-6.89274882823554e-05,0.0154371140721482,0.538139794274383,0.53946053946054,ok,0.876096876096876,-0.003191225678521925,-6.89274882823554e-05
SIG267,TCGA_COADREAD,11,11,0.560478374024043,0,0.573105298457411,0.394033918942307,0.0048938516680452,0.0414364640883978,0.538852398066675,0.311688311688312,ok,0.753407228252771,0.021625975957368038,0.0048938516680452
SIG268,TCGA_COADREAD,6,6,0.583839385301772,0,0.583165660630449,0.333217333744212,0.0059966914805624,0.0154371140721482,0.537427190482092,0.111888111888112,ok,0.574090046575815,0.046412194819680064,0.0059966914805624
SIG269,TCGA_COADREAD,3,1,0.512702937166935,0,0.574111334674715,-0.0636596542281578,0.0019299696719051,0.012187195320117,0.535273887718429,0.803196803196803,ok,0.955496768959154,-0.02257095055149394,0.0019299696719051
SIG270,TCGA_COADREAD,4,4,0.596728219110175,0,0.625083836351442,0.428669798441676,0.0056520540391509,0.0316867078323042,0.536156896765399,0.0579420579420579,ok,0.45021645021645,0.060571322344776024,0.0056520540391509
SIG271,TCGA_COADREAD,5,4,0.539781881274012,0,0.536887994634474,0.0947786113292424,0.0,-0.004062398440039,0.536156896765399,0.456543456543457,ok,0.837894404988134,0.0036249845086130383,0.0
SIG272,TCGA_COADREAD,4,4,0.582724005452968,0,0.607310529845741,0.216776357559624,0.0013785497656465,0.012187195320117,0.536156896765399,0.0999000999000999,ok,0.542429458092109,0.04656710868756897,0.0013785497656465
SIG273,TCGA_COADREAD,4,4,0.504089726112282,0,0.577800134138162,0.171538533620502,-0.0021367521367521,-0.0008124796880078,0.536156896765399,0.926073926073926,ok,0.983446526012238,-0.03206717065311704,-0.0021367521367521
SIG274,TCGA_COADREAD,8,8,0.521254182674433,0,0.579141515761234,0.0564175710818215,-0.0009649848359525,0.0186870328241794,0.54024662287768,0.73026973026973,ok,0.932758313958125,-0.018992440203246974,-0.0009649848359525
SIG275,TCGA_COADREAD,4,4,0.539967777915479,0,0.567404426559356,0.258037980615745,0.0104080507306314,0.0219369515762106,0.536156896765399,0.453546453546454,ok,0.835415265932977,0.003810881150079992,0.0104080507306314
SIG276,TCGA_COADREAD,12,12,0.626409716197794,0,0.603957075788062,0.482059281362319,0.0150951199338296,0.0381865453363666,0.540029743462635,0.0079920079920079,ok,0.218286763741309,0.08637997273515896,0.0150951199338296
SIG277,TCGA_COADREAD,6,6,0.507064072375759,1,0.467806841046278,-0.0291738707461652,-0.0018610421836228,0.0219369515762106,0.537427190482092,0.898101898101898,ok,0.981507735292596,-0.030363118106332965,-0.0018610421836228
SIG278,TCGA_COADREAD,5,5,0.543437848556203,1,0.601945003353454,0.828737279687469,0.0012406947890819,0.044686382840429,0.538139794274383,0.440559440559441,ok,0.828999810210666,0.005298054281820064,0.0012406947890819
SIG279,TCGA_COADREAD,7,7,0.608935431899864,0,0.668343393695506,0.604715922393919,0.0122001654259719,0.0154371140721482,0.538604535878052,0.023976023976024,ok,0.358183253210878,0.07033089602181197,0.0122001654259719
SIG280,TCGA_COADREAD,4,4,0.503903829470814,1,0.583165660630449,0.103568871194057,0.0008271298593879,0.012187195320117,0.536156896765399,0.931068931068931,ok,0.985551948051948,-0.03225306729458499,0.0008271298593879
SIG281,TCGA_COADREAD,4,4,0.569649275003098,0,0.595908786049631,0.16723632593464,0.0037220843672456,0.0349366265843354,0.536156896765399,0.16983016983017,ok,0.666223264606014,0.033492378237699016,0.0037220843672456
SIG282,TCGA_COADREAD,16,16,0.517660180939398,0,0.600268276324614,0.13399530454823,-0.0007582023711055,0.0089372765680857,0.542973106952534,0.795204795204795,ok,0.953540472830939,-0.02531292601313595,-0.0007582023711055
SIG283,TCGA_COADREAD,10,9,0.545792539348122,1,0.461770623742455,0.11313893366679,0.0088916459884201,-0.004062398440039,0.541207088858595,0.447552447552448,ok,0.831740081224617,0.0045854504895269654,0.0088916459884201
SIG284,TCGA_COADREAD,3,3,0.669723633659685,0,0.672367538564722,0.557407196683463,0.0166115246760408,0.0316867078323042,0.538263725368695,0.0009990009990009,ok,0.0771799628942486,0.13145990829098997,0.0166115246760408
SIG285,TCGA_COADREAD,9,9,0.561221960589912,0,0.533199195171026,0.156700174704504,-0.0008271298593878,0.0056873578160546,0.541207088858595,0.294705294705295,ok,0.749099639855942,0.020014871731316997,-0.0008271298593878
SIG286,TCGA_COADREAD,5,5,0.532655843351097,0,0.564386317907445,0.19261906315022,0.003997794320375,0.0154371140721482,0.538139794274383,0.566433566433567,ok,0.88400539027677,-0.005483950923286018,0.003997794320375
SIG287,TCGA_COADREAD,3,3,0.591461147601933,0,0.569751844399732,0.267562040922992,0.0077198786876207,0.012187195320117,0.538263725368695,0.0759240759240759,ok,0.495767761650115,0.05319742223323798,0.0077198786876207
SIG288,TCGA_COADREAD,5,5,0.60385425703309,0,0.576123407109323,0.297109404679714,0.0059277639922801,0.0251868703282418,0.538139794274383,0.03996003996004,ok,0.410843908942768,0.06571446275870707,0.0059277639922801
SIG289,TCGA_COADREAD,17,17,0.565187755607882,1,0.526827632461435,0.753629604984653,0.0036531568789632,0.0349366265843354,0.542508365348866,0.265734265734266,ok,0.733323931744465,0.022679390259015997,0.0036531568789632
SIG290,TCGA_COADREAD,3,3,0.630561407857231,0,0.650570087189806,0.366892883696609,0.0008960573476702,0.0251868703282418,0.538263725368695,0.0069930069930069,ok,0.205533596837945,0.09229768248853598,0.0008960573476702
SIG291,TCGA_COADREAD,3,3,0.646362622381956,0,0.632461435278337,0.495112239687446,0.0028949545078578,0.0251868703282418,0.538263725368695,0.002997002997003,ok,0.15007215007215,0.10809889701326092,0.0028949545078578
SIG292,TCGA_COADREAD,15,13,0.55434378485562,0,0.567069081153588,0.326961566942214,0.0052384891094569,0.0219369515762106,0.542694261990333,0.373626373626374,ok,0.796755295178008,0.011649522865286976,0.0052384891094569
SIG293,TCGA_COADREAD,7,6,0.523422976824885,0,0.535211267605634,0.027582866057354,0.0016542597187758,0.0056873578160546,0.537427190482092,0.663336663336663,ok,0.91369473593953,-0.014004213657206943,0.0016542597187758
SIG294,TCGA_COADREAD,4,3,0.567542446399802,0,0.564050972501677,0.397196703983695,0.0026192445547284,0.0154371140721482,0.538263725368695,0.228771228771229,ok,0.712800223559001,0.029278721031106958,0.0026192445547284
SIG295,TCGA_COADREAD,9,9,0.536373776180444,0,0.551307847082495,0.129616372125256,0.0009649848359525,0.0186870328241794,0.541207088858595,0.547452547452548,ok,0.878042029018939,-0.004833312678151014,0.0009649848359525
SIG296,TCGA_COADREAD,11,11,0.501487173131739,1,0.482226693494299,0.106729303820701,-0.0002757099531292,0.0349366265843354,0.538852398066675,0.986013986013986,ok,0.996331023236853,-0.03736522493493599,-0.0002757099531292
SIG297,TCGA_COADREAD,11,11,0.564258272400545,0,0.609993293091885,0.283792530499051,-0.0012406947890818,0.012187195320117,0.538852398066675,0.283716283716284,ok,0.739796365640146,0.025405874333870093,-0.0012406947890818
SIG298,TCGA_COADREAD,9,8,0.522121700334614,0,0.508048289738431,-0.0009859000048953,0.0060656189688448,0.0219369515762106,0.54024662287768,0.717282717282717,ok,0.929174684296171,-0.01812492254306597,0.0060656189688448
SIG300,TCGA_COADREAD,5,5,0.548642954517288,1,0.569416498993964,0.228541257163096,-0.0005514199062586,-0.0008124796880078,0.538139794274383,0.395604395604396,ok,0.812235600390498,0.010503160242904985,-0.0005514199062586
SIG301,TCGA_COADREAD,7,7,0.647973726608006,1,0.659959758551308,0.823401433494421,0.0141301350978771,0.0479363015924602,0.538604535878052,0.0009990009990009,ok,0.0771799628942486,0.10936919072995399,0.0141301350978771
SIG302,TCGA_COADREAD,6,5,0.595364977072748,1,0.570422535211268,0.581325884381477,0.0073063137579266,0.0381865453363666,0.538139794274383,0.0699300699300699,ok,0.481147351376359,0.05722518279836508,0.0073063137579266
SIG303,TCGA_COADREAD,3,3,0.553724129384063,0,0.561703554661301,0.316041813671878,0.003377446925834,0.0186870328241794,0.538263725368695,0.347652347652348,ok,0.782306802108782,0.015460404015367968,0.003377446925834
SIG304,TCGA_COADREAD,4,4,0.683789812864048,1,0.730046948356808,0.965202222919745,0.0225392886683209,0.044686382840429,0.536156896765399,0.0009990009990009,ok,0.0771799628942486,0.14763291609864904,0.0225392886683209
SIG305,TCGA_COADREAD,7,7,0.595612839261371,0,0.591884641180416,0.37169449522198,0.0062034739454094,0.0316867078323042,0.538604535878052,0.0699300699300699,ok,0.481147351376359,0.05700830338331897,0.0062034739454094
SIG306,TCGA_COADREAD,11,11,0.550873714214897,0,0.530181086519115,0.0323964889883403,0.0004135649296939,0.0154371140721482,0.538852398066675,0.385614385614386,ok,0.809550697749456,0.012021316148221994,0.0004135649296939
SIG307,TCGA_COADREAD,13,12,0.563266823646053,0,0.593226022803488,0.241660213532227,0.0021367521367521,0.0381865453363666,0.540029743462635,0.267732267732268,ok,0.733323931744465,0.02323708018341797,0.0021367521367521
SIG308,TCGA_COADREAD,5,5,0.620770851406618,0,0.648558014755198,0.355451661022674,0.0073063137579266,0.0154371140721482,0.538139794274383,0.014985014985015,ok,0.285348454362539,0.08263105713223506,0.0073063137579266
SIG309,TCGA_COADREAD,3,2,0.646672450117735,0,0.673708920187793,0.491842024463768,0.021298593879239,0.0251868703282418,0.536807535010534,0.001998001998002,ok,0.108051948051948,0.10986491510720098,0.021298593879239
SIG310,TCGA_COADREAD,4,4,0.560602305118354,0,0.585177733065057,0.181640381364343,-0.0007582023711055,0.0316867078323042,0.536156896765399,0.24975024975025,ok,0.720346320346321,0.024445408352954945,-0.0007582023711055
SIG311,TCGA_COADREAD,5,5,0.598587185524848,0,0.599597585513079,0.498264922148961,0.0093052109181142,0.0381865453363666,0.538139794274383,0.0579420579420579,ok,0.45021645021645,0.060447391250465055,0.0093052109181142
SIG312,TCGA_COADREAD,9,9,0.601871359524105,0,0.570757880617036,0.459266028709451,0.0117176730079955,0.0186870328241794,0.541207088858595,0.054945054945055,ok,0.444824636441403,0.060664270665509945,0.0117176730079955
SIG313,TCGA_COADREAD,3,3,0.528132358408725,0,0.566063044936284,0.0453179303737557,0.000206782464847,0.0316867078323042,0.538263725368695,0.605394605394606,ok,0.892091015251778,-0.010131366959970078,0.000206782464847
SIG314,TCGA_COADREAD,8,8,0.571570206964928,0,0.625754527162978,0.637931460551969,0.0043424317617866,0.0089372765680857,0.54024662287768,0.204795204795205,ok,0.685354249710685,0.031323584087248,0.0043424317617866
SIG315,TCGA_COADREAD,8,8,0.54480109059363,0,0.560362173038229,0.107939582945879,0.0015164047422111,0.028436789080273,0.54024662287768,0.445554445554446,ok,0.831740081224617,0.004554467715950028,0.0015164047422111
SIG316,TCGA_COADREAD,10,10,0.58005948692527,0,0.582159624413146,0.403391786009994,0.0059966914805624,0.0186870328241794,0.541300037179328,0.158841158841159,ok,0.648801349707694,0.03875944974594203,0.0059966914805624
SIG317,TCGA_COADREAD,7,7,0.542818193084645,1,0.562709590878605,0.55440453024207,-0.0011717673007996,0.0186870328241794,0.538604535878052,0.45954045954046,ok,0.837894404988134,0.004213657206592947,-0.0011717673007996
SIG318,TCGA_COADREAD,4,4,0.62250588672698,0,0.594567404426559,0.416635604681371,0.0096498483595257,0.0219369515762106,0.536156896765399,0.0079920079920079,ok,0.218286763741309,0.08634898996158102,0.0096498483595257
SIG319,TCGA_COADREAD,8,8,0.542136572065931,0,0.507042253521127,-0.0155497354916496,-0.0002757099531292,0.012187195320117,0.54024662287768,0.477522477522478,ok,0.851920746795911,0.0018899491882510278,-0.0002757099531292
SIG320,TCGA_COADREAD,8,8,0.549324575536002,0,0.561032863849765,0.170119990019959,-0.0011717673007996,0.012187195320117,0.54024662287768,0.396603396603397,ok,0.812436048799685,0.009077952658322008,-0.0011717673007996
SIG321,TCGA_COADREAD,3,3,0.505638864791176,1,0.510395707578806,0.159498473652505,0.0004135649296939,0.0186870328241794,0.538263725368695,0.91008991008991,ok,0.981507735292596,-0.03262486057751901,0.0004135649296939
SIG322,TCGA_COADREAD,7,7,0.506506382451357,1,0.5,0.214212262680875,0.0010339123242348,0.0316867078323042,0.538604535878052,0.903096903096903,ok,0.981507735292596,-0.032098153426694975,0.0010339123242348
SIG323,TCGA_COADREAD,5,5,0.636138307101252,0,0.66130114017438,1.04505576014764,0.0068238213399504,0.0381865453363666,0.538139794274383,0.0089910089910089,ok,0.231539888682746,0.097998512826869,0.0068238213399504
SIG324,TCGA_COADREAD,3,3,0.651010038418639,0,0.658618376928236,0.690427617780043,0.0097187758478081,0.028436789080273,0.538263725368695,0.001998001998002,ok,0.108051948051948,0.11274631304994398,0.0097187758478081
SIG325,TCGA_COADREAD,3,3,0.678770603544429,0,0.586854460093897,0.668769635474135,0.0130272952853598,0.0251868703282418,0.538263725368695,0.0009990009990009,ok,0.0771799628942486,0.14050687817573393,0.0130272952853598
SIG326,TCGA_COADREAD,9,8,0.504027760565126,1,0.470154258886653,0.0446939021156885,-0.0004135649296939,0.0056873578160546,0.54024662287768,0.94005994005994,ok,0.989845045919812,-0.036218862312554,-0.0004135649296939
SIG327,TCGA_COADREAD,3,3,0.675734291733796,0,0.663313212608987,0.828684300160832,0.0208161014612628,0.044686382840429,0.538263725368695,0.0009990009990009,ok,0.0771799628942486,0.1374705663651009,0.0208161014612628
SIG328,TCGA_COADREAD,9,6,0.527388771842855,1,0.485915492957747,0.136916143816081,0.0002757099531293,0.0381865453363666,0.537427190482092,0.622377622377622,ok,0.898989898989899,-0.010038418639236935,0.0002757099531293
SIG329,TCGA_COADREAD,5,5,0.574854380964184,0,0.47887323943662,0.266148694765539,-0.0009649848359525,0.012187195320117,0.538139794274383,0.157842157842158,ok,0.648801349707694,0.03671458668980099,-0.0009649848359525
SIG330,TCGA_COADREAD,16,16,0.583591523113149,0,0.627431254191818,0.394395102066302,0.0093741384063965,0.028436789080273,0.542973106952534,0.137862137862138,ok,0.623376623376623,0.04061841616061501,0.0093741384063965
SIG331,TCGA_COADREAD,4,4,0.56977320609741,0,0.553655264922871,0.19436048369495,-0.0004135649296939,0.012187195320117,0.536156896765399,0.16983016983017,ok,0.666223264606014,0.033616309332010985,-0.0004135649296939
SIG332,TCGA_COADREAD,3,3,0.598587185524848,0,0.632796780684105,0.275626566049442,0.0055141990625862,0.0154371140721482,0.538263725368695,0.0609390609390609,ok,0.460111317254174,0.060323460156152975,0.0055141990625862
SIG334,TCGA_COADREAD,4,4,0.524662287768001,0,0.445003353454058,-0.178726641783691,-0.0053763440860215,0.0056873578160546,0.536156896765399,0.648351648351648,ok,0.912619915222726,-0.01149460899739807,-0.0053763440860215
SIG335,TCGA_COADREAD,8,8,0.599330772090718,0,0.64654594232059,0.831449530814279,0.0001378549765647,0.028436789080273,0.54024662287768,0.0609390609390609,ok,0.460111317254174,0.05908414921303795,0.0001378549765647
SIG336,TCGA_COADREAD,3,3,0.668794150452349,0,0.670355466130114,0.935326667224101,0.0210918114143921,0.044686382840429,0.538263725368695,0.0009990009990009,ok,0.0771799628942486,0.13053042508365398,0.0210918114143921
SIG337,TCGA_COADREAD,4,4,0.500805552113025,1,0.45439302481556,0.061178280130305,-0.0001378549765646,0.0251868703282418,0.536156896765399,0.983016983016983,ok,0.996331023236853,-0.035351344652373995,-0.0001378549765646
SIG338,TCGA_COADREAD,3,3,0.582600074358657,1,0.616700201207244,0.479205642822842,0.0037220843672456,0.0186870328241794,0.538263725368695,0.118881118881119,ok,0.593089567259309,0.04433634898996197,0.0037220843672456
